Format Version,1.25,Take Name,Take 2025-11-27 05.21.24 PM,Take Notes,,Capture Frame Rate,120.000000,Export Frame Rate,120.000000,Capture Start Time,2025-11-27 05.21.25.714 PM,Capture Start Frame,122347,Total Frames in Take,1084,Total Exported Frames,1084,Rotation Type,Quaternion,Length Units,Centimeters,Coordinate Space,Global

,Type,Rigid Body,Rigid Body,Rigid Body,Rigid Body,Rigid Body,Rigid Body,Rigid Body
,Name,SEE_large,SEE_large,SEE_large,SEE_large,SEE_large,SEE_large,SEE_large
,ID,B4680608301811F031C44B617C10C291,B4680608301811F031C44B617C10C291,B4680608301811F031C44B617C10C291,B4680608301811F031C44B617C10C291,B4680608301811F031C44B617C10C291,B4680608301811F031C44B617C10C291,B4680608301811F031C44B617C10C291
,Parent,,,,,,,
,,Rotation,Rotation,Rotation,Rotation,Position,Position,Position
Frame,Time (Seconds),X,Y,Z,W,X,Y,Z
0,0.000000,0.006576,0.930840,0.021890,0.364712,-215.064911,92.191498,84.216156
1,0.008333,0.006240,0.930858,0.021746,0.364680,-215.064270,92.193314,84.210701
2,0.016667,0.006088,0.930926,0.021718,0.364511,-215.062286,92.195221,84.210304
3,0.025000,0.005970,0.930942,0.021711,0.364473,-215.059845,92.197456,84.208015
4,0.033333,0.005694,0.931004,0.021799,0.364312,-215.056274,92.200188,84.205940
5,0.041667,0.005483,0.931071,0.021840,0.364142,-215.054352,92.203491,84.203697
6,0.050000,0.005176,0.931107,0.021744,0.364061,-215.052246,92.204399,84.201515
7,0.058333,0.004826,0.931161,0.021755,0.363926,-215.051529,92.208061,84.200462
8,0.066667,0.004798,0.931177,0.021789,0.363884,-215.050644,92.210106,84.198860
9,0.075000,0.004631,0.931182,0.021813,0.363871,-215.049866,92.210014,84.198494
10,0.083333,0.004737,0.931127,0.021602,0.364023,-215.055267,92.211533,84.195122
11,0.091667,0.006291,0.930884,0.021605,0.364622,-215.048401,92.195335,84.212166
12,0.100000,0.006353,0.930886,0.021558,0.364619,-215.048981,92.195724,84.211716
13,0.108333,0.006351,0.930851,0.021827,0.364692,-215.052505,92.196724,84.207596
14,0.116667,0.006529,0.930837,0.021776,0.364728,-215.056824,92.193344,84.207283
15,0.125000,0.006730,0.930800,0.021706,0.364821,-215.061783,92.191330,84.207207
16,0.133333,0.006804,0.930759,0.021760,0.364921,-215.065033,92.189400,84.205902
17,0.141667,0.006902,0.930725,0.021776,0.365005,-215.067871,92.188354,84.204948
18,0.150000,0.006862,0.930699,0.021732,0.365076,-215.068268,92.187935,84.203850
19,0.158333,0.006745,0.930699,0.021770,0.365075,-215.067474,92.186760,84.204765
20,0.166667,0.006853,0.930717,0.021731,0.365030,-215.065765,92.187469,84.204063
21,0.175000,0.006839,0.930720,0.021764,0.365020,-215.065079,92.188576,84.203873
22,0.183333,0.006892,0.930755,0.021723,0.364932,-215.064102,92.189003,84.206238
23,0.191667,0.006791,0.930750,0.021663,0.364950,-215.063019,92.189148,84.204674
24,0.200000,0.006801,0.930776,0.021840,0.364875,-215.061905,92.187973,84.206238
25,0.208333,0.006786,0.930756,0.021848,0.364925,-215.060669,92.187431,84.206932
26,0.216667,0.006826,0.930739,0.021819,0.364970,-215.060593,92.187706,84.205772
27,0.225000,0.006835,0.930741,0.021862,0.364961,-215.060471,92.187943,84.206085
28,0.233333,0.006819,0.930739,0.021832,0.364968,-215.060135,92.188370,84.206093
29,0.241667,0.006838,0.930766,0.021753,0.364905,-215.061066,92.188469,84.206696
30,0.250000,0.006871,0.930781,0.021850,0.364858,-215.061096,92.189369,84.205345
31,0.258333,0.006788,0.930767,0.021829,0.364897,-215.061951,92.189339,84.204872
32,0.266667,0.006834,0.930746,0.021744,0.364956,-215.062256,92.189522,84.204002
33,0.275000,0.006757,0.930732,0.021687,0.364996,-215.061600,92.188942,84.202744
34,0.283333,0.006832,0.930730,0.021628,0.365002,-215.062164,92.189728,84.202675
35,0.291667,0.006773,0.930713,0.021719,0.365043,-215.060730,92.189835,84.202095
36,0.300000,0.006878,0.930744,0.021747,0.364959,-215.059082,92.189217,84.203438
37,0.308333,0.006996,0.930746,0.021834,0.364946,-215.058090,92.189270,84.204552
38,0.316667,0.006865,0.930736,0.021783,0.364977,-215.058136,92.189163,84.204720
39,0.325000,0.006707,0.930694,0.021641,0.365095,-215.059113,92.189682,84.205971
40,0.333333,0.006772,0.930690,0.021633,0.365107,-215.058426,92.190247,84.207146
41,0.341667,0.006797,0.930720,0.021549,0.365035,-215.059830,92.190353,84.208725
42,0.350000,0.006836,0.930727,0.021646,0.365009,-215.059952,92.189697,84.210266
43,0.358333,0.006836,0.930733,0.021737,0.364990,-215.059906,92.188820,84.212357
44,0.366667,0.006961,0.930744,0.021737,0.364958,-215.060257,92.189560,84.214767
45,0.375000,0.006821,0.930760,0.021879,0.364911,-215.060852,92.189339,84.215614
46,0.383333,0.006759,0.930784,0.021905,0.364850,-215.062241,92.189911,84.216919
47,0.391667,0.006775,0.930785,0.021852,0.364850,-215.063736,92.190239,84.215889
48,0.400000,0.006700,0.930768,0.021907,0.364892,-215.065689,92.190277,84.215614
49,0.408333,0.006862,0.930762,0.021870,0.364906,-215.067337,92.190666,84.217232
50,0.416667,0.006675,0.930760,0.021944,0.364911,-215.067703,92.190285,84.216698
51,0.425000,0.006626,0.930783,0.021800,0.364862,-215.068390,92.190750,84.216049
52,0.433333,0.006783,0.930776,0.021780,0.364879,-215.067886,92.191658,84.215500
53,0.441667,0.006722,0.930768,0.021663,0.364906,-215.066437,92.191536,84.214211
54,0.450000,0.006720,0.930737,0.021638,0.364986,-215.065140,92.190781,84.213089
55,0.458333,0.006689,0.930719,0.021433,0.365045,-215.063599,92.192650,84.208916
56,0.466667,0.006707,0.930723,0.021465,0.365034,-215.061859,92.192421,84.210625
57,0.475000,0.006471,0.930691,0.021510,0.365116,-215.059525,92.192230,84.209351
58,0.483333,0.006554,0.930681,0.021431,0.365144,-215.058105,92.193642,84.209633
59,0.491667,0.006558,0.930684,0.021468,0.365135,-215.056564,92.193344,84.211006
60,0.500000,0.006595,0.930690,0.021477,0.365119,-215.055344,92.192978,84.212730
61,0.508333,0.006723,0.930727,0.021452,0.365024,-215.055511,92.194183,84.214645
62,0.516667,0.006058,0.930809,0.021523,0.364820,-215.063522,92.201057,84.208313
63,0.525000,0.005090,0.930992,0.021463,0.364373,-215.064423,92.209488,84.198364
64,0.533333,0.004270,0.931130,0.021461,0.364030,-215.060120,92.215637,84.194023
65,0.541667,0.003887,0.931149,0.021541,0.363981,-215.058167,92.217880,84.196587
66,0.550000,0.004121,0.931202,0.021603,0.363839,-215.057404,92.218498,84.201210
67,0.558333,0.003860,0.931163,0.021509,0.363948,-215.059616,92.218094,84.201088
68,0.566667,0.004080,0.931151,0.021472,0.363978,-215.063522,92.218086,84.203674
69,0.575000,0.004287,0.931125,0.021490,0.364040,-215.065170,92.216537,84.204414
70,0.583333,0.004259,0.931130,0.021499,0.364028,-215.066605,92.216866,84.204002
71,0.591667,0.004142,0.931109,0.021465,0.364085,-215.067642,92.217072,84.202522
72,0.600000,0.004201,0.931105,0.021356,0.364102,-215.066986,92.217499,84.200356
73,0.608333,0.004200,0.931116,0.021428,0.364070,-215.065720,92.216652,84.199173
74,0.616667,0.003979,0.931035,0.021579,0.364269,-215.063065,92.214294,84.195763
75,0.625000,0.004656,0.931150,0.021637,0.363963,-215.059067,92.213394,84.201660
76,0.633333,0.004727,0.931175,0.021601,0.363901,-215.057236,92.212463,84.201607
77,0.641667,0.004431,0.931075,0.021746,0.364151,-215.056198,92.210480,84.199234
78,0.650000,0.004850,0.931132,0.021680,0.364004,-215.056747,92.211777,84.204674
79,0.658333,0.004491,0.931073,0.021898,0.364149,-215.056580,92.209938,84.202950
80,0.666667,0.004880,0.931175,0.021717,0.363892,-215.058823,92.211708,84.207062
81,0.675000,0.005005,0.931169,0.021823,0.363899,-215.060165,92.211861,84.208786
82,0.683333,0.004861,0.931163,0.021800,0.363917,-215.060257,92.210754,84.208984
83,0.691667,0.004873,0.931190,0.021776,0.363850,-215.061066,92.210701,84.212257
84,0.700000,0.004882,0.931169,0.021888,0.363898,-215.061066,92.210045,84.213127
85,0.708333,0.004880,0.931155,0.021901,0.363934,-215.060928,92.210526,84.214111
86,0.716667,0.004983,0.931138,0.021855,0.363977,-215.059540,92.209229,84.215904
87,0.725000,0.005462,0.931069,0.021802,0.364151,-215.057297,92.206558,84.219719
88,0.733333,0.006156,0.930994,0.021749,0.364334,-215.057281,92.200104,84.226067
89,0.741667,0.006707,0.930851,0.021769,0.364688,-215.059692,92.193031,84.229019
90,0.750000,0.006922,0.930770,0.021763,0.364890,-215.064590,92.191734,84.233253
91,0.758333,0.007055,0.930720,0.021729,0.365018,-215.066025,92.188835,84.233284
92,0.766667,0.007245,0.930679,0.021749,0.365118,-215.061310,92.185104,84.235413
93,0.775000,0.007265,0.930722,0.021692,0.365012,-215.056686,92.187210,84.235756
94,0.783333,0.006982,0.930738,0.021732,0.364974,-215.052124,92.189743,84.234772
95,0.791667,0.007041,0.930781,0.021736,0.364862,-215.048599,92.191643,84.236679
96,0.800000,0.007007,0.930784,0.021581,0.364865,-215.044479,92.191490,84.237030
97,0.808333,0.006828,0.930816,0.021551,0.364788,-215.043335,92.191223,84.237274
98,0.816667,0.006866,0.930818,0.021604,0.364779,-215.043427,92.191261,84.238121
99,0.825000,0.006667,0.930831,0.021672,0.364746,-215.044983,92.192078,84.238274
100,0.833333,0.006665,0.930833,0.021735,0.364736,-215.047379,92.191811,84.239372
101,0.841667,0.006767,0.930830,0.021808,0.364738,-215.050369,92.191757,84.239700
102,0.850000,0.006799,0.930817,0.021858,0.364769,-215.052582,92.190414,84.241562
103,0.858333,0.006797,0.930784,0.021942,0.364847,-215.055344,92.189751,84.240982
104,0.866667,0.006912,0.930763,0.021752,0.364910,-215.057831,92.190834,84.239586
105,0.875000,0.006775,0.930694,0.022066,0.365071,-215.057724,92.187286,84.238037
106,0.883333,0.006760,0.930724,0.022013,0.364997,-215.057877,92.186806,84.238663
107,0.891667,0.007024,0.930769,0.021823,0.364888,-215.057373,92.187752,84.239258
108,0.900000,0.006907,0.930759,0.021730,0.364922,-215.056580,92.187660,84.236862
109,0.908333,0.007109,0.930735,0.021612,0.364986,-215.055634,92.187157,84.236595
110,0.916667,0.007072,0.930705,0.021729,0.365056,-215.056351,92.189003,84.236870
111,0.925000,0.006867,0.930702,0.021728,0.365067,-215.057083,92.189812,84.236214
112,0.933333,0.006718,0.930757,0.021736,0.364929,-215.059067,92.190331,84.236641
113,0.941667,0.006720,0.930750,0.021687,0.364952,-215.059189,92.189270,84.237633
114,0.950000,0.006828,0.930768,0.021741,0.364899,-215.059921,92.189659,84.239540
115,0.958333,0.006863,0.930778,0.021863,0.364867,-215.060425,92.190109,84.240921
116,0.966667,0.006934,0.930778,0.021805,0.364869,-215.059540,92.189079,84.240974
117,0.975000,0.006976,0.930770,0.021806,0.364887,-215.060287,92.189087,84.241508
118,0.983333,0.006969,0.930759,0.021805,0.364916,-215.060242,92.188606,84.241867
119,0.991667,0.006936,0.930757,0.021792,0.364921,-215.061050,92.188164,84.241142
120,1.000000,0.006936,0.930766,0.021838,0.364898,-215.061661,92.188004,84.241577
121,1.008333,0.006918,0.930748,0.021971,0.364934,-215.060944,92.187660,84.241219
122,1.016667,0.006955,0.930765,0.021853,0.364899,-215.061829,92.188210,84.240601
123,1.025000,0.006886,0.930761,0.021703,0.364918,-215.061279,92.188606,84.239616
124,1.033333,0.006945,0.930751,0.021780,0.364938,-215.061264,92.188110,84.240280
125,1.041667,0.007009,0.930732,0.021774,0.364985,-215.061005,92.188843,84.239159
126,1.050000,0.006786,0.930749,0.021731,0.364950,-215.060455,92.187851,84.239082
127,1.058333,0.006843,0.930726,0.021773,0.365004,-215.059952,92.187790,84.239822
128,1.066667,0.006946,0.930720,0.021774,0.365019,-215.059967,92.187271,84.239372
129,1.075000,0.006947,0.930745,0.021728,0.364958,-215.060349,92.187996,84.239830
130,1.083333,0.006820,0.930740,0.021792,0.364968,-215.060516,92.188263,84.240257
131,1.091667,0.006922,0.930760,0.021789,0.364915,-215.061020,92.188438,84.241364
132,1.100000,0.006874,0.930749,0.021730,0.364948,-215.061020,92.187607,84.241432
133,1.108333,0.006951,0.930732,0.021829,0.364984,-215.060455,92.187027,84.241333
134,1.116667,0.006823,0.930737,0.021882,0.364971,-215.059662,92.186584,84.241615
135,1.125000,0.006950,0.930717,0.021856,0.365019,-215.057999,92.187096,84.242004
136,1.133333,0.007003,0.930646,0.021832,0.365202,-215.054626,92.186729,84.244675
137,1.141667,0.006991,0.930487,0.021845,0.365607,-215.048401,92.185806,84.246895
138,1.150000,0.007028,0.930388,0.021962,0.365851,-215.045074,92.187172,84.246521
139,1.158333,0.007115,0.930397,0.021911,0.365828,-215.043900,92.188614,84.247520
140,1.166667,0.007163,0.930423,0.021706,0.365773,-215.042465,92.189743,84.246620
141,1.175000,0.006978,0.930432,0.021680,0.365757,-215.042740,92.189636,84.246086
142,1.183333,0.006829,0.930437,0.021745,0.365743,-215.042694,92.189133,84.246132
143,1.191667,0.006663,0.930537,0.021864,0.365485,-215.040421,92.188942,84.249718
144,1.200000,0.007024,0.930656,0.021674,0.365184,-215.037506,92.192207,84.252373
145,1.208333,0.007328,0.930819,0.021390,0.364779,-215.031219,92.195908,84.255974
146,1.216667,0.007710,0.930961,0.021140,0.364424,-215.025909,92.200508,84.261421
147,1.225000,0.007642,0.931025,0.020980,0.364272,-215.024139,92.202606,84.262604
148,1.233333,0.007475,0.931000,0.021031,0.364335,-215.024323,92.203743,84.262054
149,1.241667,0.007410,0.931011,0.021040,0.364310,-215.026047,92.204750,84.262245
150,1.250000,0.007283,0.931020,0.021175,0.364281,-215.026718,92.203537,84.263290
151,1.258333,0.007366,0.931046,0.021279,0.364207,-215.024109,92.200661,84.266747
152,1.266667,0.007383,0.931106,0.021333,0.364049,-215.020447,92.201042,84.264832
153,1.275000,0.007633,0.931138,0.021203,0.363971,-215.015549,92.200539,84.264648
154,1.283333,0.007879,0.931173,0.021198,0.363875,-215.010147,92.199989,84.264069
155,1.291667,0.008107,0.931117,0.021147,0.364016,-215.004440,92.200729,84.260284
156,1.300000,0.008165,0.931063,0.021134,0.364155,-214.999054,92.199905,84.259293
157,1.308333,0.008048,0.930929,0.020844,0.364516,-214.996307,92.201668,84.254974
158,1.316667,0.007888,0.930846,0.021100,0.364718,-214.996170,92.201836,84.252464
159,1.325000,0.007867,0.930814,0.020854,0.364813,-214.998337,92.203186,84.251030
160,1.333333,0.007569,0.930833,0.020855,0.364771,-215.002274,92.204002,84.251579
161,1.341667,0.007600,0.930896,0.021070,0.364597,-215.007202,92.204086,84.254120
162,1.350000,0.007539,0.930999,0.020984,0.364340,-215.012146,92.202805,84.256821
163,1.358333,0.007420,0.931125,0.021139,0.364011,-215.014511,92.202606,84.259651
164,1.366667,0.007622,0.931174,0.021298,0.363872,-215.014618,92.201790,84.262329
165,1.375000,0.007783,0.931198,0.021256,0.363811,-215.012054,92.201248,84.264305
166,1.383333,0.007767,0.931192,0.021458,0.363814,-215.008972,92.200584,84.268753
167,1.391667,0.007997,0.931127,0.021500,0.363974,-215.004593,92.201683,84.271049
168,1.400000,0.008132,0.931062,0.021536,0.364133,-214.999603,92.201569,84.274872
169,1.408333,0.008142,0.931050,0.021719,0.364154,-214.997910,92.202881,84.275436
170,1.416667,0.007887,0.931096,0.021783,0.364038,-214.998199,92.203529,84.275276
171,1.425000,0.007726,0.931173,0.021805,0.363842,-215.002747,92.204987,84.275467
172,1.433333,0.007155,0.931266,0.021914,0.363610,-215.007141,92.204506,84.276459
173,1.441667,0.007217,0.931273,0.021891,0.363593,-215.015244,92.204887,84.278862
174,1.450000,0.007051,0.931237,0.022128,0.363673,-215.024857,92.205139,84.278938
175,1.458333,0.006834,0.931201,0.022433,0.363752,-215.037186,92.206451,84.281174
176,1.466667,0.006454,0.931165,0.022565,0.363841,-215.050430,92.205688,84.282547
177,1.475000,0.006073,0.931098,0.022782,0.364007,-215.068054,92.204277,84.285248
178,1.483333,0.006386,0.931150,0.022980,0.363855,-215.081818,92.200592,84.278526
179,1.491667,0.005939,0.931209,0.023293,0.363693,-215.099503,92.194832,84.276810
180,1.500000,0.005705,0.931199,0.023444,0.363713,-215.118546,92.191597,84.278252
181,1.508333,0.005044,0.931167,0.023576,0.363794,-215.134735,92.190941,84.277382
182,1.516667,0.005041,0.931108,0.023817,0.363930,-215.141418,92.190002,84.279037
183,1.525000,0.005102,0.931053,0.023830,0.364069,-215.144440,92.190590,84.281006
184,1.533333,0.005054,0.931049,0.023888,0.364076,-215.143616,92.191467,84.281212
185,1.541667,0.005110,0.931063,0.023857,0.364042,-215.142899,92.191879,84.283134
186,1.550000,0.004897,0.931120,0.023945,0.363893,-215.143631,92.193954,84.284286
187,1.558333,0.004666,0.931189,0.024002,0.363717,-215.147263,92.193344,84.284981
188,1.566667,0.004612,0.931238,0.024111,0.363584,-215.153000,92.193237,84.284088
189,1.575000,0.004506,0.931306,0.024203,0.363404,-215.160873,92.191689,84.282349
190,1.583333,0.004365,0.931365,0.024215,0.363254,-215.168808,92.191010,84.283615
191,1.591667,0.004259,0.931446,0.024407,0.363036,-215.178925,92.191200,84.284019
192,1.600000,0.004130,0.931498,0.024463,0.362900,-215.189392,92.190880,84.285652
193,1.608333,0.003712,0.931583,0.024602,0.362675,-215.201050,92.189095,84.289429
194,1.616667,0.003632,0.931553,0.024676,0.362750,-215.211487,92.187035,84.293777
195,1.625000,0.003366,0.931534,0.024708,0.362799,-215.224869,92.186806,84.298141
196,1.633333,0.003133,0.931521,0.024700,0.362835,-215.237015,92.189499,84.299858
197,1.641667,0.002571,0.931510,0.024320,0.362893,-215.247375,92.186401,84.312401
198,1.650000,0.002396,0.931362,0.023811,0.363308,-215.255005,92.186478,84.319649
199,1.658333,0.002028,0.931274,0.023503,0.363555,-215.266510,92.187172,84.323914
200,1.666667,0.001744,0.931280,0.023683,0.363530,-215.279266,92.185608,84.330147
201,1.675000,0.001518,0.931141,0.023964,0.363867,-215.297073,92.189392,84.335594
202,1.683333,0.001221,0.931104,0.024302,0.363941,-215.312653,92.191551,84.340347
203,1.691667,0.000660,0.931098,0.024578,0.363939,-215.324982,92.192139,84.341118
204,1.700000,0.000380,0.931093,0.024767,0.363941,-215.332657,92.192390,84.340355
205,1.708333,-0.000390,0.931087,0.024458,0.363976,-215.342636,92.198967,84.338371
206,1.716667,-0.000626,0.931053,0.024393,0.364067,-215.346146,92.201324,84.336311
207,1.725000,-0.000799,0.931067,0.024482,0.364024,-215.348312,92.200493,84.337059
208,1.733333,-0.000165,0.931034,0.024936,0.364079,-215.348175,92.194298,84.341858
209,1.741667,-0.001022,0.931009,0.024514,0.364171,-215.354279,92.200905,84.340599
210,1.750000,-0.000998,0.931006,0.024436,0.364184,-215.361023,92.201828,84.342316
211,1.758333,-0.001379,0.930989,0.024474,0.364222,-215.369415,92.202637,84.343018
212,1.766667,-0.001699,0.930979,0.024557,0.364241,-215.381653,92.203651,84.345848
213,1.775000,-0.002558,0.930891,0.024643,0.364457,-215.399887,92.206787,84.349289
214,1.783333,-0.004561,0.930649,0.024349,0.365074,-215.426727,92.220856,84.351135
215,1.791667,-0.005387,0.930526,0.024765,0.365348,-215.454071,92.225151,84.345741
216,1.800000,-0.005486,0.930466,0.025492,0.365451,-215.475342,92.221848,84.342430
217,1.808333,-0.005526,0.930392,0.026194,0.365588,-215.493698,92.216423,84.338539
218,1.816667,-0.006111,0.930409,0.027202,0.365462,-215.507080,92.204735,84.338364
219,1.825000,-0.006173,0.930386,0.027494,0.365498,-215.517517,92.200607,84.337585
220,1.833333,-0.006141,0.930389,0.027628,0.365479,-215.524429,92.199303,84.336937
221,1.841667,-0.006100,0.930399,0.027670,0.365451,-215.530350,92.199257,84.335670
222,1.850000,-0.006003,0.930299,0.027806,0.365697,-215.536743,92.198387,84.341988
223,1.858333,-0.006307,0.930434,0.027753,0.365353,-215.541885,92.200302,84.340576
224,1.866667,-0.006131,0.930378,0.027838,0.365493,-215.546417,92.200966,84.345207
225,1.875000,-0.006199,0.930402,0.027982,0.365419,-215.552383,92.200089,84.347923
226,1.883333,-0.005252,0.930609,0.027137,0.364970,-215.565903,92.209740,84.348038
227,1.891667,-0.006448,0.930536,0.027876,0.365081,-215.575455,92.203239,84.346161
228,1.900000,-0.005769,0.930646,0.027471,0.364842,-215.592285,92.208282,84.344978
229,1.908333,-0.005709,0.930799,0.028877,0.364344,-215.611191,92.218002,84.336075
230,1.916667,-0.006145,0.930984,0.029296,0.363830,-215.623810,92.221024,84.330925
231,1.925000,-0.006073,0.931048,0.029523,0.363649,-215.631149,92.222092,84.336159
232,1.933333,-0.005909,0.930932,0.029278,0.363970,-215.628738,92.221725,84.332527
233,1.941667,-0.006169,0.930946,0.028918,0.363958,-215.625946,92.217323,84.329781
234,1.950000,-0.005809,0.931007,0.029225,0.363783,-215.627380,92.221382,84.339836
235,1.958333,-0.005794,0.930952,0.029371,0.363912,-215.621140,92.222023,84.333443
236,1.966667,-0.005520,0.931035,0.029315,0.363709,-215.624359,92.223785,84.340263
237,1.975000,-0.005390,0.931006,0.029106,0.363801,-215.623734,92.224907,84.339943
238,1.983333,-0.005473,0.931029,0.029036,0.363747,-215.621140,92.221817,84.332703
239,1.991667,-0.005333,0.931090,0.029255,0.363575,-215.623611,92.220917,84.335953
240,2.000000,-0.005194,0.931135,0.029517,0.363442,-215.619568,92.216537,84.333282
241,2.008333,-0.004605,0.931097,0.029516,0.363546,-215.615677,92.212173,84.323723
242,2.016667,-0.004512,0.931135,0.029255,0.363472,-215.615967,92.207947,84.321991
243,2.025000,-0.004587,0.931125,0.028981,0.363518,-215.615112,92.205269,84.319763
244,2.033333,-0.004884,0.931296,0.028856,0.363085,-215.611298,92.213356,84.312286
245,2.041667,-0.005805,0.931545,0.028604,0.362452,-215.613846,92.227341,84.314331
246,2.050000,-0.005599,0.931121,0.028826,0.363526,-215.626099,92.226456,84.313652
247,2.058333,-0.003025,0.930704,0.025760,0.364853,-215.641708,92.253319,84.298615
248,2.066667,-0.002769,0.930587,0.023998,0.365274,-215.646698,92.269936,84.293938
249,2.075000,-0.003097,0.930395,0.022927,0.365828,-215.651917,92.283653,84.291550
250,2.083333,-0.007010,0.930995,0.025039,0.364106,-215.645416,92.266129,84.312248
251,2.091667,-0.007409,0.930954,0.025270,0.364186,-215.648834,92.264732,84.313995
252,2.100000,-0.007550,0.930913,0.025503,0.364272,-215.650940,92.263382,84.313011
253,2.108333,-0.007485,0.930914,0.025720,0.364256,-215.651886,92.262367,84.310654
254,2.116667,-0.007540,0.930902,0.025716,0.364285,-215.651962,92.261543,84.309341
255,2.125000,-0.007461,0.930900,0.025669,0.364294,-215.650772,92.262154,84.306870
256,2.133333,-0.007330,0.930902,0.025569,0.364300,-215.648483,92.261993,84.307144
257,2.141667,-0.007271,0.930917,0.025402,0.364274,-215.645676,92.263382,84.305611
258,2.150000,-0.007322,0.930950,0.025375,0.364190,-215.643341,92.264236,84.303680
259,2.158333,-0.007399,0.930971,0.025291,0.364142,-215.641785,92.265770,84.301636
260,2.166667,-0.007661,0.931011,0.025134,0.364044,-215.639404,92.268089,84.299774
261,2.175000,-0.009169,0.931003,0.024938,0.364042,-215.640350,92.283623,84.299789
262,2.183333,-0.010076,0.930962,0.024871,0.364130,-215.637466,92.292961,84.303955
263,2.191667,-0.010081,0.930896,0.024949,0.364293,-215.638611,92.293526,84.310295
264,2.200000,-0.009763,0.930743,0.025228,0.364672,-215.643951,92.290924,84.320969
265,2.208333,-0.009487,0.930669,0.025273,0.364866,-215.649277,92.287567,84.324112
266,2.216667,-0.009172,0.930657,0.025465,0.364890,-215.653061,92.283722,84.325142
267,2.225000,-0.009191,0.930636,0.025432,0.364946,-215.655731,92.281471,84.326508
268,2.233333,-0.009271,0.930659,0.025305,0.364893,-215.656693,92.281342,84.326759
269,2.241667,-0.009480,0.930669,0.025407,0.364856,-215.656448,92.282196,84.326912
270,2.250000,-0.009510,0.930684,0.025339,0.364822,-215.656662,92.284027,84.326065
271,2.258333,-0.009623,0.930685,0.025419,0.364811,-215.656097,92.284325,84.326324
272,2.266667,-0.009553,0.930678,0.025462,0.364826,-215.655228,92.284431,84.325447
273,2.275000,-0.009481,0.930681,0.025502,0.364820,-215.654114,92.283646,84.326149
274,2.283333,-0.009452,0.930657,0.025445,0.364884,-215.652634,92.283310,84.325569
275,2.291667,-0.009464,0.930670,0.025324,0.364860,-215.651352,92.284134,84.325050
276,2.300000,-0.009532,0.930650,0.025232,0.364914,-215.649658,92.284103,84.324608
277,2.308333,-0.009408,0.930670,0.025260,0.364866,-215.648773,92.283920,84.323959
278,2.316667,-0.009365,0.930668,0.025318,0.364867,-215.648148,92.284142,84.322891
279,2.325000,-0.009472,0.930670,0.025265,0.364863,-215.648224,92.283920,84.323257
280,2.333333,-0.009534,0.930674,0.025236,0.364853,-215.650360,92.285187,84.323273
281,2.341667,-0.009601,0.930685,0.025306,0.364819,-215.651993,92.284500,84.324005
282,2.350000,-0.009606,0.930674,0.025308,0.364847,-215.653534,92.284447,84.323250
283,2.358333,-0.009563,0.930677,0.025233,0.364847,-215.655853,92.284676,84.323410
284,2.366667,-0.009542,0.930681,0.025350,0.364828,-215.656143,92.283615,84.324120
285,2.375000,-0.009528,0.930678,0.025399,0.364832,-215.656799,92.283775,84.324867
286,2.383333,-0.009598,0.930680,0.025426,0.364825,-215.657074,92.284897,84.323921
287,2.391667,-0.009552,0.930685,0.025347,0.364818,-215.657593,92.284157,84.323479
288,2.400000,-0.009590,0.930714,0.025350,0.364743,-215.659286,92.285080,84.323227
289,2.408333,-0.009587,0.930709,0.025345,0.364756,-215.659454,92.283875,84.322205
290,2.416667,-0.009634,0.930746,0.025343,0.364660,-215.660782,92.283760,84.322922
291,2.425000,-0.009702,0.930730,0.025378,0.364696,-215.661926,92.284973,84.323441
292,2.433333,-0.009634,0.930709,0.025396,0.364749,-215.661667,92.284409,84.323570
293,2.441667,-0.009738,0.930712,0.025412,0.364739,-215.661804,92.285629,84.323395
294,2.450000,-0.009703,0.930719,0.025340,0.364726,-215.660995,92.284050,84.323563
295,2.458333,-0.009724,0.930731,0.025402,0.364692,-215.659470,92.283752,84.324356
296,2.466667,-0.009640,0.930706,0.025392,0.364759,-215.657379,92.283287,84.324760
297,2.475000,-0.009644,0.930703,0.025480,0.364760,-215.655975,92.283905,84.325638
298,2.483333,-0.009576,0.930694,0.025606,0.364777,-215.655685,92.285172,84.325287
299,2.491667,-0.009550,0.930713,0.025672,0.364723,-215.656372,92.284859,84.326134
300,2.500000,-0.009929,0.930880,0.025308,0.364313,-215.664093,92.286751,84.312744
301,2.508333,-0.009687,0.930769,0.025362,0.364599,-215.660446,92.283791,84.323181
302,2.516667,-0.009815,0.930738,0.025383,0.364672,-215.659637,92.286018,84.324554
303,2.525000,-0.009906,0.930748,0.025388,0.364645,-215.660385,92.286560,84.323692
304,2.533333,-0.009755,0.930733,0.025498,0.364678,-215.661362,92.285194,84.324638
305,2.541667,-0.009609,0.930746,0.025641,0.364639,-215.661499,92.284462,84.324631
306,2.550000,-0.009527,0.930730,0.025546,0.364689,-215.661758,92.283493,84.325401
307,2.558333,-0.009472,0.930712,0.025582,0.364734,-215.661713,92.283348,84.325768
308,2.566667,-0.009369,0.930697,0.025638,0.364772,-215.660309,92.282204,84.325607
309,2.575000,-0.009344,0.930711,0.025614,0.364737,-215.659470,92.281654,84.324844
310,2.583333,-0.009311,0.930729,0.025632,0.364690,-215.658524,92.281105,84.324440
311,2.591667,-0.009395,0.930729,0.025664,0.364688,-215.657761,92.281219,84.324821
312,2.600000,-0.009326,0.930716,0.025635,0.364724,-215.656693,92.280769,84.325859
313,2.608333,-0.009379,0.930719,0.025768,0.364705,-215.656357,92.282104,84.324959
314,2.616667,-0.009369,0.930740,0.025671,0.364660,-215.656021,92.282616,84.324448
315,2.625000,-0.009285,0.930730,0.025698,0.364686,-215.655594,92.281418,84.324471
316,2.633333,-0.009331,0.930730,0.025667,0.364686,-215.656235,92.282104,84.324905
317,2.641667,-0.009295,0.930731,0.025563,0.364692,-215.656418,92.282196,84.325233
318,2.650000,-0.009324,0.930729,0.025642,0.364689,-215.656616,92.281670,84.325729
319,2.658333,-0.009218,0.930733,0.025732,0.364678,-215.657166,92.281242,84.326248
320,2.666667,-0.009227,0.930727,0.025703,0.364694,-215.658356,92.282036,84.325523
321,2.675000,-0.009255,0.930730,0.025687,0.364686,-215.658707,92.280540,84.326447
322,2.683333,-0.009307,0.930724,0.025698,0.364699,-215.659515,92.281677,84.325768
323,2.691667,-0.009267,0.930732,0.025566,0.364689,-215.659668,92.280807,84.325813
324,2.700000,-0.009273,0.930729,0.025580,0.364697,-215.660187,92.280678,84.326134
325,2.708333,-0.009310,0.930732,0.025626,0.364685,-215.661118,92.281845,84.325287
326,2.716667,-0.009321,0.930744,0.025665,0.364651,-215.660309,92.280807,84.325935
327,2.725000,-0.009262,0.930755,0.025643,0.364625,-215.660049,92.280785,84.326874
328,2.733333,-0.009164,0.930743,0.025690,0.364657,-215.659424,92.280136,84.325600
329,2.741667,-0.009013,0.930740,0.025786,0.364661,-215.658569,92.279366,84.326210
330,2.750000,-0.008947,0.930739,0.025806,0.364664,-215.657013,92.277077,84.328369
331,2.758333,-0.008965,0.930710,0.025872,0.364731,-215.655991,92.277107,84.330391
332,2.766667,-0.008460,0.930711,0.026167,0.364720,-215.653534,92.272163,84.335815
333,2.775000,-0.008504,0.930684,0.026131,0.364789,-215.652390,92.273262,84.340187
334,2.783333,-0.008232,0.930680,0.026306,0.364796,-215.650513,92.272446,84.343246
335,2.791667,-0.008295,0.930622,0.026270,0.364943,-215.648560,92.274246,84.350746
336,2.800000,-0.007783,0.930648,0.026739,0.364853,-215.646149,92.267807,84.351791
337,2.808333,-0.007275,0.930659,0.026981,0.364818,-215.644623,92.263649,84.354156
338,2.816667,-0.006979,0.930644,0.027176,0.364848,-215.643616,92.260513,84.357056
339,2.825000,-0.006807,0.930640,0.027465,0.364840,-215.643143,92.257103,84.358444
340,2.833333,-0.006562,0.930645,0.027490,0.364831,-215.642380,92.256287,84.358757
341,2.841667,-0.006464,0.930636,0.027484,0.364855,-215.642166,92.255714,84.359184
342,2.850000,-0.006499,0.930628,0.027478,0.364877,-215.641663,92.255829,84.358994
343,2.858333,-0.006870,0.930815,0.027524,0.364389,-215.637726,92.259979,84.348122
344,2.866667,-0.007211,0.930907,0.027275,0.364165,-215.633301,92.263550,84.343132
345,2.875000,-0.007244,0.930911,0.027093,0.364168,-215.631531,92.264427,84.342125
346,2.883333,-0.006370,0.930848,0.026997,0.364351,-215.630646,92.255959,84.346558
347,2.891667,-0.005897,0.930868,0.027056,0.364306,-215.631531,92.251045,84.344826
348,2.900000,-0.005239,0.930886,0.027097,0.364266,-215.633438,92.244217,84.342941
349,2.908333,-0.004749,0.930874,0.027257,0.364291,-215.635803,92.238190,84.342804
350,2.916667,-0.004233,0.930888,0.027512,0.364241,-215.635651,92.233261,84.343132
351,2.925000,-0.003906,0.930899,0.027771,0.364199,-215.634750,92.229340,84.344902
352,2.933333,-0.003673,0.930900,0.027951,0.364186,-215.632889,92.227013,84.347092
353,2.941667,-0.003492,0.930898,0.028139,0.364177,-215.631287,92.225792,84.349075
354,2.950000,-0.003368,0.930884,0.028207,0.364209,-215.630508,92.224998,84.351006
355,2.958333,-0.003311,0.930885,0.028342,0.364195,-215.629532,92.224808,84.351929
356,2.966667,-0.003378,0.930862,0.028342,0.364253,-215.629410,92.225304,84.352699
357,2.975000,-0.003416,0.930868,0.028334,0.364239,-215.628860,92.225822,84.351387
358,2.983333,-0.003564,0.930877,0.028265,0.364219,-215.629715,92.226830,84.350372
359,2.991667,-0.003659,0.930871,0.028147,0.364243,-215.630508,92.228195,84.349609
360,3.000000,-0.003791,0.930876,0.028001,0.364242,-215.630646,92.229256,84.348389
361,3.008333,-0.004008,0.930860,0.027895,0.364289,-215.631607,92.230576,84.347725
362,3.016667,-0.000985,0.930453,0.025832,0.365499,-215.636154,92.251610,84.332260
363,3.025000,-0.001116,0.930458,0.025667,0.365495,-215.633942,92.251884,84.333199
364,3.033333,-0.001674,0.930499,0.025828,0.365379,-215.634415,92.252235,84.334602
365,3.041667,-0.010861,0.931160,0.025087,0.363585,-215.641785,92.279755,84.314209
366,3.050000,-0.009925,0.931187,0.026428,0.363447,-215.636185,92.260727,84.327629
367,3.058333,-0.008400,0.931215,0.027609,0.363325,-215.627502,92.242683,84.338432
368,3.066667,-0.007474,0.931280,0.028373,0.363121,-215.621979,92.231834,84.345589
369,3.075000,-0.007222,0.931354,0.028581,0.362921,-215.618805,92.229538,84.345749
370,3.083333,-0.006889,0.931418,0.028716,0.362750,-215.616745,92.225960,84.344917
371,3.091667,-0.006611,0.931479,0.028882,0.362586,-215.616364,92.223686,84.344177
372,3.100000,-0.006941,0.931439,0.028607,0.362705,-215.621368,92.227112,84.344528
373,3.108333,-0.006863,0.931341,0.028484,0.362968,-215.624863,92.227097,84.346619
374,3.116667,-0.006789,0.931306,0.028434,0.363062,-215.625977,92.227402,84.344170
375,3.125000,-0.007012,0.931332,0.028693,0.362971,-215.626648,92.226372,84.343384
376,3.133333,-0.006921,0.931350,0.028628,0.362931,-215.626709,92.226135,84.343315
377,3.141667,-0.006910,0.931365,0.028588,0.362897,-215.626068,92.225929,84.342903
378,3.150000,-0.006863,0.931342,0.028603,0.362955,-215.625793,92.226181,84.344383
379,3.158333,-0.006941,0.931324,0.028439,0.363014,-215.624588,92.226768,84.344040
380,3.166667,-0.006945,0.931322,0.028558,0.363009,-215.624146,92.226387,84.344048
381,3.175000,-0.006831,0.931306,0.028517,0.363055,-215.624237,92.227722,84.342888
382,3.183333,-0.006945,0.931306,0.028535,0.363053,-215.623718,92.227577,84.341827
383,3.191667,-0.006885,0.931317,0.028492,0.363029,-215.624374,92.228012,84.343643
384,3.200000,-0.006986,0.931312,0.028547,0.363034,-215.623611,92.227386,84.343002
385,3.208333,-0.006892,0.931332,0.028595,0.362981,-215.623856,92.227165,84.344971
386,3.216667,-0.007077,0.931345,0.028523,0.362951,-215.623657,92.227928,84.343102
387,3.225000,-0.006940,0.931330,0.028534,0.362989,-215.623596,92.226585,84.343559
388,3.233333,-0.007009,0.931333,0.028548,0.362980,-215.624542,92.227280,84.344810
389,3.241667,-0.007035,0.931352,0.028682,0.362919,-215.623444,92.226501,84.344208
390,3.250000,-0.006778,0.931356,0.028680,0.362914,-215.624283,92.226311,84.345673
391,3.258333,-0.007061,0.931351,0.028690,0.362922,-215.624710,92.225647,84.345207
392,3.266667,-0.007080,0.931351,0.028618,0.362927,-215.624069,92.225815,84.345055
393,3.275000,-0.006946,0.931363,0.028572,0.362903,-215.624191,92.226624,84.345642
394,3.283333,-0.006859,0.931343,0.028631,0.362951,-215.623428,92.226234,84.344635
395,3.291667,-0.006885,0.931359,0.028716,0.362903,-215.623642,92.226860,84.345695
396,3.300000,-0.006941,0.931325,0.028673,0.362993,-215.622208,92.226448,84.345078
397,3.308333,-0.006796,0.931314,0.028574,0.363031,-215.621658,92.227486,84.344604
398,3.316667,-0.006976,0.931328,0.028596,0.362991,-215.621048,92.226234,84.345566
399,3.325000,-0.006978,0.931318,0.028653,0.363012,-215.620758,92.226128,84.345680
400,3.333333,-0.006972,0.931325,0.028672,0.362990,-215.621399,92.227478,84.346870
401,3.341667,-0.006899,0.931331,0.028611,0.362984,-215.620834,92.226341,84.346100
402,3.350000,-0.006983,0.931336,0.028610,0.362968,-215.621429,92.226402,84.347099
403,3.358333,-0.007046,0.931346,0.028692,0.362935,-215.621735,92.227264,84.347313
404,3.366667,-0.007079,0.931353,0.028719,0.362914,-215.621307,92.226120,84.345993
405,3.375000,-0.006945,0.931363,0.028626,0.362898,-215.621826,92.226120,84.345901
406,3.383333,-0.008051,0.931258,0.029252,0.363095,-215.617828,92.220108,84.341751
407,3.391667,-0.006931,0.931312,0.028605,0.363030,-215.622589,92.224792,84.345345
408,3.400000,-0.007029,0.931284,0.028626,0.363099,-215.625046,92.226036,84.343536
409,3.408333,-0.007022,0.931273,0.028681,0.363123,-215.625671,92.225723,84.344032
410,3.416667,-0.007108,0.931293,0.028637,0.363074,-215.624588,92.225830,84.344345
411,3.425000,-0.006925,0.931331,0.028600,0.362983,-215.623505,92.226166,84.343109
412,3.433333,-0.006904,0.931340,0.028542,0.362965,-215.622360,92.224892,84.345299
413,3.441667,-0.006832,0.931333,0.028579,0.362981,-215.622162,92.226280,84.344780
414,3.450000,-0.006870,0.931327,0.028497,0.363002,-215.621429,92.226555,84.344910
415,3.458333,-0.006999,0.931314,0.028595,0.363025,-215.620499,92.226952,84.345039
416,3.466667,-0.006887,0.931328,0.028727,0.362981,-215.619354,92.225624,84.346046
417,3.475000,-0.006966,0.931314,0.028640,0.363022,-215.620117,92.226845,84.348320
418,3.483333,-0.006990,0.931299,0.028641,0.363061,-215.618988,92.227135,84.347519
419,3.491667,-0.006961,0.931328,0.028637,0.362987,-215.618896,92.227074,84.348801
420,3.500000,-0.007056,0.931318,0.028716,0.363005,-215.619186,92.226395,84.348717
421,3.508333,-0.007097,0.931321,0.028622,0.363004,-215.619690,92.227180,84.347839
422,3.516667,-0.007067,0.931332,0.028479,0.362986,-215.620880,92.227814,84.348145
423,3.525000,-0.006956,0.931326,0.028623,0.362994,-215.621185,92.225868,84.348145
424,3.533333,-0.007056,0.931307,0.028585,0.363045,-215.621613,92.227043,84.347382
425,3.541667,-0.007026,0.931307,0.028581,0.363043,-215.621323,92.225777,84.346405
426,3.550000,-0.006999,0.931343,0.028557,0.362953,-215.621185,92.225525,84.346573
427,3.558333,-0.007008,0.931357,0.028593,0.362916,-215.621597,92.225555,84.346588
428,3.566667,-0.007042,0.931342,0.028680,0.362946,-215.622162,92.225739,84.345154
429,3.575000,-0.006720,0.931311,0.028560,0.363040,-215.623566,92.226929,84.346733
430,3.583333,-0.006905,0.931300,0.028713,0.363053,-215.622955,92.225723,84.346146
431,3.591667,-0.006930,0.931297,0.028582,0.363073,-215.623611,92.227097,84.346230
432,3.600000,-0.006897,0.931309,0.028650,0.363037,-215.623016,92.225822,84.346878
433,3.608333,-0.006865,0.931287,0.028476,0.363107,-215.622971,92.226883,84.344727
434,3.616667,-0.006964,0.931307,0.028635,0.363040,-215.623260,92.225716,84.345398
435,3.625000,-0.006972,0.931325,0.028576,0.362999,-215.623306,92.226830,84.344772
436,3.633333,-0.007018,0.931340,0.028607,0.362958,-215.622665,92.226395,84.344093
437,3.641667,-0.006984,0.931365,0.028502,0.362901,-215.623306,92.227295,84.344048
438,3.650000,-0.006963,0.931366,0.028547,0.362896,-215.623550,92.227249,84.343513
439,3.658333,-0.008030,0.931281,0.029299,0.363033,-215.618896,92.220535,84.341705
440,3.666667,-0.007175,0.931328,0.028716,0.362976,-215.622253,92.225853,84.342285
441,3.675000,-0.007154,0.931317,0.028557,0.363019,-215.624542,92.226089,84.343536
442,3.683333,-0.007095,0.931323,0.028659,0.362995,-215.625122,92.226547,84.343216
443,3.691667,-0.007019,0.931351,0.028641,0.362925,-215.623825,92.225510,84.344467
444,3.700000,-0.007035,0.931343,0.028589,0.362951,-215.623169,92.225883,84.345551
445,3.708333,-0.006825,0.931323,0.028454,0.363016,-215.622375,92.226830,84.343674
446,3.716667,-0.006880,0.931366,0.028416,0.362909,-215.623550,92.227074,84.344566
447,3.725000,-0.006881,0.931339,0.028607,0.362963,-215.623520,92.226662,84.345375
448,3.733333,-0.006895,0.931313,0.028604,0.363028,-215.623123,92.226570,84.346313
449,3.741667,-0.006906,0.931316,0.028496,0.363031,-215.622711,92.225098,84.348549
450,3.750000,-0.007038,0.931311,0.028496,0.363041,-215.621689,92.225510,84.346100
451,3.758333,-0.006825,0.931324,0.028431,0.363017,-215.621918,92.225441,84.346703
452,3.766667,-0.006782,0.931320,0.028439,0.363027,-215.621689,92.226250,84.343925
453,3.775000,-0.006686,0.931317,0.028374,0.363040,-215.621735,92.226425,84.342949
454,3.783333,-0.006818,0.931341,0.028359,0.362979,-215.621399,92.226120,84.344673
455,3.791667,-0.006811,0.931342,0.028421,0.362972,-215.619080,92.225899,84.342476
456,3.800000,-0.006507,0.931337,0.028486,0.362984,-215.617401,92.224571,84.346703
457,3.808333,-0.006666,0.931344,0.028639,0.362950,-215.612869,92.224373,84.347610
458,3.816667,-0.006362,0.931293,0.028821,0.363075,-215.609787,92.224518,84.351593
459,3.825000,-0.006375,0.931309,0.029005,0.363017,-215.606506,92.224030,84.357712
460,3.833333,-0.006321,0.931315,0.029062,0.362997,-215.603165,92.224693,84.363464
461,3.841667,-0.006029,0.931243,0.029345,0.363166,-215.599991,92.226028,84.372833
462,3.850000,-0.006078,0.931234,0.029566,0.363171,-215.595215,92.225708,84.380295
463,3.858333,-0.005608,0.931212,0.029712,0.363222,-215.591019,92.225800,84.395302
464,3.866667,-0.005329,0.931199,0.029847,0.363247,-215.585663,92.226692,84.408035
465,3.875000,-0.004977,0.931200,0.030292,0.363213,-215.577621,92.224464,84.428802
466,3.883333,-0.004507,0.931234,0.030754,0.363094,-215.570190,92.227249,84.453873
467,3.891667,-0.002834,0.931247,0.032042,0.362966,-215.555328,92.214302,84.488983
468,3.900000,-0.002145,0.931286,0.032519,0.362827,-215.546371,92.217377,84.516457
469,3.908333,-0.001522,0.931383,0.032928,0.362546,-215.533524,92.222313,84.544350
470,3.916667,-0.000530,0.931435,0.033381,0.362374,-215.516693,92.225571,84.573128
471,3.925000,-0.000074,0.931443,0.033773,0.362317,-215.500137,92.229355,84.599121
472,3.933333,0.000402,0.931416,0.034278,0.362339,-215.483887,92.230141,84.621346
473,3.941667,0.000770,0.931325,0.034522,0.362547,-215.470718,92.232079,84.639778
474,3.950000,0.000893,0.931288,0.034924,0.362603,-215.457230,92.231010,84.655457
475,3.958333,0.001245,0.931306,0.035115,0.362539,-215.443558,92.231377,84.669685
476,3.966667,0.001796,0.931309,0.035189,0.362521,-215.431671,92.232567,84.680061
477,3.975000,0.002202,0.931315,0.035319,0.362490,-215.421844,92.230301,84.691605
478,3.983333,0.002370,0.931338,0.035284,0.362435,-215.416641,92.230835,84.699074
479,3.991667,0.002361,0.931337,0.035339,0.362433,-215.413834,92.231216,84.702911
480,4.000000,0.002581,0.931345,0.035387,0.362405,-215.413071,92.230209,84.709366
481,4.008333,0.002825,0.931328,0.035566,0.362429,-215.413925,92.230621,84.714386
482,4.016667,0.002888,0.931358,0.035579,0.362350,-215.414597,92.229057,84.723351
483,4.025000,0.001970,0.931126,0.035741,0.362937,-215.423584,92.238602,84.744682
484,4.033333,0.001803,0.931024,0.036075,0.363166,-215.425446,92.239288,84.761604
485,4.041667,0.002039,0.930949,0.036475,0.363318,-215.424683,92.241653,84.780190
486,4.050000,0.001850,0.930863,0.036615,0.363523,-215.424469,92.245399,84.801262
487,4.058333,0.002012,0.930715,0.037980,0.363762,-215.422348,92.252037,84.811478
488,4.066667,0.002147,0.930678,0.037929,0.363861,-215.423203,92.250481,84.825203
489,4.075000,0.003528,0.930719,0.037549,0.363784,-215.413086,92.232483,84.827454
490,4.083333,0.004583,0.930778,0.037053,0.363673,-215.412598,92.221527,84.822006
491,4.091667,0.002617,0.930541,0.036805,0.364324,-215.426666,92.238388,84.826111
492,4.100000,0.002292,0.930647,0.037789,0.363956,-215.433380,92.249550,84.806297
493,4.108333,0.001911,0.930816,0.037691,0.363534,-215.437485,92.251465,84.793617
494,4.116667,0.002558,0.931013,0.037562,0.363040,-215.431671,92.245140,84.757118
495,4.125000,0.002553,0.931192,0.037044,0.362634,-215.436508,92.237938,84.723595
496,4.133333,0.002399,0.931309,0.036465,0.362391,-215.442963,92.232613,84.690407
497,4.141667,0.002253,0.931340,0.036009,0.362360,-215.449768,92.229622,84.667297
498,4.150000,0.001885,0.931341,0.035777,0.362382,-215.458725,92.231438,84.657196
499,4.158333,0.001967,0.931359,0.036062,0.362306,-215.469452,92.239449,84.666077
500,4.166667,0.002437,0.931381,0.036954,0.362156,-215.477539,92.259781,84.691345
501,4.175000,0.002823,0.931320,0.038108,0.362191,-215.478104,92.296616,84.709709
502,4.183333,0.003410,0.931213,0.039134,0.362351,-215.472794,92.336967,84.732422
503,4.191667,0.003416,0.931068,0.039232,0.362714,-215.469009,92.386787,84.740028
504,4.200000,0.001857,0.930995,0.037970,0.363047,-215.476608,92.454239,84.740059
505,4.208333,0.001732,0.931038,0.037541,0.362982,-215.478333,92.507591,84.757507
506,4.216667,0.002089,0.931015,0.037789,0.363013,-215.473038,92.553169,84.783524
507,4.225000,0.004887,0.930796,0.036241,0.363705,-215.468552,92.626534,84.801033
508,4.233333,0.004251,0.930728,0.035734,0.363936,-215.459274,92.692192,84.814301
509,4.241667,0.003663,0.930705,0.035839,0.363993,-215.454956,92.743347,84.824272
510,4.250000,0.003189,0.930735,0.036244,0.363879,-215.457672,92.788963,84.838852
511,4.258333,0.000618,0.930976,0.037298,0.363170,-215.456268,92.833580,84.856689
512,4.266667,0.000213,0.931096,0.038302,0.362758,-215.452103,92.883804,84.865791
513,4.275000,0.000523,0.931190,0.038256,0.362522,-215.445328,92.935875,84.870567
514,4.283333,0.002486,0.931399,0.036734,0.362133,-215.445618,93.001389,84.881615
515,4.291667,0.001490,0.931443,0.035425,0.362155,-215.448715,93.070084,84.879066
516,4.300000,0.001586,0.931410,0.034947,0.362287,-215.449829,93.128052,84.880005
517,4.308333,0.004160,0.930983,0.032695,0.363573,-215.461349,93.210739,84.868309
518,4.316667,0.004349,0.930961,0.034835,0.363426,-215.468933,93.277580,84.871849
519,4.325000,0.001704,0.930837,0.035088,0.363741,-215.476730,93.348137,84.884636
520,4.333333,0.000810,0.930887,0.034543,0.363669,-215.473679,93.400238,84.890488
521,4.341667,0.001381,0.931127,0.033997,0.363105,-215.458893,93.438301,84.892113
522,4.350000,0.001532,0.931241,0.033756,0.362833,-215.448288,93.482697,84.901154
523,4.358333,0.001706,0.931299,0.033519,0.362706,-215.436508,93.524750,84.904442
524,4.366667,0.001636,0.931385,0.033309,0.362506,-215.433838,93.569412,84.906433
525,4.375000,0.000529,0.931338,0.032359,0.362715,-215.443558,93.627205,84.898415
526,4.383333,0.001269,0.931452,0.035518,0.362124,-215.451340,93.688118,84.900856
527,4.391667,0.001485,0.931385,0.035761,0.362273,-215.450256,93.735146,84.903923
528,4.400000,0.003896,0.931250,0.033367,0.362829,-215.451385,93.798149,84.900452
529,4.408333,0.003339,0.931289,0.032750,0.362790,-215.447479,93.845901,84.901573
530,4.416667,0.002898,0.931440,0.032198,0.362457,-215.440292,93.894272,84.905472
531,4.425000,0.000710,0.931335,0.031142,0.362829,-215.441299,93.964188,84.919228
532,4.433333,0.000841,0.931419,0.030600,0.362659,-215.431854,94.009399,84.915054
533,4.441667,0.000770,0.931413,0.030284,0.362702,-215.427948,94.057678,84.910553
534,4.450000,0.000849,0.931391,0.030224,0.362762,-215.425201,94.104546,84.903458
535,4.458333,-0.000636,0.931356,0.028979,0.362955,-215.431427,94.162682,84.888489
536,4.466667,-0.000820,0.931361,0.028618,0.362971,-215.430099,94.214157,84.883591
537,4.475000,-0.000963,0.931454,0.028271,0.362757,-215.425491,94.268669,84.881248
538,4.483333,0.002056,0.931471,0.028479,0.362692,-215.433075,94.355659,84.871201
539,4.491667,0.001584,0.931594,0.027829,0.362429,-215.428192,94.409103,84.868713
540,4.500000,-0.001227,0.931385,0.026851,0.363043,-215.436050,94.477722,84.874352
541,4.508333,-0.000797,0.931592,0.026452,0.362540,-215.431763,94.518227,84.861961
542,4.516667,-0.001096,0.931599,0.026219,0.362539,-215.430145,94.559608,84.851227
543,4.525000,-0.001008,0.931602,0.025868,0.362557,-215.426590,94.597542,84.845001
544,4.533333,-0.002266,0.931620,0.024566,0.362595,-215.427353,94.649765,84.838470
545,4.541667,-0.002488,0.931657,0.024241,0.362522,-215.417862,94.689713,84.838608
546,4.550000,-0.002759,0.931719,0.023558,0.362405,-215.408630,94.731865,84.839165
547,4.558333,-0.002905,0.931839,0.022660,0.362151,-215.397995,94.774117,84.837158
548,4.566667,-0.003267,0.931944,0.022136,0.361912,-215.390060,94.814606,84.831841
549,4.575000,-0.000832,0.931718,0.020119,0.362625,-215.395218,94.871613,84.815918
550,4.583333,-0.001157,0.931782,0.019603,0.362486,-215.394547,94.908493,84.807281
551,4.591667,-0.004008,0.931618,0.019172,0.362911,-215.404984,94.961655,84.814178
552,4.600000,-0.004371,0.931568,0.019022,0.363042,-215.406113,94.993301,84.814270
553,4.608333,-0.003036,0.931925,0.021501,0.362000,-215.400116,95.027321,84.800941
554,4.616667,-0.002867,0.931980,0.021614,0.361854,-215.396698,95.055573,84.794067
555,4.625000,-0.003196,0.932034,0.021027,0.361745,-215.390366,95.081039,84.788078
556,4.633333,-0.003078,0.932146,0.020681,0.361478,-215.385178,95.110603,84.787048
557,4.641667,-0.004411,0.932120,0.019611,0.361592,-215.385101,95.149132,84.781189
558,4.650000,-0.004673,0.932069,0.019184,0.361743,-215.379074,95.178947,84.783669
559,4.658333,-0.004847,0.932033,0.018850,0.361849,-215.371414,95.204720,84.786095
560,4.666667,-0.004812,0.932059,0.018851,0.361783,-215.363953,95.226524,84.790253
561,4.675000,-0.005949,0.932129,0.018669,0.361596,-215.342712,95.259796,84.797676
562,4.683333,-0.005827,0.932160,0.018535,0.361525,-215.335342,95.277367,84.800888
563,4.691667,-0.005704,0.932179,0.018613,0.361474,-215.330582,95.294579,84.805351
564,4.700000,-0.005449,0.932198,0.018505,0.361433,-215.334183,95.310883,84.801750
565,4.708333,-0.005091,0.932248,0.018257,0.361324,-215.340118,95.325363,84.794350
566,4.716667,-0.004636,0.932310,0.017893,0.361187,-215.343887,95.343689,84.786919
567,4.725000,-0.004541,0.932352,0.017684,0.361091,-215.342972,95.366165,84.782028
568,4.733333,-0.004339,0.932354,0.017318,0.361106,-215.344528,95.394829,84.780296
569,4.741667,-0.002110,0.932114,0.015677,0.361821,-215.347168,95.436073,84.770264
570,4.750000,-0.002054,0.932149,0.015349,0.361744,-215.344971,95.457428,84.771896
571,4.758333,-0.004533,0.931824,0.015308,0.362560,-215.355682,95.493790,84.790558
572,4.766667,-0.004642,0.931720,0.015598,0.362813,-215.356094,95.509674,84.796593
573,4.775000,-0.004976,0.931683,0.015914,0.362891,-215.353485,95.526932,84.802017
574,4.783333,-0.005021,0.931676,0.016403,0.362886,-215.346069,95.543785,84.806465
575,4.791667,-0.005008,0.931713,0.016447,0.362788,-215.338104,95.562836,84.809898
576,4.800000,-0.004616,0.931952,0.016303,0.362185,-215.323212,95.580727,84.799324
577,4.808333,-0.003865,0.932259,0.018499,0.361297,-215.321228,95.617142,84.787598
578,4.816667,-0.003738,0.932393,0.018652,0.360945,-215.317322,95.640892,84.783211
579,4.825000,-0.003738,0.932509,0.018256,0.360666,-215.313126,95.663292,84.776932
580,4.833333,-0.004942,0.932596,0.017193,0.360478,-215.316849,95.696915,84.762726
581,4.841667,-0.005200,0.932588,0.016961,0.360507,-215.315582,95.715698,84.757530
582,4.850000,-0.005207,0.932593,0.016894,0.360498,-215.313858,95.729652,84.756935
583,4.858333,-0.005212,0.932585,0.016914,0.360516,-215.313538,95.743248,84.757294
584,4.866667,-0.005205,0.932580,0.016815,0.360535,-215.313858,95.758614,84.755501
585,4.875000,-0.005420,0.932552,0.016783,0.360604,-215.316269,95.774231,84.754112
586,4.883333,-0.005320,0.932508,0.016513,0.360733,-215.317108,95.789787,84.753059
587,4.891667,-0.005678,0.932536,0.016446,0.360659,-215.316345,95.802345,84.754478
588,4.900000,-0.005784,0.932526,0.016177,0.360695,-215.315765,95.818024,84.753677
589,4.908333,-0.006094,0.932513,0.016018,0.360730,-215.312332,95.830109,84.752625
590,4.916667,-0.005992,0.932555,0.015948,0.360625,-215.306549,95.839729,84.756760
591,4.925000,-0.005984,0.932616,0.015789,0.360475,-215.296936,95.855904,84.755951
592,4.933333,-0.006110,0.932686,0.015287,0.360313,-215.286728,95.883270,84.752045
593,4.941667,-0.005897,0.932749,0.014644,0.360179,-215.272614,95.929733,84.744705
594,4.950000,-0.003514,0.932694,0.012411,0.360438,-215.257431,96.006599,84.732117
595,4.958333,-0.005186,0.932500,0.011429,0.360951,-215.243881,96.092812,84.732231
596,4.966667,-0.005760,0.932725,0.010892,0.360378,-215.216034,96.153877,84.710953
597,4.975000,-0.007621,0.932836,0.009337,0.360099,-215.202499,96.221832,84.692612
598,4.983333,-0.009749,0.932909,0.008577,0.359878,-215.170975,96.282646,84.693817
599,4.991667,-0.009714,0.933142,0.010229,0.359231,-215.162827,96.338638,84.686874
600,5.000000,-0.009233,0.933273,0.009908,0.358914,-215.159683,96.375175,84.677887
601,5.008333,-0.008384,0.933442,0.009251,0.358510,-215.155548,96.402374,84.665131
602,5.016667,-0.008146,0.933583,0.008909,0.358159,-215.154572,96.432816,84.652832
603,5.025000,-0.008342,0.933584,0.008551,0.358159,-215.156387,96.465698,84.641281
604,5.033333,-0.008757,0.933580,0.008187,0.358167,-215.159607,96.495399,84.634613
605,5.041667,-0.008916,0.933559,0.007868,0.358228,-215.161041,96.522888,84.629807
606,5.050000,-0.010143,0.933311,0.007620,0.358844,-215.169357,96.554642,84.634193
607,5.058333,-0.007838,0.933018,0.005924,0.359696,-215.177567,96.583733,84.628006
608,5.066667,-0.007953,0.932910,0.005395,0.359982,-215.177658,96.599602,84.628525
609,5.075000,-0.008356,0.932874,0.005229,0.360068,-215.177704,96.609627,84.632698
610,5.083333,-0.008269,0.933007,0.004974,0.359728,-215.173126,96.616432,84.624222
611,5.091667,-0.008436,0.933117,0.005059,0.359437,-215.172028,96.621582,84.621002
612,5.100000,-0.008630,0.933145,0.005052,0.359362,-215.172195,96.627083,84.621017
613,5.108333,-0.008698,0.933165,0.005064,0.359309,-215.171173,96.629852,84.618965
614,5.116667,-0.008657,0.933187,0.005104,0.359251,-215.169998,96.627136,84.619164
615,5.125000,-0.008532,0.933229,0.005138,0.359144,-215.168503,96.622673,84.620453
616,5.133333,-0.008327,0.933209,0.005312,0.359198,-215.166855,96.616455,84.620583
617,5.141667,-0.008602,0.932994,0.005380,0.359748,-215.174026,96.619728,84.628769
618,5.150000,-0.008222,0.933124,0.005283,0.359421,-215.170837,96.618179,84.621033
619,5.158333,-0.008290,0.933216,0.005169,0.359184,-215.167694,96.620544,84.619064
620,5.166667,-0.008473,0.933197,0.005077,0.359230,-215.165024,96.624359,84.619286
621,5.175000,-0.008600,0.933197,0.005028,0.359228,-215.164017,96.625763,84.620186
622,5.183333,-0.008561,0.933192,0.005116,0.359239,-215.163773,96.623650,84.621414
623,5.191667,-0.008396,0.933174,0.005097,0.359291,-215.164429,96.619606,84.621506
624,5.200000,-0.008379,0.933177,0.005121,0.359282,-215.165848,96.618477,84.620667
625,5.208333,-0.008391,0.933213,0.005174,0.359189,-215.167053,96.619980,84.618896
626,5.216667,-0.008313,0.933230,0.005089,0.359146,-215.167953,96.622177,84.616348
627,5.225000,-0.008343,0.933261,0.005118,0.359065,-215.168686,96.624062,84.615562
628,5.233333,-0.008490,0.933261,0.005201,0.359062,-215.167908,96.623062,84.614967
629,5.241667,-0.008371,0.933266,0.005246,0.359051,-215.167374,96.619980,84.618431
630,5.250000,-0.008221,0.933240,0.005277,0.359122,-215.167496,96.617737,84.618935
631,5.258333,-0.008238,0.933234,0.005250,0.359135,-215.167404,96.617775,84.618996
632,5.266667,-0.008429,0.933231,0.005148,0.359140,-215.166092,96.621445,84.618065
633,5.275000,-0.008528,0.933233,0.005206,0.359133,-215.164154,96.623222,84.617401
634,5.283333,-0.008448,0.933253,0.005147,0.359084,-215.163391,96.625366,84.620018
635,5.291667,-0.008547,0.933225,0.005172,0.359155,-215.160797,96.623550,84.620071
636,5.300000,-0.008427,0.933219,0.005137,0.359173,-215.159180,96.621498,84.621361
637,5.308333,-0.008411,0.933209,0.005150,0.359198,-215.157669,96.619186,84.622177
638,5.316667,-0.008467,0.933200,0.005095,0.359221,-215.157135,96.621040,84.620567
639,5.325000,-0.008412,0.933216,0.005085,0.359180,-215.157288,96.622765,84.620430
640,5.333333,-0.008372,0.933206,0.005137,0.359207,-215.157013,96.623573,84.618149
641,5.341667,-0.008398,0.933227,0.005112,0.359153,-215.157440,96.623825,84.617813
642,5.350000,-0.008383,0.933235,0.005150,0.359132,-215.157867,96.622795,84.617355
643,5.358333,-0.008305,0.933248,0.005119,0.359099,-215.157898,96.621933,84.616844
644,5.366667,-0.008269,0.933233,0.005136,0.359139,-215.158264,96.620438,84.616226
645,5.375000,-0.008520,0.933227,0.005129,0.359149,-215.158768,96.621284,84.614136
646,5.383333,-0.008486,0.933259,0.005170,0.359067,-215.159348,96.623627,84.614548
647,5.391667,-0.008482,0.933244,0.005227,0.359105,-215.159225,96.624802,84.614197
648,5.400000,-0.008392,0.933245,0.005212,0.359104,-215.158508,96.624084,84.615105
649,5.408333,-0.008362,0.933222,0.005066,0.359168,-215.158325,96.623955,84.616249
650,5.416667,-0.008346,0.933209,0.005143,0.359202,-215.156082,96.622017,84.616920
651,5.425000,-0.008450,0.933211,0.005120,0.359192,-215.155579,96.621300,84.618828
652,5.433333,-0.008535,0.933223,0.005120,0.359159,-215.155289,96.622856,84.619049
653,5.441667,-0.008394,0.933221,0.005185,0.359169,-215.154953,96.624199,84.619080
654,5.450000,-0.008444,0.933224,0.005121,0.359160,-215.155457,96.624969,84.618607
655,5.458333,-0.008453,0.933212,0.005152,0.359190,-215.154770,96.622559,84.619675
656,5.466667,-0.008408,0.933223,0.005119,0.359162,-215.155289,96.622337,84.620232
657,5.475000,-0.008504,0.933229,0.005200,0.359144,-215.156647,96.621117,84.619576
658,5.483333,-0.008377,0.933243,0.005309,0.359109,-215.157196,96.621254,84.619713
659,5.491667,-0.008358,0.933234,0.005222,0.359133,-215.157898,96.622917,84.618172
660,5.500000,-0.008438,0.933241,0.005160,0.359115,-215.158493,96.622993,84.616234
661,5.508333,-0.008456,0.933259,0.005137,0.359067,-215.158920,96.623161,84.616600
662,5.516667,-0.008410,0.933243,0.005107,0.359110,-215.158768,96.622841,84.616127
663,5.525000,-0.008379,0.933234,0.005120,0.359135,-215.158722,96.622719,84.616333
664,5.533333,-0.008604,0.933238,0.005131,0.359118,-215.158157,96.622063,84.616241
665,5.541667,-0.008559,0.933235,0.005085,0.359129,-215.158264,96.623161,84.615448
666,5.550000,-0.008531,0.933262,0.005221,0.359058,-215.156723,96.622749,84.617142
667,5.558333,-0.008433,0.933226,0.005153,0.359155,-215.156174,96.622780,84.616432
668,5.566667,-0.008540,0.933239,0.005180,0.359118,-215.154617,96.622467,84.618324
669,5.575000,-0.008420,0.933226,0.005153,0.359155,-215.152924,96.622276,84.618393
670,5.583333,-0.008352,0.933227,0.005112,0.359154,-215.152618,96.621803,84.619362
671,5.591667,-0.008399,0.933230,0.005125,0.359144,-215.152832,96.623276,84.619156
672,5.600000,-0.008476,0.933250,0.005194,0.359089,-215.152740,96.622810,84.620071
673,5.608333,-0.008464,0.933242,0.005200,0.359110,-215.153152,96.623039,84.620819
674,5.616667,-0.008330,0.933212,0.005047,0.359194,-215.153412,96.623978,84.619781
675,5.625000,-0.008431,0.933240,0.005052,0.359119,-215.154449,96.623955,84.621140
676,5.633333,-0.008540,0.933239,0.005142,0.359119,-215.154602,96.623299,84.622498
677,5.641667,-0.008541,0.933235,0.005197,0.359127,-215.155075,96.624832,84.622215
678,5.650000,-0.008425,0.933241,0.004915,0.359119,-215.156097,96.630081,84.622772
679,5.658333,-0.008712,0.933267,0.004853,0.359046,-215.155624,96.636230,84.622734
680,5.666667,-0.010059,0.933220,0.003980,0.359143,-215.163727,96.654533,84.616890
681,5.675000,-0.010510,0.933178,0.003724,0.359242,-215.167831,96.663818,84.618561
682,5.683333,-0.010558,0.933091,0.003347,0.359469,-215.173767,96.672752,84.620506
683,5.691667,-0.010666,0.933091,0.003205,0.359468,-215.179733,96.678947,84.627136
684,5.700000,-0.010599,0.933087,0.003141,0.359482,-215.186478,96.679710,84.635849
685,5.708333,-0.010321,0.933078,0.003252,0.359511,-215.195877,96.674553,84.648666
686,5.716667,-0.009894,0.933060,0.003208,0.359571,-215.207977,96.665329,84.663246
687,5.725000,-0.009560,0.932679,0.003426,0.360564,-215.227676,96.650764,84.704330
688,5.733333,-0.008291,0.932659,0.003757,0.360645,-215.252441,96.627991,84.753975
689,5.741667,-0.006904,0.932646,0.004036,0.360703,-215.274338,96.589241,84.790108
690,5.750000,-0.006398,0.932399,0.003865,0.361352,-215.308289,96.553894,84.821381
691,5.758333,-0.006104,0.932015,0.003410,0.362351,-215.348740,96.522636,84.856346
692,5.766667,-0.009133,0.931867,0.004632,0.362656,-215.378433,96.489540,84.894592
693,5.775000,-0.010772,0.931613,0.004486,0.363263,-215.393494,96.487648,84.937454
694,5.783333,-0.010520,0.931311,0.004444,0.364046,-215.452103,96.468445,84.957954
695,5.791667,-0.009401,0.931477,0.007571,0.363601,-215.521484,96.460571,84.978867
696,5.800000,-0.008255,0.931329,0.008507,0.363986,-215.585800,96.431435,85.010239
697,5.808333,-0.008293,0.930872,0.008518,0.365153,-215.651230,96.406151,85.051491
698,5.816667,-0.008878,0.930585,0.008335,0.365874,-215.712097,96.384903,85.092438
699,5.825000,-0.009390,0.930210,0.008537,0.366809,-215.780685,96.360466,85.135597
700,5.833333,-0.011259,0.929821,0.006741,0.367779,-215.826889,96.339897,85.203377
701,5.841667,-0.010376,0.929476,0.005592,0.368693,-215.897675,96.318260,85.244911
702,5.850000,-0.009678,0.929095,0.005409,0.369675,-215.971191,96.294128,85.281281
703,5.858333,-0.009099,0.928719,0.005254,0.370636,-216.048172,96.267868,85.316704
704,5.866667,-0.009636,0.928131,0.005055,0.372094,-216.135498,96.243408,85.365852
705,5.875000,-0.010466,0.927567,0.005031,0.373476,-216.217224,96.226067,85.413208
706,5.883333,-0.010678,0.927185,0.005233,0.374416,-216.292435,96.206757,85.465302
707,5.891667,-0.011380,0.926961,0.004852,0.374955,-216.356918,96.193306,85.511246
708,5.900000,-0.011772,0.926859,0.004698,0.375197,-216.442276,96.169487,85.561111
709,5.908333,-0.010194,0.926271,0.004141,0.376697,-216.532349,96.154312,85.616615
710,5.916667,-0.010418,0.925699,0.004514,0.378090,-216.624573,96.158279,85.667221
711,5.925000,-0.011874,0.925177,0.003965,0.379330,-216.697281,96.171066,85.726486
712,5.933333,-0.011099,0.924779,0.002873,0.380333,-216.792160,96.165016,85.770096
713,5.941667,-0.010962,0.924409,0.002315,0.381239,-216.887802,96.158417,85.800819
714,5.950000,-0.011532,0.923888,0.001221,0.382488,-216.992920,96.156395,85.849701
715,5.958333,-0.013256,0.923447,-0.000200,0.383497,-217.065613,96.177803,85.918884
716,5.966667,-0.013483,0.922984,0.000079,0.384602,-217.158752,96.201027,85.977135
717,5.975000,-0.013200,0.922525,-0.000436,0.385711,-217.240952,96.224236,86.021431
718,5.983333,-0.010164,0.922023,-0.003128,0.386989,-217.341202,96.251015,86.053299
719,5.991667,-0.010055,0.921447,-0.004496,0.388349,-217.448334,96.257622,86.094650
720,6.000000,-0.011790,0.920740,-0.006798,0.389939,-217.553589,96.281357,86.142143
721,6.008333,-0.013354,0.919715,-0.008353,0.392271,-217.652939,96.305321,86.199623
722,6.016667,-0.014413,0.919418,-0.007658,0.392943,-217.738388,96.345688,86.262199
723,6.025000,-0.015374,0.919257,-0.008309,0.393270,-217.836945,96.360329,86.293755
724,6.033333,-0.016114,0.918790,-0.009106,0.394314,-217.942230,96.374390,86.334023
725,6.041667,-0.017184,0.918206,-0.010094,0.395602,-218.049316,96.390671,86.372795
726,6.050000,-0.018252,0.917659,-0.010508,0.396812,-218.158203,96.394913,86.410049
727,6.058333,-0.017755,0.916841,-0.011382,0.398696,-218.256882,96.379951,86.447731
728,6.066667,-0.017997,0.916253,-0.012242,0.400008,-218.350479,96.366966,86.487846
729,6.075000,-0.018120,0.916185,-0.012095,0.400162,-218.466263,96.365463,86.535149
730,6.083333,-0.018140,0.915633,-0.011809,0.401432,-218.586258,96.346466,86.565361
731,6.091667,-0.018057,0.914861,-0.011710,0.403194,-218.704407,96.325958,86.603249
732,6.100000,-0.017704,0.914318,-0.011986,0.404433,-218.809418,96.307549,86.635078
733,6.108333,-0.018016,0.913816,-0.012815,0.405525,-218.922119,96.283379,86.664291
734,6.116667,-0.018198,0.912826,-0.013546,0.407719,-219.040253,96.258835,86.699440
735,6.125000,-0.018231,0.912264,-0.012625,0.409001,-219.150406,96.244972,86.732628
736,6.133333,-0.018856,0.911671,-0.012131,0.410310,-219.265579,96.225037,86.767815
737,6.141667,-0.018309,0.911424,-0.011975,0.410887,-219.378906,96.193855,86.806221
738,6.150000,-0.018158,0.911013,-0.012427,0.411791,-219.495636,96.153572,86.832291
739,6.158333,-0.018406,0.910325,-0.013151,0.413276,-219.608017,96.126884,86.867065
740,6.166667,-0.018891,0.909413,-0.013760,0.415237,-219.719666,96.097878,86.910172
741,6.175000,-0.018425,0.908480,-0.014222,0.417281,-219.840530,96.067436,86.943596
742,6.183333,-0.018553,0.908197,-0.012541,0.417944,-219.953827,96.054672,86.969223
743,6.191667,-0.019153,0.907828,-0.012285,0.418724,-220.060974,96.038383,86.988846
744,6.200000,-0.014153,0.906752,-0.013871,0.421198,-220.176987,96.011887,87.003464
745,6.208333,-0.014761,0.906386,-0.014650,0.421939,-220.301895,95.996979,87.035469
746,6.216667,-0.016517,0.905562,-0.015510,0.423609,-220.424988,95.977303,87.073608
747,6.225000,-0.017027,0.904737,-0.015883,0.425335,-220.561523,95.941666,87.100174
748,6.233333,-0.014527,0.904058,-0.015736,0.426873,-220.666122,95.882492,87.138618
749,6.241667,-0.014363,0.903697,-0.013426,0.427722,-220.792511,95.864464,87.164635
750,6.250000,-0.014102,0.902813,-0.013905,0.429576,-220.932632,95.828697,87.183907
751,6.258333,-0.014142,0.902107,-0.013937,0.431056,-221.057816,95.799835,87.202530
752,6.266667,-0.014943,0.901198,-0.013765,0.432932,-221.194489,95.783989,87.229202
753,6.275000,-0.014330,0.900489,-0.015110,0.434380,-221.320221,95.742622,87.249420
754,6.283333,-0.013836,0.900057,-0.015956,0.435261,-221.446732,95.714973,87.277229
755,6.291667,-0.013521,0.899440,-0.013672,0.436622,-221.590668,95.699432,87.304398
756,6.300000,-0.013794,0.898646,-0.013412,0.438252,-221.725296,95.663712,87.327347
757,6.308333,-0.013786,0.897947,-0.013681,0.439675,-221.859863,95.628296,87.342018
758,6.316667,-0.014116,0.897096,-0.013381,0.441407,-221.998428,95.588684,87.359055
759,6.325000,-0.014299,0.896461,-0.012872,0.442705,-222.130066,95.556168,87.373436
760,6.333333,-0.014138,0.895507,-0.014429,0.444588,-222.264786,95.513885,87.394608
761,6.341667,-0.014591,0.894506,-0.015419,0.446552,-222.393494,95.489204,87.420120
762,6.350000,-0.014981,0.894082,-0.012982,0.447464,-222.537064,95.491966,87.435684
763,6.358333,-0.015220,0.893537,-0.013497,0.448529,-222.679993,95.468925,87.454849
764,6.366667,-0.015232,0.892924,-0.013704,0.449740,-222.815964,95.436707,87.469101
765,6.375000,-0.014483,0.891979,-0.013320,0.451648,-222.953278,95.394279,87.477371
766,6.383333,-0.014508,0.891247,-0.013336,0.453091,-223.078415,95.365921,87.498337
767,6.391667,-0.014792,0.890565,-0.013217,0.454423,-223.222778,95.330170,87.508141
768,6.400000,-0.014910,0.889760,-0.012266,0.456020,-223.359924,95.306602,87.528053
769,6.408333,-0.015416,0.889021,-0.012644,0.457431,-223.495148,95.286575,87.539856
770,6.416667,-0.015821,0.888174,-0.012762,0.459057,-223.630173,95.258018,87.538750
771,6.425000,-0.016792,0.887412,-0.014119,0.460455,-223.752899,95.244507,87.537804
772,6.433333,-0.016130,0.886601,-0.013538,0.462056,-223.875458,95.210052,87.547241
773,6.441667,-0.015728,0.886210,-0.013430,0.462821,-224.001404,95.174446,87.555107
774,6.450000,-0.015559,0.885724,-0.013257,0.463763,-224.121902,95.137939,87.561371
775,6.458333,-0.015450,0.884803,-0.012411,0.465544,-224.263138,95.091377,87.559868
776,6.466667,-0.016236,0.883590,-0.014762,0.467748,-224.388412,95.057503,87.588242
777,6.475000,-0.016248,0.883078,-0.012520,0.468777,-224.531265,95.031326,87.590576
778,6.483333,-0.015918,0.882330,-0.011736,0.470215,-224.664551,94.995560,87.591072
779,6.491667,-0.015296,0.881424,-0.013136,0.471896,-224.789139,94.944061,87.603821
780,6.500000,-0.014208,0.880517,-0.013875,0.473599,-224.935486,94.892136,87.596848
781,6.508333,-0.014512,0.879896,-0.014620,0.474721,-225.052170,94.867828,87.598068
782,6.516667,-0.015219,0.878619,-0.015023,0.477045,-225.206497,94.838745,87.594910
783,6.525000,-0.012408,0.877645,-0.016707,0.478859,-225.352341,94.831375,87.584930
784,6.533333,-0.012316,0.876630,-0.015856,0.480747,-225.503281,94.795967,87.576729
785,6.541667,-0.011442,0.876648,-0.012495,0.480833,-225.633362,94.783684,87.598351
786,6.550000,-0.011488,0.875790,-0.012441,0.482395,-225.778824,94.742157,87.585052
787,6.558333,-0.011563,0.874935,-0.012269,0.483947,-225.902130,94.708908,87.582031
788,6.566667,-0.011518,0.873897,-0.013978,0.485774,-226.023895,94.663277,87.581566
789,6.575000,-0.011839,0.872717,-0.014762,0.487860,-226.169617,94.626556,87.574295
790,6.583333,-0.011663,0.871897,-0.015299,0.489312,-226.299576,94.594543,87.571075
791,6.591667,-0.012261,0.871446,-0.011739,0.490197,-226.438660,94.572433,87.556519
792,6.600000,-0.012243,0.871076,-0.011408,0.490863,-226.553467,94.551407,87.544182
793,6.608333,-0.011555,0.870205,-0.010939,0.492433,-226.681763,94.512680,87.523315
794,6.616667,-0.011890,0.869236,-0.012880,0.494086,-226.778000,94.480095,87.518318
795,6.625000,-0.011258,0.868941,-0.011003,0.494665,-226.898453,94.457741,87.502190
796,6.633333,-0.010694,0.867977,-0.010014,0.496389,-227.023239,94.416542,87.474182
797,6.641667,-0.011701,0.867665,-0.010238,0.496907,-227.102310,94.398857,87.471130
798,6.650000,-0.010931,0.866828,-0.009901,0.498388,-227.208069,94.361481,87.450142
799,6.658333,-0.011147,0.866159,-0.009538,0.499554,-227.302841,94.330811,87.433258
800,6.666667,-0.011750,0.865617,-0.009727,0.500475,-227.392441,94.306030,87.420586
801,6.675000,-0.011225,0.864731,-0.008932,0.502031,-227.499802,94.268372,87.394531
802,6.683333,-0.011301,0.864423,-0.008834,0.502561,-227.588013,94.233269,87.378014
803,6.691667,-0.011054,0.863720,-0.008719,0.503775,-227.683441,94.193275,87.355476
804,6.700000,-0.010687,0.862859,-0.007787,0.505271,-227.783875,94.144753,87.330772
805,6.708333,-0.011017,0.862562,-0.007028,0.505782,-227.857239,94.109688,87.321075
806,6.716667,-0.010430,0.862249,-0.006897,0.506331,-227.952225,94.069519,87.295113
807,6.725000,-0.009784,0.861449,-0.005678,0.507719,-228.058624,94.019943,87.268753
808,6.733333,-0.010727,0.861208,-0.005723,0.508107,-228.120392,93.996880,87.256706
809,6.741667,-0.009686,0.860498,-0.005327,0.509334,-228.209167,93.961800,87.234550
810,6.750000,-0.009255,0.859782,-0.004897,0.510555,-228.311371,93.919510,87.205116
811,6.758333,-0.008980,0.859366,-0.004360,0.511263,-228.397247,93.885826,87.175911
812,6.766667,-0.008596,0.858938,-0.004095,0.511991,-228.472107,93.859909,87.158211
813,6.775000,-0.008467,0.858339,-0.003328,0.513002,-228.562683,93.830322,87.138977
814,6.783333,-0.008312,0.857591,-0.005234,0.514239,-228.638641,93.800896,87.134499
815,6.791667,-0.008541,0.856868,-0.003175,0.515456,-228.717133,93.801315,87.130241
816,6.800000,-0.009096,0.856672,-0.002861,0.515774,-228.792572,93.781967,87.116066
817,6.808333,-0.008287,0.856050,-0.002487,0.516821,-228.897476,93.763351,87.105980
818,6.816667,-0.007682,0.855012,-0.001948,0.518548,-229.012650,93.737968,87.085556
819,6.825000,-0.007178,0.853996,-0.001250,0.520230,-229.124496,93.701996,87.059380
820,6.833333,-0.005175,0.854289,-0.003715,0.519759,-229.185562,93.708412,87.050835
821,6.841667,-0.004173,0.853842,-0.004036,0.520500,-229.265182,93.701073,87.037025
822,6.850000,-0.004023,0.853139,-0.004198,0.521652,-229.350143,93.688095,87.024330
823,6.858333,-0.004707,0.852348,-0.004403,0.522936,-229.445557,93.672890,87.007530
824,6.866667,-0.005116,0.851926,-0.004896,0.523615,-229.531738,93.658363,87.000664
825,6.875000,-0.005794,0.850805,-0.005310,0.525423,-229.631516,93.650337,86.982147
826,6.883333,-0.005947,0.850382,-0.005095,0.526107,-229.707855,93.634483,86.973518
827,6.891667,-0.006411,0.849739,-0.004373,0.527147,-229.795792,93.614021,86.955437
828,6.900000,-0.006234,0.849046,-0.004251,0.528265,-229.891464,93.596695,86.931320
829,6.908333,-0.006227,0.848876,-0.004291,0.528538,-229.968933,93.584656,86.923149
830,6.916667,-0.006392,0.847777,-0.003559,0.530303,-230.065613,93.566429,86.895607
831,6.925000,-0.006471,0.847421,-0.004589,0.530862,-230.130005,93.550880,86.888054
832,6.933333,-0.006008,0.846527,-0.004281,0.532296,-230.225754,93.533463,86.867020
833,6.941667,-0.006844,0.846495,-0.005430,0.532325,-230.299896,93.532478,86.854019
834,6.950000,-0.007221,0.846292,-0.004591,0.532651,-230.384186,93.529007,86.840897
835,6.958333,-0.007506,0.845752,-0.004282,0.533505,-230.460495,93.521019,86.828728
836,6.966667,-0.007791,0.844609,-0.004330,0.535309,-230.549805,93.507141,86.810783
837,6.975000,-0.007668,0.844407,-0.004366,0.535629,-230.616455,93.493256,86.805138
838,6.983333,-0.007186,0.843874,-0.004914,0.536471,-230.693390,93.482765,86.784325
839,6.991667,-0.007419,0.843726,-0.005069,0.536700,-230.760529,93.472061,86.767891
840,7.000000,-0.007431,0.842607,-0.004495,0.538459,-230.854767,93.452194,86.738754
841,7.008333,-0.007027,0.841476,-0.003671,0.540237,-230.947617,93.425629,86.715393
842,7.016667,-0.006994,0.841916,-0.004023,0.539548,-231.001953,93.410316,86.704521
843,7.025000,-0.006411,0.840969,-0.003765,0.541032,-231.095123,93.384254,86.678299
844,7.033333,-0.005563,0.839958,-0.003103,0.542613,-231.189087,93.355751,86.655121
845,7.041667,-0.007004,0.840447,-0.003919,0.541834,-231.240601,93.349190,86.644188
846,7.050000,-0.004242,0.839530,-0.004997,0.543274,-231.316635,93.356812,86.626015
847,7.058333,-0.003976,0.838026,-0.004759,0.545595,-231.420425,93.338997,86.597191
848,7.066667,-0.003690,0.836864,-0.003841,0.547386,-231.511688,93.307739,86.573807
849,7.075000,-0.003648,0.836192,-0.003304,0.548414,-231.587906,93.280502,86.547432
850,7.083333,-0.004897,0.837480,-0.004609,0.546426,-231.614990,93.275650,86.543289
851,7.091667,-0.004493,0.836573,-0.003645,0.547825,-231.706192,93.244263,86.513687
852,7.100000,-0.003882,0.835343,-0.002599,0.549709,-231.783676,93.212868,86.483871
853,7.108333,-0.003547,0.834862,-0.002382,0.550443,-231.846542,93.191658,86.464218
854,7.116667,-0.005801,0.836358,-0.004554,0.548134,-231.838150,93.207344,86.477913
855,7.125000,-0.005207,0.834934,-0.003563,0.550314,-231.928345,93.186913,86.446381
856,7.133333,-0.004100,0.833327,-0.002360,0.552760,-232.018143,93.155266,86.422050
857,7.141667,-0.003277,0.832855,-0.001517,0.553480,-232.083588,93.126747,86.395203
858,7.150000,-0.002982,0.832720,-0.001358,0.553685,-232.148224,93.105713,86.376572
859,7.158333,-0.005270,0.833544,-0.004263,0.552412,-232.183762,93.118294,86.376381
860,7.166667,-0.005126,0.832283,-0.002921,0.554319,-232.279160,93.086914,86.351067
861,7.175000,-0.004837,0.831040,-0.001483,0.556190,-232.360550,93.052338,86.326477
862,7.183333,-0.004255,0.830376,-0.000631,0.557187,-232.439590,93.018517,86.295303
863,7.191667,-0.004407,0.829704,-0.000384,0.558186,-232.531601,92.981857,86.264328
864,7.200000,-0.004523,0.829208,-0.000259,0.558922,-232.627823,92.932182,86.235016
865,7.208333,-0.004490,0.829140,-0.001466,0.559021,-232.687088,92.893036,86.212990
866,7.216667,-0.003258,0.827996,-0.000215,0.560725,-232.788376,92.833099,86.177711
867,7.225000,-0.002757,0.826909,0.000893,0.562329,-232.900970,92.781540,86.135979
868,7.233333,-0.002957,0.825867,0.001916,0.563854,-233.023026,92.741447,86.082855
869,7.241667,-0.003188,0.824937,0.002519,0.565210,-233.142059,92.703430,86.030540
870,7.250000,-0.003048,0.824072,0.003529,0.566466,-233.263107,92.673126,85.975067
871,7.258333,-0.003234,0.823163,0.004985,0.567774,-233.385040,92.644806,85.918228
872,7.266667,-0.003769,0.822189,0.005344,0.569176,-233.504608,92.616699,85.876472
873,7.275000,-0.003773,0.821437,0.005143,0.570264,-233.633347,92.595276,85.824562
874,7.283333,-0.003575,0.820524,0.006099,0.571569,-233.755966,92.572472,85.764183
875,7.291667,-0.003603,0.819661,0.008091,0.572781,-233.884949,92.571815,85.707268
876,7.300000,-0.001245,0.818335,0.007962,0.574686,-234.010742,92.584267,85.643806
877,7.308333,-0.000780,0.817184,0.007219,0.576331,-234.125397,92.600021,85.579826
878,7.316667,-0.001967,0.816323,0.005919,0.577562,-234.231018,92.618317,85.527679
879,7.325000,-0.003418,0.815929,0.004594,0.578125,-234.334427,92.634895,85.474808
880,7.333333,-0.004138,0.815505,0.005091,0.578713,-234.432800,92.626801,85.433319
881,7.341667,-0.004432,0.814555,0.005665,0.580043,-234.523087,92.608620,85.396622
882,7.350000,-0.004246,0.813896,0.006312,0.580961,-234.603714,92.589630,85.356728
883,7.358333,-0.003961,0.813489,0.005607,0.581540,-234.694000,92.585312,85.316490
884,7.366667,-0.003085,0.812929,0.005386,0.582329,-234.767960,92.580811,85.276436
885,7.375000,-0.002481,0.812175,0.005210,0.583385,-234.833832,92.586784,85.239670
886,7.383333,-0.000523,0.811312,0.004097,0.584599,-234.906845,92.617538,85.192856
887,7.391667,0.000585,0.810480,0.003693,0.585754,-234.977219,92.630615,85.148331
888,7.400000,0.000408,0.810146,0.003676,0.586216,-235.042358,92.627373,85.118103
889,7.408333,0.000162,0.809806,0.006501,0.586661,-235.106247,92.628777,85.096535
890,7.416667,-0.003212,0.808784,0.006528,0.588061,-235.173553,92.645683,85.091934
891,7.425000,-0.004196,0.808398,0.006720,0.588584,-235.222275,92.639671,85.072273
892,7.433333,-0.004599,0.808364,0.006930,0.588624,-235.266586,92.642426,85.046814
893,7.441667,-0.004483,0.808459,0.006529,0.588499,-235.311264,92.656273,85.026237
894,7.450000,-0.002934,0.808523,0.006696,0.588419,-235.342545,92.644348,84.992783
895,7.458333,-0.003269,0.808066,0.005663,0.589056,-235.389709,92.643463,84.964371
896,7.466667,-0.003674,0.807735,0.005483,0.589509,-235.432266,92.638916,84.945122
897,7.475000,-0.003771,0.807505,0.005608,0.589822,-235.464828,92.626289,84.933678
898,7.483333,-0.003471,0.807224,0.006098,0.590204,-235.489365,92.617172,84.926186
899,7.491667,-0.003223,0.806955,0.006013,0.590574,-235.508591,92.617302,84.924141
900,7.500000,-0.003798,0.806209,0.005668,0.591592,-235.513947,92.623642,84.905777
901,7.508333,-0.003169,0.806103,0.005423,0.591742,-235.511230,92.626060,84.888359
902,7.516667,-0.002409,0.805951,0.005115,0.591955,-235.511017,92.626503,84.879372
903,7.525000,-0.001948,0.805958,0.004801,0.591950,-235.508728,92.618980,84.873535
904,7.533333,-0.001756,0.805949,0.004163,0.591968,-235.501511,92.610741,84.865105
905,7.541667,-0.001492,0.806015,0.003602,0.591882,-235.487061,92.594765,84.855782
906,7.550000,-0.004094,0.805749,0.002044,0.592239,-235.478546,92.587593,84.859634
907,7.558333,-0.001654,0.805816,0.000728,0.592163,-235.443497,92.502884,84.841873
908,7.566667,0.000372,0.806065,-0.000060,0.591827,-235.414978,92.471741,84.828056
909,7.575000,0.002209,0.805699,-0.000753,0.592321,-235.391144,92.463951,84.841347
910,7.583333,0.003636,0.805451,-0.000331,0.592651,-235.372711,92.467514,84.861526
911,7.591667,0.004626,0.805731,0.000440,0.592264,-235.364487,92.474602,84.882668
912,7.600000,0.004880,0.806008,0.000912,0.591884,-235.366440,92.477531,84.900047
913,7.608333,0.004902,0.806327,0.001523,0.591448,-235.371780,92.477646,84.915146
914,7.616667,0.004933,0.806103,0.001945,0.591751,-235.379196,92.472954,84.932800
915,7.625000,0.003076,0.805476,0.001626,0.592618,-235.401413,92.489830,84.963837
916,7.633333,0.004000,0.805256,0.002402,0.592908,-235.404388,92.479515,84.989182
917,7.641667,0.004671,0.805637,0.002964,0.592384,-235.414413,92.476807,85.037445
918,7.650000,0.005425,0.805990,0.005143,0.591882,-235.423065,92.480530,85.089714
919,7.658333,0.006333,0.806098,0.006601,0.591712,-235.427094,92.480598,85.137596
920,7.666667,0.008934,0.805874,0.008237,0.591963,-235.430145,92.466881,85.195908
921,7.675000,0.011558,0.805721,0.009445,0.592107,-235.436157,92.457573,85.250168
922,7.683333,0.012033,0.805933,0.011277,0.591777,-235.450653,92.443054,85.312607
923,7.691667,0.012981,0.805979,0.012947,0.591660,-235.469742,92.430397,85.372887
924,7.700000,0.013337,0.806575,0.014505,0.590804,-235.491776,92.418633,85.436020
925,7.708333,0.014511,0.807721,0.016912,0.589144,-235.515854,92.406593,85.493919
926,7.716667,0.015845,0.808684,0.018995,0.587723,-235.538025,92.404129,85.550056
927,7.725000,0.017447,0.809178,0.021645,0.586905,-235.555023,92.418022,85.613358
928,7.733333,0.014328,0.810923,0.026246,0.584388,-235.558655,92.429070,85.676941
929,7.741667,0.013942,0.812438,0.027001,0.582256,-235.562042,92.428635,85.711967
930,7.750000,0.013171,0.813448,0.027097,0.580857,-235.569550,92.424240,85.726128
931,7.758333,0.013141,0.813968,0.027501,0.580110,-235.568451,92.417870,85.729706
932,7.766667,0.013625,0.813828,0.027306,0.580304,-235.556488,92.416573,85.728783
933,7.775000,0.014128,0.813135,0.026984,0.581277,-235.539291,92.417801,85.719666
934,7.783333,0.014423,0.811877,0.024279,0.583145,-235.520599,92.409439,85.709213
935,7.791667,0.014333,0.810344,0.022319,0.585353,-235.499710,92.406235,85.686592
936,7.800000,0.013935,0.807984,0.019164,0.588728,-235.485977,92.424927,85.660843
937,7.808333,0.015331,0.805600,0.016590,0.592029,-235.454941,92.427895,85.628426
938,7.816667,0.015323,0.803302,0.015874,0.595163,-235.423203,92.424530,85.582443
939,7.825000,0.015713,0.801672,0.015316,0.597362,-235.409851,92.429047,85.553375
940,7.833333,0.015716,0.800500,0.014895,0.598942,-235.411407,92.434326,85.540649
941,7.841667,0.015293,0.799546,0.014920,0.600225,-235.429169,92.439278,85.534096
942,7.850000,0.014937,0.799064,0.015217,0.600867,-235.450027,92.439682,85.533508
943,7.858333,0.016294,0.799321,0.016641,0.600453,-235.458130,92.414787,85.529388
944,7.866667,0.013845,0.799338,0.015957,0.600510,-235.482407,92.421516,85.554337
945,7.875000,0.013854,0.799846,0.016418,0.599821,-235.482620,92.411186,85.568535
946,7.883333,0.015790,0.800637,0.016945,0.598702,-235.459259,92.393570,85.593925
947,7.891667,0.017597,0.801978,0.017488,0.596838,-235.432983,92.389694,85.631699
948,7.900000,0.019466,0.803247,0.017430,0.595073,-235.407990,92.400093,85.670624
949,7.908333,0.020926,0.804233,0.017137,0.593698,-235.388992,92.412735,85.691277
950,7.916667,0.019891,0.804810,0.016609,0.592967,-235.388046,92.435577,85.707085
951,7.925000,0.020611,0.805495,0.016884,0.592004,-235.376862,92.433235,85.699097
952,7.933333,0.020918,0.806155,0.016549,0.591103,-235.368256,92.432091,85.681190
953,7.941667,0.020622,0.806553,0.015860,0.590589,-235.372238,92.432472,85.664330
954,7.950000,0.020187,0.806823,0.015644,0.590241,-235.386963,92.432640,85.654778
955,7.958333,0.019792,0.806945,0.015758,0.590084,-235.409683,92.434029,85.648666
956,7.966667,0.018852,0.807140,0.015939,0.589844,-235.439606,92.439278,85.644737
957,7.975000,0.018037,0.807316,0.016709,0.589606,-235.469650,92.442520,85.638374
958,7.983333,0.017100,0.807291,0.017124,0.589657,-235.492111,92.440933,85.632462
959,7.991667,0.016293,0.807368,0.017481,0.589565,-235.503937,92.437653,85.622620
960,8.000000,0.016124,0.807477,0.017561,0.589417,-235.499817,92.431297,85.618172
961,8.008333,0.016454,0.807559,0.017387,0.589301,-235.482452,92.427185,85.623138
962,8.016667,0.017126,0.807475,0.016950,0.589410,-235.457428,92.424782,85.633179
963,8.025000,0.018280,0.807357,0.016708,0.589544,-235.428375,92.423424,85.647461
964,8.033333,0.019257,0.807298,0.016437,0.589600,-235.400436,92.424316,85.658730
965,8.041667,0.020269,0.807247,0.016198,0.589643,-235.378510,92.427124,85.666786
966,8.050000,0.021164,0.807154,0.016174,0.589739,-235.366852,92.429337,85.675560
967,8.058333,0.021526,0.807117,0.016285,0.589774,-235.362625,92.432877,85.683891
968,8.066667,0.021574,0.807030,0.016354,0.589890,-235.363129,92.434288,85.686066
969,8.075000,0.021236,0.807058,0.016418,0.589861,-235.366013,92.433945,85.680122
970,8.083333,0.020724,0.807034,0.016182,0.589919,-235.374756,92.433113,85.670624
971,8.091667,0.020313,0.807051,0.016128,0.589912,-235.390610,92.432175,85.662590
972,8.100000,0.019628,0.807075,0.016063,0.589904,-235.410126,92.432732,85.651863
973,8.108333,0.018905,0.807195,0.016184,0.589760,-235.433167,92.435684,85.637024
974,8.116667,0.018074,0.807395,0.016236,0.589511,-235.454010,92.436447,85.620590
975,8.125000,0.017272,0.807564,0.016363,0.589299,-235.471252,92.436378,85.608017
976,8.133333,0.016781,0.807677,0.016375,0.589159,-235.479736,92.431938,85.605934
977,8.141667,0.016814,0.807824,0.016674,0.588947,-235.475250,92.427956,85.610497
978,8.150000,0.017277,0.807655,0.016647,0.589167,-235.461563,92.425964,85.629311
979,8.158333,0.018112,0.807406,0.016803,0.589478,-235.441299,92.426598,85.646957
980,8.166667,0.019124,0.807181,0.016770,0.589755,-235.420639,92.429626,85.664162
981,8.175000,0.019816,0.807087,0.016549,0.589867,-235.400146,92.432266,85.673714
982,8.183333,0.020514,0.807000,0.016495,0.589965,-235.384125,92.431847,85.671471
983,8.191667,0.020744,0.807054,0.016679,0.589877,-235.372635,92.433693,85.661713
984,8.200000,0.023128,0.807320,0.017033,0.589414,-235.353546,92.403687,85.644707
985,8.208333,0.020883,0.806981,0.015729,0.589998,-235.378021,92.428627,85.659851
986,8.216667,0.020446,0.806933,0.015885,0.590076,-235.392548,92.433449,85.662773
987,8.225000,0.019703,0.806962,0.016187,0.590052,-235.409592,92.436462,85.660675
988,8.233333,0.018823,0.807055,0.016514,0.589946,-235.429169,92.438660,85.647957
989,8.241667,0.017763,0.807222,0.016601,0.589747,-235.449081,92.437401,85.634468
990,8.250000,0.016823,0.807470,0.016738,0.589432,-235.466431,92.435898,85.620758
991,8.258333,0.016477,0.807631,0.016816,0.589218,-235.475464,92.430428,85.608536
992,8.266667,0.016363,0.807750,0.016873,0.589056,-235.474976,92.428406,85.605606
993,8.275000,0.016978,0.807695,0.016791,0.589117,-235.464188,92.427048,85.612839
994,8.283333,0.017972,0.807576,0.016782,0.589250,-235.448380,92.427216,85.622635
995,8.291667,0.019229,0.807221,0.016412,0.589708,-235.426971,92.428551,85.640808
996,8.300000,0.020321,0.807112,0.016203,0.589827,-235.406494,92.432701,85.653305
997,8.308333,0.021341,0.807508,0.015778,0.589259,-235.380386,92.439888,85.669365
998,8.316667,0.024435,0.807828,0.016960,0.588667,-235.355026,92.417442,85.654205
999,8.325000,0.022486,0.807404,0.015632,0.589364,-235.369537,92.439034,85.676750
1000,8.333333,0.022161,0.807375,0.015590,0.589417,-235.374374,92.441475,85.681641
1001,8.341667,0.021593,0.807390,0.015698,0.589414,-235.380554,92.443054,85.676987
1002,8.350000,0.020988,0.807462,0.015518,0.589341,-235.390045,92.443886,85.667488
1003,8.358333,0.020578,0.807524,0.015424,0.589274,-235.405655,92.443985,85.655663
1004,8.366667,0.020176,0.807671,0.015684,0.589080,-235.424500,92.443398,85.646706
1005,8.375000,0.019845,0.807741,0.015687,0.588994,-235.440903,92.445358,85.644325
1006,8.383333,0.019726,0.807799,0.015879,0.588914,-235.453659,92.447182,85.643402
1007,8.391667,0.019760,0.807761,0.016060,0.588960,-235.460831,92.446976,85.648155
1008,8.400000,0.019770,0.807714,0.016317,0.589018,-235.460190,92.447815,85.655548
1009,8.408333,0.020126,0.807628,0.016421,0.589121,-235.453964,92.448906,85.663208
1010,8.416667,0.020455,0.807519,0.016276,0.589262,-235.441681,92.448845,85.671951
1011,8.425000,0.020806,0.807413,0.016160,0.589399,-235.426575,92.447159,85.674271
1012,8.433333,0.020827,0.807371,0.015974,0.589461,-235.415466,92.447052,85.670349
1013,8.441667,0.020995,0.807348,0.015595,0.589496,-235.405548,92.442879,85.660339
1014,8.450000,0.021174,0.807447,0.015716,0.589351,-235.401733,92.444458,85.647491
1015,8.458333,0.020985,0.807476,0.015602,0.589321,-235.404114,92.443275,85.643478
1016,8.466667,0.020774,0.807469,0.015337,0.589345,-235.416077,92.443260,85.650055
1017,8.475000,0.020561,0.807397,0.015686,0.589442,-235.432571,92.444435,85.658646
1018,8.483333,0.020179,0.807375,0.016134,0.589473,-235.446548,92.446068,85.667595
1019,8.491667,0.019820,0.807231,0.017246,0.589650,-235.462662,92.454079,85.680931
1020,8.500000,0.019864,0.807221,0.017351,0.589660,-235.465332,92.455414,85.681618
1021,8.508333,0.020060,0.807265,0.016764,0.589609,-235.458206,92.450821,85.675987
1022,8.516667,0.020270,0.807346,0.016100,0.589511,-235.447617,92.447525,85.669243
1023,8.525000,0.020470,0.807467,0.015600,0.589351,-235.433548,92.444168,85.662300
1024,8.533333,0.020673,0.807477,0.015252,0.589339,-235.421082,92.442093,85.658279
1025,8.541667,0.020932,0.807508,0.015183,0.589289,-235.414337,92.442390,85.659081
1026,8.550000,0.020997,0.807476,0.015148,0.589331,-235.416702,92.443733,85.667305
1027,8.558333,0.020849,0.807426,0.015433,0.589398,-235.425735,92.447449,85.676743
1028,8.566667,0.020409,0.807383,0.015790,0.589463,-235.438446,92.449486,85.679382
1029,8.575000,0.020382,0.807376,0.015962,0.589468,-235.452957,92.451218,85.675385
1030,8.583333,0.019964,0.807502,0.016165,0.589305,-235.464096,92.450157,85.669357
1031,8.591667,0.019743,0.807544,0.016151,0.589256,-235.472290,92.448296,85.664589
1032,8.600000,0.019917,0.807556,0.016014,0.589238,-235.473663,92.447090,85.662712
1033,8.608333,0.020020,0.807594,0.015849,0.589185,-235.469055,92.446327,85.664642
1034,8.616667,0.020240,0.807469,0.016415,0.589334,-235.462921,92.452011,85.676315
1035,8.625000,0.020494,0.807393,0.016328,0.589432,-235.446762,92.449402,85.680626
1036,8.633333,0.021027,0.807269,0.015789,0.589598,-235.432693,92.447319,85.680069
1037,8.641667,0.020985,0.807377,0.015452,0.589461,-235.419968,92.444687,85.675964
1038,8.650000,0.021288,0.807388,0.015225,0.589440,-235.414459,92.444733,85.671700
1039,8.658333,0.021058,0.807431,0.015233,0.589390,-235.419937,92.445473,85.676758
1040,8.666667,0.020737,0.807437,0.015377,0.589388,-235.428406,92.445908,85.677368
1041,8.675000,0.020315,0.807468,0.015647,0.589354,-235.438660,92.447319,85.673111
1042,8.683333,0.020337,0.807501,0.015900,0.589301,-235.445709,92.447845,85.663544
1043,8.691667,0.020043,0.807608,0.015880,0.589165,-235.447937,92.446129,85.659119
1044,8.700000,0.020327,0.807686,0.015684,0.589054,-235.446625,92.446259,85.655891
1045,8.708333,0.020281,0.807724,0.015498,0.589009,-235.438248,92.444443,85.656281
1046,8.716667,0.020715,0.807649,0.015229,0.589103,-235.426804,92.444191,85.660164
1047,8.725000,0.021091,0.807621,0.015409,0.589123,-235.413452,92.443100,85.665215
1048,8.733333,0.021450,0.807526,0.015385,0.589241,-235.404892,92.441628,85.668114
1049,8.741667,0.021381,0.807506,0.015354,0.589272,-235.400726,92.442413,85.670914
1050,8.750000,0.021469,0.807500,0.015492,0.589274,-235.400803,92.443329,85.668594
1051,8.758333,0.021468,0.807478,0.015570,0.589301,-235.404495,92.442169,85.663704
1052,8.766667,0.021106,0.807491,0.015421,0.589300,-235.411621,92.443268,85.658005
1053,8.775000,0.020644,0.807651,0.015423,0.589097,-235.420517,92.443329,85.651108
1054,8.783333,0.020365,0.807743,0.015459,0.588980,-235.427765,92.445419,85.646416
1055,8.791667,0.020326,0.807772,0.015282,0.588946,-235.429733,92.445000,85.645523
1056,8.800000,0.020328,0.807791,0.015406,0.588917,-235.427170,92.442673,85.645348
1057,8.808333,0.020684,0.807748,0.015397,0.588964,-235.419769,92.440063,85.649887
1058,8.816667,0.020923,0.807694,0.015475,0.589028,-235.413574,92.438141,85.660286
1059,8.825000,0.021289,0.807587,0.015589,0.589157,-235.409424,92.440536,85.661964
1060,8.833333,0.021131,0.807554,0.015609,0.589208,-235.407211,92.443497,85.660828
1061,8.841667,0.021026,0.807552,0.015523,0.589217,-235.408707,92.442390,85.658417
1062,8.850000,0.020812,0.807601,0.015587,0.589156,-235.415436,92.442390,85.654846
1063,8.858333,0.020645,0.807678,0.015575,0.589056,-235.423065,92.442863,85.650116
1064,8.866667,0.020567,0.807679,0.015571,0.589058,-235.426849,92.442451,85.648521
1065,8.875000,0.020917,0.807718,0.015626,0.588991,-235.424850,92.440956,85.649864
1066,8.883333,0.020875,0.807688,0.015456,0.589037,-235.418579,92.438583,85.657242
1067,8.891667,0.020964,0.807622,0.015453,0.589125,-235.412735,92.438019,85.656853
1068,8.900000,0.021034,0.807641,0.015505,0.589096,-235.411423,92.440460,85.661522
1069,8.908333,0.021046,0.807580,0.015425,0.589181,-235.412979,92.441628,85.659393
1070,8.916667,0.020777,0.807593,0.015284,0.589177,-235.417313,92.443069,85.656914
1071,8.925000,0.020723,0.807624,0.015312,0.589135,-235.423203,92.442123,85.653511
1072,8.933333,0.020753,0.807655,0.015310,0.589091,-235.424667,92.441505,85.653618
1073,8.941667,0.020890,0.807682,0.015263,0.589051,-235.423569,92.440170,85.659897
1074,8.950000,0.021037,0.807635,0.015362,0.589108,-235.421326,92.439697,85.658524
1075,8.958333,0.021141,0.807612,0.015389,0.589134,-235.422806,92.442390,85.659035
1076,8.966667,0.020906,0.807701,0.015470,0.589019,-235.426743,92.442413,85.657707
1077,8.975000,0.020601,0.807636,0.015215,0.589124,-235.430664,92.443588,85.652512
1078,8.983333,0.020713,0.807656,0.015155,0.589095,-235.431793,92.443428,85.650925
1079,8.991667,0.020820,0.807632,0.015227,0.589122,-235.431091,92.441498,85.653786
1080,9.000000,0.020826,0.807655,0.015341,0.589087,-235.430145,92.442871,85.656624
1081,9.008333,0.020766,0.807675,0.015417,0.589060,-235.430176,92.443535,85.655251
1082,9.016667,0.020703,0.807719,0.015409,0.589002,-235.434387,92.444008,85.655060
1083,9.025000,0.020657,0.807723,0.015406,0.588999,-235.436722,92.444328,85.653961
