Format Version,1.25,Take Name,Take 2025-11-27 05.47.01 PM,Take Notes,,Capture Frame Rate,120.000000,Export Frame Rate,120.000000,Capture Start Time,2025-11-27 05.47.02.336 PM,Capture Start Frame,306739,Total Frames in Take,925,Total Exported Frames,925,Rotation Type,Quaternion,Length Units,Centimeters,Coordinate Space,Global

,Type,Rigid Body,Rigid Body,Rigid Body,Rigid Body,Rigid Body,Rigid Body,Rigid Body
,Name,SEE_medium,SEE_medium,SEE_medium,SEE_medium,SEE_medium,SEE_medium,SEE_medium
,ID,99D1A06ACB9411F031C44B617C101E92,99D1A06ACB9411F031C44B617C101E92,99D1A06ACB9411F031C44B617C101E92,99D1A06ACB9411F031C44B617C101E92,99D1A06ACB9411F031C44B617C101E92,99D1A06ACB9411F031C44B617C101E92,99D1A06ACB9411F031C44B617C101E92
,Parent,,,,,,,
,,Rotation,Rotation,Rotation,Rotation,Position,Position,Position
Frame,Time (Seconds),X,Y,Z,W,X,Y,Z
0,0.000000,-0.014902,0.999557,0.009059,-0.024105,-215.881653,90.146500,82.953644
1,0.008333,-0.014890,0.999558,0.008973,-0.024110,-215.881042,90.146927,82.954414
2,0.016667,-0.014769,0.999559,0.009022,-0.024131,-215.880585,90.146454,82.953285
3,0.025000,-0.014923,0.999559,0.008886,-0.024098,-215.880371,90.146431,82.953224
4,0.033333,-0.015011,0.999557,0.009008,-0.024056,-215.880829,90.146690,82.954163
5,0.041667,-0.014942,0.999558,0.009004,-0.024071,-215.880554,90.145729,82.953575
6,0.050000,-0.015094,0.999556,0.008935,-0.024074,-215.882278,90.145645,82.955132
7,0.058333,-0.015065,0.999555,0.009022,-0.024112,-215.883224,90.145599,82.955978
8,0.066667,-0.015130,0.999554,0.008915,-0.024148,-215.884476,90.145439,82.956161
9,0.075000,-0.015223,0.999552,0.009006,-0.024153,-215.885452,90.146072,82.956627
10,0.083333,-0.015266,0.999551,0.009018,-0.024162,-215.886383,90.145103,82.956223
11,0.091667,-0.015239,0.999552,0.008983,-0.024130,-215.887024,90.145027,82.957481
12,0.100000,-0.015136,0.999555,0.008933,-0.024087,-215.886688,90.145027,82.958076
13,0.108333,-0.014927,0.999556,0.009065,-0.024129,-215.886826,90.145554,82.959457
14,0.116667,-0.014974,0.999556,0.009000,-0.024120,-215.886948,90.145706,82.959503
15,0.125000,-0.014882,0.999558,0.008933,-0.024139,-215.887283,90.145180,82.959709
16,0.133333,-0.014811,0.999560,0.008908,-0.024110,-215.888092,90.145157,82.960548
17,0.141667,-0.014799,0.999560,0.008895,-0.024123,-215.888641,90.146133,82.961540
18,0.150000,-0.014818,0.999558,0.008990,-0.024149,-215.889160,90.146095,82.961639
19,0.158333,-0.014838,0.999557,0.009043,-0.024151,-215.889832,90.145836,82.961098
20,0.166667,-0.015019,0.999557,0.008975,-0.024081,-215.890503,90.146622,82.961617
21,0.175000,-0.015109,0.999555,0.009008,-0.024088,-215.890549,90.146271,82.962051
22,0.183333,-0.014941,0.999555,0.009098,-0.024164,-215.889603,90.144928,82.960846
23,0.191667,-0.015118,0.999555,0.009048,-0.024073,-215.889832,90.144646,82.961555
24,0.200000,-0.015243,0.999554,0.008913,-0.024085,-215.889008,90.145142,82.960884
25,0.208333,-0.015085,0.999556,0.008949,-0.024079,-215.887924,90.144638,82.960732
26,0.216667,-0.015016,0.999558,0.008874,-0.024061,-215.887619,90.145584,82.960907
27,0.225000,-0.014888,0.999560,0.008838,-0.024102,-215.886734,90.145317,82.959351
28,0.233333,-0.014919,0.999559,0.008882,-0.024096,-215.887268,90.146225,82.959656
29,0.241667,-0.014982,0.999559,0.008806,-0.024065,-215.886765,90.147476,82.959480
30,0.250000,-0.014999,0.999560,0.008764,-0.024039,-215.887024,90.149269,82.959824
31,0.258333,-0.015010,0.999562,0.008594,-0.024028,-215.886307,90.147568,82.960434
32,0.266667,-0.014992,0.999561,0.008708,-0.024047,-215.886429,90.147171,82.960564
33,0.275000,-0.015044,0.999558,0.008874,-0.024056,-215.886856,90.146667,82.961700
34,0.283333,-0.014924,0.999557,0.008998,-0.024151,-215.886765,90.145966,82.959763
35,0.291667,-0.014937,0.999556,0.009067,-0.024156,-215.887115,90.147064,82.958710
36,0.300000,-0.014836,0.999556,0.009097,-0.024206,-215.887405,90.146713,82.958099
37,0.308333,-0.014822,0.999558,0.009038,-0.024147,-215.888138,90.146980,82.958595
38,0.316667,-0.014936,0.999559,0.008914,-0.024061,-215.889328,90.145950,82.960548
39,0.325000,-0.015072,0.999557,0.008924,-0.024082,-215.890289,90.145645,82.960365
40,0.333333,-0.015114,0.999556,0.008898,-0.024075,-215.891296,90.145561,82.961182
41,0.341667,-0.015082,0.999557,0.008824,-0.024112,-215.891525,90.144287,82.960960
42,0.350000,-0.015030,0.999555,0.008916,-0.024180,-215.892670,90.145195,82.959816
43,0.358333,-0.014995,0.999555,0.009123,-0.024113,-215.892502,90.145103,82.959244
44,0.366667,-0.015001,0.999556,0.009106,-0.024094,-215.891891,90.144386,82.958893
45,0.375000,-0.015078,0.999554,0.009188,-0.024078,-215.892197,90.144814,82.959778
46,0.383333,-0.015056,0.999554,0.009120,-0.024118,-215.890762,90.145393,82.959137
47,0.391667,-0.014924,0.999554,0.009111,-0.024199,-215.889618,90.145103,82.958893
48,0.400000,-0.014800,0.999558,0.009078,-0.024145,-215.888977,90.146019,82.959557
49,0.408333,-0.014620,0.999562,0.008918,-0.024129,-215.887482,90.147850,82.959816
50,0.416667,-0.014724,0.999564,0.008751,-0.024067,-215.885895,90.148979,82.959854
51,0.425000,-0.015094,0.999565,0.008621,-0.023812,-215.885117,90.150742,82.961494
52,0.433333,-0.015139,0.999562,0.008665,-0.023920,-215.882355,90.149811,82.959877
53,0.441667,-0.014988,0.999558,0.008917,-0.024091,-215.879028,90.146584,82.959694
54,0.450000,-0.014891,0.999557,0.009196,-0.024084,-215.876846,90.144852,82.961899
55,0.458333,-0.015213,0.999556,0.009219,-0.023883,-215.877151,90.150169,82.969406
56,0.466667,-0.015174,0.999558,0.009255,-0.023815,-215.875061,90.155197,82.975594
57,0.475000,-0.014967,0.999564,0.009163,-0.023747,-215.873169,90.158585,82.981834
58,0.483333,-0.014714,0.999564,0.009453,-0.023796,-215.873169,90.161232,82.989372
59,0.491667,-0.014497,0.999568,0.009492,-0.023745,-215.873123,90.162521,82.999123
60,0.500000,-0.014267,0.999568,0.009968,-0.023672,-215.872116,90.163132,83.011772
61,0.508333,-0.014389,0.999552,0.011023,-0.023819,-215.873032,90.163162,83.028603
62,0.516667,-0.014866,0.999534,0.012140,-0.023740,-215.871002,90.161171,83.048309
63,0.525000,-0.015313,0.999512,0.013093,-0.023868,-215.863297,90.158981,83.072403
64,0.533333,-0.015815,0.999489,0.013911,-0.024049,-215.856003,90.158295,83.100388
65,0.541667,-0.014982,0.999488,0.015048,-0.023949,-215.845947,90.149338,83.133522
66,0.550000,-0.014730,0.999474,0.015840,-0.024161,-215.838791,90.144951,83.157967
67,0.558333,-0.014205,0.999464,0.016661,-0.024332,-215.831589,90.141823,83.184616
68,0.566667,-0.013936,0.999457,0.017262,-0.024357,-215.820053,90.141129,83.207390
69,0.575000,-0.013707,0.999451,0.017914,-0.024286,-215.808990,90.143105,83.229935
70,0.583333,-0.013090,0.999458,0.018264,-0.024048,-215.798492,90.141335,83.247803
71,0.591667,-0.012617,0.999460,0.018604,-0.023972,-215.790375,90.141174,83.261314
72,0.600000,-0.012095,0.999465,0.018730,-0.023911,-215.781540,90.142136,83.273636
73,0.608333,-0.011505,0.999470,0.018926,-0.023865,-215.771271,90.142334,83.286072
74,0.616667,-0.011471,0.999462,0.019444,-0.023807,-215.763565,90.143127,83.298874
75,0.625000,-0.011674,0.999457,0.019624,-0.023769,-215.755966,90.145294,83.307373
76,0.633333,-0.011768,0.999451,0.019848,-0.023772,-215.750763,90.145401,83.309334
77,0.641667,-0.011858,0.999449,0.019885,-0.023764,-215.748215,90.146645,83.310783
78,0.650000,-0.011756,0.999455,0.019718,-0.023722,-215.745804,90.144386,83.311592
79,0.658333,-0.011648,0.999449,0.019988,-0.023809,-215.747620,90.146759,83.315163
80,0.666667,-0.011517,0.999456,0.019806,-0.023729,-215.749481,90.148445,83.320129
81,0.675000,-0.011377,0.999454,0.019963,-0.023741,-215.750534,90.149345,83.329254
82,0.683333,-0.011278,0.999447,0.020269,-0.023827,-215.751068,90.151146,83.342522
83,0.691667,-0.011218,0.999438,0.020625,-0.023913,-215.750000,90.154915,83.356308
84,0.700000,-0.011252,0.999429,0.020959,-0.023983,-215.748886,90.157608,83.368591
85,0.708333,-0.011161,0.999424,0.021296,-0.023956,-215.747955,90.158142,83.376282
86,0.716667,-0.011099,0.999417,0.021572,-0.024017,-215.749191,90.158417,83.380692
87,0.725000,-0.011241,0.999416,0.021617,-0.023943,-215.752716,90.157448,83.382172
88,0.733333,-0.011304,0.999410,0.021718,-0.024075,-215.756897,90.157387,83.377388
89,0.741667,-0.011432,0.999414,0.021535,-0.024020,-215.760513,90.154198,83.370712
90,0.750000,-0.011664,0.999424,0.021114,-0.023891,-215.764542,90.151237,83.354324
91,0.758333,-0.012307,0.999426,0.020725,-0.023811,-215.773346,90.147415,83.329704
92,0.766667,-0.012903,0.999430,0.020275,-0.023714,-215.783783,90.139587,83.299438
93,0.775000,-0.013168,0.999440,0.019363,-0.023901,-215.794922,90.138916,83.267059
94,0.783333,-0.013197,0.999436,0.019239,-0.024136,-215.803711,90.144119,83.245827
95,0.791667,-0.013207,0.999431,0.019511,-0.024138,-215.806458,90.148766,83.233238
96,0.800000,-0.013367,0.999420,0.020057,-0.024067,-215.810745,90.159645,83.235161
97,0.808333,-0.013358,0.999400,0.020856,-0.024192,-215.810822,90.184608,83.253136
98,0.816667,-0.013283,0.999375,0.021786,-0.024466,-215.805298,90.222603,83.277962
99,0.825000,-0.012971,0.999358,0.022810,-0.024399,-215.794403,90.276733,83.303040
100,0.833333,-0.013099,0.999357,0.022706,-0.024448,-215.789246,90.329254,83.311974
101,0.841667,-0.013657,0.999356,0.022564,-0.024344,-215.792435,90.381500,83.321747
102,0.850000,-0.014388,0.999331,0.023093,-0.024429,-215.796661,90.438004,83.338455
103,0.858333,-0.014978,0.999318,0.023327,-0.024406,-215.796692,90.489418,83.353165
104,0.866667,-0.014931,0.999321,0.023372,-0.024261,-215.793518,90.536240,83.367058
105,0.875000,-0.014634,0.999328,0.023301,-0.024225,-215.790100,90.587097,83.377281
106,0.883333,-0.014212,0.999346,0.022704,-0.024299,-215.785812,90.645065,83.389824
107,0.891667,-0.013551,0.999366,0.021777,-0.024680,-215.779953,90.700729,83.401039
108,0.900000,-0.012944,0.999388,0.020940,-0.024857,-215.776901,90.754173,83.414017
109,0.908333,-0.012556,0.999414,0.020038,-0.024763,-215.775253,90.805557,83.420677
110,0.916667,-0.012794,0.999417,0.019817,-0.024687,-215.773804,90.858688,83.425049
111,0.925000,-0.013395,0.999409,0.020284,-0.024318,-215.771820,90.906555,83.430473
112,0.933333,-0.013929,0.999387,0.021080,-0.024239,-215.770386,90.962860,83.434418
113,0.941667,-0.014161,0.999378,0.021202,-0.024374,-215.768723,91.025734,83.441772
114,0.950000,-0.013866,0.999391,0.020524,-0.024565,-215.763214,91.085396,83.448479
115,0.958333,-0.013489,0.999422,0.018918,-0.024827,-215.757584,91.147194,83.453194
116,0.966667,-0.013102,0.999460,0.017143,-0.024769,-215.753510,91.209755,83.460808
117,0.975000,-0.012633,0.999486,0.015826,-0.024846,-215.752991,91.273346,83.467819
118,0.983333,-0.012619,0.999501,0.014891,-0.024831,-215.755936,91.335831,83.473953
119,0.991667,-0.013961,0.999507,0.013768,-0.024540,-215.761902,91.405708,83.481522
120,1.000000,-0.014236,0.999513,0.013678,-0.024184,-215.763855,91.463669,83.488945
121,1.008333,-0.014155,0.999514,0.013981,-0.023992,-215.762589,91.508156,83.490303
122,1.016667,-0.013953,0.999505,0.014661,-0.024097,-215.759705,91.549011,83.489433
123,1.025000,-0.013862,0.999488,0.015401,-0.024397,-215.755585,91.585518,83.490562
124,1.033333,-0.013693,0.999472,0.016100,-0.024667,-215.750961,91.631088,83.496124
125,1.041667,-0.013879,0.999473,0.015923,-0.024635,-215.748001,91.678993,83.501068
126,1.050000,-0.014216,0.999479,0.015517,-0.024464,-215.746185,91.727898,83.506287
127,1.058333,-0.014591,0.999483,0.015065,-0.024373,-215.744278,91.777046,83.510544
128,1.066667,-0.014988,0.999481,0.014846,-0.024363,-215.741348,91.828033,83.510712
129,1.075000,-0.014139,0.999502,0.014148,-0.024406,-215.738892,91.889465,83.508598
130,1.083333,-0.013378,0.999510,0.013961,-0.024622,-215.736267,91.948143,83.508698
131,1.091667,-0.013141,0.999510,0.013598,-0.024931,-215.730804,92.006180,83.509926
132,1.100000,-0.013394,0.999506,0.012849,-0.025345,-215.724823,92.064301,83.509598
133,1.108333,-0.013845,0.999508,0.011981,-0.025474,-215.717621,92.121902,83.518257
134,1.116667,-0.014534,0.999511,0.010987,-0.025399,-215.714783,92.182304,83.516502
135,1.125000,-0.014535,0.999525,0.010347,-0.025131,-215.720444,92.242332,83.504280
136,1.133333,-0.013639,0.999547,0.009822,-0.024963,-215.726715,92.304146,83.493271
137,1.141667,-0.012288,0.999574,0.009108,-0.024857,-215.730576,92.360107,83.487389
138,1.150000,-0.011229,0.999591,0.007935,-0.025067,-215.730911,92.409935,83.486763
139,1.158333,-0.010658,0.999602,0.006409,-0.025323,-215.727188,92.457657,83.489502
140,1.166667,-0.010494,0.999613,0.004846,-0.025296,-215.722351,92.504051,83.492477
141,1.175000,-0.010758,0.999622,0.003623,-0.025023,-215.719559,92.549774,83.491974
142,1.183333,-0.010911,0.999630,0.003008,-0.024742,-215.719299,92.589874,83.490639
143,1.191667,-0.011508,0.999628,0.002658,-0.024600,-215.721481,92.630905,83.488014
144,1.200000,-0.012264,0.999618,0.002557,-0.024655,-215.718887,92.672089,83.484108
145,1.208333,-0.013100,0.999602,0.002930,-0.024801,-215.713074,92.710754,83.480499
146,1.216667,-0.013673,0.999584,0.003510,-0.025162,-215.706757,92.745766,83.475670
147,1.225000,-0.013967,0.999570,0.004034,-0.025470,-215.700500,92.781197,83.471588
148,1.233333,-0.014115,0.999560,0.003652,-0.025840,-215.695190,92.818604,83.467659
149,1.241667,-0.013681,0.999560,0.003251,-0.026108,-215.692642,92.853668,83.465408
150,1.250000,-0.013396,0.999566,0.002431,-0.026135,-215.690201,92.889366,83.466194
151,1.258333,-0.012758,0.999576,0.001237,-0.026145,-215.687424,92.928200,83.461449
152,1.266667,-0.012402,0.999577,0.000711,-0.026295,-215.685913,92.961052,83.459785
153,1.275000,-0.012638,0.999573,0.000626,-0.026338,-215.684891,92.990593,83.456573
154,1.283333,-0.013321,0.999564,0.001037,-0.026331,-215.684052,93.021164,83.454819
155,1.291667,-0.014152,0.999557,0.001238,-0.026150,-215.681320,93.049271,83.452782
156,1.300000,-0.014612,0.999551,0.001387,-0.026127,-215.678360,93.077301,83.452316
157,1.308333,-0.014954,0.999548,0.001322,-0.026053,-215.675644,93.105515,83.456726
158,1.316667,-0.015059,0.999546,0.000970,-0.026077,-215.673141,93.129105,83.459000
159,1.325000,-0.014846,0.999549,0.000827,-0.026109,-215.671066,93.149124,83.460732
160,1.333333,-0.014861,0.999547,0.000545,-0.026153,-215.671249,93.170097,83.465294
161,1.341667,-0.014565,0.999550,0.000179,-0.026234,-215.669891,93.190559,83.468925
162,1.350000,-0.013934,0.999558,-0.000200,-0.026254,-215.668365,93.211868,83.472420
163,1.358333,-0.013476,0.999561,-0.000861,-0.026364,-215.667206,93.237076,83.472664
164,1.366667,-0.012922,0.999565,-0.001417,-0.026481,-215.666367,93.266472,83.470398
165,1.375000,-0.012674,0.999565,-0.001988,-0.026554,-215.663666,93.296150,83.466919
166,1.383333,-0.012525,0.999563,-0.002287,-0.026681,-215.658951,93.325409,83.463486
167,1.391667,-0.012444,0.999565,-0.002317,-0.026628,-215.654846,93.354057,83.462074
168,1.400000,-0.012281,0.999568,-0.002578,-0.026597,-215.651276,93.378189,83.459892
169,1.408333,-0.012020,0.999573,-0.002735,-0.026509,-215.649368,93.401802,83.459930
170,1.416667,-0.011613,0.999578,-0.003021,-0.026472,-215.649078,93.421349,83.459862
171,1.425000,-0.011270,0.999582,-0.003307,-0.026405,-215.649414,93.439796,83.458473
172,1.433333,-0.011086,0.999585,-0.003510,-0.026364,-215.649124,93.457603,83.459312
173,1.441667,-0.010926,0.999588,-0.003434,-0.026339,-215.645630,93.477211,83.459534
174,1.450000,-0.011349,0.999578,-0.003712,-0.026497,-215.638733,93.498512,83.466537
175,1.458333,-0.011467,0.999574,-0.003470,-0.026629,-215.636734,93.525391,83.457771
176,1.466667,-0.011369,0.999572,-0.003555,-0.026715,-215.632172,93.551140,83.451286
177,1.475000,-0.011387,0.999569,-0.004033,-0.026757,-215.627716,93.581085,83.449005
178,1.483333,-0.011212,0.999566,-0.004709,-0.026843,-215.621902,93.611160,83.446663
179,1.491667,-0.010820,0.999567,-0.005126,-0.026878,-215.616867,93.635773,83.445641
180,1.500000,-0.010561,0.999569,-0.005140,-0.026893,-215.614838,93.657104,83.445763
181,1.508333,-0.010557,0.999570,-0.005192,-0.026861,-215.614441,93.674309,83.445076
182,1.516667,-0.010869,0.999569,-0.005191,-0.026789,-215.616257,93.690567,83.445274
183,1.525000,-0.011024,0.999569,-0.005284,-0.026681,-215.618561,93.706924,83.446053
184,1.533333,-0.011520,0.999565,-0.005589,-0.026570,-215.621597,93.724083,83.447174
185,1.541667,-0.011783,0.999565,-0.005742,-0.026424,-215.622665,93.738220,83.446953
186,1.550000,-0.011627,0.999566,-0.005744,-0.026437,-215.621994,93.749367,83.447266
187,1.558333,-0.011455,0.999569,-0.005694,-0.026429,-215.618820,93.759476,83.447350
188,1.566667,-0.011279,0.999567,-0.005738,-0.026579,-215.611771,93.771973,83.447197
189,1.575000,-0.011428,0.999560,-0.005740,-0.026774,-215.598587,93.792511,83.446846
190,1.583333,-0.012212,0.999541,-0.005844,-0.027114,-215.579529,93.824478,83.441666
191,1.591667,-0.012849,0.999521,-0.005913,-0.027537,-215.556335,93.867409,83.434303
192,1.600000,-0.013733,0.999486,-0.006565,-0.028206,-215.527985,93.928680,83.420128
193,1.608333,-0.013373,0.999474,-0.008188,-0.028405,-215.506027,94.000816,83.403694
194,1.616667,-0.013561,0.999458,-0.009314,-0.028513,-215.488815,94.068825,83.393631
195,1.625000,-0.013559,0.999447,-0.010123,-0.028617,-215.473770,94.129181,83.386497
196,1.633333,-0.013818,0.999428,-0.011117,-0.028785,-215.463898,94.182091,83.381676
197,1.641667,-0.014228,0.999406,-0.011973,-0.029024,-215.457962,94.229469,83.376205
198,1.650000,-0.014431,0.999393,-0.012487,-0.029131,-215.457626,94.270576,83.375183
199,1.658333,-0.014544,0.999385,-0.013023,-0.029127,-215.461441,94.308479,83.371368
200,1.666667,-0.014298,0.999386,-0.013289,-0.029096,-215.469742,94.341263,83.367714
201,1.675000,-0.014371,0.999384,-0.013082,-0.029214,-215.474579,94.370689,83.360947
202,1.683333,-0.014038,0.999390,-0.012954,-0.029230,-215.475220,94.396973,83.353310
203,1.691667,-0.013787,0.999391,-0.013120,-0.029254,-215.475708,94.418579,83.347054
204,1.700000,-0.013577,0.999391,-0.013466,-0.029184,-215.478424,94.438080,83.344093
205,1.708333,-0.013292,0.999394,-0.013604,-0.029170,-215.483643,94.454422,83.343231
206,1.716667,-0.013024,0.999391,-0.014330,-0.029019,-215.489624,94.470665,83.339645
207,1.725000,-0.012427,0.999390,-0.014933,-0.029015,-215.492935,94.480637,83.338310
208,1.733333,-0.012005,0.999390,-0.015219,-0.029058,-215.494949,94.490089,83.339706
209,1.741667,-0.011924,0.999386,-0.015540,-0.029046,-215.494125,94.496681,83.339455
210,1.750000,-0.011932,0.999385,-0.015667,-0.029030,-215.492767,94.500542,83.338066
211,1.758333,-0.012034,0.999382,-0.015655,-0.029076,-215.492004,94.500099,83.338425
212,1.766667,-0.011951,0.999388,-0.015355,-0.029087,-215.490051,94.495163,83.340286
213,1.775000,-0.012110,0.999393,-0.015123,-0.028954,-215.488083,94.489243,83.341675
214,1.783333,-0.012303,0.999391,-0.014967,-0.029016,-215.485840,94.485489,83.341087
215,1.791667,-0.012488,0.999388,-0.014778,-0.029140,-215.484238,94.484756,83.341568
216,1.800000,-0.012857,0.999382,-0.014874,-0.029138,-215.482498,94.487259,83.341965
217,1.808333,-0.012828,0.999382,-0.014911,-0.029136,-215.480759,94.489464,83.341125
218,1.816667,-0.012696,0.999383,-0.014936,-0.029158,-215.479904,94.490379,83.341888
219,1.825000,-0.012559,0.999384,-0.014965,-0.029160,-215.480133,94.490967,83.341476
220,1.833333,-0.012259,0.999386,-0.015084,-0.029169,-215.479706,94.489342,83.341949
221,1.841667,-0.012123,0.999384,-0.015300,-0.029165,-215.481613,94.488663,83.342438
222,1.850000,-0.012144,0.999381,-0.015393,-0.029208,-215.483444,94.489799,83.341942
223,1.858333,-0.012428,0.999378,-0.015420,-0.029167,-215.486145,94.492393,83.342018
224,1.866667,-0.012459,0.999379,-0.015369,-0.029164,-215.487717,94.493034,83.340416
225,1.875000,-0.012405,0.999381,-0.015398,-0.029111,-215.488892,94.492378,83.340416
226,1.883333,-0.012449,0.999384,-0.015294,-0.029018,-215.490005,94.491600,83.340836
227,1.891667,-0.012314,0.999388,-0.015086,-0.029053,-215.489990,94.489082,83.338974
228,1.900000,-0.012539,0.999389,-0.015011,-0.028976,-215.491013,94.488052,83.340050
229,1.908333,-0.012586,0.999385,-0.014960,-0.029120,-215.489960,94.487671,83.339188
230,1.916667,-0.012621,0.999388,-0.014890,-0.029046,-215.489487,94.488083,83.340607
231,1.925000,-0.012629,0.999388,-0.014860,-0.029041,-215.489288,94.488678,83.340378
232,1.933333,-0.012573,0.999387,-0.014803,-0.029120,-215.487930,94.487396,83.340256
233,1.941667,-0.012559,0.999390,-0.014804,-0.029025,-215.487045,94.486511,83.341171
234,1.950000,-0.012508,0.999388,-0.014839,-0.029120,-215.484879,94.485977,83.341095
235,1.958333,-0.012466,0.999387,-0.014999,-0.029083,-215.484161,94.487038,83.341530
236,1.966667,-0.012561,0.999382,-0.015209,-0.029106,-215.483856,94.489685,83.341393
237,1.975000,-0.012515,0.999379,-0.015217,-0.029225,-215.483566,94.490768,83.340286
238,1.983333,-0.012451,0.999383,-0.015152,-0.029124,-215.484756,94.490639,83.341240
239,1.991667,-0.012322,0.999384,-0.015112,-0.029187,-215.484283,94.489792,83.339508
240,2.000000,-0.012440,0.999385,-0.015117,-0.029097,-215.485519,94.490204,83.339874
241,2.008333,-0.012591,0.999381,-0.015267,-0.029080,-215.485550,94.490829,83.338097
242,2.016667,-0.012641,0.999383,-0.015228,-0.029007,-215.486221,94.491249,83.338493
243,2.025000,-0.012544,0.999383,-0.015183,-0.029071,-215.486603,94.492302,83.337662
244,2.033333,-0.012442,0.999383,-0.015253,-0.029092,-215.486771,94.492661,83.336769
245,2.041667,-0.012413,0.999384,-0.015254,-0.029079,-215.487488,94.491859,83.337555
246,2.050000,-0.012384,0.999384,-0.015271,-0.029080,-215.486877,94.490829,83.337540
247,2.058333,-0.012296,0.999385,-0.015188,-0.029131,-215.486664,94.489235,83.337875
248,2.066667,-0.012271,0.999387,-0.015118,-0.029107,-215.486267,94.488815,83.337387
249,2.075000,-0.012281,0.999385,-0.015011,-0.029203,-215.486221,94.489380,83.337517
250,2.083333,-0.012473,0.999384,-0.015196,-0.029085,-215.486389,94.490570,83.338432
251,2.091667,-0.012594,0.999382,-0.015267,-0.029061,-215.485474,94.490814,83.339951
252,2.100000,-0.012520,0.999383,-0.015168,-0.029086,-215.484970,94.489990,83.341721
253,2.108333,-0.012350,0.999384,-0.015093,-0.029183,-215.484436,94.489853,83.340721
254,2.116667,-0.012243,0.999385,-0.015116,-0.029175,-215.483780,94.489410,83.340546
255,2.125000,-0.012184,0.999386,-0.015087,-0.029185,-215.484482,94.488747,83.340286
256,2.133333,-0.012218,0.999384,-0.015152,-0.029193,-215.485245,94.489960,83.340080
257,2.141667,-0.012338,0.999384,-0.015236,-0.029118,-215.485931,94.489983,83.340950
258,2.150000,-0.012364,0.999383,-0.015252,-0.029126,-215.486557,94.490501,83.340599
259,2.158333,-0.012345,0.999384,-0.015097,-0.029169,-215.487411,94.488953,83.340195
260,2.166667,-0.012370,0.999386,-0.015054,-0.029109,-215.487930,94.487404,83.339157
261,2.175000,-0.012449,0.999385,-0.015026,-0.029148,-215.488815,94.486893,83.338943
262,2.183333,-0.012476,0.999389,-0.014971,-0.029020,-215.489914,94.487526,83.340569
263,2.191667,-0.012491,0.999386,-0.015028,-0.029091,-215.489700,94.488556,83.339294
264,2.200000,-0.012390,0.999385,-0.015026,-0.029160,-215.488678,94.488739,83.339218
265,2.208333,-0.012425,0.999385,-0.015115,-0.029108,-215.488510,94.489601,83.339897
266,2.216667,-0.012386,0.999383,-0.015135,-0.029190,-215.486908,94.488457,83.340683
267,2.225000,-0.012381,0.999383,-0.015145,-0.029179,-215.486328,94.489273,83.341278
268,2.233333,-0.012319,0.999384,-0.015149,-0.029175,-215.485092,94.489273,83.340996
269,2.241667,-0.012439,0.999381,-0.015137,-0.029218,-215.484451,94.489899,83.341415
270,2.250000,-0.012374,0.999385,-0.015008,-0.029193,-215.483002,94.489250,83.342270
271,2.258333,-0.012358,0.999383,-0.015142,-0.029181,-215.481598,94.489845,83.342117
272,2.266667,-0.012382,0.999382,-0.015330,-0.029114,-215.481995,94.489204,83.344185
273,2.275000,-0.012259,0.999379,-0.015415,-0.029227,-215.482040,94.488678,83.342789
274,2.283333,-0.012319,0.999381,-0.015271,-0.029217,-215.483063,94.489174,83.343086
275,2.291667,-0.012401,0.999385,-0.015121,-0.029124,-215.484116,94.489433,83.341797
276,2.300000,-0.012412,0.999385,-0.014977,-0.029173,-215.484909,94.488678,83.340561
277,2.308333,-0.012536,0.999386,-0.015032,-0.029065,-215.485840,94.488998,83.340843
278,2.316667,-0.012383,0.999386,-0.014989,-0.029132,-215.485809,94.488113,83.339569
279,2.325000,-0.012367,0.999387,-0.015016,-0.029093,-215.486954,94.486656,83.340164
280,2.333333,-0.012396,0.999387,-0.015020,-0.029104,-215.487503,94.486275,83.339577
281,2.341667,-0.012499,0.999386,-0.015077,-0.029051,-215.487411,94.486526,83.339371
282,2.350000,-0.012506,0.999386,-0.015013,-0.029086,-215.487335,94.487366,83.338814
283,2.358333,-0.012487,0.999385,-0.014946,-0.029168,-215.486481,94.488853,83.338516
284,2.366667,-0.012541,0.999385,-0.014980,-0.029108,-215.485886,94.489799,83.339523
285,2.375000,-0.012415,0.999386,-0.015059,-0.029081,-215.484589,94.489128,83.340141
286,2.383333,-0.012324,0.999384,-0.015150,-0.029144,-215.483231,94.489120,83.340141
287,2.391667,-0.012266,0.999382,-0.015314,-0.029162,-215.482758,94.489792,83.341286
288,2.400000,-0.012384,0.999378,-0.015423,-0.029203,-215.481903,94.489868,83.341148
289,2.408333,-0.012536,0.999378,-0.015374,-0.029147,-215.481430,94.490967,83.342140
290,2.416667,-0.012549,0.999378,-0.015329,-0.029189,-215.480682,94.491699,83.342003
291,2.425000,-0.012577,0.999382,-0.015199,-0.029093,-215.481384,94.493889,83.344650
292,2.433333,-0.012609,0.999381,-0.015187,-0.029113,-215.481857,94.497719,83.344810
293,2.441667,-0.012674,0.999382,-0.015171,-0.029057,-215.483170,94.502563,83.346924
294,2.450000,-0.012666,0.999379,-0.015284,-0.029104,-215.483887,94.507980,83.348961
295,2.458333,-0.012553,0.999377,-0.015358,-0.029206,-215.483566,94.515411,83.351585
296,2.466667,-0.012656,0.999373,-0.015567,-0.029170,-215.484238,94.524612,83.357956
297,2.475000,-0.012650,0.999369,-0.015720,-0.029242,-215.482574,94.531830,83.364738
298,2.483333,-0.012727,0.999364,-0.015804,-0.029338,-215.480499,94.537674,83.372620
299,2.491667,-0.012811,0.999360,-0.015771,-0.029437,-215.476746,94.542053,83.382454
300,2.500000,-0.012816,0.999354,-0.015764,-0.029648,-215.470749,94.547798,83.392517
301,2.508333,-0.013203,0.999343,-0.016076,-0.029663,-215.467911,94.556877,83.406151
302,2.516667,-0.013196,0.999330,-0.016745,-0.029754,-215.463379,94.562622,83.419456
303,2.525000,-0.012972,0.999322,-0.017153,-0.029876,-215.461731,94.570503,83.436714
304,2.533333,-0.013110,0.999313,-0.017706,-0.029790,-215.458771,94.579208,83.455368
305,2.541667,-0.012970,0.999313,-0.017853,-0.029762,-215.455032,94.585991,83.474701
306,2.550000,-0.012971,0.999313,-0.018212,-0.029550,-215.450760,94.584724,83.495796
307,2.558333,-0.012983,0.999312,-0.018121,-0.029638,-215.447327,94.583153,83.518784
308,2.566667,-0.013058,0.999311,-0.018236,-0.029573,-215.441177,94.577301,83.543732
309,2.575000,-0.013146,0.999308,-0.018338,-0.029560,-215.429657,94.569016,83.571884
310,2.583333,-0.013033,0.999299,-0.018431,-0.029874,-215.414215,94.556541,83.600700
311,2.591667,-0.013209,0.999285,-0.018334,-0.030316,-215.395767,94.538742,83.635796
312,2.600000,-0.012849,0.999281,-0.017787,-0.030929,-215.369492,94.516174,83.673744
313,2.608333,-0.012648,0.999281,-0.017388,-0.031219,-215.339478,94.494507,83.708656
314,2.616667,-0.012362,0.999283,-0.017082,-0.031449,-215.303925,94.466614,83.747932
315,2.625000,-0.012507,0.999277,-0.016517,-0.031867,-215.268585,94.432053,83.790161
316,2.633333,-0.013381,0.999251,-0.015870,-0.032658,-215.224640,94.384819,83.837448
317,2.641667,-0.014859,0.999226,-0.015912,-0.032779,-215.185974,94.340919,83.885674
318,2.650000,-0.014201,0.999234,-0.014800,-0.033329,-215.135529,94.288208,83.946159
319,2.658333,-0.013177,0.999232,-0.013691,-0.034284,-215.089874,94.237663,84.004883
320,2.666667,-0.011885,0.999242,-0.012791,-0.034792,-215.052292,94.182442,84.063034
321,2.675000,-0.011417,0.999246,-0.011510,-0.035267,-215.015381,94.125023,84.121651
322,2.683333,-0.012162,0.999235,-0.011720,-0.035264,-214.970917,94.055351,84.190994
323,2.691667,-0.013032,0.999206,-0.011809,-0.035755,-214.937943,93.993797,84.261665
324,2.700000,-0.012124,0.999229,-0.009817,-0.036026,-214.896057,93.921471,84.335449
325,2.708333,-0.012154,0.999233,-0.007820,-0.036410,-214.852997,93.851265,84.399643
326,2.716667,-0.012191,0.999210,-0.006069,-0.037325,-214.814621,93.786682,84.460258
327,2.725000,-0.011021,0.999198,-0.005278,-0.038140,-214.769653,93.714607,84.528015
328,2.733333,-0.010798,0.999181,-0.004758,-0.038714,-214.732071,93.664146,84.593384
329,2.741667,-0.011267,0.999156,-0.003495,-0.039357,-214.694504,93.624702,84.660461
330,2.750000,-0.012276,0.999127,-0.002463,-0.039847,-214.653442,93.590782,84.726006
331,2.758333,-0.013340,0.999104,-0.002119,-0.040098,-214.609360,93.569527,84.787643
332,2.766667,-0.013634,0.999090,-0.002381,-0.040333,-214.566071,93.554016,84.850410
333,2.775000,-0.013540,0.999062,-0.003571,-0.040978,-214.521820,93.527153,84.912888
334,2.783333,-0.013432,0.999038,-0.004320,-0.041528,-214.478607,93.509918,84.971642
335,2.791667,-0.013421,0.999015,-0.004005,-0.042113,-214.430923,93.501465,85.036766
336,2.800000,-0.013711,0.998978,-0.003855,-0.042902,-214.382309,93.498192,85.097076
337,2.808333,-0.013709,0.998959,-0.004338,-0.043297,-214.334686,93.504738,85.155258
338,2.816667,-0.013779,0.998930,-0.004810,-0.043883,-214.287048,93.521027,85.216972
339,2.825000,-0.013348,0.998898,-0.005802,-0.044628,-214.232086,93.531464,85.282173
340,2.833333,-0.013856,0.998867,-0.006425,-0.045082,-214.183228,93.546471,85.347839
341,2.841667,-0.014762,0.998827,-0.006293,-0.045679,-214.138702,93.565628,85.414421
342,2.850000,-0.015606,0.998767,-0.006172,-0.046710,-214.087341,93.593079,85.484772
343,2.858333,-0.015860,0.998739,-0.007046,-0.047109,-214.029816,93.629074,85.549706
344,2.866667,-0.015474,0.998709,-0.008312,-0.047672,-213.982773,93.665924,85.613640
345,2.875000,-0.016584,0.998639,-0.011530,-0.048087,-213.940552,93.717003,85.686493
346,2.883333,-0.016570,0.998558,-0.014992,-0.048819,-213.885498,93.754341,85.755508
347,2.891667,-0.016368,0.998500,-0.017189,-0.049332,-213.830688,93.798492,85.826637
348,2.900000,-0.016017,0.998453,-0.018706,-0.049852,-213.777664,93.849144,85.887802
349,2.908333,-0.014938,0.998428,-0.019299,-0.050454,-213.721375,93.894539,85.943115
350,2.916667,-0.014904,0.998368,-0.019741,-0.051468,-213.669724,93.945602,86.012520
351,2.925000,-0.015620,0.998322,-0.020581,-0.051832,-213.619156,94.002060,86.066658
352,2.933333,-0.015973,0.998276,-0.021710,-0.052150,-213.573074,94.048790,86.127159
353,2.941667,-0.016182,0.998160,-0.023778,-0.053382,-213.518356,94.083038,86.190887
354,2.950000,-0.015879,0.998053,-0.026414,-0.054234,-213.461517,94.108330,86.252251
355,2.958333,-0.015670,0.997987,-0.028336,-0.054539,-213.404968,94.132721,86.314560
356,2.966667,-0.015720,0.997940,-0.028789,-0.055126,-213.353104,94.157669,86.372040
357,2.975000,-0.016006,0.997876,-0.029216,-0.055986,-213.299820,94.185295,86.423676
358,2.983333,-0.016108,0.997816,-0.030005,-0.056597,-213.239914,94.211075,86.473396
359,2.991667,-0.015398,0.997775,-0.030935,-0.057018,-213.181610,94.231758,86.525734
360,3.000000,-0.014798,0.997692,-0.032312,-0.057869,-213.123444,94.248268,86.579964
361,3.008333,-0.014100,0.997605,-0.033781,-0.058686,-213.069153,94.261398,86.626381
362,3.016667,-0.013256,0.997561,-0.034524,-0.059206,-213.017700,94.270180,86.671188
363,3.025000,-0.013520,0.997519,-0.034755,-0.059710,-212.962250,94.274879,86.717773
364,3.033333,-0.014071,0.997469,-0.034422,-0.060598,-212.896942,94.269089,86.775208
365,3.041667,-0.014496,0.997440,-0.033567,-0.061450,-212.843414,94.260033,86.819389
366,3.050000,-0.014351,0.997403,-0.033376,-0.062193,-212.790726,94.252113,86.864738
367,3.058333,-0.014306,0.997366,-0.033090,-0.062947,-212.734131,94.243309,86.909309
368,3.066667,-0.014141,0.997333,-0.033430,-0.063320,-212.678741,94.225159,86.944618
369,3.075000,-0.014751,0.997289,-0.033434,-0.063874,-212.630386,94.204536,86.982712
370,3.083333,-0.015635,0.997241,-0.033264,-0.064501,-212.573410,94.187492,87.024872
371,3.091667,-0.016435,0.997201,-0.033115,-0.064987,-212.516327,94.174713,87.068604
372,3.100000,-0.016561,0.997168,-0.033141,-0.065450,-212.458633,94.164711,87.108238
373,3.108333,-0.016043,0.997136,-0.033268,-0.066003,-212.409241,94.153008,87.150002
374,3.116667,-0.015712,0.997082,-0.033604,-0.066720,-212.349838,94.118576,87.202904
375,3.125000,-0.015182,0.997076,-0.033107,-0.067176,-212.293167,94.065933,87.239418
376,3.133333,-0.014955,0.997062,-0.031869,-0.068035,-212.240845,94.017807,87.273773
377,3.141667,-0.015300,0.996977,-0.031307,-0.069447,-212.174606,93.987061,87.325523
378,3.150000,-0.015435,0.996913,-0.031560,-0.070214,-212.112167,93.963661,87.363419
379,3.158333,-0.015236,0.996867,-0.031935,-0.070744,-212.049011,93.946251,87.399467
380,3.166667,-0.015483,0.996831,-0.031646,-0.071325,-211.988373,93.929527,87.438469
381,3.175000,-0.016204,0.996783,-0.032164,-0.071601,-211.928680,93.897018,87.466621
382,3.183333,-0.016765,0.996746,-0.032251,-0.071948,-211.869308,93.866058,87.500374
383,3.191667,-0.016482,0.996713,-0.031243,-0.072911,-211.803848,93.839233,87.540054
384,3.200000,-0.016412,0.996659,-0.030501,-0.073971,-211.734848,93.814453,87.584023
385,3.208333,-0.015944,0.996602,-0.030237,-0.074938,-211.671310,93.790855,87.616852
386,3.216667,-0.016172,0.996519,-0.030097,-0.076038,-211.614273,93.774345,87.654984
387,3.225000,-0.016259,0.996467,-0.029963,-0.076750,-211.551743,93.760498,87.686279
388,3.233333,-0.015567,0.996434,-0.030690,-0.077037,-211.487961,93.738403,87.715340
389,3.241667,-0.015114,0.996382,-0.031123,-0.077631,-211.431747,93.720108,87.755310
390,3.250000,-0.015032,0.996240,-0.031700,-0.079213,-211.369141,93.701233,87.818817
391,3.258333,-0.015275,0.996201,-0.031609,-0.079699,-211.310165,93.687943,87.855522
392,3.266667,-0.015984,0.996163,-0.031269,-0.080166,-211.246536,93.669853,87.888733
393,3.275000,-0.016881,0.996092,-0.031178,-0.080893,-211.181122,93.645874,87.925407
394,3.283333,-0.016654,0.996063,-0.030950,-0.081380,-211.117386,93.620720,87.961601
395,3.291667,-0.016054,0.996041,-0.030928,-0.081781,-211.058838,93.605278,87.989197
396,3.300000,-0.015769,0.995976,-0.030891,-0.082632,-211.000229,93.593567,88.017838
397,3.308333,-0.015659,0.995898,-0.031269,-0.083458,-210.925461,93.578217,88.061455
398,3.316667,-0.015317,0.995859,-0.031179,-0.084008,-210.857773,93.565788,88.097054
399,3.325000,-0.015406,0.995806,-0.030391,-0.084904,-210.795135,93.552170,88.132500
400,3.333333,-0.016056,0.995742,-0.029688,-0.085777,-210.734314,93.541458,88.166542
401,3.341667,-0.016974,0.995670,-0.030408,-0.086191,-210.666473,93.529495,88.203255
402,3.350000,-0.016947,0.995590,-0.031580,-0.086695,-210.609146,93.519531,88.234642
403,3.358333,-0.016910,0.995531,-0.032127,-0.087181,-210.549026,93.506653,88.270638
404,3.366667,-0.017130,0.995495,-0.031865,-0.087645,-210.476013,93.491112,88.318214
405,3.375000,-0.016514,0.995456,-0.032083,-0.088120,-210.406372,93.467316,88.354996
406,3.383333,-0.015852,0.995328,-0.032043,-0.089693,-210.340530,93.445244,88.393631
407,3.391667,-0.015546,0.995229,-0.032116,-0.090804,-210.272339,93.424759,88.425934
408,3.400000,-0.015163,0.995155,-0.032421,-0.091568,-210.200241,93.404144,88.458755
409,3.408333,-0.015635,0.995113,-0.032067,-0.092073,-210.132431,93.387672,88.482964
410,3.416667,-0.016703,0.995089,-0.030939,-0.092529,-210.069733,93.375862,88.509224
411,3.425000,-0.017780,0.995021,-0.030533,-0.093192,-210.002274,93.365631,88.550171
412,3.433333,-0.017905,0.994934,-0.030245,-0.094190,-209.933990,93.355255,88.586845
413,3.441667,-0.017609,0.994836,-0.031449,-0.094881,-209.856720,93.334457,88.624405
414,3.450000,-0.016676,0.994747,-0.032374,-0.095665,-209.789322,93.320007,88.652367
415,3.458333,-0.016175,0.994655,-0.032850,-0.096543,-209.724548,93.309860,88.679802
416,3.466667,-0.016300,0.994592,-0.032540,-0.097274,-209.656876,93.300560,88.699989
417,3.475000,-0.016209,0.994511,-0.032533,-0.098119,-209.575943,93.283752,88.744011
418,3.483333,-0.015803,0.994444,-0.032294,-0.098936,-209.508133,93.268745,88.774574
419,3.491667,-0.015627,0.994349,-0.031944,-0.100023,-209.443405,93.248077,88.806381
420,3.500000,-0.015817,0.994293,-0.031455,-0.100709,-209.376907,93.228661,88.839027
421,3.508333,-0.016255,0.994235,-0.031339,-0.101240,-209.308411,93.208000,88.872894
422,3.516667,-0.016237,0.994167,-0.030868,-0.102060,-209.241348,93.191650,88.907745
423,3.525000,-0.016201,0.994073,-0.030871,-0.102975,-209.177689,93.182526,88.928070
424,3.533333,-0.016405,0.993984,-0.031208,-0.103701,-209.106186,93.178902,88.969040
425,3.541667,-0.017148,0.993934,-0.031911,-0.103843,-209.035355,93.167618,89.003113
426,3.550000,-0.017899,0.993824,-0.032113,-0.104704,-208.965225,93.153587,89.039154
427,3.558333,-0.018408,0.993754,-0.031673,-0.105413,-208.896515,93.136909,89.064835
428,3.566667,-0.018850,0.993722,-0.031317,-0.105738,-208.824066,93.116982,89.092323
429,3.575000,-0.018511,0.993637,-0.031253,-0.106608,-208.745331,93.093994,89.125130
430,3.583333,-0.018005,0.993560,-0.030707,-0.107573,-208.679916,93.074425,89.143700
431,3.591667,-0.017748,0.993477,-0.030598,-0.108411,-208.608826,93.057800,89.173027
432,3.600000,-0.017667,0.993410,-0.030607,-0.109032,-208.536911,93.041962,89.198151
433,3.608333,-0.017913,0.993295,-0.030402,-0.110092,-208.461075,93.026161,89.229996
434,3.616667,-0.017330,0.993196,-0.030510,-0.111045,-208.389328,93.011322,89.258080
435,3.625000,-0.017295,0.993075,-0.030091,-0.112237,-208.329010,93.004379,89.286278
436,3.633333,-0.017598,0.992952,-0.029721,-0.113374,-208.262375,92.995544,89.313141
437,3.641667,-0.017976,0.992920,-0.029713,-0.113593,-208.190918,92.980103,89.331093
438,3.650000,-0.018322,0.992866,-0.030089,-0.113916,-208.116669,92.965141,89.352684
439,3.658333,-0.018901,0.992732,-0.030186,-0.114959,-208.044296,92.952255,89.380234
440,3.666667,-0.019183,0.992598,-0.030365,-0.116011,-207.967163,92.939522,89.415497
441,3.675000,-0.018437,0.992543,-0.030664,-0.116526,-207.887985,92.925529,89.440002
442,3.683333,-0.017944,0.992489,-0.030412,-0.117124,-207.816238,92.911369,89.466278
443,3.691667,-0.017726,0.992402,-0.030120,-0.117966,-207.739761,92.892471,89.499390
444,3.700000,-0.018104,0.992336,-0.029839,-0.118539,-207.667358,92.870911,89.513969
445,3.708333,-0.018398,0.992261,-0.029622,-0.119174,-207.595016,92.854286,89.533272
446,3.716667,-0.018574,0.992151,-0.029701,-0.120041,-207.521240,92.844383,89.561638
447,3.725000,-0.018561,0.991983,-0.030620,-0.121193,-207.442825,92.834785,89.603455
448,3.733333,-0.017982,0.991843,-0.031004,-0.122321,-207.372467,92.827057,89.628448
449,3.741667,-0.018033,0.991750,-0.031030,-0.123061,-207.303543,92.815125,89.656120
450,3.750000,-0.018671,0.991706,-0.030579,-0.123433,-207.230515,92.798698,89.684486
451,3.758333,-0.019330,0.991640,-0.029996,-0.124004,-207.159561,92.782494,89.711525
452,3.766667,-0.019510,0.991566,-0.029881,-0.124589,-207.091858,92.766342,89.726624
453,3.775000,-0.018786,0.991507,-0.029689,-0.125215,-207.021927,92.749069,89.745316
454,3.783333,-0.018619,0.991394,-0.029129,-0.126267,-206.941391,92.736343,89.769821
455,3.791667,-0.018837,0.991304,-0.028380,-0.127111,-206.865311,92.723228,89.790138
456,3.800000,-0.019144,0.991206,-0.027330,-0.128048,-206.791824,92.705093,89.813370
457,3.808333,-0.019490,0.991131,-0.026788,-0.128697,-206.712860,92.685509,89.839928
458,3.816667,-0.019633,0.991046,-0.027231,-0.129230,-206.634857,92.677078,89.870102
459,3.825000,-0.019669,0.990947,-0.028298,-0.129757,-206.566071,92.670959,89.885147
460,3.833333,-0.020930,0.990799,-0.028089,-0.130727,-206.493713,92.660431,89.906334
461,3.841667,-0.021691,0.990638,-0.027646,-0.131916,-206.412766,92.652069,89.937454
462,3.850000,-0.023293,0.990541,-0.025824,-0.132735,-206.334824,92.639046,89.957634
463,3.858333,-0.024172,0.990464,-0.024897,-0.133331,-206.258606,92.627922,89.976036
464,3.866667,-0.024077,0.990319,-0.024682,-0.134461,-206.184464,92.620079,89.993454
465,3.875000,-0.023357,0.990209,-0.025300,-0.135276,-206.102890,92.609787,90.009132
466,3.883333,-0.022936,0.990109,-0.025780,-0.135992,-206.028580,92.594742,90.028038
467,3.891667,-0.021295,0.989965,-0.026902,-0.137081,-205.950668,92.563362,90.051353
468,3.900000,-0.020231,0.989778,-0.028089,-0.138349,-205.867340,92.539566,90.083099
469,3.908333,-0.019696,0.989676,-0.028796,-0.139014,-205.789093,92.528114,90.104698
470,3.916667,-0.020746,0.989522,-0.027272,-0.140258,-205.708313,92.512062,90.130569
471,3.925000,-0.021187,0.989385,-0.026945,-0.141219,-205.632431,92.503777,90.151421
472,3.933333,-0.022034,0.989308,-0.026606,-0.141694,-205.554489,92.490265,90.171577
473,3.941667,-0.023176,0.989242,-0.026676,-0.141958,-205.474167,92.475716,90.192917
474,3.950000,-0.023803,0.989107,-0.027003,-0.142726,-205.396729,92.466164,90.215248
475,3.958333,-0.024096,0.988950,-0.027178,-0.143730,-205.322906,92.455307,90.230057
476,3.966667,-0.024207,0.988854,-0.027330,-0.144345,-205.246490,92.444023,90.239815
477,3.975000,-0.023837,0.988768,-0.027265,-0.145006,-205.158234,92.432144,90.255020
478,3.983333,-0.023634,0.988611,-0.027813,-0.146003,-205.076416,92.419014,90.276070
479,3.991667,-0.022954,0.988461,-0.028354,-0.147014,-205.004425,92.413391,90.295525
480,4.000000,-0.021690,0.988363,-0.028051,-0.147922,-204.924149,92.400787,90.316162
481,4.008333,-0.021506,0.988205,-0.027061,-0.149187,-204.845673,92.379913,90.338013
482,4.016667,-0.021115,0.988060,-0.027457,-0.150128,-204.761719,92.359116,90.359795
483,4.025000,-0.021768,0.987922,-0.027213,-0.150985,-204.679153,92.341476,90.374199
484,4.033333,-0.022483,0.987882,-0.026718,-0.151225,-204.603455,92.328453,90.386841
485,4.041667,-0.023230,0.987837,-0.026284,-0.151481,-204.527252,92.321358,90.404633
486,4.050000,-0.023759,0.987780,-0.026567,-0.151724,-204.442841,92.312347,90.423004
487,4.058333,-0.023441,0.987685,-0.027178,-0.152283,-204.359360,92.302956,90.442047
488,4.066667,-0.023419,0.987477,-0.027764,-0.153522,-204.281906,92.302605,90.462631
489,4.075000,-0.023242,0.987237,-0.028254,-0.154998,-204.209213,92.300697,90.479279
490,4.083333,-0.023071,0.987062,-0.028092,-0.156167,-204.126862,92.287621,90.494476
491,4.091667,-0.023710,0.986976,-0.026942,-0.156811,-204.045105,92.269180,90.511185
492,4.100000,-0.023820,0.986905,-0.025751,-0.157441,-203.962997,92.251785,90.524521
493,4.108333,-0.023301,0.986803,-0.025367,-0.158218,-203.884415,92.238655,90.536919
494,4.116667,-0.023369,0.986708,-0.025440,-0.158791,-203.796860,92.220528,90.549225
495,4.125000,-0.023441,0.986563,-0.025848,-0.159610,-203.710220,92.202118,90.568512
496,4.133333,-0.023286,0.986420,-0.027047,-0.160318,-203.627304,92.181679,90.596451
497,4.141667,-0.023811,0.986251,-0.026336,-0.161394,-203.561859,92.179367,90.608421
498,4.150000,-0.023926,0.986150,-0.025413,-0.162139,-203.490494,92.182465,90.612633
499,4.158333,-0.023955,0.986007,-0.025327,-0.163021,-203.407547,92.178833,90.618996
500,4.166667,-0.023103,0.985892,-0.025094,-0.163874,-203.322174,92.174133,90.621521
501,4.175000,-0.023643,0.985695,-0.024125,-0.165119,-203.240326,92.154243,90.620399
502,4.183333,-0.023923,0.985647,-0.023283,-0.165487,-203.162720,92.138885,90.617584
503,4.191667,-0.024939,0.985517,-0.023008,-0.166148,-203.090500,92.120110,90.629570
504,4.200000,-0.025609,0.985326,-0.024524,-0.166962,-203.015228,92.101044,90.653328
505,4.208333,-0.025948,0.985087,-0.025866,-0.168110,-202.935272,92.081848,90.672157
506,4.216667,-0.025277,0.985002,-0.026226,-0.168653,-202.863663,92.072502,90.683846
507,4.225000,-0.025000,0.984915,-0.026757,-0.169118,-202.792542,92.065758,90.680260
508,4.233333,-0.024187,0.984817,-0.027302,-0.169723,-202.721817,92.053078,90.672340
509,4.241667,-0.023337,0.984748,-0.027130,-0.170267,-202.657486,92.046684,90.654587
510,4.250000,-0.022933,0.984597,-0.026965,-0.171221,-202.597763,92.045235,90.640053
511,4.258333,-0.022578,0.984424,-0.027278,-0.172210,-202.542023,92.044296,90.635971
512,4.266667,-0.022500,0.984275,-0.027533,-0.173025,-202.480621,92.045677,90.635452
513,4.275000,-0.022744,0.984164,-0.028206,-0.173519,-202.425430,92.045860,90.636406
514,4.283333,-0.022604,0.984080,-0.029044,-0.173872,-202.366608,92.043419,90.630272
515,4.291667,-0.022221,0.984003,-0.029524,-0.174280,-202.305786,92.038879,90.621803
516,4.300000,-0.022017,0.983884,-0.029707,-0.174942,-202.248459,92.028847,90.613220
517,4.308333,-0.021604,0.983777,-0.029749,-0.175589,-202.195740,92.021111,90.605370
518,4.316667,-0.021517,0.983678,-0.029758,-0.176154,-202.143402,92.011627,90.597412
519,4.325000,-0.022456,0.983458,-0.028194,-0.177514,-202.092148,91.988907,90.594574
520,4.333333,-0.022848,0.983324,-0.027648,-0.178291,-202.048141,91.969597,90.590942
521,4.341667,-0.022852,0.983201,-0.027472,-0.178995,-202.001450,91.945633,90.578606
522,4.350000,-0.023394,0.983122,-0.027099,-0.179413,-201.952271,91.917206,90.565804
523,4.358333,-0.023957,0.983113,-0.026993,-0.179406,-201.900772,91.886383,90.552841
524,4.366667,-0.024620,0.983060,-0.026788,-0.179639,-201.853394,91.857430,90.537186
525,4.375000,-0.024868,0.983033,-0.026815,-0.179747,-201.811646,91.831551,90.522758
526,4.383333,-0.024946,0.982992,-0.026625,-0.179990,-201.771255,91.807564,90.512100
527,4.391667,-0.023849,0.982950,-0.026386,-0.180399,-201.725769,91.775543,90.502998
528,4.400000,-0.022741,0.982844,-0.026241,-0.181140,-201.683990,91.742294,90.495888
529,4.408333,-0.022027,0.982693,-0.025977,-0.182086,-201.638077,91.710304,90.486298
530,4.416667,-0.021269,0.982577,-0.026252,-0.182761,-201.591949,91.680260,90.470245
531,4.425000,-0.021640,0.982401,-0.024992,-0.183836,-201.543350,91.646645,90.455040
532,4.433333,-0.021594,0.982305,-0.024512,-0.184417,-201.500839,91.615807,90.438499
533,4.441667,-0.021719,0.982245,-0.024005,-0.184791,-201.465515,91.584290,90.425041
534,4.450000,-0.022031,0.982169,-0.022973,-0.185285,-201.427933,91.541794,90.414635
535,4.458333,-0.022507,0.982105,-0.021933,-0.185691,-201.388626,91.502792,90.408531
536,4.466667,-0.023378,0.982062,-0.020991,-0.185920,-201.343231,91.462387,90.401489
537,4.475000,-0.024077,0.982037,-0.020843,-0.185979,-201.295822,91.422531,90.401764
538,4.483333,-0.023823,0.982047,-0.020841,-0.185961,-201.246017,91.379448,90.396835
539,4.491667,-0.022372,0.982009,-0.021424,-0.186274,-201.195770,91.334938,90.390266
540,4.500000,-0.022089,0.981863,-0.019974,-0.187240,-201.146790,91.280731,90.387856
541,4.508333,-0.022184,0.981685,-0.018734,-0.188285,-201.101089,91.227516,90.383812
542,4.516667,-0.022180,0.981510,-0.017752,-0.189290,-201.056747,91.183327,90.382362
543,4.525000,-0.021916,0.981344,-0.016774,-0.190268,-201.009155,91.143463,90.381195
544,4.533333,-0.021412,0.981272,-0.016440,-0.190728,-200.962418,91.112595,90.376793
545,4.541667,-0.021739,0.981234,-0.015694,-0.190945,-200.915100,91.086136,90.374245
546,4.550000,-0.022706,0.981237,-0.015184,-0.190860,-200.865250,91.061707,90.371971
547,4.558333,-0.023640,0.981270,-0.015053,-0.190587,-200.820618,91.042885,90.369293
548,4.566667,-0.023889,0.981197,-0.015180,-0.190920,-200.772858,91.033783,90.366920
549,4.575000,-0.023702,0.981093,-0.015084,-0.191487,-200.724365,91.028992,90.369003
550,4.583333,-0.022673,0.981048,-0.014625,-0.191875,-200.674225,91.022926,90.371658
551,4.591667,-0.021819,0.980961,-0.014648,-0.192417,-200.625916,91.017868,90.371185
552,4.600000,-0.021803,0.980822,-0.014038,-0.193173,-200.576920,91.012085,90.376129
553,4.608333,-0.021594,0.980681,-0.014360,-0.193888,-200.530746,91.011749,90.382065
554,4.616667,-0.021382,0.980576,-0.014939,-0.194397,-200.482864,91.016373,90.387627
555,4.625000,-0.021419,0.980472,-0.015489,-0.194873,-200.427551,91.026016,90.390411
556,4.633333,-0.021591,0.980370,-0.015334,-0.195381,-200.372955,91.035446,90.392807
557,4.641667,-0.021868,0.980287,-0.015263,-0.195771,-200.320618,91.051826,90.397301
558,4.650000,-0.022077,0.980151,-0.015379,-0.196418,-200.267609,91.070793,90.396370
559,4.658333,-0.022085,0.980047,-0.015378,-0.196937,-200.217010,91.092552,90.398567
560,4.666667,-0.022414,0.979937,-0.015847,-0.197409,-200.166458,91.110229,90.399734
561,4.675000,-0.022633,0.979814,-0.016542,-0.197934,-200.114349,91.123154,90.401779
562,4.683333,-0.022568,0.979700,-0.017156,-0.198454,-200.062134,91.132790,90.405777
563,4.691667,-0.022643,0.979543,-0.017515,-0.199187,-200.012878,91.138245,90.406487
564,4.700000,-0.022764,0.979455,-0.017789,-0.199581,-199.963684,91.138824,90.409454
565,4.708333,-0.023018,0.979391,-0.017830,-0.199863,-199.914520,91.140846,90.408142
566,4.716667,-0.023281,0.979263,-0.017493,-0.200488,-199.862152,91.141052,90.408905
567,4.725000,-0.023457,0.979139,-0.016864,-0.201127,-199.808105,91.142822,90.412048
568,4.733333,-0.023343,0.979064,-0.016943,-0.201500,-199.755554,91.143127,90.413528
569,4.741667,-0.022827,0.978985,-0.017386,-0.201903,-199.708145,91.141685,90.416206
570,4.750000,-0.022728,0.978865,-0.017671,-0.202469,-199.659866,91.138580,90.417084
571,4.758333,-0.022777,0.978740,-0.017846,-0.203054,-199.612305,91.131500,90.417015
572,4.766667,-0.022866,0.978619,-0.017882,-0.203623,-199.566025,91.121391,90.414276
573,4.775000,-0.022833,0.978508,-0.017695,-0.204174,-199.520584,91.110352,90.410980
574,4.783333,-0.022856,0.978412,-0.017721,-0.204628,-199.477081,91.101280,90.405449
575,4.791667,-0.022818,0.978322,-0.017753,-0.205063,-199.429459,91.093079,90.401024
576,4.800000,-0.022392,0.978202,-0.018335,-0.205629,-199.380844,91.091484,90.398201
577,4.808333,-0.021691,0.978067,-0.018886,-0.206294,-199.331696,91.092125,90.394348
578,4.816667,-0.021273,0.977955,-0.019162,-0.206845,-199.286789,91.092041,90.393623
579,4.825000,-0.021207,0.977885,-0.019407,-0.207160,-199.245392,91.090866,90.393867
580,4.833333,-0.021319,0.977823,-0.019454,-0.207435,-199.204147,91.085846,90.391426
581,4.841667,-0.021673,0.977745,-0.019160,-0.207791,-199.160477,91.075409,90.391830
582,4.850000,-0.023238,0.977610,-0.017767,-0.208383,-199.115280,91.054634,90.392151
583,4.858333,-0.023956,0.977548,-0.017285,-0.208632,-199.074509,91.038872,90.385483
584,4.866667,-0.024405,0.977489,-0.017213,-0.208861,-199.037933,91.026505,90.374245
585,4.875000,-0.024768,0.977408,-0.017236,-0.209198,-199.000351,91.012054,90.360657
586,4.883333,-0.024884,0.977330,-0.017489,-0.209525,-198.962753,90.998100,90.347801
587,4.891667,-0.023644,0.977274,-0.018086,-0.209881,-198.920029,90.981461,90.335831
588,4.900000,-0.023248,0.977133,-0.017862,-0.210597,-198.878983,90.963989,90.325478
589,4.908333,-0.022843,0.977011,-0.017596,-0.211231,-198.839371,90.948196,90.319160
590,4.916667,-0.022664,0.976872,-0.017359,-0.211910,-198.806381,90.937195,90.313164
591,4.925000,-0.022730,0.976734,-0.017167,-0.212553,-198.776672,90.933067,90.304901
592,4.933333,-0.022449,0.976592,-0.016962,-0.213254,-198.747833,90.931671,90.297165
593,4.941667,-0.022272,0.976456,-0.016903,-0.213895,-198.722549,90.931137,90.289650
594,4.950000,-0.021919,0.976379,-0.017219,-0.214258,-198.701492,90.931580,90.278366
595,4.958333,-0.021871,0.976362,-0.016793,-0.214377,-198.685760,90.926567,90.272194
596,4.966667,-0.022109,0.976352,-0.016520,-0.214418,-198.673050,90.917816,90.269585
597,4.975000,-0.022162,0.976373,-0.016398,-0.214326,-198.660431,90.899757,90.268135
598,4.983333,-0.021968,0.976425,-0.016308,-0.214115,-198.647095,90.875893,90.270622
599,4.991667,-0.021592,0.976496,-0.016052,-0.213850,-198.627838,90.845367,90.271988
600,5.000000,-0.021243,0.976567,-0.016045,-0.213560,-198.603775,90.810829,90.272675
601,5.008333,-0.021239,0.976594,-0.015969,-0.213443,-198.574158,90.780052,90.271790
602,5.016667,-0.021616,0.976597,-0.015740,-0.213407,-198.540573,90.757271,90.264221
603,5.025000,-0.023354,0.976499,-0.014034,-0.213794,-198.503616,90.732071,90.251198
604,5.033333,-0.024025,0.976387,-0.013321,-0.214277,-198.462967,90.712532,90.233650
605,5.041667,-0.023708,0.976170,-0.012883,-0.215321,-198.411148,90.688286,90.214310
606,5.050000,-0.023300,0.975968,-0.012976,-0.216275,-198.353409,90.656532,90.192802
607,5.058333,-0.023539,0.975852,-0.013038,-0.216771,-198.285690,90.607101,90.167961
608,5.066667,-0.023084,0.975720,-0.012619,-0.217436,-198.211029,90.547836,90.143951
609,5.075000,-0.021779,0.975431,-0.011870,-0.218905,-198.134842,90.494057,90.112045
610,5.083333,-0.020809,0.975211,-0.011641,-0.219990,-198.059677,90.442894,90.077606
611,5.091667,-0.021156,0.975034,-0.010914,-0.220774,-197.977097,90.393181,90.033981
612,5.100000,-0.021648,0.974817,-0.008900,-0.221774,-197.881348,90.356049,89.987030
613,5.108333,-0.020693,0.974582,-0.008217,-0.222920,-197.803680,90.348892,89.951889
614,5.116667,-0.021690,0.974265,-0.008188,-0.224210,-197.708237,90.338898,89.905365
615,5.125000,-0.022655,0.973977,-0.008830,-0.225340,-197.605835,90.324043,89.854828
616,5.133333,-0.022211,0.973725,-0.008549,-0.226480,-197.516815,90.318314,89.810638
617,5.141667,-0.021614,0.973466,-0.007185,-0.227697,-197.429001,90.320694,89.768150
618,5.150000,-0.022064,0.973377,-0.007685,-0.228016,-197.342148,90.324326,89.723053
619,5.158333,-0.022826,0.973196,-0.009020,-0.228665,-197.258942,90.330795,89.682892
620,5.166667,-0.023069,0.972847,-0.009349,-0.230106,-197.186203,90.346695,89.650734
621,5.175000,-0.022919,0.972486,-0.008924,-0.231660,-197.115570,90.355804,89.621712
622,5.183333,-0.022570,0.972253,-0.009086,-0.232662,-197.040817,90.354439,89.589622
623,5.191667,-0.021928,0.972117,-0.009491,-0.233278,-196.977478,90.347710,89.563797
624,5.200000,-0.021705,0.971990,-0.009928,-0.233808,-196.921127,90.337814,89.540710
625,5.208333,-0.021828,0.971897,-0.010093,-0.234173,-196.877991,90.334007,89.520668
626,5.216667,-0.022079,0.971770,-0.009897,-0.234686,-196.842529,90.337547,89.502731
627,5.225000,-0.022371,0.971621,-0.009521,-0.235290,-196.813065,90.345428,89.487167
628,5.233333,-0.022642,0.971507,-0.009314,-0.235744,-196.786682,90.350815,89.474281
629,5.241667,-0.022801,0.971402,-0.009376,-0.236156,-196.765060,90.357498,89.463409
630,5.250000,-0.022744,0.971294,-0.009436,-0.236603,-196.746582,90.359642,89.457611
631,5.258333,-0.022444,0.971179,-0.009689,-0.237095,-196.732971,90.358994,89.454773
632,5.266667,-0.022146,0.971113,-0.009842,-0.237385,-196.731491,90.354408,89.458015
633,5.275000,-0.021983,0.971115,-0.009812,-0.237395,-196.738037,90.350586,89.460617
634,5.283333,-0.021954,0.971162,-0.009765,-0.237206,-196.749268,90.349319,89.464119
635,5.291667,-0.022111,0.971229,-0.009819,-0.236917,-196.765320,90.352470,89.468803
636,5.300000,-0.022028,0.971293,-0.010097,-0.236648,-196.780075,90.356918,89.472755
637,5.308333,-0.021676,0.971437,-0.010227,-0.236084,-196.797791,90.357666,89.481911
638,5.316667,-0.021622,0.971518,-0.010396,-0.235748,-196.816467,90.357170,89.489105
639,5.325000,-0.021519,0.971646,-0.010405,-0.235227,-196.834152,90.351913,89.496574
640,5.333333,-0.021357,0.971784,-0.010267,-0.234678,-196.848938,90.346123,89.503227
641,5.341667,-0.021197,0.971939,-0.010043,-0.234061,-196.864288,90.338852,89.508728
642,5.350000,-0.021239,0.972015,-0.009841,-0.233751,-196.875595,90.334846,89.511246
643,5.358333,-0.021312,0.972063,-0.009860,-0.233542,-196.882141,90.331184,89.511696
644,5.366667,-0.021197,0.972072,-0.010035,-0.233510,-196.881546,90.333504,89.508430
645,5.375000,-0.021044,0.972043,-0.010510,-0.233620,-196.870651,90.335350,89.501259
646,5.383333,-0.020713,0.971974,-0.010781,-0.233925,-196.858704,90.337303,89.492409
647,5.391667,-0.020397,0.971909,-0.011490,-0.234190,-196.845398,90.332993,89.480583
648,5.400000,-0.020037,0.971723,-0.012535,-0.234938,-196.833496,90.316513,89.460464
649,5.408333,-0.019658,0.971525,-0.014617,-0.235666,-196.823013,90.266731,89.432297
650,5.416667,-0.018982,0.971438,-0.016649,-0.235947,-196.817184,90.180794,89.402420
651,5.425000,-0.017952,0.971435,-0.017264,-0.235996,-196.819275,90.114365,89.372108
652,5.433333,-0.017804,0.971498,-0.016038,-0.235834,-196.828766,90.105736,89.369522
653,5.441667,-0.018012,0.971270,-0.014652,-0.236846,-196.835464,90.106384,89.389420
654,5.450000,-0.018805,0.971226,-0.014607,-0.236966,-196.836304,90.100540,89.404503
655,5.458333,-0.019203,0.971088,-0.014011,-0.237536,-196.840485,90.099098,89.439102
656,5.466667,-0.019681,0.971132,-0.013233,-0.237362,-196.837479,90.100395,89.476471
657,5.475000,-0.019753,0.971237,-0.012138,-0.236984,-196.825104,90.102356,89.510933
658,5.483333,-0.019600,0.971310,-0.010925,-0.236758,-196.810043,90.104698,89.544693
659,5.491667,-0.019486,0.971330,-0.008869,-0.236771,-196.795776,90.099098,89.585945
660,5.500000,-0.019007,0.971322,-0.006937,-0.236906,-196.777893,90.094505,89.632103
661,5.508333,-0.018765,0.971401,-0.004675,-0.236656,-196.756119,90.085999,89.684860
662,5.516667,-0.018413,0.971442,-0.001821,-0.236557,-196.736603,90.080978,89.749405
663,5.525000,-0.017821,0.971454,0.001168,-0.236555,-196.713074,90.082253,89.817635
664,5.533333,-0.017225,0.971409,0.003271,-0.236765,-196.682968,90.084015,89.894341
665,5.541667,-0.016573,0.971263,0.005269,-0.237372,-196.633041,90.090630,89.994270
666,5.550000,-0.014527,0.971277,0.008155,-0.237370,-196.572052,90.094910,90.082199
667,5.558333,-0.013447,0.971121,0.011203,-0.237945,-196.506088,90.094765,90.151199
668,5.566667,-0.012209,0.971055,0.012909,-0.238195,-196.438309,90.091148,90.208611
669,5.575000,-0.011218,0.971048,0.014256,-0.238196,-196.368271,90.088768,90.252525
670,5.583333,-0.010085,0.970965,0.015819,-0.238485,-196.301239,90.101662,90.278503
671,5.591667,-0.008847,0.970800,0.016874,-0.239132,-196.253052,90.113785,90.299019
672,5.600000,-0.007804,0.970583,0.017407,-0.240009,-196.223862,90.120514,90.312424
673,5.608333,-0.007070,0.970377,0.017575,-0.240853,-196.212952,90.121605,90.322113
674,5.616667,-0.006892,0.970161,0.017387,-0.241737,-196.224854,90.120529,90.330162
675,5.625000,-0.007106,0.969903,0.017294,-0.242775,-196.251678,90.116508,90.339821
676,5.633333,-0.007945,0.969704,0.016990,-0.243564,-196.296661,90.111389,90.345306
677,5.641667,-0.009450,0.969572,0.016072,-0.244094,-196.348877,90.109047,90.332153
678,5.650000,-0.011310,0.969500,0.013827,-0.244438,-196.401138,90.101036,90.299507
679,5.658333,-0.012117,0.969510,0.011210,-0.244495,-196.447739,90.101265,90.244461
680,5.666667,-0.013063,0.969463,0.009253,-0.244715,-196.491867,90.098480,90.177597
681,5.675000,-0.014192,0.969340,0.007066,-0.245213,-196.529800,90.093941,90.105919
682,5.683333,-0.014730,0.969287,0.002540,-0.245476,-196.570007,90.101509,90.020134
683,5.691667,-0.014898,0.969009,0.000694,-0.246575,-196.613724,90.104240,89.962479
684,5.700000,-0.015110,0.968961,-0.000491,-0.246753,-196.651581,90.103531,89.905785
685,5.708333,-0.015630,0.968862,-0.000882,-0.247106,-196.691376,90.101341,89.869446
686,5.716667,-0.016753,0.968799,-0.001548,-0.247275,-196.731125,90.095993,89.851616
687,5.725000,-0.017886,0.968759,-0.002097,-0.247350,-196.771210,90.091064,89.842995
688,5.733333,-0.018733,0.968829,-0.001984,-0.247012,-196.803955,90.085495,89.842445
689,5.741667,-0.019770,0.968934,-0.001293,-0.246524,-196.825378,90.082169,89.849182
690,5.750000,-0.020225,0.969031,-0.000556,-0.246109,-196.830933,90.079460,89.864105
691,5.758333,-0.020102,0.969111,0.000447,-0.245806,-196.816025,90.078094,89.891335
692,5.766667,-0.019698,0.969211,0.000765,-0.245441,-196.789795,90.073425,89.923409
693,5.775000,-0.018581,0.969348,0.001681,-0.244983,-196.754196,90.071960,89.958351
694,5.783333,-0.017530,0.969282,0.002475,-0.245314,-196.703201,90.075912,89.996758
695,5.791667,-0.016235,0.969214,0.003484,-0.245659,-196.640930,90.082397,90.032059
696,5.800000,-0.014712,0.969211,0.006640,-0.245704,-196.558029,90.080475,90.067497
697,5.808333,-0.012153,0.969203,0.008118,-0.245830,-196.474197,90.083000,90.084114
698,5.816667,-0.009484,0.968949,0.009447,-0.246898,-196.408386,90.094849,90.098770
699,5.825000,-0.007673,0.968713,0.009488,-0.247885,-196.358887,90.098083,90.101883
700,5.833333,-0.006347,0.968509,0.008454,-0.248755,-196.318359,90.095474,90.095482
701,5.841667,-0.005136,0.968277,0.007736,-0.249707,-196.292801,90.097603,90.085846
702,5.850000,-0.004397,0.968076,0.007189,-0.250516,-196.283264,90.098244,90.070007
703,5.858333,-0.004158,0.967916,0.006401,-0.251158,-196.290894,90.097435,90.047287
704,5.866667,-0.004441,0.967782,0.005449,-0.251692,-196.315720,90.095955,90.017334
705,5.875000,-0.004943,0.967687,0.003564,-0.252081,-196.354919,90.097427,89.985222
706,5.883333,-0.006198,0.967531,0.003027,-0.252660,-196.401123,90.096863,89.965157
707,5.891667,-0.007973,0.967450,0.002818,-0.252922,-196.446198,90.092628,89.963417
708,5.900000,-0.009432,0.967539,0.002195,-0.252535,-196.491119,90.099083,89.983437
709,5.908333,-0.012913,0.967482,0.003030,-0.252590,-196.528061,90.094727,90.014725
710,5.916667,-0.015482,0.967518,0.004618,-0.252285,-196.572601,90.083534,90.067932
711,5.925000,-0.017101,0.967433,0.007019,-0.252452,-196.617279,90.084717,90.122787
712,5.933333,-0.018005,0.967435,0.007757,-0.252361,-196.660583,90.086792,90.167213
713,5.941667,-0.019224,0.967315,0.008293,-0.252712,-196.694962,90.089508,90.192696
714,5.950000,-0.019922,0.967145,0.008088,-0.253314,-196.723694,90.090714,90.205917
715,5.958333,-0.020199,0.966951,0.007351,-0.254056,-196.744339,90.093811,90.204529
716,5.966667,-0.020208,0.966765,0.007121,-0.254767,-196.757462,90.093925,90.202820
717,5.975000,-0.019831,0.966595,0.006991,-0.255446,-196.762054,90.092484,90.198914
718,5.983333,-0.019390,0.966474,0.006985,-0.255937,-196.755844,90.090614,90.190529
719,5.991667,-0.018828,0.966413,0.006754,-0.256216,-196.740005,90.087494,90.180931
720,6.000000,-0.018343,0.966374,0.006706,-0.256399,-196.717636,90.085205,90.170250
721,6.008333,-0.017967,0.966280,0.007128,-0.256765,-196.679794,90.078224,90.152672
722,6.016667,-0.016363,0.966257,0.008422,-0.256924,-196.635300,90.089249,90.126801
723,6.025000,-0.015536,0.966142,0.007122,-0.257444,-196.582474,90.082016,90.099304
724,6.033333,-0.013681,0.966130,0.006751,-0.257605,-196.526489,90.083405,90.065422
725,6.041667,-0.011441,0.966113,0.007075,-0.257769,-196.471542,90.085548,90.043686
726,6.050000,-0.008901,0.966051,0.007798,-0.258079,-196.416626,90.082932,90.037148
727,6.058333,-0.006814,0.965995,0.008087,-0.258345,-196.374496,90.081337,90.034760
728,6.066667,-0.005566,0.965960,0.007478,-0.258525,-196.348602,90.084099,90.028511
729,6.075000,-0.005096,0.965895,0.006534,-0.258803,-196.338242,90.086891,90.018318
730,6.083333,-0.005393,0.965825,0.005457,-0.259081,-196.343689,90.089813,90.003662
731,6.091667,-0.006050,0.965794,0.004469,-0.259203,-196.369049,90.090942,89.987732
732,6.100000,-0.006868,0.965793,0.004552,-0.259182,-196.394806,90.086914,89.988098
733,6.108333,-0.007624,0.965806,0.005304,-0.259101,-196.417969,90.082588,89.999405
734,6.116667,-0.008682,0.965832,0.006716,-0.258937,-196.441406,90.077972,90.027199
735,6.125000,-0.009798,0.965935,0.008309,-0.258467,-196.464325,90.074417,90.075165
736,6.133333,-0.011418,0.965939,0.009511,-0.258342,-196.496613,90.077599,90.134720
737,6.141667,-0.013518,0.966028,0.009549,-0.257908,-196.531540,90.087433,90.176384
738,6.150000,-0.015214,0.966049,0.008999,-0.257754,-196.561508,90.093933,90.195419
739,6.158333,-0.016096,0.966055,0.008558,-0.257691,-196.588593,90.093773,90.202339
740,6.166667,-0.016638,0.966024,0.007833,-0.257797,-196.613358,90.091866,90.194336
741,6.175000,-0.017030,0.965945,0.006824,-0.258096,-196.636993,90.086121,90.171585
742,6.183333,-0.016734,0.965903,0.005429,-0.258304,-196.657700,90.080978,90.136368
743,6.191667,-0.015588,0.965929,0.005449,-0.258281,-196.670929,90.091774,90.092537
744,6.200000,-0.015858,0.965904,0.003875,-0.258386,-196.673920,90.082077,90.067825
745,6.208333,-0.015103,0.966007,0.005112,-0.258023,-196.687042,90.093590,90.052773
746,6.216667,-0.016122,0.966055,0.004760,-0.257790,-196.692337,90.081467,90.061264
747,6.225000,-0.015957,0.966253,0.006449,-0.257018,-196.704361,90.085648,90.078957
748,6.233333,-0.016147,0.966434,0.007427,-0.256299,-196.704407,90.085388,90.096024
749,6.241667,-0.016141,0.966531,0.008110,-0.255915,-196.693420,90.085213,90.115448
750,6.250000,-0.016726,0.966476,0.007567,-0.256100,-196.665588,90.072617,90.141327
751,6.258333,-0.016164,0.966456,0.007426,-0.256214,-196.632797,90.073166,90.148529
752,6.266667,-0.014807,0.966460,0.006840,-0.256300,-196.599915,90.078499,90.144554
753,6.275000,-0.012967,0.966533,0.007177,-0.256112,-196.565125,90.078644,90.147980
754,6.283333,-0.011838,0.966577,0.008132,-0.255976,-196.532028,90.081337,90.160080
755,6.291667,-0.011129,0.966582,0.008437,-0.255978,-196.502945,90.086250,90.167061
756,6.300000,-0.010696,0.966543,0.008306,-0.256148,-196.489807,90.090057,90.168564
757,6.308333,-0.010634,0.966448,0.007769,-0.256525,-196.494537,90.090950,90.166550
758,6.316667,-0.011162,0.966352,0.006906,-0.256889,-196.515823,90.089806,90.158714
759,6.325000,-0.012286,0.966323,0.006515,-0.256958,-196.548401,90.085503,90.160637
760,6.333333,-0.013125,0.966356,0.006126,-0.256798,-196.573563,90.083961,90.159317
761,6.341667,-0.014464,0.966369,0.005857,-0.256685,-196.596359,90.082756,90.152367
762,6.350000,-0.015410,0.966437,0.005976,-0.256372,-196.619370,90.077805,90.149330
763,6.358333,-0.015902,0.966469,0.005959,-0.256221,-196.638885,90.075775,90.141647
764,6.366667,-0.016125,0.966524,0.005942,-0.256001,-196.649124,90.073990,90.134171
765,6.375000,-0.016053,0.966545,0.006037,-0.255924,-196.646927,90.072701,90.128937
766,6.383333,-0.015926,0.966546,0.006357,-0.255919,-196.642120,90.072021,90.137222
767,6.391667,-0.015617,0.966522,0.006517,-0.256025,-196.626709,90.075058,90.146385
768,6.400000,-0.015187,0.966495,0.006406,-0.256156,-196.606415,90.076675,90.148705
769,6.408333,-0.014636,0.966520,0.006489,-0.256091,-196.590454,90.079865,90.154228
770,6.416667,-0.013593,0.966509,0.006947,-0.256180,-196.571106,90.079102,90.155945
771,6.425000,-0.012801,0.966503,0.007415,-0.256227,-196.552170,90.078667,90.159058
772,6.433333,-0.012217,0.966479,0.007687,-0.256340,-196.530457,90.082512,90.160027
773,6.441667,-0.011576,0.966497,0.007964,-0.256293,-196.507950,90.083885,90.163704
774,6.450000,-0.011133,0.966500,0.007591,-0.256313,-196.497208,90.088188,90.161903
775,6.458333,-0.011223,0.966436,0.007079,-0.256565,-196.500412,90.089668,90.159157
776,6.466667,-0.011205,0.966446,0.007287,-0.256524,-196.506989,90.086731,90.167847
777,6.475000,-0.011526,0.966432,0.007548,-0.256554,-196.511200,90.084251,90.170990
778,6.483333,-0.011792,0.966456,0.007495,-0.256453,-196.513229,90.084000,90.168167
779,6.491667,-0.011901,0.966484,0.007684,-0.256335,-196.514832,90.083069,90.168137
780,6.500000,-0.012012,0.966477,0.007745,-0.256354,-196.514816,90.083893,90.166084
781,6.508333,-0.011973,0.966501,0.007861,-0.256264,-196.511246,90.082298,90.166641
782,6.516667,-0.011819,0.966493,0.007890,-0.256299,-196.507919,90.082947,90.166039
783,6.525000,-0.011753,0.966482,0.007760,-0.256346,-196.509781,90.084526,90.166595
784,6.533333,-0.011746,0.966475,0.007589,-0.256380,-196.513229,90.084961,90.166237
785,6.541667,-0.011866,0.966472,0.007509,-0.256389,-196.514252,90.084328,90.165970
786,6.550000,-0.011952,0.966490,0.007593,-0.256312,-196.514648,90.083969,90.166130
787,6.558333,-0.011950,0.966490,0.007798,-0.256307,-196.512817,90.083328,90.165291
788,6.566667,-0.011842,0.966496,0.007844,-0.256289,-196.510147,90.082748,90.166016
789,6.575000,-0.011769,0.966482,0.007824,-0.256344,-196.507172,90.083954,90.166359
790,6.583333,-0.011773,0.966458,0.007851,-0.256436,-196.506760,90.083138,90.166344
791,6.591667,-0.011864,0.966483,0.007653,-0.256341,-196.508438,90.084091,90.166504
792,6.600000,-0.011896,0.966489,0.007660,-0.256317,-196.508820,90.084145,90.166496
793,6.608333,-0.011930,0.966495,0.007738,-0.256293,-196.507019,90.084656,90.165199
794,6.616667,-0.011875,0.966498,0.007925,-0.256278,-196.502991,90.082458,90.166565
795,6.625000,-0.011839,0.966481,0.007905,-0.256343,-196.502594,90.082962,90.166046
796,6.633333,-0.011793,0.966476,0.007810,-0.256366,-196.503662,90.083412,90.165718
797,6.641667,-0.011735,0.966473,0.007755,-0.256383,-196.503662,90.083748,90.164742
798,6.650000,-0.011714,0.966479,0.007707,-0.256364,-196.502716,90.083199,90.165176
799,6.658333,-0.011567,0.966470,0.007734,-0.256403,-196.501678,90.082855,90.164665
800,6.666667,-0.011751,0.966475,0.007678,-0.256375,-196.504684,90.084564,90.164352
801,6.675000,-0.011801,0.966484,0.007737,-0.256339,-196.504944,90.084564,90.165024
802,6.683333,-0.011720,0.966486,0.007703,-0.256336,-196.504135,90.084236,90.163918
803,6.691667,-0.011769,0.966478,0.007800,-0.256363,-196.504684,90.084007,90.164795
804,6.700000,-0.011676,0.966479,0.007769,-0.256363,-196.505646,90.084457,90.164154
805,6.708333,-0.011815,0.966475,0.007743,-0.256370,-196.506042,90.085106,90.165268
806,6.716667,-0.011787,0.966480,0.007775,-0.256354,-196.504883,90.084785,90.165527
807,6.725000,-0.011848,0.966480,0.007727,-0.256351,-196.504410,90.084389,90.165581
808,6.733333,-0.011861,0.966477,0.007714,-0.256364,-196.505020,90.085396,90.165108
809,6.741667,-0.011878,0.966465,0.007811,-0.256404,-196.503967,90.085732,90.163818
810,6.750000,-0.011901,0.966494,0.007733,-0.256297,-196.502716,90.084442,90.165001
811,6.758333,-0.011795,0.966489,0.007770,-0.256318,-196.502136,90.084442,90.164398
812,6.766667,-0.011799,0.966471,0.007853,-0.256386,-196.501740,90.084473,90.163193
813,6.775000,-0.011666,0.966491,0.007786,-0.256319,-196.500763,90.084991,90.163490
814,6.783333,-0.011803,0.966472,0.007817,-0.256383,-196.499725,90.084976,90.162735
815,6.791667,-0.011810,0.966468,0.007720,-0.256398,-196.499512,90.084953,90.162834
816,6.800000,-0.011818,0.966476,0.007739,-0.256369,-196.499298,90.084900,90.162216
817,6.808333,-0.011705,0.966486,0.007505,-0.256342,-196.499847,90.087151,90.160408
818,6.816667,-0.011672,0.966478,0.007574,-0.256374,-196.499527,90.087219,90.160721
819,6.825000,-0.011752,0.966449,0.007756,-0.256471,-196.498642,90.086105,90.158768
820,6.833333,-0.011831,0.966494,0.007736,-0.256298,-196.499222,90.085884,90.160446
821,6.841667,-0.012010,0.966473,0.007687,-0.256372,-196.498245,90.087456,90.158432
822,6.850000,-0.011832,0.966493,0.007718,-0.256305,-196.497467,90.086166,90.158119
823,6.858333,-0.011967,0.966465,0.007735,-0.256401,-196.497391,90.087006,90.157631
824,6.866667,-0.011940,0.966477,0.007751,-0.256357,-196.495407,90.086136,90.157005
825,6.875000,-0.011900,0.966492,0.007615,-0.256310,-196.494324,90.086075,90.158600
826,6.883333,-0.011802,0.966482,0.007621,-0.256351,-196.492188,90.086624,90.157219
827,6.891667,-0.011732,0.966489,0.007689,-0.256324,-196.490570,90.086403,90.157028
828,6.900000,-0.011676,0.966482,0.007723,-0.256354,-196.487396,90.085602,90.156143
829,6.908333,-0.011862,0.966447,0.007860,-0.256471,-196.485565,90.084290,90.154404
830,6.916667,-0.011841,0.966499,0.007626,-0.256284,-196.485123,90.086021,90.154976
831,6.925000,-0.011853,0.966480,0.007701,-0.256354,-196.481354,90.085800,90.153732
832,6.933333,-0.011808,0.966474,0.007869,-0.256371,-196.479004,90.084663,90.153427
833,6.941667,-0.011792,0.966450,0.008063,-0.256456,-196.477188,90.084564,90.152481
834,6.950000,-0.011786,0.966462,0.007856,-0.256419,-196.476181,90.086433,90.151939
835,6.958333,-0.011806,0.966492,0.007734,-0.256308,-196.474716,90.087097,90.153488
836,6.966667,-0.011762,0.966464,0.007865,-0.256412,-196.473434,90.088242,90.152153
837,6.975000,-0.011725,0.966479,0.007856,-0.256359,-196.472687,90.087303,90.152153
838,6.983333,-0.011783,0.966450,0.007826,-0.256465,-196.472397,90.085846,90.151779
839,6.991667,-0.011893,0.966460,0.007881,-0.256420,-196.473557,90.087059,90.152077
840,7.000000,-0.011836,0.966471,0.007762,-0.256386,-196.474426,90.087700,90.153198
841,7.008333,-0.011798,0.966450,0.007777,-0.256464,-196.475342,90.087296,90.153053
842,7.016667,-0.011817,0.966458,0.007766,-0.256436,-196.477829,90.087143,90.153862
843,7.025000,-0.011778,0.966459,0.007661,-0.256437,-196.480316,90.087227,90.153900
844,7.033333,-0.011656,0.966471,0.007661,-0.256397,-196.482941,90.086876,90.155228
845,7.041667,-0.011758,0.966471,0.007699,-0.256392,-196.485504,90.085861,90.156464
846,7.050000,-0.011789,0.966458,0.007737,-0.256436,-196.488007,90.084824,90.156868
847,7.058333,-0.011886,0.966466,0.007823,-0.256399,-196.491089,90.084770,90.157455
848,7.066667,-0.011895,0.966460,0.007799,-0.256422,-196.493362,90.085197,90.157242
849,7.075000,-0.011860,0.966476,0.007733,-0.256366,-196.495117,90.084831,90.158531
850,7.083333,-0.011813,0.966474,0.007707,-0.256378,-196.496246,90.084320,90.160065
851,7.091667,-0.011801,0.966454,0.007796,-0.256450,-196.496811,90.083366,90.159866
852,7.100000,-0.011729,0.966457,0.007924,-0.256436,-196.498840,90.083359,90.160576
853,7.108333,-0.011691,0.966468,0.007798,-0.256404,-196.499329,90.084526,90.160194
854,7.116667,-0.011823,0.966464,0.007763,-0.256413,-196.500214,90.084503,90.161667
855,7.125000,-0.011814,0.966456,0.007716,-0.256443,-196.500366,90.084991,90.161552
856,7.133333,-0.011714,0.966461,0.007732,-0.256429,-196.499359,90.084297,90.161804
857,7.141667,-0.011701,0.966474,0.007711,-0.256382,-196.500061,90.085312,90.161926
858,7.150000,-0.011702,0.966468,0.007714,-0.256403,-196.499802,90.085823,90.161217
859,7.158333,-0.011790,0.966462,0.007683,-0.256423,-196.500458,90.085861,90.160820
860,7.166667,-0.011693,0.966449,0.007796,-0.256473,-196.500000,90.085251,90.159737
861,7.175000,-0.011645,0.966472,0.007639,-0.256395,-196.501511,90.085495,90.160194
862,7.183333,-0.011712,0.966473,0.007762,-0.256385,-196.502457,90.085327,90.161278
863,7.191667,-0.011685,0.966473,0.007739,-0.256386,-196.503189,90.084908,90.161087
864,7.200000,-0.011640,0.966485,0.007661,-0.256343,-196.504776,90.085052,90.161987
865,7.208333,-0.011766,0.966471,0.007648,-0.256394,-196.506439,90.084969,90.161911
866,7.216667,-0.011684,0.966480,0.007679,-0.256359,-196.508209,90.085510,90.163368
867,7.225000,-0.011619,0.966477,0.007668,-0.256377,-196.508804,90.084709,90.163841
868,7.233333,-0.011589,0.966470,0.007810,-0.256399,-196.509262,90.083763,90.163925
869,7.241667,-0.011674,0.966485,0.007785,-0.256341,-196.509903,90.082634,90.164658
870,7.250000,-0.011719,0.966477,0.007861,-0.256366,-196.510117,90.083023,90.164223
871,7.258333,-0.011656,0.966497,0.007795,-0.256293,-196.510696,90.083054,90.165657
872,7.266667,-0.011677,0.966476,0.007839,-0.256370,-196.509247,90.083229,90.164909
873,7.275000,-0.011697,0.966470,0.007866,-0.256394,-196.508484,90.082809,90.165382
874,7.283333,-0.011712,0.966478,0.007747,-0.256367,-196.507538,90.083466,90.165695
875,7.291667,-0.011672,0.966475,0.007779,-0.256376,-196.506714,90.083176,90.165558
876,7.300000,-0.011613,0.966490,0.007759,-0.256325,-196.506790,90.083481,90.166183
877,7.308333,-0.011741,0.966475,0.007797,-0.256374,-196.506149,90.083710,90.165161
878,7.316667,-0.011734,0.966488,0.007777,-0.256324,-196.506195,90.083138,90.164528
879,7.325000,-0.011668,0.966497,0.007817,-0.256294,-196.507156,90.083153,90.164772
880,7.333333,-0.011761,0.966489,0.007903,-0.256315,-196.507889,90.082596,90.164154
881,7.341667,-0.011740,0.966507,0.007872,-0.256251,-196.508942,90.082603,90.164650
882,7.350000,-0.011742,0.966498,0.007869,-0.256283,-196.510178,90.082596,90.164185
883,7.358333,-0.011738,0.966502,0.007867,-0.256270,-196.511703,90.082642,90.165543
884,7.366667,-0.011684,0.966517,0.007818,-0.256216,-196.512665,90.082870,90.165977
885,7.375000,-0.011713,0.966506,0.007887,-0.256256,-196.512955,90.081871,90.166435
886,7.383333,-0.011854,0.966505,0.007830,-0.256253,-196.514481,90.081711,90.167961
887,7.391667,-0.011720,0.966506,0.007768,-0.256257,-196.514938,90.081375,90.167755
888,7.400000,-0.011711,0.966501,0.007866,-0.256273,-196.516220,90.080765,90.168121
889,7.408333,-0.011675,0.966506,0.007938,-0.256255,-196.515610,90.080437,90.168251
890,7.416667,-0.011672,0.966519,0.007965,-0.256208,-196.514984,90.079659,90.168320
891,7.425000,-0.011719,0.966508,0.007888,-0.256249,-196.514679,90.080765,90.168449
892,7.433333,-0.011580,0.966505,0.007881,-0.256265,-196.513443,90.080338,90.168633
893,7.441667,-0.011600,0.966503,0.007858,-0.256271,-196.512146,90.081039,90.168434
894,7.450000,-0.011608,0.966495,0.007897,-0.256303,-196.511597,90.081284,90.168068
895,7.458333,-0.011637,0.966491,0.007878,-0.256315,-196.510498,90.081741,90.167526
896,7.466667,-0.011612,0.966496,0.007828,-0.256299,-196.510239,90.081749,90.167137
897,7.475000,-0.011621,0.966495,0.007875,-0.256300,-196.510086,90.081459,90.166267
898,7.483333,-0.011524,0.966500,0.007882,-0.256287,-196.510406,90.082809,90.165855
899,7.491667,-0.011554,0.966490,0.007853,-0.256323,-196.510803,90.083176,90.164413
900,7.500000,-0.011705,0.966495,0.007815,-0.256300,-196.512100,90.082390,90.164383
901,7.508333,-0.011720,0.966491,0.007871,-0.256312,-196.512909,90.082214,90.163551
902,7.516667,-0.011695,0.966477,0.007923,-0.256363,-196.514847,90.082565,90.162178
903,7.525000,-0.011820,0.966487,0.007794,-0.256327,-196.517197,90.083908,90.161690
904,7.533333,-0.011817,0.966495,0.007798,-0.256296,-196.518799,90.083763,90.161858
905,7.541667,-0.011787,0.966509,0.007767,-0.256244,-196.519897,90.083786,90.161926
906,7.550000,-0.011785,0.966489,0.007760,-0.256319,-196.521072,90.083290,90.161911
907,7.558333,-0.011676,0.966487,0.007837,-0.256329,-196.521027,90.082817,90.161949
908,7.566667,-0.011771,0.966484,0.007799,-0.256339,-196.522568,90.083023,90.162346
909,7.575000,-0.011804,0.966487,0.007887,-0.256323,-196.522537,90.083618,90.162331
910,7.583333,-0.011773,0.966503,0.007881,-0.256264,-196.522781,90.082016,90.163162
911,7.591667,-0.011925,0.966487,0.007853,-0.256317,-196.522247,90.081696,90.162506
912,7.600000,-0.011840,0.966508,0.007922,-0.256239,-196.522110,90.082619,90.163307
913,7.608333,-0.011767,0.966522,0.007737,-0.256198,-196.521149,90.082420,90.163704
914,7.616667,-0.011749,0.966488,0.007947,-0.256318,-196.519897,90.081444,90.164284
915,7.625000,-0.011606,0.966516,0.007893,-0.256223,-196.520203,90.082458,90.165695
916,7.633333,-0.011708,0.966494,0.007792,-0.256304,-196.519073,90.082756,90.165344
917,7.641667,-0.011697,0.966493,0.007818,-0.256308,-196.518478,90.082474,90.166321
918,7.650000,-0.011693,0.966488,0.007791,-0.256327,-196.517914,90.082840,90.166588
919,7.658333,-0.011554,0.966498,0.007732,-0.256299,-196.516739,90.081985,90.166634
920,7.666667,-0.011678,0.966506,0.007713,-0.256262,-196.517487,90.082161,90.168068
921,7.675000,-0.011616,0.966509,0.007897,-0.256249,-196.516815,90.082016,90.168800
922,7.683333,-0.011714,0.966495,0.007900,-0.256297,-196.517181,90.081993,90.169983
923,7.691667,-0.011783,0.966488,0.007871,-0.256321,-196.516602,90.081940,90.170143
924,7.700000,-0.011805,0.966496,0.007868,-0.256292,-196.516998,90.081421,90.170021
