Format Version,1.25,Take Name,Take 2025-11-27 01.27.21 PM,Take Notes,,Capture Frame Rate,120.000000,Export Frame Rate,120.000000,Capture Start Time,2025-11-27 01.27.21.971 PM,Capture Start Frame,1035616,Total Frames in Take,977,Total Exported Frames,977,Rotation Type,Quaternion,Length Units,Centimeters,Coordinate Space,Global

,Type,Rigid Body,Rigid Body,Rigid Body,Rigid Body,Rigid Body,Rigid Body,Rigid Body
,Name,SEE_small,SEE_small,SEE_small,SEE_small,SEE_small,SEE_small,SEE_small
,ID,E70901BFC9E711F031C44B617C101B92,E70901BFC9E711F031C44B617C101B92,E70901BFC9E711F031C44B617C101B92,E70901BFC9E711F031C44B617C101B92,E70901BFC9E711F031C44B617C101B92,E70901BFC9E711F031C44B617C101B92,E70901BFC9E711F031C44B617C101B92
,Parent,,,,,,,
,,Rotation,Rotation,Rotation,Rotation,Position,Position,Position
Frame,Time (Seconds),X,Y,Z,W,X,Y,Z
0,0.000000,-0.001559,0.667636,0.006567,0.744457,-216.974976,84.302818,87.321106
1,0.008333,-0.001705,0.667639,0.006550,0.744454,-216.978210,84.301674,87.321899
2,0.016667,-0.001841,0.667611,0.006552,0.744480,-216.983002,84.301880,87.323311
3,0.025000,-0.001928,0.667580,0.006927,0.744503,-216.987991,84.302277,87.320526
4,0.033333,-0.002193,0.667406,0.006415,0.744664,-216.993362,84.298500,87.324348
5,0.041667,-0.002530,0.667482,0.006116,0.744597,-216.997940,84.294357,87.322266
6,0.050000,-0.002700,0.667595,0.006889,0.744488,-217.009003,84.299057,87.317375
7,0.058333,-0.003053,0.667458,0.006982,0.744609,-217.016739,84.298134,87.318901
8,0.066667,-0.003390,0.667260,0.007068,0.744784,-217.024307,84.293068,87.317192
9,0.075000,-0.003521,0.667363,0.007136,0.744690,-217.031433,84.291824,87.316040
10,0.083333,-0.003726,0.667361,0.007067,0.744692,-217.036850,84.291718,87.314308
11,0.091667,-0.003980,0.667255,0.007310,0.744783,-217.041824,84.289398,87.314987
12,0.100000,-0.004159,0.667258,0.007433,0.744778,-217.047333,84.289177,87.313751
13,0.108333,-0.004435,0.667160,0.007709,0.744861,-217.053772,84.285507,87.313881
14,0.116667,-0.004624,0.667229,0.007984,0.744796,-217.063019,84.285782,87.313828
15,0.125000,-0.004770,0.667158,0.008041,0.744857,-217.067932,84.285042,87.312454
16,0.133333,-0.005172,0.667307,0.008503,0.744716,-217.075378,84.284927,87.314590
17,0.141667,-0.005034,0.667196,0.008634,0.744815,-217.079498,84.286087,87.313309
18,0.150000,-0.005244,0.667160,0.009005,0.744841,-217.084579,84.282784,87.314659
19,0.158333,-0.005131,0.667174,0.009384,0.744826,-217.089218,84.283195,87.316025
20,0.166667,-0.005316,0.667163,0.009486,0.744833,-217.093521,84.282982,87.314270
21,0.175000,-0.005510,0.667135,0.009552,0.744855,-217.098358,84.283470,87.316338
22,0.183333,-0.005596,0.667069,0.009887,0.744909,-217.103149,84.283134,87.315300
23,0.191667,-0.005768,0.667163,0.009834,0.744825,-217.106750,84.283676,87.315720
24,0.200000,-0.006039,0.667104,0.010227,0.744870,-217.111298,84.283173,87.316467
25,0.208333,-0.006294,0.667072,0.010303,0.744895,-217.115067,84.282707,87.314812
26,0.216667,-0.006703,0.667101,0.010695,0.744860,-217.121887,84.282578,87.317871
27,0.225000,-0.006862,0.667047,0.010998,0.744903,-217.127487,84.283012,87.316154
28,0.233333,-0.007177,0.667002,0.011176,0.744938,-217.135239,84.282372,87.317390
29,0.241667,-0.007602,0.666991,0.011377,0.744940,-217.140930,84.282753,87.317619
30,0.250000,-0.007957,0.666951,0.011673,0.744968,-217.147705,84.283195,87.317963
31,0.258333,-0.008367,0.667003,0.011923,0.744912,-217.155487,84.284035,87.321404
32,0.266667,-0.008823,0.667017,0.012110,0.744892,-217.162628,84.286446,87.319489
33,0.275000,-0.009267,0.667063,0.012089,0.744846,-217.168137,84.285858,87.322533
34,0.283333,-0.009530,0.666972,0.012126,0.744923,-217.172836,84.286957,87.323151
35,0.291667,-0.009827,0.667068,0.012276,0.744831,-217.177277,84.287270,87.323669
36,0.300000,-0.009913,0.667064,0.012585,0.744829,-217.181702,84.287552,87.324814
37,0.308333,-0.010112,0.667127,0.012904,0.744764,-217.186066,84.288933,87.323967
38,0.316667,-0.010263,0.667119,0.013445,0.744760,-217.193146,84.290070,87.326584
39,0.325000,-0.010503,0.667095,0.013343,0.744779,-217.196747,84.290939,87.323311
40,0.333333,-0.010786,0.667189,0.013448,0.744689,-217.202942,84.290756,87.323875
41,0.341667,-0.010982,0.667268,0.013593,0.744612,-217.208450,84.290054,87.323700
42,0.350000,-0.010934,0.667152,0.013926,0.744711,-217.215012,84.288727,87.319878
43,0.358333,-0.011001,0.667270,0.014512,0.744593,-217.221481,84.286613,87.323166
44,0.366667,-0.011006,0.667169,0.014859,0.744677,-217.227386,84.287193,87.321381
45,0.375000,-0.011357,0.667209,0.015325,0.744627,-217.232651,84.286850,87.321739
46,0.383333,-0.011381,0.667125,0.015526,0.744697,-217.239243,84.287689,87.321594
47,0.391667,-0.011645,0.667107,0.015795,0.744703,-217.243118,84.287933,87.320152
48,0.400000,-0.011717,0.667156,0.016012,0.744654,-217.248672,84.287354,87.322746
49,0.408333,-0.011864,0.667109,0.016236,0.744689,-217.250580,84.287361,87.321419
50,0.416667,-0.010872,0.668545,0.016313,0.743414,-217.259796,84.293076,87.337769
51,0.425000,-0.011143,0.668787,0.016320,0.743192,-217.264679,84.291435,87.338509
52,0.433333,-0.011835,0.668871,0.016426,0.743103,-217.272919,84.288017,87.337112
53,0.441667,-0.012502,0.669132,0.016809,0.742849,-217.281525,84.284584,87.335526
54,0.450000,-0.013108,0.669220,0.016955,0.742755,-217.287064,84.281532,87.332687
55,0.458333,-0.013186,0.669517,0.016921,0.742487,-217.287399,84.282196,87.333839
56,0.466667,-0.013345,0.669469,0.017077,0.742524,-217.285538,84.281998,87.333420
57,0.475000,-0.013291,0.669591,0.016840,0.742420,-217.283051,84.282722,87.335358
58,0.483333,-0.013109,0.669728,0.016779,0.742301,-217.281265,84.282875,87.337669
59,0.491667,-0.013010,0.669643,0.016755,0.742380,-217.278763,84.282265,87.336281
60,0.500000,-0.012748,0.669745,0.016861,0.742291,-217.279236,84.283813,87.337776
61,0.508333,-0.012715,0.669652,0.017335,0.742364,-217.280792,84.284599,87.336197
62,0.516667,-0.012791,0.669670,0.017747,0.742337,-217.281937,84.285469,87.337410
63,0.525000,-0.012715,0.669559,0.018187,0.742427,-217.285202,84.286461,87.337097
64,0.533333,-0.012985,0.669514,0.018375,0.742459,-217.284302,84.286842,87.335411
65,0.541667,-0.012945,0.669555,0.018650,0.742415,-217.287064,84.287521,87.336746
66,0.550000,-0.013255,0.669565,0.018768,0.742398,-217.284775,84.288147,87.335960
67,0.558333,-0.013064,0.669612,0.018768,0.742359,-217.284866,84.290535,87.338440
68,0.566667,-0.013169,0.669531,0.018969,0.742425,-217.286346,84.290764,87.338318
69,0.575000,-0.012989,0.669511,0.019098,0.742443,-217.285614,84.291695,87.337532
70,0.583333,-0.013205,0.669402,0.015757,0.742616,-217.278473,84.275055,87.338669
71,0.591667,-0.013486,0.669505,0.014917,0.742535,-217.278412,84.271912,87.334732
72,0.600000,-0.013565,0.669560,0.015202,0.742479,-217.280411,84.271828,87.336143
73,0.608333,-0.013638,0.669579,0.015357,0.742457,-217.280167,84.272179,87.336197
74,0.616667,-0.013493,0.669570,0.015485,0.742465,-217.280579,84.272438,87.336967
75,0.625000,-0.013508,0.669462,0.015480,0.742562,-217.280930,84.273445,87.336281
76,0.633333,-0.013391,0.669588,0.015415,0.742452,-217.280365,84.273972,87.335854
77,0.641667,-0.013424,0.669530,0.015760,0.742497,-217.282074,84.275360,87.337509
78,0.650000,-0.013650,0.669579,0.015505,0.742453,-217.281052,84.274101,87.335098
79,0.658333,-0.013571,0.669581,0.015680,0.742450,-217.283279,84.273842,87.336510
80,0.666667,-0.013325,0.669629,0.015591,0.742412,-217.283981,84.274254,87.335869
81,0.675000,-0.013441,0.669592,0.015372,0.742449,-217.284363,84.273079,87.333992
82,0.683333,-0.013550,0.669561,0.015524,0.742471,-217.285873,84.273338,87.335732
83,0.691667,-0.013720,0.669597,0.015404,0.742439,-217.286179,84.273026,87.334381
84,0.700000,-0.015172,0.669306,0.015450,0.742671,-217.285080,84.265388,87.333771
85,0.708333,-0.013801,0.669529,0.015532,0.742495,-217.289520,84.274330,87.335831
86,0.716667,-0.014009,0.669481,0.015393,0.742538,-217.287735,84.271675,87.333679
87,0.725000,-0.013827,0.669676,0.015688,0.742359,-217.288208,84.272423,87.334785
88,0.733333,-0.013638,0.669546,0.015481,0.742485,-217.286987,84.271202,87.333656
89,0.741667,-0.014726,0.669462,0.015664,0.742535,-217.284851,84.265686,87.335564
90,0.750000,-0.013821,0.669581,0.015407,0.742451,-217.286942,84.272713,87.335625
91,0.758333,-0.015046,0.669324,0.015370,0.742659,-217.283844,84.265526,87.335030
92,0.766667,-0.013695,0.669578,0.015363,0.742456,-217.287308,84.273788,87.337059
93,0.775000,-0.013763,0.669483,0.015364,0.742541,-217.286346,84.273033,87.334152
94,0.783333,-0.013684,0.669590,0.015396,0.742445,-217.287323,84.271729,87.337395
95,0.791667,-0.013631,0.669673,0.015313,0.742373,-217.286804,84.272003,87.334999
96,0.800000,-0.013614,0.669670,0.015476,0.742372,-217.287628,84.272896,87.334351
97,0.808333,-0.013798,0.669591,0.015567,0.742439,-217.289322,84.273453,87.335709
98,0.816667,-0.014095,0.669575,0.015399,0.742451,-217.289490,84.272476,87.333755
99,0.825000,-0.013900,0.669657,0.015472,0.742379,-217.291336,84.272995,87.336243
100,0.833333,-0.013975,0.669551,0.015571,0.742471,-217.290955,84.272285,87.332863
101,0.841667,-0.014930,0.669354,0.015623,0.742629,-217.289551,84.266273,87.332581
102,0.850000,-0.014021,0.669550,0.015735,0.742468,-217.291763,84.272751,87.332306
103,0.858333,-0.014078,0.669637,0.015475,0.742394,-217.290756,84.272263,87.333061
104,0.866667,-0.013581,0.669677,0.015937,0.742357,-217.293121,84.273323,87.335899
105,0.875000,-0.013531,0.669580,0.016036,0.742444,-217.292313,84.272697,87.336029
106,0.883333,-0.013642,0.669638,0.016073,0.742389,-217.290909,84.271584,87.336304
107,0.891667,-0.013358,0.669657,0.016115,0.742375,-217.291565,84.274231,87.334946
108,0.900000,-0.013345,0.669656,0.016040,0.742378,-217.291290,84.274055,87.335930
109,0.908333,-0.013493,0.669692,0.016052,0.742342,-217.290833,84.273872,87.336937
110,0.916667,-0.013459,0.669677,0.015863,0.742361,-217.289978,84.273575,87.334602
111,0.925000,-0.013640,0.669727,0.016073,0.742308,-217.291733,84.273567,87.336662
112,0.933333,-0.013792,0.669685,0.016082,0.742343,-217.292313,84.274361,87.334877
113,0.941667,-0.013997,0.669670,0.015974,0.742355,-217.293579,84.274124,87.334778
114,0.950000,-0.015110,0.669440,0.015932,0.742542,-217.292953,84.266243,87.334732
115,0.958333,-0.015408,0.669465,0.016013,0.742511,-217.293839,84.264984,87.332710
116,0.966667,-0.015450,0.669413,0.015893,0.742559,-217.295258,84.264320,87.333900
117,0.975000,-0.014223,0.669668,0.015908,0.742354,-217.298050,84.270836,87.334763
118,0.983333,-0.013932,0.669769,0.016217,0.742261,-217.298920,84.271446,87.336349
119,0.991667,-0.013911,0.669727,0.016206,0.742300,-217.299149,84.271339,87.337616
120,1.000000,-0.014951,0.669456,0.016076,0.742527,-217.295959,84.264305,87.334732
121,1.008333,-0.013694,0.669790,0.016042,0.742251,-217.298462,84.270638,87.338882
122,1.016667,-0.013966,0.669717,0.016095,0.742311,-217.297104,84.271683,87.334641
123,1.025000,-0.013697,0.669645,0.016289,0.742376,-217.297775,84.273430,87.336311
124,1.033333,-0.013561,0.669794,0.016205,0.742246,-217.296814,84.272797,87.338638
125,1.041667,-0.013630,0.669824,0.016177,0.742218,-217.294556,84.272125,87.336655
126,1.050000,-0.013532,0.669808,0.016189,0.742235,-217.294220,84.272354,87.336472
127,1.058333,-0.013797,0.669707,0.016129,0.742322,-217.293167,84.271919,87.335869
128,1.066667,-0.013680,0.669813,0.016265,0.742225,-217.293900,84.273483,87.337494
129,1.075000,-0.013572,0.669872,0.015988,0.742180,-217.292755,84.273788,87.335732
130,1.083333,-0.013769,0.669813,0.016053,0.742229,-217.293076,84.273422,87.336227
131,1.091667,-0.013632,0.669770,0.016063,0.742270,-217.293686,84.274200,87.336716
132,1.100000,-0.013696,0.669690,0.016061,0.742341,-217.293411,84.271896,87.336121
133,1.108333,-0.013453,0.669823,0.016269,0.742221,-217.294495,84.272560,87.337112
134,1.116667,-0.013607,0.669751,0.016382,0.742281,-217.294769,84.272949,87.336525
135,1.125000,-0.014833,0.669508,0.016385,0.742476,-217.293457,84.266411,87.336426
136,1.133333,-0.013840,0.669762,0.016302,0.742267,-217.298538,84.273918,87.337967
137,1.141667,-0.015396,0.669395,0.016322,0.742568,-217.296173,84.264488,87.334023
138,1.150000,-0.015408,0.669415,0.016351,0.742549,-217.298096,84.264854,87.335533
139,1.158333,-0.015723,0.669377,0.016185,0.742580,-217.297653,84.263626,87.334030
140,1.166667,-0.014698,0.669644,0.016137,0.742361,-217.300995,84.272034,87.336464
141,1.175000,-0.015845,0.669398,0.016000,0.742563,-217.297623,84.264641,87.334381
142,1.183333,-0.014564,0.669700,0.015677,0.742323,-217.299194,84.270943,87.336098
143,1.191667,-0.015473,0.669512,0.015919,0.742470,-217.296417,84.265434,87.336075
144,1.200000,-0.015797,0.669474,0.015943,0.742497,-217.296097,84.265251,87.334000
145,1.208333,-0.015716,0.669451,0.015953,0.742519,-217.297318,84.266403,87.335464
146,1.216667,-0.014279,0.669685,0.015900,0.742338,-217.299957,84.275642,87.334908
147,1.225000,-0.014330,0.669808,0.015728,0.742229,-217.297607,84.274918,87.337448
148,1.233333,-0.014254,0.669804,0.015915,0.742230,-217.297485,84.276024,87.339127
149,1.241667,-0.014346,0.669762,0.015745,0.742270,-217.295761,84.275261,87.337059
150,1.250000,-0.014171,0.669795,0.015820,0.742243,-217.296005,84.275612,87.338470
151,1.258333,-0.015407,0.669560,0.015949,0.742427,-217.293167,84.270172,87.336037
152,1.266667,-0.014269,0.669669,0.015736,0.742356,-217.296982,84.275444,87.338379
153,1.275000,-0.013932,0.669844,0.016114,0.742197,-217.297577,84.276978,87.338890
154,1.283333,-0.015501,0.669477,0.016175,0.742495,-217.294281,84.268097,87.334572
155,1.291667,-0.014394,0.669762,0.015613,0.742272,-217.297272,84.273949,87.338234
156,1.300000,-0.014128,0.669802,0.015725,0.742239,-217.297577,84.275734,87.337204
157,1.308333,-0.015275,0.669545,0.015841,0.742445,-217.295151,84.270386,87.337425
158,1.316667,-0.014399,0.669801,0.015748,0.742234,-217.298172,84.277275,87.339577
159,1.325000,-0.014585,0.669757,0.015632,0.742273,-217.298004,84.274887,87.338280
160,1.333333,-0.015449,0.669513,0.016024,0.742467,-217.297119,84.269371,87.337044
161,1.341667,-0.015908,0.669416,0.015907,0.742547,-217.297394,84.268158,87.334450
162,1.350000,-0.015821,0.669508,0.015756,0.742469,-217.298431,84.265663,87.334923
163,1.358333,-0.016047,0.669440,0.015879,0.742523,-217.298706,84.263542,87.334366
164,1.366667,-0.016105,0.669468,0.015771,0.742499,-217.298248,84.266457,87.333679
165,1.375000,-0.014881,0.669755,0.015434,0.742273,-217.301392,84.274506,87.337471
166,1.383333,-0.015805,0.669506,0.015403,0.742479,-217.298294,84.268234,87.333992
167,1.391667,-0.015954,0.669455,0.015609,0.742517,-217.298248,84.266380,87.335892
168,1.400000,-0.014599,0.669651,0.015678,0.742367,-217.299026,84.275360,87.336006
169,1.408333,-0.015821,0.669533,0.015820,0.742445,-217.295044,84.267418,87.335526
170,1.416667,-0.015953,0.669515,0.015788,0.742459,-217.294861,84.265724,87.336693
171,1.425000,-0.015807,0.669569,0.015712,0.742416,-217.295624,84.267113,87.334801
172,1.433333,-0.015945,0.669557,0.015764,0.742422,-217.295883,84.267296,87.335274
173,1.441667,-0.014669,0.669755,0.015610,0.742273,-217.298218,84.273857,87.337204
174,1.450000,-0.015914,0.669519,0.015654,0.742459,-217.295242,84.266953,87.336578
175,1.458333,-0.015963,0.669483,0.015720,0.742490,-217.295624,84.267738,87.335670
176,1.466667,-0.015855,0.669541,0.015625,0.742442,-217.294769,84.268936,87.333672
177,1.475000,-0.015799,0.669484,0.016004,0.742486,-217.296051,84.268852,87.335518
178,1.483333,-0.016041,0.669428,0.015881,0.742534,-217.294983,84.266815,87.334198
179,1.491667,-0.015833,0.669494,0.015877,0.742479,-217.296188,84.267029,87.334961
180,1.500000,-0.014666,0.669866,0.015728,0.742170,-217.297226,84.273392,87.336060
181,1.508333,-0.014606,0.669821,0.015775,0.742211,-217.297501,84.275154,87.334702
182,1.516667,-0.015644,0.669575,0.015779,0.742412,-217.295120,84.268608,87.335655
183,1.525000,-0.014848,0.669762,0.015279,0.742270,-217.297318,84.273834,87.335121
184,1.533333,-0.015642,0.669591,0.015794,0.742397,-217.296295,84.269592,87.334572
185,1.541667,-0.015822,0.669567,0.015778,0.742415,-217.295242,84.268204,87.333473
186,1.550000,-0.015912,0.669564,0.015753,0.742417,-217.295410,84.266426,87.332901
187,1.558333,-0.014676,0.669869,0.015684,0.742169,-217.299149,84.273354,87.335480
188,1.566667,-0.014797,0.669840,0.015663,0.742193,-217.299316,84.272469,87.333954
189,1.575000,-0.015739,0.669530,0.015935,0.742447,-217.296814,84.266312,87.334534
190,1.583333,-0.014729,0.669781,0.015739,0.742246,-217.299484,84.272697,87.334396
191,1.591667,-0.015903,0.669517,0.015586,0.742463,-217.297272,84.266678,87.334305
192,1.600000,-0.014669,0.669861,0.015524,0.742179,-217.300995,84.274200,87.336639
193,1.608333,-0.014664,0.669812,0.015395,0.742226,-217.300171,84.273323,87.335838
194,1.616667,-0.015679,0.669573,0.015742,0.742414,-217.298370,84.267273,87.336113
195,1.625000,-0.014891,0.669754,0.015545,0.742271,-217.299408,84.272232,87.335991
196,1.633333,-0.015867,0.669473,0.015556,0.742504,-217.297836,84.267769,87.334694
197,1.641667,-0.014601,0.669866,0.015659,0.742173,-217.300537,84.273804,87.337173
198,1.650000,-0.014552,0.669777,0.015516,0.742258,-217.299652,84.273354,87.336769
199,1.658333,-0.014505,0.669864,0.015678,0.742176,-217.299774,84.275932,87.338768
200,1.666667,-0.014723,0.669843,0.015567,0.742193,-217.298721,84.276047,87.337677
201,1.675000,-0.015494,0.669591,0.015758,0.742401,-217.296814,84.270111,87.336571
202,1.683333,-0.014558,0.669894,0.015782,0.742146,-217.299072,84.275391,87.337128
203,1.691667,-0.015835,0.669544,0.015675,0.742438,-217.296173,84.266556,87.334404
204,1.700000,-0.015834,0.669465,0.016046,0.742501,-217.297958,84.267166,87.334511
205,1.708333,-0.014627,0.669718,0.015678,0.742306,-217.299179,84.273994,87.334366
206,1.716667,-0.014454,0.669845,0.015793,0.742192,-217.300064,84.275101,87.336548
207,1.725000,-0.014672,0.669745,0.015542,0.742284,-217.298935,84.274330,87.335159
208,1.733333,-0.014693,0.669664,0.015651,0.742354,-217.298981,84.274033,87.336189
209,1.741667,-0.014444,0.669712,0.015657,0.742315,-217.298859,84.274078,87.335304
210,1.750000,-0.015566,0.669502,0.015794,0.742480,-217.295624,84.265732,87.332100
211,1.758333,-0.015655,0.669563,0.015935,0.742419,-217.298706,84.265862,87.333282
212,1.766667,-0.014830,0.669882,0.015493,0.742157,-217.301208,84.271744,87.332603
213,1.775000,-0.015700,0.669584,0.015584,0.742407,-217.300323,84.265968,87.331512
214,1.783333,-0.014752,0.669856,0.015457,0.742184,-217.302414,84.270981,87.333527
215,1.791667,-0.014791,0.669865,0.015486,0.742174,-217.301437,84.271591,87.333031
216,1.800000,-0.015780,0.669498,0.015762,0.742479,-217.298721,84.265808,87.333870
217,1.808333,-0.014802,0.669771,0.015645,0.742255,-217.300110,84.272995,87.332626
218,1.816667,-0.015972,0.669475,0.015733,0.742496,-217.297882,84.265968,87.334396
219,1.825000,-0.014801,0.669832,0.015641,0.742201,-217.300247,84.273262,87.336090
220,1.833333,-0.016020,0.669594,0.015733,0.742388,-217.296890,84.265671,87.331757
221,1.841667,-0.015906,0.669585,0.015648,0.742400,-217.298370,84.265663,87.333931
222,1.850000,-0.014814,0.669745,0.015758,0.742276,-217.300583,84.272804,87.333473
223,1.858333,-0.015809,0.669513,0.015829,0.742464,-217.297440,84.267113,87.334770
224,1.866667,-0.014673,0.669830,0.015481,0.742208,-217.299103,84.274796,87.335915
225,1.875000,-0.015887,0.669518,0.015606,0.742462,-217.296600,84.267372,87.333237
226,1.883333,-0.014805,0.669728,0.015668,0.742293,-217.299789,84.274307,87.336060
227,1.891667,-0.015955,0.669509,0.015717,0.742466,-217.296295,84.267288,87.331940
228,1.900000,-0.014791,0.669796,0.015635,0.742233,-217.300247,84.273460,87.334923
229,1.908333,-0.014502,0.669822,0.015845,0.742211,-217.300766,84.275291,87.333717
230,1.916667,-0.014277,0.669776,0.015817,0.742257,-217.300720,84.274704,87.334663
231,1.925000,-0.015591,0.669542,0.015742,0.742443,-217.298050,84.265968,87.334953
232,1.933333,-0.014729,0.669782,0.015366,0.742253,-217.300323,84.273460,87.334480
233,1.941667,-0.015759,0.669550,0.015504,0.742438,-217.298004,84.266510,87.334282
234,1.950000,-0.014669,0.669830,0.015549,0.742207,-217.300629,84.272987,87.334290
235,1.958333,-0.015672,0.669598,0.015756,0.742392,-217.298599,84.265099,87.333618
236,1.966667,-0.014766,0.669826,0.015621,0.742207,-217.301056,84.269730,87.334450
237,1.975000,-0.015972,0.669376,0.015840,0.742583,-217.299240,84.263214,87.331535
238,1.983333,-0.016016,0.669468,0.015959,0.742497,-217.300583,84.264320,87.333649
239,1.991667,-0.014988,0.669739,0.015795,0.742277,-217.301636,84.270973,87.333611
240,2.000000,-0.015772,0.669557,0.015608,0.742429,-217.298798,84.265511,87.335144
241,2.008333,-0.015926,0.669539,0.015781,0.742438,-217.298080,84.266159,87.334373
242,2.016667,-0.014743,0.669813,0.015516,0.742221,-217.300751,84.273949,87.335976
243,2.025000,-0.015643,0.669602,0.015692,0.742390,-217.299362,84.268372,87.335098
244,2.033333,-0.014525,0.669841,0.015760,0.742195,-217.300964,84.273117,87.334480
245,2.041667,-0.014277,0.669902,0.015825,0.742144,-217.301300,84.273987,87.336273
246,2.050000,-0.014658,0.669739,0.015502,0.742290,-217.299301,84.273987,87.334831
247,2.058333,-0.014797,0.669792,0.015309,0.742244,-217.299240,84.274887,87.335480
248,2.066667,-0.014583,0.669774,0.015533,0.742260,-217.299866,84.276176,87.337036
249,2.075000,-0.015820,0.669572,0.015655,0.742414,-217.295624,84.266144,87.333824
250,2.083333,-0.014630,0.669858,0.015713,0.742179,-217.299698,84.271652,87.336266
251,2.091667,-0.014679,0.669790,0.015603,0.742242,-217.299896,84.272919,87.334183
252,2.100000,-0.014696,0.669867,0.015410,0.742176,-217.300491,84.273636,87.336472
253,2.108333,-0.015763,0.669522,0.015716,0.742458,-217.297989,84.267677,87.334137
254,2.116667,-0.015946,0.669485,0.015594,0.742491,-217.297745,84.266045,87.334053
255,2.125000,-0.015868,0.669507,0.015781,0.742468,-217.298981,84.266548,87.334190
256,2.133333,-0.014652,0.669823,0.015610,0.742212,-217.300705,84.272423,87.334892
257,2.141667,-0.014396,0.669901,0.015625,0.742147,-217.301056,84.273087,87.336624
258,2.150000,-0.014358,0.669838,0.015438,0.742208,-217.300323,84.273590,87.336327
259,2.158333,-0.015917,0.669589,0.015694,0.742396,-217.297272,84.265953,87.334450
260,2.166667,-0.015892,0.669480,0.015713,0.742494,-217.298050,84.265503,87.334267
261,2.175000,-0.014878,0.669823,0.015457,0.742211,-217.300995,84.271973,87.334579
262,2.183333,-0.014730,0.669793,0.015719,0.742235,-217.301804,84.272118,87.335991
263,2.191667,-0.014494,0.669825,0.015618,0.742213,-217.301697,84.272644,87.336266
264,2.200000,-0.015587,0.669575,0.015670,0.742415,-217.298859,84.265755,87.334183
265,2.208333,-0.015646,0.669658,0.015758,0.742338,-217.299484,84.266052,87.334641
266,2.216667,-0.014767,0.669822,0.015632,0.742210,-217.301361,84.270836,87.335846
267,2.225000,-0.015696,0.669451,0.015693,0.742525,-217.299026,84.264748,87.334892
268,2.233333,-0.014930,0.669756,0.015634,0.742266,-217.300751,84.270668,87.334953
269,2.241667,-0.014619,0.669828,0.015674,0.742207,-217.301727,84.272003,87.336334
270,2.250000,-0.014510,0.669801,0.015741,0.742232,-217.301636,84.271957,87.336456
271,2.258333,-0.014432,0.669771,0.015803,0.742259,-217.299957,84.272293,87.335274
272,2.266667,-0.014282,0.669842,0.015925,0.742196,-217.299789,84.274887,87.337860
273,2.275000,-0.015654,0.669544,0.015958,0.742436,-217.295288,84.265549,87.335220
274,2.283333,-0.015627,0.669530,0.015933,0.742450,-217.296341,84.265831,87.335327
275,2.291667,-0.014796,0.669787,0.015720,0.742240,-217.298798,84.270905,87.336296
276,2.300000,-0.014678,0.669801,0.015586,0.742232,-217.298752,84.271774,87.336029
277,2.308333,-0.014289,0.669857,0.015771,0.742185,-217.300873,84.274597,87.338951
278,2.316667,-0.014464,0.669769,0.015552,0.742266,-217.299301,84.273491,87.337479
279,2.325000,-0.015471,0.669590,0.015684,0.742404,-217.297012,84.266914,87.336472
280,2.333333,-0.014682,0.669833,0.015467,0.742205,-217.300201,84.271713,87.337318
281,2.341667,-0.014650,0.669787,0.015358,0.742250,-217.300247,84.270897,87.336395
282,2.350000,-0.015631,0.669542,0.016041,0.742437,-217.298584,84.264877,87.334427
283,2.358333,-0.015829,0.669512,0.016055,0.742459,-217.298859,84.263596,87.332077
284,2.366667,-0.015770,0.669589,0.016042,0.742392,-217.299835,84.263466,87.332268
285,2.375000,-0.015759,0.669509,0.016070,0.742463,-217.299820,84.263756,87.330551
286,2.383333,-0.015839,0.669573,0.016171,0.742401,-217.298843,84.263840,87.331505
287,2.391667,-0.015637,0.669548,0.016272,0.742426,-217.298630,84.265022,87.332909
288,2.400000,-0.014605,0.669854,0.015828,0.742180,-217.297943,84.271339,87.334808
289,2.408333,-0.015499,0.669476,0.015868,0.742502,-217.293900,84.264633,87.339958
290,2.416667,-0.015496,0.669459,0.016105,0.742513,-217.291168,84.263680,87.341537
291,2.425000,-0.015131,0.669475,0.016006,0.742508,-217.291000,84.264046,87.347374
292,2.433333,-0.014926,0.669450,0.016217,0.742530,-217.289322,84.263168,87.352547
293,2.441667,-0.014680,0.669407,0.016245,0.742573,-217.287308,84.261604,87.355774
294,2.450000,-0.014142,0.669389,0.016276,0.742599,-217.286163,84.260651,87.363007
295,2.458333,-0.013766,0.669378,0.016388,0.742614,-217.283218,84.258736,87.371407
296,2.466667,-0.013219,0.669101,0.016763,0.742865,-217.281006,84.254898,87.384834
297,2.475000,-0.012852,0.668930,0.017004,0.743020,-217.276794,84.251450,87.396965
298,2.483333,-0.012194,0.668730,0.017428,0.743201,-217.273834,84.248817,87.411964
299,2.491667,-0.011465,0.668695,0.017907,0.743232,-217.273087,84.246376,87.429489
300,2.500000,-0.010840,0.668397,0.018170,0.743504,-217.270309,84.242851,87.442162
301,2.508333,-0.010218,0.668254,0.018531,0.743632,-217.266708,84.238914,87.455330
302,2.516667,-0.009517,0.668191,0.018886,0.743689,-217.262573,84.235886,87.468597
303,2.525000,-0.008954,0.668241,0.019069,0.743646,-217.257904,84.231346,87.482819
304,2.533333,-0.008056,0.668059,0.020465,0.743783,-217.256073,84.230583,87.497963
305,2.541667,-0.007151,0.668064,0.021264,0.743766,-217.249756,84.226395,87.508102
306,2.550000,-0.005666,0.668272,0.022307,0.743561,-217.245392,84.224113,87.519936
307,2.558333,-0.005007,0.668249,0.022905,0.743568,-217.237442,84.218475,87.528214
308,2.566667,-0.004090,0.668274,0.023319,0.743538,-217.231720,84.216385,87.538376
309,2.575000,-0.003110,0.668506,0.023566,0.743327,-217.222885,84.216431,87.548515
310,2.583333,-0.002119,0.668567,0.023992,0.743261,-217.214203,84.216042,87.556160
311,2.591667,-0.000692,0.669408,0.024140,0.742503,-217.209274,84.222397,87.578789
312,2.600000,0.000085,0.669611,0.024079,0.742322,-217.198700,84.224403,87.586617
313,2.608333,0.000800,0.669616,0.024120,0.742316,-217.190475,84.227577,87.596436
314,2.616667,0.001416,0.669630,0.024421,0.742292,-217.185028,84.227631,87.602219
315,2.625000,0.001981,0.669574,0.024641,0.742334,-217.183136,84.225677,87.608253
316,2.633333,0.002168,0.669566,0.025131,0.742324,-217.183975,84.222939,87.617363
317,2.641667,0.002432,0.669573,0.025208,0.742314,-217.182632,84.221924,87.621887
318,2.650000,0.002694,0.669591,0.025509,0.742287,-217.182037,84.220612,87.630302
319,2.658333,0.003070,0.669480,0.025653,0.742381,-217.179825,84.219406,87.635269
320,2.666667,0.003311,0.669422,0.025741,0.742429,-217.177704,84.217545,87.642738
321,2.675000,0.003830,0.669447,0.026172,0.742389,-217.177704,84.217033,87.647911
322,2.683333,0.003889,0.669291,0.026414,0.742520,-217.178848,84.215866,87.649834
323,2.691667,0.003672,0.669259,0.026440,0.742549,-217.181610,84.216827,87.652000
324,2.700000,0.003217,0.669353,0.026002,0.742483,-217.181564,84.216812,87.648735
325,2.708333,0.003264,0.669439,0.026212,0.742397,-217.182968,84.218742,87.642982
326,2.716667,0.002670,0.669552,0.026185,0.742299,-217.186066,84.219353,87.631622
327,2.725000,0.001390,0.669775,0.025646,0.742120,-217.192322,84.222900,87.607918
328,2.733333,-0.000218,0.669920,0.024690,0.742023,-217.201965,84.227875,87.584717
329,2.741667,-0.001771,0.670025,0.023586,0.741962,-217.211655,84.234657,87.560814
330,2.750000,-0.003596,0.669142,0.022310,0.742791,-217.215591,84.240211,87.534256
331,2.758333,-0.004731,0.669146,0.020956,0.742820,-217.218048,84.244431,87.521446
332,2.766667,-0.004939,0.669062,0.021519,0.742879,-217.226929,84.261169,87.529617
333,2.775000,-0.004103,0.670150,0.021878,0.741892,-217.237137,84.289543,87.544922
334,2.783333,-0.004193,0.670177,0.021666,0.741873,-217.239243,84.325287,87.543007
335,2.791667,-0.004532,0.670060,0.022109,0.741964,-217.248749,84.374466,87.550636
336,2.800000,-0.004963,0.669848,0.021939,0.742157,-217.252350,84.421448,87.561356
337,2.808333,-0.005546,0.669743,0.022352,0.742236,-217.255737,84.470772,87.576897
338,2.816667,-0.005969,0.669416,0.022712,0.742517,-217.257401,84.521118,87.591530
339,2.825000,-0.007369,0.669403,0.024234,0.742468,-217.259140,84.593155,87.599632
340,2.833333,-0.007550,0.669036,0.024580,0.742785,-217.254807,84.649277,87.622894
341,2.841667,-0.007588,0.668924,0.024248,0.742896,-217.246704,84.699150,87.637520
342,2.850000,-0.003131,0.669304,0.023184,0.742620,-217.244415,84.771034,87.648026
343,2.858333,-0.002214,0.669403,0.021724,0.742578,-217.233063,84.818497,87.663681
344,2.866667,-0.002246,0.669455,0.020927,0.742555,-217.221542,84.862587,87.678612
345,2.875000,-0.001845,0.669638,0.021115,0.742385,-217.215698,84.916603,87.692528
346,2.883333,-0.002296,0.669463,0.020752,0.742552,-217.207199,84.978119,87.701988
347,2.891667,-0.002540,0.669467,0.020907,0.742543,-217.200165,85.042259,87.714355
348,2.900000,-0.003229,0.669448,0.021136,0.742551,-217.192215,85.107170,87.724327
349,2.908333,-0.003734,0.669375,0.021249,0.742612,-217.187241,85.172935,87.736252
350,2.916667,-0.003352,0.670380,0.021006,0.741713,-217.186264,85.239532,87.761368
351,2.925000,-0.004516,0.670559,0.020051,0.741572,-217.181641,85.295204,87.768196
352,2.933333,-0.000625,0.670138,0.018584,0.742004,-217.191483,85.379669,87.761322
353,2.941667,-0.001401,0.670382,0.018115,0.741793,-217.188354,85.432030,87.767700
354,2.950000,-0.003226,0.670563,0.018117,0.741624,-217.183350,85.483040,87.779037
355,2.958333,-0.004708,0.670564,0.017801,0.741623,-217.178635,85.532089,87.790543
356,2.966667,-0.005630,0.670471,0.018152,0.741692,-217.176346,85.577370,87.797501
357,2.975000,-0.004500,0.670725,0.019068,0.741448,-217.178391,85.626617,87.807800
358,2.983333,-0.004086,0.670833,0.020036,0.741327,-217.174271,85.673843,87.815331
359,2.991667,-0.003813,0.670978,0.020186,0.741193,-217.169540,85.725662,87.823990
360,3.000000,-0.004651,0.671130,0.019483,0.741069,-217.161804,85.775444,87.831917
361,3.008333,-0.007200,0.671032,0.016860,0.741202,-217.153687,85.836655,87.838837
362,3.016667,-0.008479,0.671029,0.015886,0.741212,-217.147644,85.890541,87.847778
363,3.025000,-0.009086,0.671199,0.015935,0.741050,-217.137283,85.943207,87.853287
364,3.033333,-0.008744,0.671473,0.016767,0.740788,-217.128677,85.998352,87.866203
365,3.041667,-0.003693,0.671214,0.017839,0.741040,-217.128998,86.079338,87.864929
366,3.050000,-0.003756,0.671187,0.018579,0.741046,-217.122314,86.133553,87.867073
367,3.058333,-0.004829,0.671270,0.018062,0.740977,-217.119858,86.190681,87.870773
368,3.066667,-0.006826,0.671374,0.016338,0.740907,-217.115143,86.252686,87.876785
369,3.075000,-0.008861,0.671549,0.014750,0.740760,-217.111130,86.312508,87.885056
370,3.083333,-0.010384,0.671696,0.013269,0.740635,-217.106583,86.374298,87.890038
371,3.091667,-0.011988,0.671585,0.012143,0.740731,-217.101364,86.435402,87.892975
372,3.100000,-0.012106,0.671601,0.015848,0.740645,-217.103531,86.501366,87.897156
373,3.108333,-0.011683,0.671502,0.017208,0.740711,-217.097809,86.547874,87.904671
374,3.116667,-0.011336,0.671405,0.017265,0.740803,-217.097855,86.587372,87.913498
375,3.125000,-0.011600,0.671526,0.016632,0.740704,-217.094803,86.625816,87.915497
376,3.133333,-0.008204,0.671179,0.015165,0.741094,-217.100784,86.693947,87.913818
377,3.141667,-0.010108,0.671088,0.012850,0.741198,-217.099518,86.749474,87.921074
378,3.150000,-0.011899,0.670970,0.011506,0.741300,-217.092270,86.792938,87.924873
379,3.158333,-0.013345,0.670847,0.010489,0.741402,-217.087677,86.837044,87.930443
380,3.166667,-0.014052,0.670716,0.010319,0.741510,-217.087128,86.877731,87.932762
381,3.175000,-0.014237,0.670668,0.010528,0.741546,-217.086502,86.919380,87.934898
382,3.183333,-0.014277,0.670623,0.010832,0.741582,-217.084625,86.963295,87.935349
383,3.191667,-0.014932,0.670669,0.010574,0.741531,-217.080948,87.005386,87.940163
384,3.200000,-0.015366,0.670752,0.012334,0.741420,-217.085678,87.056198,87.944489
385,3.208333,-0.016348,0.670910,0.012578,0.741252,-217.078232,87.101021,87.944908
386,3.216667,-0.017181,0.671063,0.013277,0.741082,-217.081863,87.149612,87.946487
387,3.225000,-0.018278,0.670880,0.012081,0.741242,-217.079926,87.184357,87.955307
388,3.233333,-0.018900,0.670975,0.010948,0.741158,-217.075134,87.212303,87.960686
389,3.241667,-0.019284,0.671275,0.010278,0.740886,-217.070419,87.240593,87.963829
390,3.250000,-0.019797,0.671461,0.009925,0.740709,-217.068451,87.266487,87.965446
391,3.258333,-0.020224,0.671442,0.009757,0.740717,-217.068832,87.291351,87.969002
392,3.266667,-0.020378,0.671498,0.009524,0.740665,-217.066238,87.313248,87.968079
393,3.275000,-0.015930,0.671246,0.009006,0.741009,-217.072479,87.355835,87.960968
394,3.283333,-0.015622,0.671342,0.008891,0.740930,-217.069748,87.375137,87.964119
395,3.291667,-0.015897,0.671228,0.008824,0.741028,-217.066025,87.392715,87.964020
396,3.300000,-0.015821,0.672276,0.008655,0.740081,-217.069427,87.416489,87.981758
397,3.308333,-0.016452,0.672356,0.009094,0.739989,-217.072006,87.436676,87.981461
398,3.316667,-0.017185,0.672317,0.009168,0.740007,-217.076233,87.459442,87.982414
399,3.325000,-0.018189,0.672369,0.009133,0.739936,-217.080597,87.483795,87.983795
400,3.333333,-0.019024,0.672487,0.009210,0.739807,-217.083023,87.512871,87.980209
401,3.341667,-0.018821,0.672763,0.009229,0.739561,-217.086166,87.543701,87.984428
402,3.350000,-0.018902,0.672696,0.008582,0.739628,-217.083435,87.562950,87.982887
403,3.358333,-0.018855,0.672869,0.008564,0.739472,-217.081619,87.578575,87.985886
404,3.366667,-0.018748,0.672918,0.008665,0.739429,-217.079681,87.594124,87.986786
405,3.375000,-0.018930,0.672979,0.008681,0.739368,-217.077515,87.610825,87.983940
406,3.383333,-0.019342,0.673032,0.008543,0.739311,-217.077042,87.628952,87.985977
407,3.391667,-0.019944,0.673047,0.008619,0.739281,-217.075531,87.644081,87.982353
408,3.400000,-0.020464,0.673157,0.008482,0.739168,-217.075729,87.667191,87.981552
409,3.408333,-0.020757,0.673164,0.008307,0.739155,-217.075272,87.690529,87.980278
410,3.416667,-0.020999,0.673142,0.008453,0.739167,-217.072845,87.715302,87.979164
411,3.425000,-0.020672,0.673271,0.008816,0.739054,-217.071274,87.737442,87.981178
412,3.433333,-0.020706,0.673125,0.009022,0.739184,-217.066528,87.755844,87.978401
413,3.441667,-0.020634,0.673171,0.009213,0.739142,-217.064590,87.775742,87.981255
414,3.450000,-0.020837,0.672980,0.010045,0.739299,-217.062088,87.796051,87.982620
415,3.458333,-0.021477,0.672894,0.010020,0.739359,-217.062683,87.820534,87.987831
416,3.466667,-0.022366,0.672871,0.009843,0.739356,-217.060547,87.840027,87.987381
417,3.475000,-0.022801,0.672893,0.009648,0.739326,-217.059296,87.857971,87.986130
418,3.483333,-0.022915,0.673012,0.009465,0.739215,-217.057297,87.877693,87.988754
419,3.491667,-0.023223,0.673111,0.009540,0.739115,-217.054398,87.894783,87.988503
420,3.500000,-0.023313,0.673104,0.009410,0.739120,-217.052292,87.914673,87.990746
421,3.508333,-0.019104,0.672874,0.008899,0.739456,-217.052551,87.956749,87.983047
422,3.516667,-0.017698,0.672827,0.008865,0.739535,-217.037506,87.979149,87.982613
423,3.525000,-0.016714,0.672883,0.008552,0.739510,-217.022537,88.003380,87.985664
424,3.533333,-0.016860,0.673110,0.008204,0.739304,-217.003662,88.042473,87.987549
425,3.541667,-0.018269,0.673388,0.007598,0.739024,-216.983063,88.106140,87.999397
426,3.550000,-0.022040,0.673303,0.005075,0.739021,-216.964386,88.184273,88.005898
427,3.558333,-0.022327,0.673901,0.003743,0.738475,-216.945343,88.264915,88.014839
428,3.566667,-0.023184,0.674155,0.003662,0.738217,-216.920853,88.330986,88.019165
429,3.575000,-0.024090,0.674460,0.003769,0.737909,-216.892273,88.396660,88.020668
430,3.583333,-0.024955,0.674723,0.003753,0.737640,-216.866516,88.451675,88.027954
431,3.591667,-0.025692,0.675033,0.004073,0.737329,-216.846680,88.496605,88.030785
432,3.600000,-0.025679,0.675172,0.004216,0.737201,-216.840408,88.537338,88.032860
433,3.608333,-0.026496,0.675203,0.003833,0.737146,-216.847198,88.578003,88.036041
434,3.616667,-0.027628,0.674975,0.002739,0.737319,-216.853302,88.619606,88.035461
435,3.625000,-0.026213,0.674318,-0.000113,0.737975,-216.868851,88.687256,88.028709
436,3.633333,-0.026945,0.674013,-0.001001,0.738227,-216.872330,88.720261,88.026848
437,3.641667,-0.026900,0.674201,-0.000513,0.738058,-216.871597,88.742172,88.029152
438,3.650000,-0.026754,0.674310,0.000071,0.737964,-216.869095,88.759453,88.030731
439,3.658333,-0.026940,0.674302,0.000200,0.737964,-216.864395,88.776024,88.029587
440,3.666667,-0.026824,0.674447,0.000251,0.737836,-216.863464,88.793877,88.034485
441,3.675000,-0.026804,0.674376,0.000004,0.737902,-216.863083,88.806137,88.031792
442,3.683333,-0.026974,0.674363,-0.000124,0.737907,-216.865967,88.815102,88.034355
443,3.691667,-0.027274,0.674269,-0.000531,0.737981,-216.866928,88.822136,88.033005
444,3.700000,-0.027385,0.674327,-0.000655,0.737924,-216.867355,88.828064,88.032524
445,3.708333,-0.027247,0.674412,-0.000404,0.737852,-216.867905,88.829117,88.034019
446,3.716667,-0.027153,0.674337,-0.000368,0.737924,-216.867035,88.825882,88.032211
447,3.725000,-0.027057,0.674367,-0.000250,0.737900,-216.866760,88.818970,88.033936
448,3.733333,-0.027037,0.674411,-0.000270,0.737861,-216.865417,88.814270,88.032700
449,3.741667,-0.026737,0.674451,-0.000033,0.737836,-216.865707,88.816055,88.032455
450,3.750000,-0.026931,0.674394,0.000003,0.737880,-216.864197,88.819595,88.033279
451,3.758333,-0.027138,0.674440,-0.000286,0.737830,-216.862320,88.823792,88.032639
452,3.766667,-0.027163,0.674389,-0.000279,0.737877,-216.861267,88.825897,88.033829
453,3.775000,-0.027269,0.674314,-0.000486,0.737941,-216.860291,88.823334,88.031952
454,3.783333,-0.027214,0.674369,-0.000242,0.737893,-216.861633,88.817909,88.033157
455,3.791667,-0.026840,0.674369,-0.000214,0.737906,-216.862350,88.817795,88.032341
456,3.800000,-0.026880,0.674327,-0.000143,0.737944,-216.862579,88.817398,88.030281
457,3.808333,-0.026906,0.674507,-0.000093,0.737778,-216.864151,88.820221,88.032669
458,3.816667,-0.026901,0.674362,-0.000187,0.737911,-216.863678,88.822838,88.030075
459,3.825000,-0.027038,0.674345,-0.000145,0.737921,-216.865158,88.823608,88.031815
460,3.833333,-0.026935,0.674328,-0.000139,0.737940,-216.865997,88.821663,88.031593
461,3.841667,-0.026913,0.674306,-0.000110,0.737961,-216.866379,88.819214,88.030365
462,3.850000,-0.026900,0.674302,-0.000234,0.737966,-216.867828,88.818016,88.032707
463,3.858333,-0.026983,0.674322,-0.000215,0.737945,-216.867249,88.818779,88.030426
464,3.866667,-0.027087,0.674408,-0.000339,0.737862,-216.866760,88.820091,88.033447
465,3.875000,-0.027225,0.674350,-0.000336,0.737910,-216.864853,88.822578,88.032219
466,3.883333,-0.027286,0.674359,-0.000288,0.737899,-216.863602,88.822479,88.033463
467,3.891667,-0.027265,0.674358,-0.000328,0.737901,-216.862991,88.820122,88.034241
468,3.900000,-0.026841,0.674473,0.000035,0.737811,-216.861343,88.818649,88.031578
469,3.908333,-0.026649,0.674392,0.000006,0.737892,-216.862030,88.819550,88.033836
470,3.916667,-0.026891,0.674325,0.000025,0.737945,-216.860382,88.820824,88.031700
471,3.925000,-0.027033,0.674423,-0.000009,0.737850,-216.860123,88.821770,88.032845
472,3.933333,-0.026986,0.674399,-0.000151,0.737874,-216.860550,88.822952,88.033371
473,3.941667,-0.027025,0.674403,-0.000150,0.737869,-216.860489,88.821648,88.032433
474,3.950000,-0.027051,0.674316,-0.000073,0.737947,-216.862137,88.819099,88.033234
475,3.958333,-0.026949,0.674281,-0.000083,0.737983,-216.862198,88.818642,88.030762
476,3.966667,-0.026849,0.674390,-0.000166,0.737887,-216.863281,88.820396,88.031525
477,3.975000,-0.026975,0.674339,-0.000050,0.737929,-216.862732,88.821968,88.030663
478,3.983333,-0.026912,0.674336,-0.000097,0.737934,-216.862671,88.822784,88.030273
479,3.991667,-0.027209,0.674317,-0.000429,0.737940,-216.864105,88.820862,88.033951
480,4.000000,-0.027034,0.674357,-0.000363,0.737911,-216.863510,88.819618,88.033165
481,4.008333,-0.027007,0.674344,-0.000045,0.737923,-216.863937,88.817101,88.034676
482,4.016667,-0.027023,0.674382,-0.000265,0.737888,-216.863937,88.817520,88.035133
483,4.025000,-0.026888,0.674414,-0.000210,0.737864,-216.864655,88.821182,88.035973
484,4.033333,-0.026734,0.674279,-0.000217,0.737993,-216.865707,88.823227,88.037033
485,4.041667,-0.027026,0.674368,-0.000181,0.737901,-216.864685,88.821503,88.036774
486,4.050000,-0.026842,0.674325,-0.000148,0.737946,-216.866043,88.820892,88.037331
487,4.058333,-0.026815,0.674308,0.000005,0.737963,-216.866272,88.819351,88.036354
488,4.066667,-0.026718,0.674345,0.000028,0.737933,-216.867493,88.818092,88.037529
489,4.075000,-0.026812,0.674379,-0.000124,0.737899,-216.867188,88.820084,88.036560
490,4.083333,-0.026677,0.674371,0.000034,0.737911,-216.866928,88.821594,88.032951
491,4.091667,-0.027043,0.674397,-0.000177,0.737874,-216.866562,88.822006,88.035751
492,4.100000,-0.026917,0.674384,-0.000237,0.737890,-216.866165,88.822174,88.033684
493,4.108333,-0.027074,0.674430,-0.000086,0.737842,-216.866257,88.819374,88.033867
494,4.116667,-0.026713,0.674372,0.000065,0.737909,-216.866547,88.820068,88.031944
495,4.125000,-0.026564,0.674425,0.000233,0.737865,-216.866043,88.819847,88.030128
496,4.133333,-0.026875,0.674442,0.000079,0.737838,-216.866180,88.820091,88.031418
497,4.141667,-0.026760,0.674413,0.000081,0.737869,-216.865540,88.821991,88.029060
498,4.150000,-0.026869,0.674424,-0.000046,0.737855,-216.867096,88.821564,88.031425
499,4.158333,-0.027024,0.674377,-0.000190,0.737893,-216.866135,88.819679,88.031540
500,4.166667,-0.026854,0.674419,-0.000313,0.737860,-216.867249,88.818893,88.031387
501,4.175000,-0.026993,0.674398,-0.000302,0.737875,-216.867859,88.818092,88.031944
502,4.183333,-0.027029,0.674306,-0.000153,0.737957,-216.867477,88.818146,88.030418
503,4.191667,-0.027018,0.674346,-0.000174,0.737921,-216.868683,88.820778,88.034126
504,4.200000,-0.027075,0.674393,-0.000089,0.737876,-216.867966,88.820930,88.032936
505,4.208333,-0.026829,0.674408,-0.000072,0.737871,-216.867966,88.820084,88.033157
506,4.216667,-0.026789,0.674409,-0.000018,0.737872,-216.868118,88.819794,88.033875
507,4.225000,-0.027017,0.674421,-0.000178,0.737852,-216.867111,88.820091,88.032555
508,4.233333,-0.027110,0.674371,-0.000311,0.737895,-216.867584,88.822487,88.034096
509,4.241667,-0.026996,0.674371,-0.000210,0.737899,-216.866333,88.825554,88.034615
510,4.250000,-0.026963,0.674410,-0.000274,0.737864,-216.867111,88.830582,88.037582
511,4.258333,-0.027079,0.674453,-0.000315,0.737821,-216.868927,88.836960,88.039253
512,4.266667,-0.027208,0.674415,-0.000461,0.737851,-216.871475,88.843430,88.042740
513,4.275000,-0.027363,0.674327,-0.000794,0.737925,-216.875076,88.854454,88.048271
514,4.283333,-0.027939,0.674257,-0.000981,0.737967,-216.878723,88.862679,88.053116
515,4.291667,-0.028195,0.674145,-0.001167,0.738059,-216.883392,88.870728,88.064232
516,4.300000,-0.028144,0.674123,-0.001162,0.738082,-216.887451,88.872948,88.074112
517,4.308333,-0.028111,0.673892,-0.001359,0.738294,-216.896988,88.867989,88.086700
518,4.316667,-0.028089,0.673704,-0.001360,0.738466,-216.910721,88.854965,88.107018
519,4.325000,-0.027679,0.673407,-0.001345,0.738752,-216.927719,88.836357,88.122444
520,4.333333,-0.027316,0.673099,-0.000559,0.739048,-216.953094,88.814430,88.149933
521,4.341667,-0.027029,0.672721,0.000084,0.739403,-216.982407,88.795486,88.172501
522,4.350000,-0.027042,0.672135,-0.000029,0.739935,-217.025757,88.768036,88.195793
523,4.358333,-0.026797,0.671781,-0.000018,0.740265,-217.069122,88.741356,88.219147
524,4.366667,-0.026582,0.671245,0.000050,0.740758,-217.113113,88.716354,88.241638
525,4.375000,-0.024870,0.672019,-0.000211,0.740116,-217.169830,88.707336,88.284561
526,4.383333,-0.025371,0.671334,-0.000387,0.740720,-217.218735,88.695938,88.307632
527,4.391667,-0.025963,0.670204,-0.000963,0.741722,-217.273376,88.683922,88.340034
528,4.400000,-0.025854,0.669010,-0.001266,0.742803,-217.330307,88.666092,88.370857
529,4.408333,-0.029800,0.669269,-0.000612,0.742422,-217.384796,88.610451,88.421516
530,4.416667,-0.029904,0.668825,0.000751,0.742818,-217.445923,88.580826,88.461243
531,4.425000,-0.029434,0.667805,0.001376,0.743753,-217.514801,88.558624,88.497696
532,4.433333,-0.029090,0.666895,0.001845,0.744582,-217.588837,88.535759,88.530312
533,4.441667,-0.029319,0.666191,0.000339,0.745205,-217.658524,88.512459,88.567368
534,4.450000,-0.030094,0.665641,-0.000952,0.745664,-217.731430,88.492569,88.609810
535,4.458333,-0.029848,0.664397,-0.000530,0.746784,-217.825958,88.468132,88.657761
536,4.466667,-0.029574,0.664520,-0.000809,0.746684,-217.904022,88.445137,88.710548
537,4.475000,-0.029706,0.663781,0.001043,0.747336,-217.990906,88.438568,88.759750
538,4.483333,-0.028880,0.662852,0.001721,0.748191,-218.080612,88.425697,88.806488
539,4.491667,-0.029151,0.661905,-0.000278,0.749021,-218.162781,88.401581,88.853607
540,4.500000,-0.029602,0.660808,-0.001281,0.749970,-218.246292,88.380257,88.896393
541,4.508333,-0.029331,0.659655,-0.001202,0.750995,-218.347092,88.365898,88.942810
542,4.516667,-0.029668,0.658969,0.001024,0.751584,-218.445114,88.373756,88.992615
543,4.525000,-0.029870,0.658964,0.001430,0.751580,-218.538879,88.378296,89.059807
544,4.533333,-0.030239,0.657479,0.000216,0.752866,-218.629410,88.368073,89.123436
545,4.541667,-0.031152,0.656951,-0.002575,0.753285,-218.724747,88.369194,89.175125
546,4.550000,-0.033953,0.655370,-0.005552,0.754524,-218.831818,88.391609,89.227173
547,4.558333,-0.034288,0.654532,-0.003544,0.755248,-218.927307,88.419769,89.286133
548,4.566667,-0.030543,0.653721,-0.003838,0.756110,-219.035172,88.458595,89.328201
549,4.575000,-0.030123,0.653072,-0.005079,0.756680,-219.143539,88.479179,89.397469
550,4.583333,-0.031530,0.651476,-0.005770,0.757992,-219.246414,88.506439,89.453133
551,4.591667,-0.032988,0.650952,-0.005807,0.758380,-219.357986,88.545990,89.524269
552,4.600000,-0.034822,0.649877,-0.007683,0.759202,-219.455078,88.576202,89.582062
553,4.608333,-0.035975,0.648631,-0.008380,0.760206,-219.563339,88.593552,89.640854
554,4.616667,-0.036512,0.647656,-0.008716,0.761008,-219.667435,88.608551,89.690178
555,4.625000,-0.036208,0.647301,-0.009370,0.761316,-219.785889,88.626007,89.753433
556,4.633333,-0.036534,0.646063,-0.009377,0.762352,-219.901535,88.644882,89.805710
557,4.641667,-0.038629,0.644408,-0.011441,0.763620,-220.010086,88.666542,89.850342
558,4.650000,-0.040665,0.643393,-0.012630,0.764351,-220.123627,88.676590,89.899086
559,4.658333,-0.042013,0.642206,-0.013620,0.765259,-220.239838,88.682579,89.943199
560,4.666667,-0.042565,0.640800,-0.014306,0.766393,-220.359161,88.678978,89.976692
561,4.675000,-0.041996,0.640552,-0.014052,0.766636,-220.485550,88.666245,90.023788
562,4.683333,-0.041514,0.639669,-0.013396,0.767412,-220.613190,88.646385,90.055206
563,4.691667,-0.041111,0.638259,-0.012514,0.768621,-220.729401,88.620987,90.091522
564,4.700000,-0.041915,0.636809,-0.013882,0.769757,-220.848541,88.603127,90.126488
565,4.708333,-0.042837,0.635535,-0.014758,0.770741,-220.975418,88.584084,90.157356
566,4.716667,-0.042369,0.634206,-0.013859,0.771878,-221.103592,88.561852,90.180145
567,4.725000,-0.042212,0.633163,-0.013429,0.772750,-221.218414,88.546616,90.206963
568,4.733333,-0.041234,0.632957,-0.012708,0.772984,-221.349197,88.525963,90.250870
569,4.741667,-0.041920,0.632013,-0.013145,0.773711,-221.469589,88.494980,90.283478
570,4.750000,-0.036824,0.629966,-0.014053,0.775622,-221.594788,88.494293,90.288254
571,4.758333,-0.042381,0.628674,-0.014731,0.776373,-221.717255,88.435059,90.332207
572,4.766667,-0.042164,0.627766,-0.014214,0.777129,-221.837021,88.395020,90.359200
573,4.775000,-0.041620,0.626937,-0.013574,0.777839,-221.954987,88.362335,90.385941
574,4.783333,-0.041636,0.625518,-0.013150,0.778987,-222.083832,88.346069,90.411057
575,4.791667,-0.042259,0.624202,-0.014250,0.779989,-222.214630,88.324699,90.428696
576,4.800000,-0.037555,0.623941,-0.015291,0.780419,-222.358917,88.335190,90.457718
577,4.808333,-0.037609,0.622528,-0.015441,0.781541,-222.495575,88.309196,90.480438
578,4.816667,-0.038134,0.620773,-0.015699,0.782905,-222.627289,88.278320,90.492157
579,4.825000,-0.038054,0.618668,-0.015950,0.784568,-222.769928,88.246033,90.512924
580,4.833333,-0.037945,0.617299,-0.015482,0.785660,-222.900970,88.213470,90.527168
581,4.841667,-0.038376,0.617044,-0.014600,0.785857,-223.037460,88.168762,90.558258
582,4.850000,-0.038285,0.615701,-0.015109,0.786904,-223.172287,88.135979,90.577492
583,4.858333,-0.038795,0.614211,-0.015938,0.788027,-223.312119,88.107620,90.593742
584,4.866667,-0.039277,0.612548,-0.015834,0.789298,-223.453491,88.090675,90.611252
585,4.875000,-0.039107,0.612105,-0.016054,0.789646,-223.606110,88.074554,90.637138
586,4.883333,-0.039274,0.610405,-0.016001,0.790954,-223.746918,88.047791,90.654854
587,4.891667,-0.039097,0.608763,-0.015619,0.792234,-223.887375,88.017380,90.666420
588,4.900000,-0.038993,0.607148,-0.015274,0.793485,-224.036835,87.980591,90.671608
589,4.908333,-0.038798,0.605611,-0.014741,0.794677,-224.184341,87.947876,90.677330
590,4.916667,-0.039033,0.604521,-0.014846,0.795494,-224.339767,87.911552,90.702751
591,4.925000,-0.040272,0.602862,-0.016185,0.796664,-224.488205,87.880119,90.716255
592,4.933333,-0.040555,0.601380,-0.016308,0.797766,-224.629761,87.850441,90.727196
593,4.941667,-0.040523,0.600579,-0.016447,0.798369,-224.766373,87.821541,90.737541
594,4.950000,-0.039813,0.600330,-0.016340,0.798594,-224.915070,87.803963,90.752701
595,4.958333,-0.041564,0.598291,-0.018115,0.799995,-225.064163,87.782074,90.763374
596,4.966667,-0.041583,0.596723,-0.018380,0.801158,-225.209595,87.753181,90.771606
597,4.975000,-0.041370,0.595336,-0.017612,0.802218,-225.357635,87.720673,90.783012
598,4.983333,-0.040704,0.593570,-0.017003,0.803572,-225.511475,87.679901,90.787193
599,4.991667,-0.040765,0.592516,-0.017390,0.804339,-225.655792,87.646156,90.787201
600,5.000000,-0.040406,0.591119,-0.016592,0.805401,-225.811890,87.614616,90.789192
601,5.008333,-0.040958,0.589814,-0.016978,0.806321,-225.959824,87.590286,90.789711
602,5.016667,-0.040950,0.588203,-0.016917,0.807498,-226.103668,87.563202,90.784676
603,5.025000,-0.040275,0.587881,-0.014547,0.807813,-226.261444,87.556648,90.793983
604,5.033333,-0.039965,0.586831,-0.014415,0.808594,-226.402695,87.526840,90.785751
605,5.041667,-0.035291,0.585491,-0.014659,0.809778,-226.541977,87.524033,90.772652
606,5.050000,-0.034173,0.583906,-0.013607,0.810987,-226.682205,87.488815,90.759209
607,5.058333,-0.033690,0.582262,-0.015097,0.812163,-226.807068,87.434700,90.759621
608,5.066667,-0.033363,0.580699,-0.015667,0.813284,-226.941010,87.391457,90.758347
609,5.075000,-0.033764,0.578951,-0.016015,0.814505,-227.091568,87.350235,90.752449
610,5.083333,-0.034109,0.577290,-0.013955,0.815707,-227.236603,87.322067,90.744553
611,5.091667,-0.035666,0.576431,-0.014020,0.816247,-227.379486,87.281769,90.745956
612,5.100000,-0.035523,0.575429,-0.013002,0.816976,-227.528595,87.244507,90.737526
613,5.108333,-0.034704,0.574091,-0.013785,0.817939,-227.675156,87.202560,90.734070
614,5.116667,-0.035282,0.572139,-0.015368,0.819254,-227.830719,87.166443,90.720757
615,5.125000,-0.036073,0.570877,-0.016280,0.820081,-227.980682,87.140495,90.715530
616,5.133333,-0.036490,0.570764,-0.015635,0.820154,-228.142212,87.126450,90.714577
617,5.141667,-0.036851,0.569522,-0.015735,0.820999,-228.285461,87.097862,90.709343
618,5.150000,-0.036739,0.568045,-0.014879,0.822042,-228.429459,87.060204,90.697365
619,5.158333,-0.037571,0.566168,-0.015751,0.823283,-228.579636,87.025520,90.673859
620,5.166667,-0.037400,0.563774,-0.017408,0.824898,-228.720444,86.984108,90.662903
621,5.175000,-0.037872,0.562034,-0.018227,0.826046,-228.865234,86.946175,90.641937
622,5.183333,-0.037247,0.560569,-0.017680,0.827081,-229.006195,86.907898,90.616646
623,5.191667,-0.037596,0.559078,-0.016285,0.828102,-229.144257,86.882950,90.596375
624,5.200000,-0.037763,0.557628,-0.015381,0.829089,-229.278702,86.852303,90.566719
625,5.208333,-0.038065,0.556635,-0.015554,0.829739,-229.390503,86.829720,90.550072
626,5.216667,-0.038202,0.555702,-0.018022,0.830308,-229.501038,86.795654,90.528313
627,5.225000,-0.037564,0.554476,-0.017768,0.831162,-229.619858,86.763374,90.501640
628,5.233333,-0.037035,0.553574,-0.017199,0.831798,-229.730087,86.728600,90.481392
629,5.241667,-0.036577,0.552336,-0.017035,0.832645,-229.844528,86.697586,90.452995
630,5.250000,-0.036642,0.551295,-0.018009,0.833311,-229.953293,86.666908,90.426033
631,5.258333,-0.036806,0.549788,-0.018706,0.834284,-230.056549,86.635704,90.402374
632,5.266667,-0.036610,0.548558,-0.017934,0.835118,-230.166122,86.601570,90.375031
633,5.275000,-0.035846,0.547332,-0.017300,0.835969,-230.270050,86.567276,90.342705
634,5.283333,-0.035706,0.545749,-0.015613,0.837042,-230.373474,86.531906,90.322731
635,5.291667,-0.031402,0.544730,-0.015098,0.837887,-230.482864,86.512985,90.281479
636,5.300000,-0.029703,0.543986,-0.014403,0.838445,-230.579758,86.466835,90.239830
637,5.308333,-0.033838,0.542894,-0.014281,0.838998,-230.666321,86.392181,90.208908
638,5.316667,-0.028640,0.541423,-0.013883,0.840148,-230.768234,86.375656,90.151718
639,5.325000,-0.029600,0.541380,-0.014236,0.840136,-230.867172,86.334503,90.132690
640,5.333333,-0.028412,0.539513,-0.013986,0.841381,-230.959366,86.310425,90.087120
641,5.341667,-0.028274,0.538352,-0.014166,0.842127,-231.053040,86.271706,90.049332
642,5.350000,-0.027918,0.537957,-0.013666,0.842399,-231.142563,86.235367,90.014519
643,5.358333,-0.028007,0.537403,-0.013402,0.842754,-231.220627,86.205551,89.985794
644,5.366667,-0.027268,0.536762,-0.013108,0.843191,-231.302933,86.171654,89.954956
645,5.375000,-0.028217,0.535872,-0.013988,0.843712,-231.397629,86.138977,89.922234
646,5.383333,-0.028515,0.534996,-0.014492,0.844249,-231.480743,86.113045,89.898613
647,5.391667,-0.027764,0.533997,-0.012976,0.844931,-231.569489,86.085182,89.878059
648,5.400000,-0.027254,0.532798,-0.012488,0.845711,-231.663467,86.057449,89.850815
649,5.408333,-0.029203,0.533036,-0.013700,0.845477,-231.758362,86.030678,89.838524
650,5.416667,-0.029135,0.531303,-0.014585,0.846555,-231.841949,86.020485,89.806206
651,5.425000,-0.029616,0.529672,-0.015075,0.847551,-231.931381,86.013252,89.796074
652,5.433333,-0.031718,0.529566,-0.010759,0.847608,-232.047104,86.016083,89.784416
653,5.441667,-0.032095,0.528549,-0.010597,0.848229,-232.140518,86.003181,89.767448
654,5.450000,-0.032553,0.527424,-0.011301,0.848903,-232.231613,85.989777,89.753281
655,5.458333,-0.033851,0.526698,-0.013439,0.849272,-232.324692,85.972008,89.729843
656,5.466667,-0.034233,0.526118,-0.014415,0.849600,-232.414749,85.956520,89.708786
657,5.475000,-0.034645,0.525397,-0.014840,0.850022,-232.499283,85.940666,89.693489
658,5.483333,-0.035112,0.524558,-0.016107,0.850498,-232.587357,85.932472,89.671524
659,5.491667,-0.036416,0.525091,-0.018345,0.850069,-232.688904,85.920265,89.665100
660,5.500000,-0.036275,0.524523,-0.019895,0.850391,-232.786438,85.918098,89.633545
661,5.508333,-0.036521,0.523378,-0.019995,0.851083,-232.876633,85.909416,89.605392
662,5.516667,-0.031255,0.524134,-0.012462,0.850971,-232.951660,85.864517,89.592133
663,5.525000,-0.029841,0.524205,-0.010897,0.851000,-233.029724,85.844467,89.572884
664,5.533333,-0.024038,0.522480,-0.011579,0.852234,-233.135086,85.853981,89.545891
665,5.541667,-0.024368,0.521305,-0.011838,0.852940,-233.225754,85.839882,89.524368
666,5.550000,-0.024944,0.520640,-0.012175,0.853325,-233.308441,85.824303,89.504265
667,5.558333,-0.025307,0.520327,-0.012830,0.853496,-233.392715,85.808205,89.482170
668,5.566667,-0.025356,0.519204,-0.010524,0.854209,-233.479828,85.801903,89.463821
669,5.575000,-0.025597,0.518233,-0.010407,0.854793,-233.560349,85.790588,89.448715
670,5.583333,-0.026081,0.517111,-0.011031,0.855450,-233.645767,85.778183,89.426323
671,5.591667,-0.026640,0.516143,-0.011967,0.856005,-233.731110,85.762581,89.402908
672,5.600000,-0.026808,0.515172,-0.012197,0.856581,-233.815674,85.746544,89.378014
673,5.608333,-0.027346,0.514809,-0.012383,0.856779,-233.891922,85.726700,89.352600
674,5.616667,-0.026799,0.514041,-0.011926,0.857264,-233.977646,85.702827,89.327431
675,5.625000,-0.026789,0.513195,-0.012196,0.857767,-234.062317,85.680504,89.298477
676,5.633333,-0.026609,0.512535,-0.011798,0.858173,-234.139389,85.658585,89.278023
677,5.641667,-0.027367,0.511213,-0.012334,0.858930,-234.225372,85.635010,89.248878
678,5.650000,-0.029520,0.509600,-0.015716,0.859761,-234.318787,85.627640,89.212517
679,5.658333,-0.029632,0.508935,-0.016069,0.860145,-234.395462,85.609016,89.193115
680,5.666667,-0.029076,0.508998,-0.015499,0.860137,-234.453934,85.591850,89.170998
681,5.675000,-0.029372,0.508673,-0.010378,0.860396,-234.530396,85.590714,89.140900
682,5.683333,-0.029639,0.507882,-0.010102,0.860858,-234.608536,85.565445,89.106522
683,5.691667,-0.029685,0.507333,-0.010194,0.861178,-234.672302,85.546394,89.084747
684,5.700000,-0.029395,0.506531,-0.009920,0.861663,-234.736877,85.530754,89.062355
685,5.708333,-0.029527,0.505839,-0.009413,0.862071,-234.806488,85.509811,89.036987
686,5.716667,-0.029422,0.504427,-0.008902,0.862907,-234.876923,85.492447,89.018921
687,5.725000,-0.029279,0.503407,-0.009362,0.863503,-234.936707,85.476440,89.001518
688,5.733333,-0.029441,0.502835,-0.009064,0.863833,-235.000366,85.458374,88.984352
689,5.741667,-0.029236,0.501770,-0.008365,0.864467,-235.076767,85.436569,88.959633
690,5.750000,-0.028073,0.500946,-0.007951,0.864987,-235.145615,85.421242,88.931389
691,5.758333,-0.022558,0.500250,-0.008401,0.865546,-235.229752,85.426056,88.882500
692,5.766667,-0.021954,0.499270,-0.007379,0.866137,-235.319473,85.392967,88.840256
693,5.775000,-0.021536,0.498409,-0.006295,0.866652,-235.404541,85.358200,88.803116
694,5.783333,-0.021749,0.497699,-0.006912,0.867049,-235.501984,85.308960,88.756851
695,5.791667,-0.021340,0.496575,-0.005840,0.867712,-235.607498,85.248123,88.702553
696,5.800000,-0.020813,0.495856,-0.005864,0.868136,-235.713150,85.176659,88.644264
697,5.808333,-0.020307,0.494802,-0.005262,0.868752,-235.822586,85.108871,88.587372
698,5.816667,-0.019602,0.494140,-0.004799,0.869148,-235.933380,85.054901,88.530693
699,5.825000,-0.019890,0.492893,-0.004971,0.869848,-236.056381,85.011505,88.466721
700,5.833333,-0.020002,0.491982,-0.004510,0.870364,-236.167603,84.987053,88.414543
701,5.841667,-0.019626,0.490959,-0.003536,0.870955,-236.296600,84.954338,88.351944
702,5.850000,-0.020471,0.489967,-0.003921,0.871491,-236.411285,84.926300,88.287704
703,5.858333,-0.020034,0.489193,-0.002880,0.871940,-236.537720,84.891418,88.222717
704,5.866667,-0.022369,0.485719,-0.004018,0.873820,-236.659119,84.855583,88.134422
705,5.875000,-0.022269,0.483642,-0.004090,0.874973,-236.786469,84.834152,88.069382
706,5.883333,-0.021181,0.480925,-0.004901,0.876492,-236.912064,84.830406,87.991455
707,5.891667,-0.022915,0.478800,-0.007383,0.877594,-237.050201,84.839035,87.922028
708,5.900000,-0.023900,0.478716,-0.009106,0.877597,-237.162918,84.849632,87.871201
709,5.908333,-0.024469,0.478297,-0.005118,0.877842,-237.280273,84.882439,87.808434
710,5.916667,-0.019814,0.476831,-0.002931,0.878767,-237.405258,84.917603,87.744591
711,5.925000,-0.018775,0.474557,-0.004440,0.880014,-237.523743,84.912453,87.675529
712,5.933333,-0.018948,0.473185,-0.004830,0.880746,-237.622162,84.897491,87.622726
713,5.941667,-0.018589,0.472134,-0.004191,0.881321,-237.707901,84.883026,87.573639
714,5.950000,-0.018511,0.470775,-0.005780,0.882040,-237.791260,84.856628,87.532433
715,5.958333,-0.019503,0.469505,-0.003655,0.882707,-237.880783,84.869720,87.491028
716,5.966667,-0.020699,0.468549,-0.005357,0.883179,-237.958740,84.882004,87.450211
717,5.975000,-0.022345,0.467769,-0.008008,0.883532,-238.026978,84.898468,87.417885
718,5.983333,-0.023435,0.466749,-0.009765,0.884026,-238.096497,84.900757,87.387512
719,5.991667,-0.023698,0.465656,-0.010210,0.884590,-238.170807,84.887085,87.348549
720,6.000000,-0.023960,0.465068,-0.010087,0.884893,-238.233566,84.867302,87.314476
721,6.008333,-0.023615,0.464911,-0.009404,0.884993,-238.283615,84.860680,87.282402
722,6.016667,-0.023165,0.464463,-0.007878,0.885254,-238.335419,84.861565,87.257477
723,6.025000,-0.023592,0.464241,-0.003058,0.885389,-238.391541,84.886047,87.220520
724,6.033333,-0.019434,0.463920,-0.002434,0.885661,-238.457794,84.914925,87.179848
725,6.041667,-0.016863,0.462812,-0.002246,0.886294,-238.510971,84.926430,87.140244
726,6.050000,-0.016770,0.462375,-0.002726,0.886522,-238.550308,84.922722,87.113968
727,6.058333,-0.017266,0.462132,-0.002748,0.886639,-238.586258,84.912689,87.096718
728,6.066667,-0.017224,0.461996,-0.002315,0.886712,-238.620422,84.905624,87.079819
729,6.075000,-0.016743,0.461649,-0.002570,0.886901,-238.647888,84.905174,87.064995
730,6.083333,-0.016534,0.461419,-0.002617,0.887025,-238.669937,84.908478,87.050690
731,6.091667,-0.016041,0.461103,-0.003702,0.887194,-238.684631,84.916916,87.037544
732,6.100000,-0.016329,0.460640,-0.004128,0.887427,-238.700729,84.924034,87.029198
733,6.108333,-0.015994,0.460606,-0.005138,0.887446,-238.709305,84.922119,87.021927
734,6.116667,-0.016319,0.460462,-0.005666,0.887511,-238.719604,84.914719,87.016174
735,6.125000,-0.015387,0.460731,-0.005867,0.887387,-238.722916,84.904640,87.016174
736,6.133333,-0.014325,0.460798,-0.006271,0.887367,-238.721390,84.899933,87.013977
737,6.141667,-0.012657,0.461147,-0.007268,0.887204,-238.709076,84.892914,87.021614
738,6.150000,-0.009439,0.460993,-0.013335,0.887253,-238.679245,84.855270,87.037994
739,6.158333,-0.006860,0.461067,-0.014925,0.887213,-238.651016,84.836525,87.054260
740,6.166667,-0.004610,0.461315,-0.015676,0.887086,-238.630173,84.826752,87.070763
741,6.175000,-0.003024,0.462008,-0.015636,0.886733,-238.623047,84.813904,87.090683
742,6.183333,-0.002038,0.462568,-0.015174,0.886452,-238.625763,84.805748,87.106552
743,6.191667,-0.001545,0.463087,-0.015143,0.886182,-238.626007,84.800133,87.116257
744,6.200000,-0.001324,0.463463,-0.014880,0.885990,-238.628723,84.792259,87.130074
745,6.208333,-0.000888,0.463829,-0.014008,0.885813,-238.634399,84.783401,87.146286
746,6.216667,-0.001254,0.464781,-0.013275,0.885325,-238.637955,84.763130,87.182411
747,6.225000,0.001078,0.466545,-0.011203,0.884426,-238.655273,84.749352,87.229118
748,6.233333,0.002327,0.467229,-0.009348,0.884084,-238.690369,84.723106,87.265701
749,6.241667,0.004496,0.467415,-0.005677,0.884009,-238.726212,84.684311,87.320824
750,6.250000,0.006789,0.467061,-0.002666,0.884195,-238.759262,84.653381,87.375031
751,6.258333,0.009113,0.466729,-0.001217,0.884353,-238.777191,84.640434,87.414322
752,6.266667,0.010619,0.466371,-0.000804,0.884525,-238.780518,84.639984,87.429214
753,6.275000,0.011556,0.465885,-0.000732,0.884770,-238.771820,84.644669,87.428490
754,6.283333,0.009510,0.464633,-0.004647,0.885440,-238.765625,84.668350,87.417397
755,6.291667,0.008067,0.463605,-0.006673,0.885980,-238.754318,84.677795,87.393608
756,6.300000,0.008084,0.462974,-0.006612,0.886311,-238.743073,84.680252,87.373352
757,6.308333,0.008130,0.462533,-0.006855,0.886538,-238.740067,84.679237,87.364281
758,6.316667,0.009337,0.462957,-0.005854,0.886312,-238.738632,84.673759,87.375557
759,6.325000,0.011173,0.463546,-0.003939,0.885994,-238.732407,84.662460,87.400391
760,6.333333,0.010533,0.463485,-0.006361,0.886019,-238.729279,84.673134,87.408257
761,6.341667,0.010132,0.463502,-0.006926,0.886011,-238.723877,84.677650,87.407532
762,6.350000,0.011247,0.463736,-0.005628,0.885884,-238.711853,84.670387,87.394386
763,6.358333,0.011830,0.463715,-0.004895,0.885892,-238.705139,84.665543,87.388077
764,6.366667,0.013031,0.463831,-0.003224,0.885822,-238.705704,84.659348,87.399063
765,6.375000,0.013880,0.463735,-0.002090,0.885863,-238.706635,84.650314,87.396683
766,6.383333,0.014818,0.462948,-0.000509,0.886261,-238.717072,84.644295,87.389915
767,6.391667,0.016381,0.462154,0.001718,0.886647,-238.724930,84.634216,87.376740
768,6.400000,0.016881,0.462065,0.001534,0.886684,-238.725372,84.635704,87.376755
769,6.408333,0.016682,0.461990,0.001276,0.886728,-238.724258,84.635368,87.378426
770,6.416667,0.016802,0.461877,0.001754,0.886783,-238.723175,84.635719,87.377548
771,6.425000,0.016859,0.461812,0.001713,0.886816,-238.722916,84.638237,87.379005
772,6.433333,0.017171,0.461786,0.002010,0.886823,-238.720795,84.636185,87.376633
773,6.441667,0.016988,0.461631,0.001981,0.886907,-238.720627,84.637848,87.378258
774,6.450000,0.016962,0.461550,0.001497,0.886951,-238.719528,84.638351,87.378456
775,6.458333,0.017186,0.461590,0.001899,0.886925,-238.719818,84.638359,87.379372
776,6.466667,0.017025,0.461712,0.001602,0.886865,-238.720825,84.637680,87.380997
777,6.475000,0.016904,0.461696,0.001721,0.886875,-238.721802,84.638062,87.377670
778,6.483333,0.016910,0.461667,0.001847,0.886890,-238.722153,84.638000,87.380646
779,6.491667,0.016901,0.461759,0.001644,0.886843,-238.722092,84.637718,87.380508
780,6.500000,0.016904,0.461776,0.001917,0.886834,-238.722412,84.636620,87.379608
781,6.508333,0.016963,0.461798,0.001498,0.886822,-238.723404,84.638603,87.382111
782,6.516667,0.016736,0.461782,0.001441,0.886835,-238.721802,84.635284,87.382072
783,6.525000,0.016977,0.461875,0.001548,0.886781,-238.721939,84.634903,87.385338
784,6.533333,0.017237,0.461830,0.001817,0.886799,-238.721542,84.635857,87.385338
785,6.541667,0.017057,0.461788,0.001448,0.886825,-238.721848,84.638374,87.384933
786,6.550000,0.016834,0.461751,0.001270,0.886849,-238.722397,84.638489,87.384674
787,6.558333,0.017417,0.461687,0.001820,0.886870,-238.723129,84.638138,87.379799
788,6.566667,0.016855,0.461577,0.001278,0.886939,-238.724274,84.639336,87.383949
789,6.575000,0.016748,0.461632,0.001365,0.886913,-238.722733,84.638016,87.383118
790,6.583333,0.016928,0.461620,0.001564,0.886915,-238.722748,84.641365,87.385597
791,6.591667,0.013863,0.461518,-0.004075,0.887013,-238.724594,84.661522,87.393509
792,6.600000,0.014926,0.461794,-0.002368,0.886858,-238.721634,84.655006,87.393753
793,6.608333,0.016848,0.461904,0.000934,0.886769,-238.721130,84.641113,87.388840
794,6.616667,0.017107,0.461648,0.001869,0.886896,-238.722519,84.634460,87.384445
795,6.625000,0.014347,0.461411,-0.003228,0.887065,-238.726517,84.658768,87.392570
796,6.633333,0.013540,0.461620,-0.004668,0.886962,-238.723450,84.663353,87.396111
797,6.641667,0.015829,0.461789,-0.000566,0.886848,-238.719101,84.645920,87.391640
798,6.650000,0.016863,0.461659,0.001194,0.886896,-238.720825,84.638718,87.388641
799,6.658333,0.014008,0.461443,-0.003912,0.887051,-238.725204,84.661987,87.392342
800,6.666667,0.015496,0.461930,-0.001514,0.886780,-238.720825,84.651726,87.394592
801,6.675000,0.016917,0.461872,0.001226,0.886785,-238.719940,84.638374,87.387627
802,6.683333,0.017038,0.461767,0.001731,0.886836,-238.721725,84.634956,87.385109
803,6.691667,0.017324,0.461739,0.001736,0.886845,-238.721603,84.635208,87.386093
804,6.700000,0.017396,0.461754,0.001771,0.886836,-238.720367,84.634247,87.386650
805,6.708333,0.014134,0.461615,-0.003482,0.886961,-238.724518,84.659355,87.392929
806,6.716667,0.015034,0.461868,-0.001931,0.886819,-238.719727,84.653183,87.392647
807,6.725000,0.016720,0.461879,0.001073,0.886785,-238.717987,84.640755,87.390854
808,6.733333,0.017183,0.461675,0.001736,0.886881,-238.719177,84.637535,87.387306
809,6.741667,0.017214,0.461634,0.001839,0.886901,-238.718491,84.636482,87.385315
810,6.750000,0.017190,0.461637,0.001586,0.886901,-238.717789,84.637032,87.386955
811,6.758333,0.017145,0.461688,0.001763,0.886875,-238.716888,84.635582,87.385223
812,6.766667,0.017324,0.461649,0.001732,0.886892,-238.716965,84.638245,87.385315
813,6.775000,0.013982,0.461479,-0.003946,0.887032,-238.719101,84.660774,87.392548
814,6.783333,0.015052,0.461912,-0.001867,0.886796,-238.714783,84.652939,87.394814
815,6.791667,0.016399,0.461975,0.000613,0.886741,-238.714218,84.640678,87.391510
816,6.800000,0.017049,0.461863,0.001667,0.886786,-238.716644,84.637245,87.384857
817,6.808333,0.017162,0.461833,0.001889,0.886799,-238.718338,84.635918,87.385735
818,6.816667,0.017084,0.461837,0.001579,0.886799,-238.717697,84.635521,87.385292
819,6.825000,0.016827,0.461880,0.001510,0.886782,-238.718384,84.636200,87.387779
820,6.833333,0.016854,0.461800,0.001422,0.886823,-238.718246,84.638176,87.388000
821,6.841667,0.016961,0.461671,0.001633,0.886888,-238.715988,84.635658,87.386162
822,6.850000,0.017102,0.461642,0.001534,0.886900,-238.715057,84.636017,87.387985
823,6.858333,0.017469,0.461632,0.001783,0.886898,-238.714005,84.636711,87.386635
824,6.866667,0.017288,0.461591,0.001424,0.886923,-238.713760,84.638008,87.387260
825,6.875000,0.017198,0.461653,0.001490,0.886893,-238.713547,84.637871,87.388077
826,6.883333,0.017227,0.461643,0.001816,0.886897,-238.712769,84.636047,87.386147
827,6.891667,0.017034,0.461590,0.001545,0.886929,-238.714340,84.639023,87.388626
828,6.900000,0.017250,0.461655,0.001675,0.886890,-238.713501,84.636963,87.386253
829,6.908333,0.016924,0.461621,0.001500,0.886914,-238.714600,84.638718,87.387199
830,6.916667,0.017222,0.461729,0.001435,0.886853,-238.713409,84.637283,87.387787
831,6.925000,0.017051,0.461649,0.001299,0.886898,-238.713043,84.636650,87.386040
832,6.933333,0.016925,0.461695,0.001067,0.886877,-238.713333,84.638771,87.388695
833,6.941667,0.016943,0.461673,0.001323,0.886888,-238.712616,84.637054,87.385147
834,6.950000,0.017014,0.461726,0.001419,0.886858,-238.714050,84.637863,87.387291
835,6.958333,0.017141,0.461790,0.001591,0.886822,-238.714676,84.636879,87.385437
836,6.966667,0.017169,0.461834,0.001591,0.886799,-238.715332,84.637131,87.386215
837,6.975000,0.017267,0.461852,0.001873,0.886787,-238.716537,84.637512,87.386177
838,6.983333,0.017390,0.461817,0.001961,0.886803,-238.717056,84.635315,87.385056
839,6.991667,0.017211,0.461870,0.001627,0.886779,-238.718292,84.636917,87.387764
840,7.000000,0.017209,0.461903,0.001717,0.886762,-238.716431,84.635391,87.383858
841,7.008333,0.017122,0.461855,0.001551,0.886789,-238.715912,84.634766,87.385765
842,7.016667,0.017078,0.461819,0.001535,0.886809,-238.716599,84.636635,87.385666
843,7.025000,0.017318,0.461755,0.001817,0.886837,-238.716431,84.636536,87.384468
844,7.033333,0.017121,0.461786,0.001256,0.886825,-238.716507,84.637543,87.387108
845,7.041667,0.016985,0.461647,0.001268,0.886900,-238.714859,84.635849,87.384865
846,7.050000,0.016987,0.461712,0.001390,0.886866,-238.714417,84.636757,87.385872
847,7.058333,0.017125,0.461697,0.001444,0.886871,-238.714890,84.636566,87.386513
848,7.066667,0.017189,0.461700,0.001613,0.886868,-238.714630,84.635994,87.383728
849,7.075000,0.016938,0.461722,0.001083,0.886862,-238.716293,84.640297,87.386414
850,7.083333,0.017082,0.461810,0.001480,0.886813,-238.715622,84.637901,87.385872
851,7.091667,0.017126,0.461904,0.001578,0.886763,-238.716339,84.636154,87.387711
852,7.100000,0.016993,0.461871,0.001712,0.886783,-238.717834,84.636536,87.385429
853,7.108333,0.017021,0.461876,0.001827,0.886780,-238.717728,84.636223,87.385521
854,7.116667,0.017054,0.461906,0.001357,0.886764,-238.719086,84.638664,87.386551
855,7.125000,0.016880,0.461830,0.001284,0.886807,-238.717896,84.637230,87.384323
856,7.133333,0.016847,0.461853,0.001028,0.886796,-238.718460,84.638954,87.387627
857,7.141667,0.016997,0.461928,0.001670,0.886753,-238.717529,84.636620,87.386414
858,7.150000,0.016760,0.461782,0.001331,0.886834,-238.716843,84.638466,87.383606
859,7.158333,0.017130,0.461790,0.001711,0.886822,-238.716263,84.638947,87.385696
860,7.166667,0.017257,0.461755,0.001718,0.886838,-238.714981,84.636841,87.384155
861,7.175000,0.017052,0.461661,0.001358,0.886891,-238.715195,84.638824,87.387146
862,7.183333,0.017150,0.461609,0.001279,0.886917,-238.713928,84.638512,87.383865
863,7.191667,0.017265,0.461649,0.001584,0.886893,-238.714417,84.637482,87.386292
864,7.200000,0.017082,0.461750,0.001451,0.886844,-238.715057,84.637184,87.386780
865,7.208333,0.016934,0.461841,0.001406,0.886800,-238.715363,84.635170,87.385605
866,7.216667,0.016903,0.461817,0.001245,0.886813,-238.717346,84.639183,87.385765
867,7.225000,0.016952,0.461808,0.001847,0.886816,-238.716156,84.634048,87.383987
868,7.233333,0.017144,0.461840,0.001733,0.886796,-238.717010,84.636826,87.385803
869,7.241667,0.017026,0.461865,0.001523,0.886786,-238.717010,84.636810,87.385391
870,7.250000,0.016953,0.461825,0.001377,0.886808,-238.716766,84.635422,87.385956
871,7.258333,0.017185,0.461812,0.001750,0.886809,-238.717484,84.637543,87.385910
872,7.266667,0.017115,0.461771,0.001713,0.886832,-238.717056,84.638824,87.384323
873,7.275000,0.016867,0.461687,0.001251,0.886882,-238.716858,84.638252,87.387329
874,7.283333,0.017064,0.461678,0.001470,0.886882,-238.716919,84.634567,87.386337
875,7.291667,0.017115,0.461753,0.001629,0.886842,-238.717606,84.635696,87.385544
876,7.300000,0.017066,0.461725,0.001465,0.886858,-238.717789,84.636574,87.385468
877,7.308333,0.017030,0.461694,0.001431,0.886874,-238.716751,84.635620,87.385101
878,7.316667,0.016970,0.461731,0.001438,0.886857,-238.717484,84.636887,87.388199
879,7.325000,0.016806,0.461605,0.001393,0.886925,-238.716599,84.636307,87.385002
880,7.333333,0.017103,0.461743,0.001378,0.886848,-238.716629,84.637962,87.385422
881,7.341667,0.017052,0.461743,0.001720,0.886848,-238.716705,84.636154,87.385002
882,7.350000,0.017134,0.461797,0.001619,0.886819,-238.715607,84.636269,87.384567
883,7.358333,0.016900,0.461848,0.001390,0.886797,-238.716431,84.638474,87.385101
884,7.366667,0.016950,0.461904,0.001461,0.886766,-238.716171,84.636131,87.384262
885,7.375000,0.016913,0.461940,0.001394,0.886749,-238.717102,84.637291,87.385109
886,7.383333,0.016842,0.461953,0.001307,0.886743,-238.716888,84.637436,87.384216
887,7.391667,0.016902,0.461936,0.001376,0.886751,-238.717072,84.636452,87.384590
888,7.400000,0.016978,0.461951,0.001621,0.886741,-238.717468,84.637001,87.385643
889,7.408333,0.016904,0.461881,0.001715,0.886779,-238.716797,84.636726,87.382607
890,7.416667,0.017110,0.461933,0.001709,0.886748,-238.716980,84.637360,87.384583
891,7.425000,0.017023,0.461733,0.001394,0.886855,-238.716080,84.637436,87.382034
892,7.433333,0.016870,0.461643,0.001226,0.886905,-238.714523,84.636101,87.384048
893,7.441667,0.017359,0.461554,0.001243,0.886942,-238.715103,84.640030,87.384567
894,7.450000,0.017292,0.461600,0.001729,0.886918,-238.713745,84.637779,87.382904
895,7.458333,0.017245,0.461599,0.001742,0.886919,-238.715546,84.638901,87.386452
896,7.466667,0.017344,0.461645,0.001763,0.886894,-238.715240,84.637558,87.385338
897,7.475000,0.017110,0.461666,0.001451,0.886888,-238.715149,84.637550,87.386223
898,7.483333,0.017099,0.461743,0.001428,0.886848,-238.714722,84.636040,87.385368
899,7.491667,0.017042,0.461769,0.001705,0.886835,-238.714005,84.635811,87.384186
900,7.500000,0.017196,0.461802,0.001819,0.886815,-238.713455,84.636688,87.385574
901,7.508333,0.017093,0.461776,0.001886,0.886830,-238.713028,84.636421,87.385475
902,7.516667,0.017013,0.461820,0.001666,0.886809,-238.713379,84.636887,87.385468
903,7.525000,0.017116,0.461901,0.001460,0.886765,-238.712646,84.637611,87.386063
904,7.533333,0.017151,0.461829,0.001613,0.886801,-238.711838,84.636375,87.383423
905,7.541667,0.017122,0.461759,0.001413,0.886839,-238.712891,84.638802,87.385216
906,7.550000,0.016941,0.461712,0.001466,0.886867,-238.711578,84.636597,87.382439
907,7.558333,0.017208,0.461759,0.001521,0.886837,-238.712860,84.639069,87.386368
908,7.566667,0.017006,0.461733,0.001657,0.886855,-238.713501,84.638687,87.384399
909,7.575000,0.017393,0.461838,0.001655,0.886792,-238.714050,84.637032,87.384308
910,7.583333,0.017113,0.461844,0.001708,0.886794,-238.715607,84.637009,87.384666
911,7.591667,0.016900,0.461875,0.001643,0.886782,-238.715485,84.634850,87.384682
912,7.600000,0.017071,0.461878,0.001519,0.886778,-238.716965,84.636215,87.387329
913,7.608333,0.016844,0.461898,0.001670,0.886772,-238.716644,84.636429,87.385681
914,7.616667,0.016961,0.461931,0.001708,0.886752,-238.715866,84.636292,87.386551
915,7.625000,0.014046,0.461773,-0.003571,0.886880,-238.719818,84.658257,87.393272
916,7.633333,0.015153,0.462131,-0.001559,0.886681,-238.714844,84.649124,87.391457
917,7.641667,0.016564,0.462216,0.000960,0.886612,-238.715118,84.639519,87.390396
918,7.650000,0.016817,0.462002,0.001662,0.886718,-238.716293,84.635735,87.385025
919,7.658333,0.017138,0.461995,0.001849,0.886715,-238.716248,84.635170,87.385796
920,7.666667,0.017062,0.461966,0.001482,0.886732,-238.715530,84.635208,87.385620
921,7.675000,0.017021,0.461890,0.001879,0.886772,-238.713486,84.634277,87.382599
922,7.683333,0.017000,0.461863,0.001417,0.886787,-238.713364,84.637833,87.386505
923,7.691667,0.016830,0.461919,0.001455,0.886761,-238.712143,84.636215,87.384811
924,7.700000,0.017079,0.461801,0.001473,0.886818,-238.713547,84.638199,87.384377
925,7.708333,0.017043,0.461900,0.001734,0.886766,-238.711731,84.635834,87.384521
926,7.716667,0.017073,0.461880,0.002062,0.886775,-238.712662,84.635796,87.383568
927,7.725000,0.017007,0.461980,0.001540,0.886726,-238.713928,84.637711,87.386101
928,7.733333,0.016689,0.461959,0.001363,0.886743,-238.713287,84.636284,87.384117
929,7.741667,0.016922,0.461955,0.001693,0.886740,-238.714783,84.636505,87.387451
930,7.750000,0.016949,0.462080,0.001720,0.886674,-238.715698,84.636169,87.385956
931,7.758333,0.016856,0.462182,0.001806,0.886623,-238.717438,84.637619,87.385872
932,7.766667,0.016465,0.462293,0.001591,0.886573,-238.718491,84.635963,87.387390
933,7.775000,0.016513,0.462259,0.001431,0.886590,-238.718750,84.634865,87.384933
934,7.783333,0.016599,0.462308,0.001343,0.886563,-238.720016,84.635590,87.386887
935,7.791667,0.016494,0.462299,0.001678,0.886569,-238.720016,84.633629,87.385460
936,7.800000,0.016530,0.462306,0.001571,0.886565,-238.720490,84.634933,87.386917
937,7.808333,0.016503,0.462297,0.001670,0.886570,-238.719482,84.635185,87.386879
938,7.816667,0.016737,0.462141,0.002107,0.886646,-238.717819,84.636230,87.384956
939,7.825000,0.016940,0.462154,0.001976,0.886636,-238.717514,84.640007,87.388031
940,7.833333,0.016964,0.462131,0.001948,0.886647,-238.715530,84.638367,87.386238
941,7.841667,0.016702,0.461977,0.001851,0.886733,-238.715698,84.638390,87.387817
942,7.850000,0.016498,0.462016,0.001419,0.886717,-238.714676,84.637718,87.387932
943,7.858333,0.016825,0.461969,0.001684,0.886735,-238.713882,84.637238,87.386093
944,7.866667,0.016865,0.461946,0.001694,0.886746,-238.714188,84.638580,87.388077
945,7.875000,0.017092,0.461900,0.002071,0.886765,-238.713120,84.637550,87.385666
946,7.883333,0.017021,0.461848,0.002014,0.886794,-238.713654,84.637100,87.388336
947,7.891667,0.017047,0.461862,0.002112,0.886785,-238.713409,84.637245,87.386757
948,7.900000,0.017149,0.461831,0.002002,0.886800,-238.713074,84.636742,87.386856
949,7.908333,0.016876,0.461768,0.001306,0.886839,-238.714096,84.640900,87.388832
950,7.916667,0.017018,0.461672,0.001692,0.886886,-238.712143,84.639206,87.387192
951,7.925000,0.017238,0.461598,0.001933,0.886919,-238.712219,84.638664,87.389030
952,7.933333,0.017278,0.461624,0.002010,0.886905,-238.711411,84.638985,87.387749
953,7.941667,0.017110,0.461583,0.001591,0.886930,-238.711288,84.638885,87.389610
954,7.950000,0.016967,0.461664,0.001586,0.886891,-238.712662,84.642281,87.389336
955,7.958333,0.017233,0.461749,0.002071,0.886841,-238.712616,84.640854,87.387871
956,7.966667,0.017105,0.461771,0.001714,0.886833,-238.714005,84.641235,87.389839
957,7.975000,0.016904,0.461810,0.001708,0.886816,-238.713425,84.637718,87.387329
958,7.983333,0.016854,0.461762,0.001976,0.886841,-238.714523,84.640129,87.388313
959,7.991667,0.016909,0.461786,0.001777,0.886828,-238.714142,84.642014,87.387314
960,8.000000,0.017192,0.461783,0.002036,0.886824,-238.712067,84.638687,87.384964
961,8.008333,0.017188,0.461649,0.001791,0.886894,-238.712341,84.642822,87.386642
962,8.016667,0.017021,0.461605,0.001828,0.886920,-238.710373,84.641190,87.385490
963,8.025000,0.017078,0.461586,0.001859,0.886929,-238.710327,84.642372,87.386063
964,8.033333,0.017178,0.461551,0.001814,0.886946,-238.710312,84.643494,87.384842
965,8.041667,0.017273,0.461638,0.001678,0.886899,-238.710281,84.641312,87.384682
966,8.050000,0.017250,0.461656,0.001818,0.886890,-238.711365,84.640823,87.385765
967,8.058333,0.017228,0.461722,0.002131,0.886855,-238.712006,84.640160,87.385788
968,8.066667,0.017140,0.461760,0.001690,0.886838,-238.712860,84.639297,87.387428
969,8.075000,0.017022,0.461770,0.001981,0.886834,-238.713867,84.639725,87.386528
970,8.083333,0.017074,0.461700,0.002073,0.886869,-238.713547,84.639755,87.386330
971,8.091667,0.017129,0.461653,0.001532,0.886894,-238.711807,84.639671,87.387070
972,8.100000,0.017307,0.461525,0.001880,0.886956,-238.710144,84.638374,87.385849
973,8.108333,0.014436,0.461296,-0.003352,0.887122,-238.713699,84.664444,87.394547
974,8.116667,0.014976,0.461723,-0.001792,0.886896,-238.708145,84.655716,87.396965
975,8.125000,0.013851,0.461619,-0.003952,0.886962,-238.710526,84.664970,87.397079
976,8.133333,0.015719,0.461842,-0.000530,0.886823,-238.709045,84.651299,87.394684
