Format Version,1.25,Take Name,G4 MR Take 2025-11-28_00_00_018,Take Notes,,Capture Frame Rate,120.000000,Export Frame Rate,120.000000,Capture Start Time,2025-11-28 01.17.02.360 PM,Capture Start Frame,799686,Total Frames in Take,1096,Total Exported Frames,1096,Rotation Type,Quaternion,Length Units,Centimeters,Coordinate Space,Global

,Type,Rigid Body,Rigid Body,Rigid Body,Rigid Body,Rigid Body,Rigid Body,Rigid Body
,Name,SEE_medium,SEE_medium,SEE_medium,SEE_medium,SEE_medium,SEE_medium,SEE_medium
,ID,99D1A06ACB9411F031C44B617C101E92,99D1A06ACB9411F031C44B617C101E92,99D1A06ACB9411F031C44B617C101E92,99D1A06ACB9411F031C44B617C101E92,99D1A06ACB9411F031C44B617C101E92,99D1A06ACB9411F031C44B617C101E92,99D1A06ACB9411F031C44B617C101E92
,Parent,,,,,,,
,,Rotation,Rotation,Rotation,Rotation,Position,Position,Position
Frame,Time (Seconds),X,Y,Z,W,X,Y,Z
0,0.000000,-0.001168,-0.729832,0.003314,-0.683617,-214.994553,90.037933,83.668465
1,0.008333,-0.001051,-0.729839,0.003179,-0.683611,-214.993759,90.037407,83.667740
2,0.016667,-0.001125,-0.729823,0.003148,-0.683628,-214.994781,90.038040,83.669243
3,0.025000,-0.000952,-0.729872,0.003291,-0.683575,-214.993958,90.037582,83.667511
4,0.033333,-0.000922,-0.729912,0.003329,-0.683532,-214.995407,90.039093,83.668213
5,0.041667,-0.000993,-0.729883,0.003415,-0.683562,-214.996750,90.038612,83.668213
6,0.050000,-0.001127,-0.729888,0.003255,-0.683558,-214.996841,90.038719,83.667282
7,0.058333,-0.001124,-0.729889,0.003173,-0.683558,-214.996933,90.038696,83.668152
8,0.066667,-0.001009,-0.729878,0.003279,-0.683568,-214.997559,90.036537,83.667015
9,0.075000,-0.001139,-0.729895,0.003146,-0.683551,-214.998444,90.036346,83.667786
10,0.083333,-0.001058,-0.729870,0.003099,-0.683578,-214.998383,90.036301,83.668434
11,0.091667,-0.000952,-0.729832,0.003112,-0.683619,-214.998672,90.036377,83.669037
12,0.100000,-0.001069,-0.729874,0.003209,-0.683573,-214.997833,90.036446,83.668961
13,0.108333,-0.000986,-0.729871,0.003272,-0.683577,-214.997833,90.037262,83.668312
14,0.116667,-0.001057,-0.729867,0.003243,-0.683581,-214.998154,90.036766,83.669640
15,0.125000,-0.000957,-0.729888,0.003140,-0.683559,-214.996628,90.037415,83.668594
16,0.133333,-0.001092,-0.729883,0.003209,-0.683564,-214.996552,90.036278,83.668861
17,0.141667,-0.001014,-0.729832,0.003056,-0.683619,-214.996002,90.037201,83.669312
18,0.150000,-0.001065,-0.729878,0.003039,-0.683570,-214.994019,90.037514,83.668839
19,0.158333,-0.001083,-0.729877,0.002958,-0.683571,-214.995361,90.038208,83.669930
20,0.166667,-0.000995,-0.729824,0.003179,-0.683627,-214.994461,90.038528,83.669563
21,0.175000,-0.000979,-0.729853,0.003242,-0.683596,-214.994720,90.037506,83.669121
22,0.183333,-0.001120,-0.729921,0.003160,-0.683524,-214.995056,90.037338,83.670151
23,0.191667,-0.001053,-0.729903,0.003154,-0.683542,-214.994858,90.036758,83.668365
24,0.200000,-0.001181,-0.729830,0.003198,-0.683620,-214.995865,90.037621,83.670097
25,0.208333,-0.000953,-0.729833,0.003083,-0.683618,-214.995316,90.038773,83.669250
26,0.216667,-0.001039,-0.729853,0.003106,-0.683597,-214.996384,90.038536,83.668480
27,0.225000,-0.001062,-0.729835,0.003087,-0.683616,-214.997131,90.038506,83.668243
28,0.233333,-0.001142,-0.729868,0.003117,-0.683581,-214.995712,90.038467,83.668678
29,0.241667,-0.001270,-0.729871,0.003198,-0.683576,-214.996582,90.038353,83.668266
30,0.250000,-0.001130,-0.729864,0.003321,-0.683583,-214.996002,90.038681,83.668266
31,0.258333,-0.001136,-0.729853,0.003315,-0.683595,-214.996429,90.038078,83.669121
32,0.266667,-0.001125,-0.729873,0.003308,-0.683574,-214.994843,90.038666,83.668564
33,0.275000,-0.001099,-0.729871,0.003176,-0.683576,-214.995224,90.038391,83.670357
34,0.283333,-0.001039,-0.729817,0.003147,-0.683634,-214.994568,90.037903,83.670769
35,0.291667,-0.001010,-0.729812,0.003224,-0.683640,-214.993240,90.038506,83.669571
36,0.300000,-0.001059,-0.729869,0.003388,-0.683578,-214.994949,90.037628,83.670746
37,0.308333,-0.000950,-0.729875,0.003277,-0.683572,-214.994293,90.038612,83.670784
38,0.316667,-0.001015,-0.729848,0.003322,-0.683600,-214.993912,90.037941,83.671227
39,0.325000,-0.001022,-0.729880,0.003212,-0.683567,-214.993927,90.037552,83.671089
40,0.333333,-0.000963,-0.729902,0.003412,-0.683542,-214.994461,90.037369,83.670341
41,0.341667,-0.001120,-0.729880,0.003393,-0.683566,-214.996078,90.037971,83.670395
42,0.350000,-0.001013,-0.729880,0.003317,-0.683566,-214.995193,90.038971,83.670029
43,0.358333,-0.001014,-0.729834,0.003261,-0.683616,-214.996338,90.038231,83.670410
44,0.366667,-0.001073,-0.729855,0.003209,-0.683594,-214.995758,90.038452,83.669594
45,0.375000,-0.001031,-0.729876,0.003256,-0.683571,-214.995575,90.037086,83.668297
46,0.383333,-0.001150,-0.729866,0.003052,-0.683583,-214.996338,90.037598,83.669571
47,0.391667,-0.001128,-0.729833,0.003043,-0.683617,-214.995743,90.039017,83.669373
48,0.400000,-0.001066,-0.729846,0.003144,-0.683604,-214.995987,90.038315,83.671417
49,0.408333,-0.001145,-0.729868,0.003190,-0.683580,-214.995239,90.039474,83.670280
50,0.416667,-0.001141,-0.729885,0.003259,-0.683561,-214.995148,90.038124,83.670753
51,0.425000,-0.001209,-0.729866,0.003273,-0.683582,-214.995743,90.036469,83.670135
52,0.433333,-0.001120,-0.729870,0.003303,-0.683577,-214.994598,90.037361,83.669945
53,0.441667,-0.001108,-0.729826,0.003398,-0.683624,-214.995148,90.036629,83.672066
54,0.450000,-0.001006,-0.729852,0.003473,-0.683596,-214.994308,90.036842,83.671013
55,0.458333,-0.001004,-0.729886,0.003313,-0.683560,-214.996521,90.037605,83.672104
56,0.466667,-0.001019,-0.729830,0.003163,-0.683621,-214.996033,90.037689,83.672295
57,0.475000,-0.001087,-0.729854,0.003198,-0.683594,-214.995483,90.036743,83.671173
58,0.483333,-0.001118,-0.729793,0.003186,-0.683659,-214.995575,90.037552,83.670364
59,0.491667,-0.001083,-0.729845,0.003352,-0.683604,-214.995331,90.039604,83.669083
60,0.500000,-0.000994,-0.729873,0.003321,-0.683574,-214.997055,90.040359,83.670578
61,0.508333,-0.000827,-0.729868,0.003353,-0.683580,-214.997482,90.039841,83.671227
62,0.516667,-0.001005,-0.729854,0.003352,-0.683594,-214.997482,90.041451,83.669289
63,0.525000,-0.000991,-0.729837,0.003245,-0.683613,-214.997513,90.041672,83.668503
64,0.533333,-0.001027,-0.729787,0.003294,-0.683666,-214.996429,90.041138,83.668884
65,0.541667,-0.001049,-0.729791,0.003252,-0.683662,-214.996307,90.040169,83.669868
66,0.550000,-0.000994,-0.729797,0.003237,-0.683656,-214.995926,90.038330,83.669014
67,0.558333,-0.001038,-0.729811,0.003197,-0.683641,-214.995758,90.037476,83.667862
68,0.566667,-0.000924,-0.729835,0.003167,-0.683616,-214.996811,90.036064,83.669495
69,0.575000,-0.000933,-0.729863,0.003158,-0.683585,-214.996094,90.037643,83.668427
70,0.583333,-0.000931,-0.729802,0.003201,-0.683650,-214.995987,90.036346,83.670631
71,0.591667,-0.000954,-0.729826,0.003320,-0.683624,-214.995193,90.036392,83.669518
72,0.600000,-0.001044,-0.729844,0.003596,-0.683604,-214.997055,90.037682,83.670525
73,0.608333,-0.000941,-0.729858,0.003489,-0.683589,-214.996857,90.038506,83.670593
74,0.616667,-0.000837,-0.729843,0.003396,-0.683606,-214.995987,90.037819,83.668861
75,0.625000,-0.001000,-0.729828,0.003188,-0.683623,-214.997360,90.038063,83.669022
76,0.633333,-0.001075,-0.729839,0.003130,-0.683611,-214.996078,90.037567,83.668449
77,0.641667,-0.001024,-0.729831,0.003144,-0.683619,-214.996521,90.039146,83.669128
78,0.650000,-0.001025,-0.729867,0.003217,-0.683581,-214.996689,90.039574,83.669052
79,0.658333,-0.000999,-0.729866,0.003384,-0.683581,-214.996048,90.038773,83.667664
80,0.666667,-0.001017,-0.729855,0.003328,-0.683593,-214.996979,90.038391,83.668777
81,0.675000,-0.000913,-0.729918,0.003170,-0.683527,-214.996597,90.041534,83.668755
82,0.683333,-0.001008,-0.729849,0.003296,-0.683599,-214.996582,90.039993,83.669655
83,0.691667,-0.001012,-0.729810,0.003256,-0.683641,-214.996368,90.038506,83.670372
84,0.700000,-0.001053,-0.729842,0.003219,-0.683608,-214.996201,90.037926,83.669540
85,0.708333,-0.001011,-0.729848,0.003283,-0.683601,-214.996521,90.035995,83.669113
86,0.716667,-0.000979,-0.729894,0.003276,-0.683552,-214.996201,90.036697,83.668182
87,0.725000,-0.000998,-0.729832,0.003238,-0.683618,-214.996841,90.035789,83.669647
88,0.733333,-0.001036,-0.729859,0.003226,-0.683590,-214.996719,90.036949,83.669960
89,0.741667,-0.001179,-0.729868,0.003263,-0.683579,-214.996979,90.036705,83.668694
90,0.750000,-0.001139,-0.729874,0.003231,-0.683573,-214.996475,90.038246,83.669243
91,0.758333,-0.000934,-0.729832,0.003217,-0.683618,-214.996887,90.038857,83.668579
92,0.766667,-0.000882,-0.729783,0.003137,-0.683671,-214.998550,90.038551,83.669899
93,0.775000,-0.000979,-0.729857,0.003279,-0.683591,-214.997955,90.038841,83.668251
94,0.783333,-0.001112,-0.729909,0.003232,-0.683536,-214.998672,90.038200,83.667900
95,0.791667,-0.001087,-0.729878,0.003194,-0.683569,-214.997940,90.037582,83.667694
96,0.800000,-0.001121,-0.729852,0.003237,-0.683596,-214.997482,90.037598,83.666618
97,0.808333,-0.001116,-0.729850,0.003174,-0.683600,-214.998657,90.036919,83.667473
98,0.816667,-0.001093,-0.729855,0.003213,-0.683593,-214.996643,90.036743,83.666954
99,0.825000,-0.001098,-0.729816,0.003179,-0.683636,-214.997314,90.037964,83.668266
100,0.833333,-0.000910,-0.729791,0.003202,-0.683663,-214.997314,90.038513,83.668396
101,0.841667,-0.000800,-0.729880,0.003364,-0.683567,-214.995819,90.039246,83.666878
102,0.850000,-0.000873,-0.729849,0.003423,-0.683599,-214.997101,90.039154,83.668098
103,0.858333,-0.000778,-0.729826,0.003289,-0.683625,-214.995499,90.039291,83.666122
104,0.866667,-0.001004,-0.729864,0.003187,-0.683584,-214.996414,90.038651,83.666702
105,0.875000,-0.000959,-0.729849,0.003129,-0.683601,-214.995071,90.037224,83.665146
106,0.883333,-0.001132,-0.729853,0.003130,-0.683596,-214.995392,90.037537,83.665649
107,0.891667,-0.001178,-0.729838,0.003215,-0.683612,-214.995956,90.037224,83.666054
108,0.900000,-0.001124,-0.729867,0.003358,-0.683580,-214.995621,90.038475,83.665237
109,0.908333,-0.001032,-0.729847,0.003294,-0.683602,-214.996002,90.039352,83.666092
110,0.916667,-0.000949,-0.729800,0.003345,-0.683652,-214.999863,90.040062,83.665291
111,0.925000,-0.000860,-0.729807,0.003216,-0.683645,-215.003586,90.040199,83.664955
112,0.933333,-0.000903,-0.729862,0.003277,-0.683586,-215.009903,90.038704,83.665421
113,0.941667,-0.000684,-0.729839,0.003212,-0.683611,-215.015533,90.038368,83.663864
114,0.950000,-0.000470,-0.729787,0.002819,-0.683668,-215.026184,90.041634,83.664635
115,0.958333,-0.000039,-0.729724,0.002702,-0.683737,-215.034439,90.044182,83.662292
116,0.966667,-0.000021,-0.729554,0.002755,-0.683917,-215.045837,90.041389,83.664391
117,0.975000,0.000118,-0.729494,0.002591,-0.683982,-215.051941,90.041931,83.663979
118,0.983333,0.000140,-0.729191,0.002649,-0.684305,-215.054916,90.041748,83.662674
119,0.991667,0.000447,-0.728783,0.003387,-0.684736,-215.057037,90.047020,83.660385
120,1.000000,0.000319,-0.728243,0.003492,-0.685310,-215.058472,90.048126,83.657967
121,1.008333,0.000090,-0.727242,0.003698,-0.686372,-215.057159,90.047897,83.659004
122,1.016667,-0.000065,-0.726632,0.003404,-0.687019,-215.055344,90.047523,83.658371
123,1.025000,-0.000316,-0.726048,0.003058,-0.687637,-215.053772,90.044548,83.663322
124,1.033333,0.000024,-0.725845,0.003177,-0.687851,-215.058868,90.051193,83.664619
125,1.041667,0.000474,-0.725956,0.002482,-0.687737,-215.069321,90.058281,83.662376
126,1.050000,0.000855,-0.725943,0.001873,-0.687751,-215.078857,90.062759,83.665192
127,1.058333,0.000885,-0.725541,0.002306,-0.688174,-215.075684,90.058571,83.669128
128,1.066667,0.001200,-0.725790,0.002041,-0.687912,-215.082077,90.062347,83.664253
129,1.075000,0.001165,-0.725886,0.001817,-0.687811,-215.086060,90.064606,83.663376
130,1.083333,0.001231,-0.725942,0.001553,-0.687753,-215.087173,90.063622,83.662445
131,1.091667,0.001122,-0.725957,0.001519,-0.687738,-215.088440,90.062263,83.663086
132,1.100000,0.000959,-0.725934,0.001143,-0.687763,-215.089935,90.060707,83.660973
133,1.108333,0.000967,-0.725925,0.001550,-0.687771,-215.090942,90.062538,83.659538
134,1.116667,0.001102,-0.725900,0.001539,-0.687798,-215.091827,90.063766,83.658722
135,1.125000,0.001017,-0.725838,0.001077,-0.687864,-215.091110,90.061829,83.658463
136,1.133333,0.000856,-0.725879,0.000716,-0.687822,-215.088058,90.059982,83.658646
137,1.141667,0.001079,-0.725852,0.001315,-0.687849,-215.087006,90.062965,83.656372
138,1.150000,0.001095,-0.725906,0.001795,-0.687791,-215.087265,90.064560,83.656204
139,1.158333,0.001085,-0.725909,0.001460,-0.687788,-215.091293,90.063194,83.656303
140,1.166667,0.001061,-0.725929,0.001043,-0.687768,-215.090851,90.063072,83.655952
141,1.175000,0.001154,-0.725882,0.001342,-0.687817,-215.095306,90.064163,83.656570
142,1.183333,0.001253,-0.725896,0.000950,-0.687803,-215.098984,90.064262,83.655479
143,1.191667,0.001494,-0.725853,0.001011,-0.687847,-215.102737,90.064713,83.655998
144,1.200000,0.001648,-0.725874,0.001052,-0.687825,-215.103699,90.065506,83.656891
145,1.208333,0.001768,-0.725872,0.001041,-0.687827,-215.103271,90.065590,83.657890
146,1.216667,0.001533,-0.725923,0.000943,-0.687774,-215.103394,90.064812,83.658989
147,1.225000,0.001422,-0.725657,0.001455,-0.688054,-215.100891,90.059753,83.662796
148,1.233333,0.001396,-0.725816,0.001304,-0.687886,-215.102814,90.062973,83.661217
149,1.241667,0.001363,-0.725671,0.001474,-0.688039,-215.103104,90.061050,83.664963
150,1.250000,0.001311,-0.725557,0.001656,-0.688159,-215.102463,90.059212,83.667793
151,1.258333,0.001164,-0.725552,0.001781,-0.688164,-215.101807,90.059341,83.667366
152,1.266667,0.001317,-0.725604,0.001791,-0.688109,-215.100937,90.059830,83.665337
153,1.275000,0.001298,-0.725624,0.001851,-0.688088,-215.103531,90.058929,83.665283
154,1.283333,0.001342,-0.725895,0.001270,-0.687803,-215.107208,90.064026,83.658760
155,1.291667,0.001391,-0.725726,0.001283,-0.687981,-215.108566,90.063629,83.664398
156,1.300000,0.001303,-0.725605,0.001447,-0.688108,-215.106506,90.063782,83.665276
157,1.308333,0.001400,-0.725648,0.001499,-0.688063,-215.107315,90.061470,83.665794
158,1.316667,0.001346,-0.725624,0.001567,-0.688088,-215.111252,90.060890,83.667366
159,1.325000,0.001375,-0.725630,0.001676,-0.688082,-215.113022,90.060440,83.667648
160,1.333333,0.001424,-0.725672,0.001540,-0.688038,-215.116119,90.059273,83.669830
161,1.341667,0.001623,-0.725640,0.001429,-0.688071,-215.118378,90.059723,83.669922
162,1.350000,0.001730,-0.725570,0.001263,-0.688145,-215.119049,90.059341,83.669754
163,1.358333,0.001793,-0.725540,0.001196,-0.688177,-215.119980,90.059517,83.670700
164,1.366667,0.001766,-0.725570,0.001144,-0.688146,-215.118164,90.061447,83.670204
165,1.375000,0.001729,-0.725511,0.001152,-0.688207,-215.117523,90.061066,83.670357
166,1.383333,0.001765,-0.725550,0.001118,-0.688166,-215.115768,90.061958,83.668205
167,1.391667,0.001561,-0.725520,0.001178,-0.688198,-215.115173,90.062660,83.667686
168,1.400000,0.001594,-0.725542,0.001318,-0.688175,-215.115479,90.062729,83.667793
169,1.408333,0.001659,-0.725555,0.001294,-0.688161,-215.114426,90.063004,83.666931
170,1.416667,0.001756,-0.725588,0.001276,-0.688126,-215.115326,90.061981,83.668098
171,1.425000,0.001774,-0.725571,0.001155,-0.688144,-215.113831,90.062325,83.667206
172,1.433333,0.001616,-0.725558,0.001142,-0.688159,-215.114212,90.061249,83.667961
173,1.441667,0.001602,-0.725568,0.001282,-0.688147,-215.114243,90.061058,83.668968
174,1.450000,0.001509,-0.725565,0.001109,-0.688151,-215.113708,90.061096,83.668404
175,1.458333,0.001633,-0.725559,0.001187,-0.688157,-215.113663,90.060249,83.670006
176,1.466667,0.001673,-0.725570,0.001128,-0.688145,-215.113693,90.060516,83.670158
177,1.475000,0.001762,-0.725537,0.001321,-0.688180,-215.113953,90.060631,83.670914
178,1.483333,0.001779,-0.725556,0.001290,-0.688160,-215.113617,90.061043,83.671196
179,1.491667,0.001661,-0.725555,0.001232,-0.688162,-215.113739,90.061066,83.670807
180,1.500000,0.001755,-0.725578,0.001255,-0.688136,-215.114334,90.061264,83.670708
181,1.508333,0.001732,-0.725573,0.001315,-0.688141,-215.114014,90.061493,83.670547
182,1.516667,0.001646,-0.725599,0.001183,-0.688115,-215.114044,90.061913,83.669975
183,1.525000,0.001650,-0.725547,0.001218,-0.688170,-215.112976,90.061516,83.669563
184,1.533333,0.001490,-0.725562,0.001261,-0.688154,-215.113586,90.062195,83.669014
185,1.541667,0.001626,-0.725561,0.001299,-0.688155,-215.113251,90.060806,83.669937
186,1.550000,0.001676,-0.725565,0.001166,-0.688150,-215.112732,90.061340,83.667671
187,1.558333,0.001735,-0.725559,0.001242,-0.688156,-215.113693,90.060684,83.669395
188,1.566667,0.001758,-0.725601,0.001180,-0.688113,-215.113754,90.061172,83.668175
189,1.575000,0.001628,-0.725593,0.001335,-0.688120,-215.115280,90.059898,83.669441
190,1.583333,0.001525,-0.725586,0.001268,-0.688129,-215.116241,90.059906,83.670441
191,1.591667,0.001566,-0.725529,0.001189,-0.688189,-215.115112,90.060555,83.671051
192,1.600000,0.001600,-0.725521,0.001209,-0.688197,-215.115906,90.060959,83.672478
193,1.608333,0.001580,-0.725526,0.001180,-0.688192,-215.115860,90.060814,83.672127
194,1.616667,0.001688,-0.725559,0.001246,-0.688157,-215.118164,90.059959,83.673103
195,1.625000,0.001764,-0.725568,0.001342,-0.688147,-215.118668,90.059776,83.672470
196,1.633333,0.001770,-0.725570,0.001451,-0.688144,-215.118790,90.060547,83.672379
197,1.641667,0.001553,-0.725602,0.001335,-0.688112,-215.120071,90.060844,83.674294
198,1.650000,0.001585,-0.725594,0.001237,-0.688120,-215.119843,90.060333,83.673340
199,1.658333,0.001630,-0.725583,0.001258,-0.688132,-215.120392,90.060173,83.673897
200,1.666667,0.001603,-0.725571,0.001319,-0.688145,-215.120346,90.061943,83.673515
201,1.675000,0.001693,-0.725540,0.001292,-0.688176,-215.121109,90.061867,83.672371
202,1.683333,0.001751,-0.725509,0.001280,-0.688209,-215.121811,90.060669,83.672241
203,1.691667,0.001745,-0.725565,0.001218,-0.688150,-215.121811,90.060616,83.671974
204,1.700000,0.001703,-0.725580,0.001284,-0.688134,-215.122437,90.059853,83.673553
205,1.708333,0.001636,-0.725572,0.001220,-0.688143,-215.121201,90.060883,83.671913
206,1.716667,0.001666,-0.725558,0.001275,-0.688158,-215.121506,90.059105,83.673164
207,1.725000,0.001631,-0.725563,0.001230,-0.688153,-215.120865,90.059631,83.672699
208,1.733333,0.001713,-0.725597,0.001195,-0.688117,-215.120880,90.060455,83.672569
209,1.741667,0.001753,-0.725565,0.001172,-0.688150,-215.120621,90.059952,83.674995
210,1.750000,0.001711,-0.725542,0.001251,-0.688174,-215.120239,90.059029,83.675270
211,1.758333,0.001634,-0.725559,0.001197,-0.688157,-215.120789,90.058472,83.675156
212,1.766667,0.001648,-0.725581,0.001319,-0.688134,-215.120529,90.058784,83.675308
213,1.775000,0.001599,-0.725595,0.001393,-0.688119,-215.120316,90.059799,83.675117
214,1.783333,0.001588,-0.725581,0.001383,-0.688133,-215.121155,90.059891,83.675873
215,1.791667,0.001596,-0.725607,0.001337,-0.688106,-215.120453,90.060829,83.675095
216,1.800000,0.001613,-0.725538,0.001240,-0.688179,-215.121414,90.060944,83.675400
217,1.808333,0.001613,-0.725547,0.001204,-0.688170,-215.121704,90.061752,83.674072
218,1.816667,0.001620,-0.725539,0.001180,-0.688178,-215.122818,90.060463,83.673965
219,1.825000,0.001595,-0.725562,0.001209,-0.688154,-215.122406,90.060013,83.673409
220,1.833333,0.001666,-0.725612,0.001189,-0.688101,-215.122177,90.060738,83.673393
221,1.841667,0.001679,-0.725576,0.001156,-0.688139,-215.123032,90.060394,83.674881
222,1.850000,0.001646,-0.725560,0.001269,-0.688156,-215.121719,90.060509,83.674385
223,1.858333,0.001635,-0.725580,0.001318,-0.688135,-215.121170,90.059654,83.676262
224,1.866667,0.001843,-0.725577,0.001411,-0.688137,-215.120056,90.058800,83.676788
225,1.875000,0.001568,-0.725538,0.001377,-0.688179,-215.119293,90.059296,83.676735
226,1.883333,0.001615,-0.725526,0.001310,-0.688192,-215.118881,90.058792,83.678558
227,1.891667,0.001612,-0.725542,0.001332,-0.688174,-215.118225,90.059959,83.679161
228,1.900000,0.001580,-0.725568,0.001266,-0.688148,-215.118927,90.059776,83.678589
229,1.908333,0.001533,-0.725551,0.001238,-0.688166,-215.119751,90.060059,83.678276
230,1.916667,0.001579,-0.725570,0.001261,-0.688145,-215.120483,90.060646,83.678925
231,1.925000,0.001641,-0.725588,0.001301,-0.688126,-215.121170,90.060455,83.679054
232,1.933333,0.001661,-0.725563,0.001276,-0.688152,-215.121048,90.060463,83.677711
233,1.941667,0.001552,-0.725531,0.001375,-0.688186,-215.121628,90.059135,83.678314
234,1.950000,0.001539,-0.725538,0.001366,-0.688179,-215.120987,90.059921,83.678284
235,1.958333,0.001559,-0.725591,0.001420,-0.688123,-215.120941,90.060303,83.677208
236,1.966667,0.001677,-0.725581,0.001428,-0.688133,-215.121628,90.059120,83.677490
237,1.975000,0.001644,-0.725559,0.001283,-0.688157,-215.120346,90.059372,83.675644
238,1.983333,0.001687,-0.725535,0.001371,-0.688181,-215.121979,90.059349,83.676239
239,1.991667,0.001706,-0.725512,0.001342,-0.688206,-215.121201,90.059380,83.676353
240,2.000000,0.001625,-0.725515,0.001174,-0.688203,-215.120743,90.059486,83.677330
241,2.008333,0.001695,-0.725558,0.001284,-0.688157,-215.119934,90.059929,83.679390
242,2.016667,0.001671,-0.725536,0.001225,-0.688182,-215.119431,90.061150,83.678185
243,2.025000,0.001628,-0.725497,0.001190,-0.688222,-215.119965,90.060059,83.679321
244,2.033333,0.001676,-0.725483,0.001298,-0.688237,-215.118866,90.060791,83.678062
245,2.041667,0.001699,-0.725548,0.001300,-0.688169,-215.119522,90.060638,83.678246
246,2.050000,0.001720,-0.725557,0.001295,-0.688159,-215.119766,90.058952,83.678070
247,2.058333,0.001582,-0.725577,0.001324,-0.688138,-215.119293,90.058708,83.676735
248,2.066667,0.001641,-0.725591,0.001256,-0.688124,-215.120560,90.059128,83.678177
249,2.075000,0.001820,-0.725601,0.001208,-0.688112,-215.120148,90.059616,83.678215
250,2.083333,0.001723,-0.725600,0.001300,-0.688113,-215.121033,90.059181,83.679588
251,2.091667,0.001455,-0.725642,0.001362,-0.688070,-215.120987,90.060875,83.677994
252,2.100000,0.001509,-0.725608,0.001305,-0.688105,-215.121368,90.058784,83.677330
253,2.108333,0.001657,-0.725574,0.001322,-0.688141,-215.121216,90.058121,83.677116
254,2.116667,0.001725,-0.725535,0.001307,-0.688182,-215.120071,90.058121,83.675751
255,2.125000,0.001523,-0.725568,0.001242,-0.688148,-215.121796,90.057800,83.676971
256,2.133333,0.001573,-0.725532,0.001175,-0.688186,-215.120773,90.058151,83.676094
257,2.141667,0.001658,-0.725540,0.001376,-0.688177,-215.120316,90.059456,83.676010
258,2.150000,0.001446,-0.725534,0.001298,-0.688183,-215.121002,90.060120,83.677200
259,2.158333,0.001556,-0.725518,0.001294,-0.688200,-215.120575,90.060081,83.676834
260,2.166667,0.001637,-0.725537,0.001312,-0.688180,-215.120834,90.059250,83.677849
261,2.175000,0.001695,-0.725548,0.001234,-0.688168,-215.120026,90.058495,83.677116
262,2.183333,0.001555,-0.725597,0.001213,-0.688118,-215.120605,90.058311,83.677322
263,2.191667,0.001635,-0.725600,0.001313,-0.688113,-215.121078,90.058243,83.677147
264,2.200000,0.001675,-0.725514,0.001304,-0.688204,-215.120667,90.059746,83.677803
265,2.208333,0.001670,-0.725502,0.001174,-0.688217,-215.120483,90.059967,83.679031
266,2.216667,0.001709,-0.725505,0.001198,-0.688214,-215.119598,90.059265,83.678719
267,2.225000,0.001598,-0.725535,0.001293,-0.688182,-215.120316,90.059189,83.679092
268,2.233333,0.001541,-0.725554,0.001314,-0.688162,-215.120605,90.058662,83.678207
269,2.241667,0.001587,-0.725549,0.001366,-0.688168,-215.120010,90.058884,83.677483
270,2.250000,0.001578,-0.725557,0.001412,-0.688159,-215.121536,90.058571,83.677605
271,2.258333,0.001697,-0.725547,0.001260,-0.688170,-215.121246,90.058746,83.676842
272,2.266667,0.001602,-0.725559,0.001270,-0.688156,-215.121887,90.058746,83.677330
273,2.275000,0.001627,-0.725539,0.001274,-0.688178,-215.121628,90.059265,83.677391
274,2.283333,0.001629,-0.725558,0.001212,-0.688158,-215.120987,90.059799,83.677361
275,2.291667,0.001539,-0.725569,0.001316,-0.688147,-215.121490,90.059570,83.676743
276,2.300000,0.001571,-0.725536,0.001259,-0.688181,-215.121216,90.058319,83.675751
277,2.308333,0.001677,-0.725553,0.001274,-0.688163,-215.121048,90.058121,83.676369
278,2.316667,0.001738,-0.725589,0.001226,-0.688125,-215.120239,90.059631,83.676277
279,2.325000,0.001709,-0.725544,0.001340,-0.688172,-215.121506,90.058861,83.677803
280,2.333333,0.001616,-0.725498,0.001376,-0.688221,-215.121292,90.058693,83.678551
281,2.341667,0.001649,-0.725549,0.001409,-0.688167,-215.120407,90.059036,83.677422
282,2.350000,0.001571,-0.725529,0.001346,-0.688188,-215.120117,90.059174,83.680031
283,2.358333,0.001664,-0.725499,0.001274,-0.688220,-215.119812,90.059631,83.679810
284,2.366667,0.001641,-0.725523,0.001358,-0.688194,-215.120361,90.059456,83.679428
285,2.375000,0.001670,-0.725539,0.001332,-0.688177,-215.120316,90.058670,83.679749
286,2.383333,0.001634,-0.725567,0.001337,-0.688148,-215.121384,90.059006,83.678864
287,2.391667,0.001550,-0.725550,0.001310,-0.688167,-215.121277,90.058685,83.678139
288,2.400000,0.001637,-0.725540,0.001235,-0.688177,-215.121460,90.059113,83.677055
289,2.408333,0.001740,-0.725542,0.001304,-0.688175,-215.121246,90.059647,83.677299
290,2.416667,0.001678,-0.725546,0.001307,-0.688170,-215.121719,90.059113,83.676704
291,2.425000,0.001541,-0.725563,0.001281,-0.688153,-215.121887,90.059105,83.676300
292,2.433333,0.001615,-0.725561,0.001334,-0.688154,-215.121964,90.059563,83.677315
293,2.441667,0.001649,-0.725557,0.001232,-0.688159,-215.122040,90.059425,83.677612
294,2.450000,0.001564,-0.725522,0.001303,-0.688196,-215.121750,90.059349,83.678909
295,2.458333,0.001617,-0.725523,0.001330,-0.688195,-215.120956,90.059113,83.677277
296,2.466667,0.001627,-0.725521,0.001311,-0.688197,-215.121414,90.058632,83.678146
297,2.475000,0.001703,-0.725515,0.001283,-0.688203,-215.122131,90.058250,83.679733
298,2.483333,0.001704,-0.725535,0.001378,-0.688182,-215.121536,90.060219,83.679657
299,2.491667,0.001812,-0.725550,0.001378,-0.688166,-215.121292,90.059624,83.681160
300,2.500000,0.001703,-0.725544,0.001374,-0.688172,-215.120728,90.059158,83.680580
301,2.508333,0.001666,-0.725493,0.001367,-0.688226,-215.121643,90.057449,83.680908
302,2.516667,0.001550,-0.725526,0.001317,-0.688192,-215.120956,90.057632,83.680565
303,2.525000,0.001566,-0.725567,0.001175,-0.688148,-215.121506,90.058044,83.679855
304,2.533333,0.001641,-0.725568,0.001200,-0.688148,-215.122345,90.057907,83.680214
305,2.541667,0.001592,-0.725570,0.001184,-0.688146,-215.122360,90.059319,83.679649
306,2.550000,0.001591,-0.725528,0.001236,-0.688190,-215.123169,90.059792,83.679375
307,2.558333,0.001618,-0.725510,0.001229,-0.688208,-215.121979,90.059105,83.678230
308,2.566667,0.001582,-0.725544,0.001282,-0.688173,-215.122177,90.058647,83.677689
309,2.575000,0.001622,-0.725594,0.001423,-0.688119,-215.122681,90.058411,83.679382
310,2.583333,0.001602,-0.725598,0.001348,-0.688116,-215.122269,90.059769,83.677910
311,2.591667,0.001668,-0.725518,0.001328,-0.688200,-215.122604,90.060005,83.679710
312,2.600000,0.001608,-0.725511,0.001227,-0.688208,-215.120987,90.061066,83.678314
313,2.608333,0.001609,-0.725546,0.001265,-0.688171,-215.120911,90.059654,83.678474
314,2.616667,0.001609,-0.725534,0.001272,-0.688184,-215.121323,90.058479,83.679436
315,2.625000,0.001606,-0.725554,0.001311,-0.688162,-215.120316,90.057938,83.680138
316,2.633333,0.001618,-0.725532,0.001375,-0.688186,-215.119598,90.056633,83.680656
317,2.641667,0.001413,-0.725546,0.001345,-0.688171,-215.119629,90.057709,83.680244
318,2.650000,0.001512,-0.725572,0.001371,-0.688144,-215.119308,90.057953,83.680954
319,2.658333,0.001596,-0.725558,0.001412,-0.688157,-215.119812,90.057068,83.680740
320,2.666667,0.001528,-0.725550,0.001332,-0.688166,-215.119644,90.057724,83.678795
321,2.675000,0.001478,-0.725579,0.001198,-0.688136,-215.119843,90.058235,83.679352
322,2.683333,0.001574,-0.725561,0.001190,-0.688155,-215.120575,90.059830,83.677765
323,2.691667,0.001691,-0.725564,0.001239,-0.688151,-215.120621,90.059052,83.677841
324,2.700000,0.001585,-0.725573,0.001203,-0.688143,-215.120605,90.059097,83.677139
325,2.708333,0.001626,-0.725562,0.001332,-0.688153,-215.121811,90.059212,83.676430
326,2.716667,0.001628,-0.725583,0.001430,-0.688131,-215.121964,90.058830,83.678223
327,2.725000,0.001623,-0.725597,0.001304,-0.688117,-215.121155,90.059433,83.677986
328,2.733333,0.001656,-0.725573,0.001326,-0.688142,-215.121536,90.058441,83.679512
329,2.741667,0.001699,-0.725513,0.001345,-0.688205,-215.119934,90.058815,83.679283
330,2.750000,0.001699,-0.725530,0.001426,-0.688187,-215.120010,90.058350,83.679390
331,2.758333,0.001539,-0.725511,0.001456,-0.688207,-215.121002,90.058395,83.679840
332,2.766667,0.001673,-0.725525,0.001328,-0.688192,-215.120483,90.057907,83.679863
333,2.775000,0.001607,-0.725487,0.001240,-0.688233,-215.121033,90.057938,83.680458
334,2.783333,0.001634,-0.725486,0.001223,-0.688234,-215.120438,90.057961,83.680634
335,2.791667,0.001637,-0.725519,0.001210,-0.688200,-215.120621,90.057411,83.680672
336,2.800000,0.001552,-0.725483,0.001234,-0.688237,-215.120697,90.057816,83.680054
337,2.808333,0.001710,-0.725547,0.001378,-0.688169,-215.120453,90.058479,83.679672
338,2.816667,0.001675,-0.725544,0.001350,-0.688173,-215.121582,90.057701,83.680275
339,2.825000,0.001664,-0.725546,0.001224,-0.688170,-215.121002,90.058578,83.678696
340,2.833333,0.001631,-0.725560,0.001245,-0.688156,-215.121277,90.059288,83.679039
341,2.841667,0.001620,-0.725524,0.001117,-0.688194,-215.121277,90.059418,83.678642
342,2.850000,0.001615,-0.725542,0.001208,-0.688175,-215.121750,90.059486,83.678879
343,2.858333,0.001657,-0.725547,0.001252,-0.688169,-215.122803,90.058990,83.679321
344,2.866667,0.001616,-0.725494,0.001401,-0.688225,-215.121155,90.059219,83.677711
345,2.875000,0.001665,-0.725559,0.001446,-0.688156,-215.122314,90.058563,83.677536
346,2.883333,0.001659,-0.725538,0.001349,-0.688179,-215.122604,90.057770,83.678368
347,2.891667,0.001756,-0.725569,0.001321,-0.688146,-215.122406,90.058258,83.678452
348,2.900000,0.001587,-0.725559,0.001270,-0.688157,-215.123672,90.058769,83.679352
349,2.908333,0.001597,-0.725470,0.001152,-0.688251,-215.121292,90.058479,83.679649
350,2.916667,0.001623,-0.725529,0.001234,-0.688188,-215.121811,90.057556,83.681801
351,2.925000,0.001581,-0.725534,0.001253,-0.688183,-215.121201,90.058189,83.681175
352,2.933333,0.001503,-0.725506,0.001379,-0.688213,-215.120911,90.057991,83.681282
353,2.941667,0.001563,-0.725538,0.001444,-0.688179,-215.121490,90.057106,83.682060
354,2.950000,0.001456,-0.725516,0.001391,-0.688202,-215.119766,90.056923,83.681717
355,2.958333,0.001239,-0.725462,0.001377,-0.688260,-215.118149,90.057732,83.682404
356,2.966667,0.001300,-0.725551,0.001372,-0.688166,-215.116531,90.058937,83.682800
357,2.975000,0.001406,-0.725556,0.001557,-0.688160,-215.115448,90.059120,83.684418
358,2.983333,0.001163,-0.725537,0.001546,-0.688180,-215.113922,90.058426,83.686569
359,2.991667,0.001052,-0.725534,0.001377,-0.688184,-215.113831,90.056808,83.689789
360,3.000000,0.000780,-0.725505,0.001322,-0.688216,-215.113205,90.056641,83.695847
361,3.008333,0.000516,-0.725489,0.001214,-0.688232,-215.110611,90.056450,83.701210
362,3.016667,0.000385,-0.725480,0.001182,-0.688242,-215.108246,90.056732,83.708969
363,3.025000,-0.000360,-0.725339,0.001231,-0.688390,-215.109924,90.049950,83.724144
364,3.033333,-0.001038,-0.725131,0.002012,-0.688607,-215.096802,90.042236,83.738937
365,3.041667,-0.001523,-0.725313,0.002053,-0.688415,-215.090363,90.042671,83.752296
366,3.050000,-0.002005,-0.725410,0.001934,-0.688311,-215.082977,90.042778,83.768768
367,3.058333,-0.002229,-0.725495,0.001736,-0.688222,-215.077347,90.047417,83.795654
368,3.066667,-0.002762,-0.725340,0.001062,-0.688384,-215.070969,90.049759,83.822182
369,3.075000,-0.003263,-0.725108,0.000203,-0.688628,-215.067917,90.056213,83.854942
370,3.083333,-0.003397,-0.725330,-0.000637,-0.688393,-215.056229,90.072067,83.881500
371,3.091667,-0.004149,-0.725412,-0.000967,-0.688302,-215.048523,90.076553,83.907288
372,3.100000,-0.004938,-0.725866,-0.002707,-0.687813,-215.057831,90.078857,83.931145
373,3.108333,-0.006042,-0.725765,-0.004337,-0.687902,-215.060516,90.071205,83.955612
374,3.116667,-0.006998,-0.725647,-0.005105,-0.688013,-215.055222,90.065041,83.975540
375,3.125000,-0.007782,-0.725685,-0.005374,-0.687962,-215.047546,90.067619,83.991776
376,3.133333,-0.008414,-0.725693,-0.005536,-0.687945,-215.041092,90.068588,84.006233
377,3.141667,-0.009260,-0.725629,-0.005123,-0.688005,-215.046432,90.061501,84.030624
378,3.150000,-0.009712,-0.725659,-0.005051,-0.687968,-215.049561,90.060242,84.044098
379,3.158333,-0.009798,-0.725736,-0.005254,-0.687883,-215.050919,90.061668,84.053833
380,3.166667,-0.009850,-0.725596,-0.005799,-0.688026,-215.055420,90.064438,84.067223
381,3.175000,-0.009775,-0.725560,-0.006026,-0.688063,-215.055511,90.067314,84.077187
382,3.183333,-0.009920,-0.725681,-0.006102,-0.687933,-215.055130,90.068184,84.079056
383,3.191667,-0.009929,-0.725642,-0.006322,-0.687972,-215.054565,90.072563,84.082840
384,3.200000,-0.010133,-0.725591,-0.006234,-0.688023,-215.055267,90.070686,84.090698
385,3.208333,-0.009956,-0.725591,-0.006436,-0.688024,-215.055817,90.072357,84.101418
386,3.216667,-0.010236,-0.725656,-0.006601,-0.687950,-215.054031,90.074257,84.116455
387,3.225000,-0.010413,-0.725788,-0.006918,-0.687805,-215.052322,90.073898,84.128723
388,3.233333,-0.010687,-0.725713,-0.007128,-0.687877,-215.051895,90.075844,84.138847
389,3.241667,-0.011042,-0.725462,-0.007239,-0.688135,-215.042953,90.070084,84.155945
390,3.250000,-0.011109,-0.725422,-0.007322,-0.688176,-215.039703,90.071510,84.160545
391,3.258333,-0.010923,-0.725429,-0.007016,-0.688174,-215.039322,90.072235,84.162018
392,3.266667,-0.010915,-0.725448,-0.007176,-0.688153,-215.039566,90.069206,84.159546
393,3.275000,-0.010590,-0.725720,-0.007322,-0.687870,-215.048645,90.074295,84.142776
394,3.283333,-0.010176,-0.725685,-0.007129,-0.687915,-215.053436,90.076790,84.122070
395,3.291667,-0.009811,-0.725562,-0.006770,-0.688053,-215.056870,90.074661,84.096680
396,3.300000,-0.010070,-0.725631,-0.006381,-0.687980,-215.057297,90.070580,84.069046
397,3.308333,-0.010463,-0.725710,-0.006197,-0.687893,-215.058899,90.066788,84.047203
398,3.316667,-0.010983,-0.725740,-0.006615,-0.687850,-215.059204,90.065979,84.039673
399,3.325000,-0.011999,-0.725511,-0.007899,-0.688061,-215.060928,90.073029,84.066391
400,3.333333,-0.012178,-0.725475,-0.009018,-0.688082,-215.063614,90.097031,84.087021
401,3.341667,-0.015142,-0.725290,-0.009925,-0.688205,-215.060120,90.138824,84.116882
402,3.350000,-0.016753,-0.725035,-0.010455,-0.688428,-215.050934,90.184166,84.137657
403,3.358333,-0.016494,-0.724967,-0.010270,-0.688509,-215.052414,90.227379,84.137932
404,3.366667,-0.015415,-0.725057,-0.008385,-0.688465,-215.053146,90.277718,84.136162
405,3.375000,-0.015094,-0.725443,-0.008102,-0.688069,-215.046783,90.319885,84.147934
406,3.383333,-0.015122,-0.725573,-0.008405,-0.687927,-215.041733,90.362900,84.164528
407,3.391667,-0.015034,-0.725669,-0.008970,-0.687821,-215.036896,90.411774,84.180191
408,3.400000,-0.015531,-0.725731,-0.009328,-0.687740,-215.034790,90.464577,84.196472
409,3.408333,-0.014873,-0.725958,-0.009951,-0.687507,-215.042236,90.524445,84.206543
410,3.416667,-0.013411,-0.726019,-0.010234,-0.687468,-215.040634,90.589188,84.218330
411,3.425000,-0.012305,-0.725522,-0.009510,-0.688023,-215.032791,90.639435,84.241791
412,3.433333,-0.011688,-0.725336,-0.009111,-0.688236,-215.029480,90.685677,84.252449
413,3.441667,-0.011336,-0.725483,-0.009795,-0.688077,-215.030594,90.733940,84.254738
414,3.450000,-0.011628,-0.725551,-0.010170,-0.687995,-215.029221,90.779587,84.257256
415,3.458333,-0.014143,-0.725595,-0.009478,-0.687912,-215.038727,90.830330,84.257607
416,3.466667,-0.013900,-0.725403,-0.006973,-0.688148,-215.036911,90.903458,84.256134
417,3.475000,-0.012470,-0.725489,-0.006409,-0.688091,-215.018631,90.981789,84.254959
418,3.483333,-0.011701,-0.725796,-0.006674,-0.687778,-215.018341,91.054565,84.261681
419,3.491667,-0.010986,-0.726170,-0.006890,-0.687393,-215.022278,91.120018,84.268311
420,3.500000,-0.010250,-0.726144,-0.007126,-0.687429,-215.027283,91.174408,84.273247
421,3.508333,-0.011166,-0.725564,-0.006706,-0.688031,-215.022903,91.214195,84.286522
422,3.516667,-0.011662,-0.725457,-0.006723,-0.688136,-215.016418,91.256439,84.291763
423,3.525000,-0.011461,-0.725556,-0.006845,-0.688034,-215.013336,91.300774,84.295174
424,3.533333,-0.010629,-0.725513,-0.007299,-0.688088,-215.011078,91.355507,84.298279
425,3.541667,-0.009118,-0.725933,-0.007330,-0.687665,-215.007965,91.417564,84.294159
426,3.550000,-0.007520,-0.726147,-0.005876,-0.687474,-215.009567,91.481781,84.290199
427,3.558333,-0.006828,-0.726220,-0.005330,-0.687408,-215.007355,91.534271,84.292427
428,3.566667,-0.006633,-0.726190,-0.005392,-0.687441,-214.999725,91.584831,84.305153
429,3.575000,-0.007344,-0.726072,-0.005069,-0.687561,-214.996033,91.622719,84.324188
430,3.583333,-0.008145,-0.726251,-0.004931,-0.687364,-214.991714,91.670036,84.336891
431,3.591667,-0.008354,-0.726431,-0.005120,-0.687169,-214.989502,91.722664,84.339554
432,3.600000,-0.008536,-0.726139,-0.004521,-0.687480,-214.977600,91.771675,84.342369
433,3.608333,-0.007370,-0.726171,-0.004350,-0.687461,-214.961060,91.834824,84.341782
434,3.616667,-0.006375,-0.726369,-0.004017,-0.687263,-214.956070,91.893135,84.334740
435,3.625000,-0.006429,-0.726188,-0.003278,-0.687458,-214.961380,91.936996,84.334145
436,3.633333,-0.005480,-0.725841,-0.002243,-0.687837,-214.958160,91.999626,84.325432
437,3.641667,-0.005345,-0.725866,-0.000993,-0.687814,-214.949890,92.050941,84.319237
438,3.650000,-0.004606,-0.725941,-0.000704,-0.687741,-214.942688,92.106300,84.317001
439,3.658333,-0.003935,-0.726177,-0.000922,-0.687496,-214.940720,92.166763,84.313179
440,3.666667,-0.003681,-0.726388,-0.001105,-0.687275,-214.941315,92.217583,84.315292
441,3.675000,-0.003720,-0.726420,-0.000358,-0.687240,-214.947540,92.263702,84.317825
442,3.683333,-0.003082,-0.726614,-0.000011,-0.687039,-214.942673,92.316971,84.315018
443,3.691667,-0.002793,-0.726625,0.000201,-0.687029,-214.941620,92.361954,84.315102
444,3.700000,-0.002614,-0.726775,0.000118,-0.686870,-214.939926,92.409721,84.311409
445,3.708333,-0.001346,-0.726787,0.001771,-0.686860,-214.938263,92.462868,84.299477
446,3.716667,-0.001019,-0.726902,0.002206,-0.686737,-214.939667,92.503395,84.297325
447,3.725000,-0.001036,-0.726915,0.001688,-0.686725,-214.940170,92.540558,84.301292
448,3.733333,-0.000585,-0.726809,0.000865,-0.686839,-214.939468,92.584625,84.301163
449,3.741667,-0.001009,-0.726723,0.001011,-0.686929,-214.947845,92.621597,84.303802
450,3.750000,-0.001015,-0.726728,0.001257,-0.686923,-214.945312,92.661774,84.302780
451,3.758333,0.000012,-0.726925,0.001555,-0.686715,-214.934158,92.713326,84.292519
452,3.766667,0.000768,-0.726700,0.001936,-0.686952,-214.934280,92.755791,84.291229
453,3.775000,0.001566,-0.726446,0.002162,-0.687219,-214.935562,92.793129,84.292320
454,3.783333,0.002067,-0.726658,0.001986,-0.686993,-214.938385,92.831413,84.281403
455,3.791667,0.002267,-0.726640,0.002221,-0.687011,-214.938385,92.861900,84.276207
456,3.800000,0.002677,-0.726679,0.002820,-0.686966,-214.935516,92.890015,84.273018
457,3.808333,0.002568,-0.726524,0.003748,-0.687126,-214.932129,92.912949,84.279266
458,3.816667,0.002819,-0.726676,0.004590,-0.686960,-214.927414,92.942047,84.278511
459,3.825000,0.003262,-0.726603,0.005118,-0.687031,-214.924408,92.972649,84.281586
460,3.833333,0.003650,-0.726475,0.005103,-0.687165,-214.921921,93.002075,84.286018
461,3.841667,0.003814,-0.726568,0.005191,-0.687065,-214.921051,93.028160,84.287567
462,3.850000,0.003615,-0.726656,0.005296,-0.686972,-214.920212,93.049355,84.290985
463,3.858333,0.003030,-0.726806,0.005336,-0.686815,-214.919922,93.066017,84.294174
464,3.866667,0.003559,-0.726986,0.004979,-0.686625,-214.903442,93.094353,84.289688
465,3.875000,0.003679,-0.727062,0.004817,-0.686545,-214.905594,93.115540,84.289574
466,3.883333,0.003973,-0.727247,0.004329,-0.686350,-214.909195,93.144424,84.285751
467,3.891667,0.003681,-0.727289,0.004203,-0.686309,-214.911270,93.170090,84.286095
468,3.900000,0.002990,-0.727461,0.004601,-0.686127,-214.909866,93.193771,84.283516
469,3.908333,0.002394,-0.727559,0.004944,-0.686023,-214.909027,93.216240,84.281334
470,3.916667,0.002387,-0.727375,0.005134,-0.686217,-214.909058,93.238083,84.283516
471,3.925000,0.002555,-0.727296,0.005261,-0.686300,-214.903015,93.262497,84.286133
472,3.933333,0.002598,-0.727049,0.005356,-0.686559,-214.895172,93.278847,84.296471
473,3.941667,0.001107,-0.727058,0.005251,-0.686555,-214.892670,93.304924,84.297798
474,3.950000,0.000506,-0.726986,0.005358,-0.686631,-214.890930,93.323006,84.296455
475,3.958333,0.000641,-0.727066,0.005601,-0.686545,-214.889053,93.339882,84.294983
476,3.966667,0.000801,-0.727229,0.006018,-0.686368,-214.886337,93.356110,84.291603
477,3.975000,0.001119,-0.727359,0.006339,-0.686227,-214.883881,93.376938,84.289932
478,3.983333,0.001304,-0.727481,0.006935,-0.686092,-214.878342,93.397987,84.286049
479,3.991667,0.001750,-0.727746,0.006832,-0.685811,-214.875702,93.424965,84.281166
480,4.000000,0.002178,-0.727742,0.006959,-0.685812,-214.871689,93.449364,84.279358
481,4.008333,0.001408,-0.727784,0.009851,-0.685734,-214.889908,93.467224,84.262451
482,4.016667,0.002819,-0.727455,0.010112,-0.686075,-214.878433,93.502838,84.267220
483,4.025000,0.003919,-0.727117,0.009450,-0.686438,-214.865585,93.531082,84.276253
484,4.033333,0.004378,-0.726961,0.008904,-0.686607,-214.862030,93.554565,84.278725
485,4.041667,0.004519,-0.726945,0.008797,-0.686624,-214.862366,93.574150,84.277237
486,4.050000,0.004421,-0.727120,0.008710,-0.686441,-214.865631,93.589363,84.273598
487,4.058333,0.004477,-0.727180,0.008413,-0.686381,-214.866776,93.603615,84.271782
488,4.066667,0.004629,-0.727213,0.008323,-0.686346,-214.866287,93.617050,84.269661
489,4.075000,0.004848,-0.727584,0.008005,-0.685955,-214.871933,93.635712,84.268799
490,4.083333,0.004819,-0.727702,0.007769,-0.685833,-214.867706,93.652321,84.268967
491,4.091667,0.004466,-0.727409,0.007973,-0.686143,-214.850235,93.662415,84.274918
492,4.100000,0.004598,-0.727869,0.007065,-0.685664,-214.843445,93.688950,84.267464
493,4.108333,0.004912,-0.728218,0.006795,-0.685294,-214.822342,93.729172,84.259750
494,4.116667,0.005081,-0.728497,0.007601,-0.684988,-214.808014,93.779320,84.260437
495,4.125000,0.004306,-0.728802,0.008798,-0.684655,-214.798660,93.827103,84.247505
496,4.133333,0.005623,-0.728762,0.009450,-0.684679,-214.769913,93.895248,84.241104
497,4.141667,0.004824,-0.728638,0.009428,-0.684818,-214.750153,93.981194,84.231522
498,4.150000,0.006571,-0.728415,0.011260,-0.685012,-214.731735,94.076920,84.216789
499,4.158333,0.007994,-0.728506,0.011962,-0.684888,-214.718369,94.135117,84.209671
500,4.166667,0.008534,-0.728801,0.012012,-0.684566,-214.709885,94.168236,84.202354
501,4.175000,0.007600,-0.728640,0.012500,-0.684741,-214.714676,94.182434,84.203453
502,4.183333,0.009292,-0.728647,0.012648,-0.684709,-214.711884,94.201416,84.196190
503,4.191667,0.009823,-0.729001,0.013238,-0.684314,-214.716370,94.225372,84.176949
504,4.200000,0.011947,-0.728882,0.012308,-0.684424,-214.701172,94.279488,84.177063
505,4.208333,0.013578,-0.728653,0.011929,-0.684645,-214.700455,94.321671,84.181808
506,4.216667,0.014922,-0.728688,0.011783,-0.684582,-214.707047,94.356583,84.179947
507,4.225000,0.015800,-0.728777,0.011993,-0.684464,-214.713470,94.380486,84.172989
508,4.233333,0.015615,-0.728915,0.012595,-0.684310,-214.718338,94.389725,84.168221
509,4.241667,0.014199,-0.729200,0.013092,-0.684028,-214.723175,94.401276,84.162811
510,4.250000,0.014662,-0.729213,0.013517,-0.683996,-214.724854,94.404320,84.158257
511,4.258333,0.015071,-0.729173,0.013703,-0.684027,-214.728683,94.410011,84.156601
512,4.266667,0.015161,-0.729164,0.013812,-0.684031,-214.728958,94.417229,84.154831
513,4.275000,0.014903,-0.729121,0.014011,-0.684080,-214.730804,94.422218,84.156761
514,4.283333,0.015287,-0.729120,0.014059,-0.684071,-214.728073,94.425293,84.156555
515,4.291667,0.015394,-0.729102,0.013929,-0.684090,-214.726730,94.422516,84.156349
516,4.300000,0.014425,-0.729272,0.013792,-0.683932,-214.726944,94.420273,84.159698
517,4.308333,0.014985,-0.729192,0.013705,-0.684008,-214.722824,94.413284,84.159103
518,4.316667,0.015187,-0.729144,0.013597,-0.684057,-214.720734,94.411888,84.157425
519,4.325000,0.015048,-0.729116,0.013558,-0.684090,-214.719101,94.415886,84.156166
520,4.333333,0.015095,-0.729130,0.013644,-0.684073,-214.717224,94.420456,84.155212
521,4.341667,0.015237,-0.729089,0.013852,-0.684109,-214.716629,94.423203,84.155037
522,4.350000,0.015240,-0.729092,0.013946,-0.684104,-214.716812,94.421104,84.154625
523,4.358333,0.015402,-0.729120,0.013869,-0.684072,-214.718506,94.416885,84.155510
524,4.366667,0.015540,-0.729162,0.013788,-0.684026,-214.718201,94.414360,84.155426
525,4.375000,0.015133,-0.729183,0.013725,-0.684014,-214.719421,94.413765,84.155342
526,4.383333,0.015086,-0.729200,0.013633,-0.683998,-214.720367,94.415680,84.154663
527,4.391667,0.015132,-0.729196,0.013786,-0.683999,-214.721603,94.419220,84.153175
528,4.400000,0.014995,-0.729141,0.013845,-0.684059,-214.724594,94.421097,84.155800
529,4.408333,0.015208,-0.729134,0.013769,-0.684064,-214.725204,94.419998,84.154404
530,4.416667,0.014355,-0.729298,0.013664,-0.683909,-214.727280,94.420883,84.156410
531,4.425000,0.014046,-0.729333,0.013621,-0.683879,-214.727020,94.420357,84.158501
532,4.433333,0.015115,-0.729214,0.013730,-0.683981,-214.724594,94.416229,84.156586
533,4.441667,0.015352,-0.729167,0.013687,-0.684026,-214.724152,94.416199,84.156868
534,4.450000,0.015220,-0.729132,0.013663,-0.684068,-214.722610,94.418648,84.156052
535,4.458333,0.014204,-0.729286,0.013789,-0.683923,-214.722748,94.424042,84.158966
536,4.466667,0.014737,-0.729223,0.013894,-0.683976,-214.720627,94.419907,84.159538
537,4.475000,0.015275,-0.729168,0.013787,-0.684025,-214.718277,94.416962,84.157524
538,4.483333,0.015389,-0.729158,0.013740,-0.684034,-214.717438,94.415436,84.157333
539,4.491667,0.015290,-0.729143,0.013648,-0.684054,-214.715393,94.416351,84.156075
540,4.500000,0.014116,-0.729282,0.013599,-0.683933,-214.716522,94.424347,84.157074
541,4.508333,0.014929,-0.729151,0.013667,-0.684053,-214.714813,94.420570,84.155197
542,4.516667,0.015187,-0.729122,0.013745,-0.684078,-214.716507,94.418755,84.154778
543,4.525000,0.015057,-0.729152,0.013722,-0.684049,-214.717911,94.417458,84.154404
544,4.533333,0.015138,-0.729179,0.013664,-0.684019,-214.719147,94.417458,84.153786
545,4.541667,0.014975,-0.729120,0.013797,-0.684083,-214.724091,94.414146,84.158363
546,4.550000,0.015099,-0.729145,0.013678,-0.684056,-214.721085,94.416733,84.156868
547,4.558333,0.015092,-0.729117,0.013694,-0.684086,-214.722031,94.417809,84.155548
548,4.566667,0.015179,-0.729141,0.013777,-0.684056,-214.723343,94.419006,84.154938
549,4.575000,0.015371,-0.729147,0.013911,-0.684043,-214.723846,94.418388,84.154335
550,4.583333,0.014451,-0.729282,0.013776,-0.683922,-214.725204,94.421135,84.157448
551,4.591667,0.013995,-0.729336,0.013651,-0.683876,-214.722397,94.422272,84.157700
552,4.600000,0.014033,-0.729309,0.013635,-0.683905,-214.720490,94.422188,84.159019
553,4.608333,0.014757,-0.729166,0.013650,-0.684041,-214.717819,94.418083,84.156418
554,4.616667,0.015174,-0.729154,0.013705,-0.684044,-214.717453,94.417534,84.155396
555,4.625000,0.015153,-0.729156,0.013814,-0.684040,-214.717285,94.418221,84.156296
556,4.633333,0.015277,-0.729152,0.013826,-0.684042,-214.716431,94.418869,84.156059
557,4.641667,0.014307,-0.729290,0.013790,-0.683917,-214.718216,94.422577,84.158646
558,4.650000,0.014994,-0.729201,0.013843,-0.683996,-214.715836,94.418587,84.156342
559,4.658333,0.015185,-0.729138,0.013747,-0.684060,-214.715958,94.418640,84.155464
560,4.666667,0.014968,-0.729154,0.013634,-0.684050,-214.717072,94.417374,84.154495
561,4.675000,0.015060,-0.729159,0.013558,-0.684044,-214.717148,94.417557,84.153435
562,4.683333,0.015202,-0.729148,0.013566,-0.684053,-214.718155,94.417755,84.154625
563,4.691667,0.015357,-0.729149,0.013593,-0.684047,-214.719101,94.418007,84.154610
564,4.700000,0.015317,-0.729192,0.013657,-0.684002,-214.720413,94.417694,84.155273
565,4.708333,0.015246,-0.729186,0.013680,-0.684009,-214.721176,94.417221,84.155182
566,4.716667,0.015197,-0.729162,0.013831,-0.684032,-214.721008,94.417763,84.154770
567,4.725000,0.015108,-0.729071,0.013850,-0.684132,-214.722733,94.416374,84.158211
568,4.733333,0.015212,-0.729096,0.013708,-0.684105,-214.718887,94.417793,84.156288
569,4.741667,0.014206,-0.729280,0.013710,-0.683930,-214.720657,94.422913,84.157936
570,4.750000,0.014710,-0.729217,0.013735,-0.683987,-214.718124,94.420418,84.158028
571,4.758333,0.015050,-0.729162,0.013728,-0.684037,-214.717606,94.417007,84.156853
572,4.766667,0.014066,-0.729290,0.013695,-0.683923,-214.717987,94.422272,84.158432
573,4.775000,0.014769,-0.729180,0.013681,-0.684026,-214.714691,94.419167,84.155937
574,4.783333,0.015054,-0.729176,0.013789,-0.684021,-214.715546,94.416527,84.156281
575,4.791667,0.015148,-0.729133,0.013742,-0.684067,-214.715393,94.416328,84.155479
576,4.800000,0.015281,-0.729128,0.013721,-0.684069,-214.715103,94.417610,84.156265
577,4.808333,0.015222,-0.729130,0.013672,-0.684069,-214.716431,94.420357,84.156723
578,4.816667,0.015315,-0.729104,0.013696,-0.684094,-214.716888,94.421707,84.155678
579,4.825000,0.014139,-0.729285,0.013857,-0.683924,-214.720734,94.428299,84.160385
580,4.833333,0.014709,-0.729240,0.014132,-0.683954,-214.721207,94.429359,84.160149
581,4.841667,0.014092,-0.729229,0.014274,-0.683976,-214.727356,94.435493,84.165161
582,4.850000,0.013953,-0.729102,0.014435,-0.684110,-214.728790,94.443268,84.170174
583,4.858333,0.014054,-0.728874,0.015120,-0.684336,-214.728760,94.451569,84.176086
584,4.866667,0.013919,-0.728539,0.016160,-0.684672,-214.727783,94.454697,84.187218
585,4.875000,0.013833,-0.728477,0.016701,-0.684727,-214.733643,94.456879,84.196884
586,4.883333,0.013735,-0.728419,0.017161,-0.684780,-214.742996,94.454979,84.211617
587,4.891667,0.013204,-0.728186,0.017260,-0.685035,-214.755127,94.446419,84.229805
588,4.900000,0.012911,-0.727978,0.016796,-0.685273,-214.772614,94.429634,84.254089
589,4.908333,0.012299,-0.727459,0.016512,-0.685842,-214.793747,94.407036,84.285179
590,4.916667,0.011469,-0.726957,0.016295,-0.686394,-214.826294,94.375160,84.318863
591,4.925000,0.011829,-0.726910,0.015890,-0.686447,-214.850067,94.357384,84.344849
592,4.933333,0.011884,-0.726667,0.015721,-0.686707,-214.886551,94.341103,84.374603
593,4.941667,0.011104,-0.725862,0.016319,-0.687557,-214.928558,94.318047,84.413300
594,4.950000,0.011000,-0.725314,0.015802,-0.688149,-214.976913,94.302078,84.445686
595,4.958333,0.009825,-0.724742,0.015775,-0.688769,-215.021729,94.277695,84.482918
596,4.966667,0.010929,-0.724787,0.015280,-0.688717,-215.060135,94.258072,84.517746
597,4.975000,0.011257,-0.724472,0.014852,-0.689052,-215.118866,94.235168,84.558937
598,4.983333,0.011544,-0.724070,0.014340,-0.689481,-215.185043,94.215363,84.597519
599,4.991667,0.009084,-0.723473,0.014639,-0.690138,-215.255737,94.195541,84.641769
600,5.000000,0.009204,-0.723145,0.014392,-0.690484,-215.305374,94.186272,84.673775
601,5.008333,0.010028,-0.722270,0.014137,-0.691394,-215.377457,94.171432,84.715996
602,5.016667,0.010340,-0.721471,0.014094,-0.692224,-215.456100,94.147858,84.767982
603,5.025000,0.010447,-0.720731,0.014143,-0.692992,-215.524918,94.124512,84.813690
604,5.033333,0.010047,-0.719792,0.013318,-0.693989,-215.592331,94.102791,84.858986
605,5.041667,0.009672,-0.718506,0.013636,-0.695319,-215.665359,94.077179,84.902664
606,5.050000,0.010363,-0.718041,0.015123,-0.695759,-215.744354,94.033691,84.959755
607,5.058333,0.012013,-0.717916,0.015657,-0.695850,-215.811951,94.013603,85.006859
608,5.066667,0.012643,-0.717062,0.016485,-0.696700,-215.897781,93.996048,85.066620
609,5.075000,0.012737,-0.716170,0.017055,-0.697601,-215.969391,93.983284,85.124893
610,5.083333,0.012435,-0.715553,0.017390,-0.698231,-216.041397,93.968506,85.168823
611,5.091667,0.012764,-0.714909,0.017266,-0.698887,-216.125626,93.953369,85.211601
612,5.100000,0.013653,-0.714049,0.017232,-0.699751,-216.212418,93.955719,85.270164
613,5.108333,0.014563,-0.712643,0.017130,-0.701167,-216.298172,93.964363,85.331070
614,5.116667,0.015954,-0.711644,0.017207,-0.702148,-216.394592,93.971497,85.383179
615,5.125000,0.017568,-0.711283,0.016890,-0.702483,-216.484161,93.991676,85.440002
616,5.133333,0.017479,-0.710646,0.018121,-0.703100,-216.581039,93.994972,85.500549
617,5.141667,0.017244,-0.709768,0.019096,-0.703965,-216.667343,93.997307,85.549622
618,5.150000,0.017205,-0.708444,0.019692,-0.705283,-216.752930,94.008881,85.612038
619,5.158333,0.018521,-0.706014,0.021850,-0.707619,-216.822739,94.050308,85.678825
620,5.166667,0.018367,-0.705534,0.024480,-0.708015,-216.925049,94.071289,85.727013
621,5.175000,0.019289,-0.705551,0.025122,-0.707951,-217.034653,94.085732,85.772285
622,5.183333,0.019191,-0.705348,0.024965,-0.708161,-217.137070,94.113205,85.822998
623,5.191667,0.019762,-0.704041,0.025101,-0.709440,-217.237686,94.128586,85.871056
624,5.200000,0.021095,-0.702448,0.024864,-0.710988,-217.340942,94.144089,85.920242
625,5.208333,0.021176,-0.700554,0.026989,-0.712774,-217.431122,94.136826,85.985252
626,5.216667,0.021216,-0.699900,0.027529,-0.713395,-217.529037,94.142036,86.026688
627,5.225000,0.021236,-0.699308,0.028362,-0.713942,-217.633789,94.142624,86.069023
628,5.233333,0.023618,-0.698818,0.029111,-0.714317,-217.743759,94.137917,86.114090
629,5.241667,0.025012,-0.696200,0.028751,-0.716836,-217.823715,94.140450,86.181084
630,5.250000,0.023961,-0.695632,0.028884,-0.717417,-217.945236,94.140411,86.209160
631,5.258333,0.024166,-0.695197,0.028677,-0.717841,-218.063187,94.140800,86.245827
632,5.266667,0.024994,-0.694733,0.026978,-0.718327,-218.172287,94.127151,86.279205
633,5.275000,0.024298,-0.693455,0.026500,-0.719602,-218.291428,94.105240,86.313301
634,5.283333,0.022494,-0.691746,0.027847,-0.721253,-218.422516,94.067093,86.351738
635,5.291667,0.024544,-0.691164,0.027704,-0.721750,-218.517181,94.046249,86.384621
636,5.300000,0.026318,-0.690598,0.029822,-0.722145,-218.626648,94.032845,86.411079
637,5.308333,0.023906,-0.689289,0.031835,-0.723392,-218.752640,94.005524,86.443336
638,5.316667,0.021031,-0.687729,0.032789,-0.724922,-218.868439,93.956688,86.492981
639,5.325000,0.021207,-0.686978,0.032754,-0.725630,-218.974380,93.923256,86.525986
640,5.333333,0.022456,-0.686542,0.033137,-0.725988,-219.093750,93.870476,86.571762
641,5.341667,0.023311,-0.685740,0.032495,-0.726747,-219.199997,93.835464,86.598251
642,5.350000,0.024425,-0.683309,0.030670,-0.729075,-219.284134,93.823380,86.647919
643,5.358333,0.025130,-0.681390,0.031619,-0.730805,-219.396561,93.812241,86.691765
644,5.366667,0.025957,-0.680712,0.032427,-0.731373,-219.515778,93.806076,86.715759
645,5.375000,0.025932,-0.678807,0.032059,-0.733158,-219.622467,93.781433,86.762794
646,5.383333,0.023895,-0.678124,0.030952,-0.733907,-219.736649,93.766792,86.788979
647,5.391667,0.025536,-0.678402,0.031176,-0.733585,-219.865326,93.730591,86.807465
648,5.400000,0.026602,-0.678005,0.032081,-0.733874,-220.007874,93.691490,86.825005
649,5.408333,0.026632,-0.676553,0.032364,-0.735200,-220.132950,93.661850,86.849594
650,5.416667,0.026718,-0.675150,0.031801,-0.736510,-220.245651,93.643661,86.880157
651,5.425000,0.025487,-0.674190,0.031888,-0.737429,-220.386414,93.601883,86.925926
652,5.433333,0.025614,-0.672996,0.030953,-0.738554,-220.498306,93.577454,86.947884
653,5.441667,0.025283,-0.671910,0.031125,-0.739546,-220.616791,93.547234,86.968018
654,5.450000,0.025172,-0.670682,0.031583,-0.740645,-220.757599,93.513489,87.002304
655,5.458333,0.025028,-0.669236,0.033088,-0.741891,-220.910461,93.476761,87.031395
656,5.466667,0.025397,-0.667784,0.033283,-0.743177,-221.042938,93.450523,87.049988
657,5.475000,0.025763,-0.666702,0.032031,-0.744190,-221.163132,93.429657,87.067657
658,5.483333,0.024491,-0.665180,0.033534,-0.745528,-221.297913,93.381393,87.096504
659,5.491667,0.024085,-0.663125,0.033028,-0.747392,-221.424194,93.345772,87.138466
660,5.500000,0.023189,-0.661873,0.032690,-0.748544,-221.559982,93.309029,87.161163
661,5.508333,0.022816,-0.659978,0.032688,-0.750227,-221.692413,93.276291,87.189034
662,5.516667,0.022909,-0.659507,0.033384,-0.750607,-221.835190,93.241585,87.203911
663,5.525000,0.023908,-0.658166,0.033582,-0.751744,-221.942856,93.220009,87.232437
664,5.533333,0.023993,-0.656149,0.034080,-0.753480,-222.077011,93.195358,87.261459
665,5.541667,0.024416,-0.654853,0.033839,-0.754604,-222.223709,93.169785,87.281631
666,5.550000,0.024577,-0.654313,0.032946,-0.755106,-222.375702,93.140068,87.294159
667,5.558333,0.024227,-0.653486,0.033050,-0.755828,-222.520020,93.104240,87.298271
668,5.566667,0.023592,-0.651270,0.032946,-0.757763,-222.621750,93.073685,87.324760
669,5.575000,0.021852,-0.650693,0.034406,-0.758247,-222.770554,93.036964,87.320213
670,5.583333,0.022675,-0.648523,0.034049,-0.760095,-222.898605,93.024284,87.353500
671,5.591667,0.023221,-0.648416,0.033966,-0.760173,-223.051361,93.007774,87.354385
672,5.600000,0.022287,-0.647745,0.031386,-0.760884,-223.203369,93.001839,87.352402
673,5.608333,0.022999,-0.646950,0.029167,-0.761627,-223.320038,92.988884,87.349632
674,5.616667,0.023124,-0.645484,0.030476,-0.762815,-223.464035,92.926857,87.368164
675,5.625000,0.024598,-0.644415,0.030379,-0.763676,-223.578217,92.894196,87.366661
676,5.633333,0.024246,-0.643259,0.032024,-0.764595,-223.719101,92.847748,87.378654
677,5.641667,0.024370,-0.641365,0.032502,-0.766160,-223.835510,92.820534,87.388855
678,5.650000,0.023545,-0.639621,0.035017,-0.767532,-223.970657,92.791176,87.399117
679,5.658333,0.023822,-0.638296,0.033830,-0.768679,-224.085861,92.774475,87.414299
680,5.666667,0.022876,-0.637215,0.034387,-0.769579,-224.224060,92.737526,87.424904
681,5.675000,0.022696,-0.636551,0.032760,-0.770205,-224.366577,92.693512,87.416893
682,5.683333,0.021829,-0.635450,0.033707,-0.771097,-224.514038,92.639153,87.423988
683,5.691667,0.019276,-0.634209,0.034146,-0.772167,-224.660995,92.604790,87.424034
684,5.700000,0.019185,-0.631769,0.034311,-0.774159,-224.756744,92.577484,87.441475
685,5.708333,0.018843,-0.630038,0.035195,-0.775538,-224.898117,92.544792,87.446625
686,5.716667,0.020718,-0.627619,0.034640,-0.777474,-224.982407,92.533379,87.484070
687,5.725000,0.019650,-0.627307,0.035919,-0.777695,-225.154037,92.489777,87.455650
688,5.733333,0.022349,-0.627377,0.032796,-0.777703,-225.314621,92.492416,87.423920
689,5.741667,0.020782,-0.624860,0.033748,-0.779730,-225.449997,92.437363,87.445160
690,5.750000,0.018899,-0.622583,0.033994,-0.781586,-225.567078,92.383011,87.450706
691,5.758333,0.018223,-0.621652,0.032834,-0.782393,-225.709625,92.342262,87.431877
692,5.766667,0.017383,-0.621469,0.032935,-0.782553,-225.848862,92.298630,87.402878
693,5.775000,0.017496,-0.620365,0.033568,-0.783399,-225.951767,92.260834,87.409668
694,5.783333,0.019982,-0.619586,0.032572,-0.783998,-226.076935,92.235573,87.395927
695,5.791667,0.020726,-0.618310,0.032575,-0.784985,-226.203613,92.204498,87.375549
696,5.800000,0.019864,-0.617024,0.032748,-0.786012,-226.323227,92.173759,87.370850
697,5.808333,0.019130,-0.616092,0.032426,-0.786774,-226.429794,92.153160,87.349045
698,5.816667,0.018962,-0.614726,0.032333,-0.787850,-226.537582,92.127357,87.332954
699,5.825000,0.018441,-0.613846,0.032735,-0.788531,-226.637741,92.094559,87.325066
700,5.833333,0.017605,-0.613107,0.033276,-0.789102,-226.735397,92.053467,87.302887
701,5.841667,0.016866,-0.612391,0.033002,-0.789686,-226.837509,92.033249,87.283646
702,5.850000,0.016408,-0.611704,0.033032,-0.790226,-226.941727,92.007324,87.266502
703,5.858333,0.016090,-0.610816,0.033526,-0.790899,-227.028519,91.979279,87.250587
704,5.866667,0.015625,-0.609572,0.033966,-0.791849,-227.112396,91.949249,87.232597
705,5.875000,0.014722,-0.608648,0.034845,-0.792538,-227.198441,91.906464,87.210808
706,5.883333,0.013952,-0.608182,0.035581,-0.792877,-227.295181,91.858429,87.181854
707,5.891667,0.013808,-0.607386,0.035672,-0.793485,-227.383011,91.812721,87.151215
708,5.900000,0.013343,-0.606237,0.035484,-0.794380,-227.473114,91.760948,87.136055
709,5.908333,0.013973,-0.605263,0.032595,-0.795236,-227.559921,91.735588,87.120857
710,5.916667,0.013541,-0.603982,0.030805,-0.796288,-227.650146,91.700348,87.105949
711,5.925000,0.014556,-0.603267,0.028732,-0.796888,-227.705551,91.674484,87.108444
712,5.933333,0.013765,-0.602367,0.027679,-0.797620,-227.803452,91.627243,87.079384
713,5.941667,0.012511,-0.601448,0.026955,-0.798359,-227.904434,91.581879,87.045670
714,5.950000,0.012227,-0.600828,0.026460,-0.798847,-227.981918,91.552101,87.023918
715,5.958333,0.011951,-0.600299,0.026166,-0.799258,-228.069183,91.525665,87.011162
716,5.966667,0.011973,-0.599750,0.025971,-0.799676,-228.152710,91.506180,86.994461
717,5.975000,0.011887,-0.598815,0.026678,-0.800355,-228.235596,91.488892,86.977562
718,5.983333,0.013198,-0.597535,0.026508,-0.801296,-228.277847,91.495567,87.000885
719,5.991667,0.013529,-0.596299,0.028468,-0.802143,-228.374222,91.502739,86.979698
720,6.000000,0.013379,-0.595712,0.030434,-0.802510,-228.472473,91.487892,86.950867
721,6.008333,0.012959,-0.595523,0.031321,-0.802623,-228.564072,91.457077,86.927147
722,6.016667,0.014051,-0.594763,0.030848,-0.803186,-228.613419,91.446800,86.932030
723,6.025000,0.013396,-0.593807,0.030434,-0.803920,-228.715561,91.427116,86.920441
724,6.033333,0.012534,-0.592281,0.029797,-0.805083,-228.832703,91.413788,86.907738
725,6.041667,0.012683,-0.591082,0.029181,-0.805983,-228.918213,91.405884,86.902809
726,6.050000,0.012745,-0.590192,0.028971,-0.806643,-229.005463,91.393921,86.894394
727,6.058333,0.013760,-0.589112,0.029262,-0.807404,-229.096481,91.391014,86.881996
728,6.066667,0.014330,-0.588475,0.029674,-0.807844,-229.182266,91.381157,86.867455
729,6.075000,0.015086,-0.587978,0.030071,-0.808177,-229.245499,91.372871,86.865623
730,6.083333,0.014364,-0.586975,0.031232,-0.808875,-229.342941,91.346573,86.847977
731,6.091667,0.013038,-0.586773,0.032113,-0.809009,-229.443604,91.319366,86.817574
732,6.100000,0.011678,-0.586479,0.032696,-0.809220,-229.542709,91.300735,86.788338
733,6.108333,0.011018,-0.585525,0.032666,-0.809921,-229.625458,91.296043,86.774506
734,6.116667,0.010903,-0.584349,0.032506,-0.810778,-229.700989,91.289833,86.763039
735,6.125000,0.011229,-0.583655,0.031508,-0.811312,-229.789230,91.275719,86.756020
736,6.133333,0.011929,-0.583101,0.030731,-0.811730,-229.879639,91.253548,86.731934
737,6.141667,0.012524,-0.582260,0.029675,-0.812364,-229.965179,91.229660,86.716232
738,6.150000,0.012802,-0.580532,0.027718,-0.813665,-230.039520,91.218010,86.715927
739,6.158333,0.012622,-0.578737,0.028833,-0.814907,-230.110291,91.219536,86.705154
740,6.166667,0.010539,-0.578207,0.029522,-0.815288,-230.184967,91.223808,86.693817
741,6.175000,0.010317,-0.577928,0.030475,-0.815453,-230.260895,91.203743,86.673126
742,6.183333,0.009802,-0.577853,0.030556,-0.815510,-230.341034,91.185875,86.651672
743,6.191667,0.009553,-0.577251,0.030741,-0.815932,-230.415680,91.166618,86.634216
744,6.200000,0.009033,-0.576171,0.030784,-0.816699,-230.496506,91.141624,86.618111
745,6.208333,0.009102,-0.575052,0.030292,-0.817505,-230.577011,91.120056,86.599083
746,6.216667,0.009726,-0.574296,0.029901,-0.818044,-230.658096,91.097641,86.570320
747,6.225000,0.010785,-0.573513,0.029288,-0.818602,-230.737381,91.085747,86.561264
748,6.233333,0.010735,-0.572711,0.029203,-0.819167,-230.809814,91.069351,86.545906
749,6.241667,0.010285,-0.571508,0.028879,-0.820024,-230.878372,91.052956,86.529579
750,6.250000,0.010187,-0.570345,0.028006,-0.820865,-230.951645,91.034836,86.509491
751,6.258333,0.009986,-0.570015,0.027934,-0.821099,-231.026169,91.010872,86.486626
752,6.266667,0.009748,-0.569582,0.027962,-0.821401,-231.097275,90.985542,86.468140
753,6.275000,0.011139,-0.569111,0.027614,-0.821721,-231.132843,90.974548,86.465714
754,6.283333,0.011071,-0.567733,0.027640,-0.822674,-231.212112,90.957375,86.451111
755,6.291667,0.010646,-0.566989,0.027314,-0.823203,-231.277557,90.944656,86.426025
756,6.300000,0.010203,-0.566481,0.026902,-0.823573,-231.332153,90.933121,86.403061
757,6.308333,0.009911,-0.566023,0.026568,-0.823902,-231.389694,90.922890,86.380402
758,6.316667,0.009343,-0.565693,0.026495,-0.824137,-231.438782,90.910393,86.358765
759,6.325000,0.008662,-0.565142,0.026165,-0.824533,-231.484039,90.898537,86.349068
760,6.333333,0.008557,-0.564880,0.025842,-0.824724,-231.529785,90.881310,86.342979
761,6.341667,0.008847,-0.564601,0.025740,-0.824915,-231.575394,90.858238,86.331650
762,6.350000,0.009372,-0.564067,0.026270,-0.825258,-231.627899,90.839592,86.312889
763,6.358333,0.009650,-0.563434,0.027106,-0.825660,-231.687546,90.827316,86.293854
764,6.366667,0.011155,-0.562467,0.027670,-0.826281,-231.763504,90.836754,86.284599
765,6.375000,0.011891,-0.561564,0.028355,-0.826862,-231.829285,90.840736,86.268074
766,6.383333,0.012298,-0.560652,0.029332,-0.827440,-231.889679,90.836937,86.243668
767,6.391667,0.012084,-0.559503,0.029162,-0.828227,-231.965332,90.813858,86.217979
768,6.400000,0.011176,-0.558424,0.029052,-0.828971,-232.051926,90.770256,86.186737
769,6.408333,0.010055,-0.557131,0.027360,-0.829913,-232.147736,90.696701,86.155884
770,6.416667,0.009584,-0.556320,0.025769,-0.830514,-232.245712,90.617363,86.114426
771,6.425000,0.008069,-0.555685,0.024427,-0.830995,-232.354477,90.541214,86.072197
772,6.433333,0.007046,-0.554788,0.023543,-0.831629,-232.463837,90.485840,86.022362
773,6.441667,0.006457,-0.553798,0.022584,-0.832319,-232.575745,90.450066,85.971954
774,6.450000,0.006212,-0.552241,0.021974,-0.833372,-232.694931,90.425949,85.918182
775,6.458333,0.005766,-0.551093,0.021796,-0.834140,-232.803604,90.405655,85.874001
776,6.466667,0.006958,-0.549978,0.021098,-0.834883,-232.922150,90.407578,85.830261
777,6.475000,0.007362,-0.548477,0.023449,-0.835804,-233.036972,90.405144,85.778130
778,6.483333,0.007532,-0.546728,0.025166,-0.836898,-233.149643,90.395142,85.730209
779,6.491667,0.007748,-0.545150,0.024870,-0.837934,-233.264572,90.389221,85.682503
780,6.500000,0.007351,-0.543593,0.023580,-0.838985,-233.385254,90.388695,85.633484
781,6.508333,0.007077,-0.542559,0.022471,-0.839687,-233.509247,90.384384,85.582504
782,6.516667,0.005101,-0.541620,0.021524,-0.840332,-233.623215,90.383186,85.522125
783,6.525000,0.004437,-0.540316,0.020821,-0.841193,-233.724762,90.383965,85.470108
784,6.533333,0.004030,-0.539145,0.020487,-0.841954,-233.823975,90.378967,85.426727
785,6.541667,0.003598,-0.538585,0.020756,-0.842308,-233.914230,90.368004,85.385155
786,6.550000,0.003491,-0.537078,0.022711,-0.843220,-233.996246,90.369171,85.344383
787,6.558333,0.006148,-0.535701,0.023269,-0.844064,-234.071594,90.388199,85.318832
788,6.566667,0.007935,-0.535188,0.023499,-0.844369,-234.141663,90.401581,85.289940
789,6.575000,0.008658,-0.534690,0.023655,-0.844673,-234.206863,90.413551,85.260094
790,6.583333,0.008653,-0.534165,0.023597,-0.845007,-234.270264,90.420380,85.231430
791,6.591667,0.008664,-0.533270,0.022690,-0.845597,-234.335663,90.429482,85.203255
792,6.600000,0.007788,-0.532336,0.022220,-0.846206,-234.403687,90.427002,85.172279
793,6.608333,0.006482,-0.532126,0.021492,-0.846367,-234.468979,90.408791,85.138474
794,6.616667,0.005167,-0.531773,0.020727,-0.846617,-234.525345,90.381691,85.102531
795,6.625000,0.004175,-0.531065,0.020178,-0.847081,-234.573013,90.360352,85.069153
796,6.633333,0.004729,-0.530130,0.020133,-0.847664,-234.617020,90.357269,85.045021
797,6.641667,0.004957,-0.529965,0.020399,-0.847760,-234.661484,90.362442,85.022385
798,6.650000,0.004931,-0.529677,0.020667,-0.847934,-234.699936,90.373253,85.010277
799,6.658333,0.004116,-0.529357,0.020882,-0.848132,-234.732941,90.380486,84.992447
800,6.666667,0.003093,-0.529005,0.021266,-0.848346,-234.768509,90.376617,84.977547
801,6.675000,0.003032,-0.528513,0.021451,-0.848649,-234.805115,90.369919,84.965340
802,6.683333,0.002760,-0.528333,0.021619,-0.848757,-234.829239,90.361389,84.954369
803,6.691667,0.002661,-0.528063,0.021460,-0.848930,-234.844177,90.355843,84.945938
804,6.700000,0.002463,-0.527803,0.021096,-0.849101,-234.852692,90.355774,84.938194
805,6.708333,0.001267,-0.527409,0.020365,-0.849367,-234.861176,90.363647,84.927986
806,6.716667,0.000764,-0.527183,0.020197,-0.849512,-234.863907,90.365341,84.928177
807,6.725000,0.000710,-0.527146,0.020480,-0.849528,-234.866623,90.359062,84.924637
808,6.733333,0.001452,-0.527341,0.021231,-0.849387,-234.865921,90.344269,84.923485
809,6.741667,0.002041,-0.527661,0.022744,-0.849148,-234.861023,90.317787,84.913788
810,6.750000,0.003303,-0.527816,0.025439,-0.848971,-234.852386,90.260872,84.905403
811,6.758333,0.003327,-0.527932,0.025976,-0.848883,-234.836060,90.238930,84.913704
812,6.766667,0.002008,-0.527457,0.026044,-0.849180,-234.816666,90.233711,84.950134
813,6.775000,-0.000057,-0.527524,0.025706,-0.849151,-234.797668,90.229210,84.988365
814,6.783333,-0.002092,-0.527910,0.025381,-0.848918,-234.780151,90.223869,85.013947
815,6.791667,-0.002240,-0.528024,0.023610,-0.848898,-234.776825,90.235802,85.046585
816,6.800000,-0.002347,-0.527646,0.022927,-0.849152,-234.781219,90.240578,85.073013
817,6.808333,-0.003103,-0.527592,0.022651,-0.849190,-234.794876,90.239761,85.099686
818,6.816667,-0.004593,-0.527340,0.022392,-0.849347,-234.812927,90.228859,85.145683
819,6.825000,-0.006247,-0.527458,0.021208,-0.849294,-234.827896,90.216263,85.186401
820,6.833333,-0.007481,-0.527602,0.019631,-0.849232,-234.850311,90.209534,85.237938
821,6.841667,-0.008419,-0.527958,0.018492,-0.849028,-234.873886,90.209084,85.280312
822,6.850000,-0.008878,-0.528469,0.017425,-0.848727,-234.905884,90.211472,85.310738
823,6.858333,-0.008598,-0.528809,0.016398,-0.848539,-234.947678,90.215912,85.329613
824,6.866667,-0.007903,-0.528883,0.015493,-0.848517,-234.992691,90.222534,85.336617
825,6.875000,-0.005947,-0.528135,0.014168,-0.849021,-235.031754,90.241997,85.348549
826,6.883333,-0.005361,-0.527037,0.013064,-0.849725,-235.049133,90.245804,85.353928
827,6.891667,-0.005075,-0.525704,0.012447,-0.850561,-235.047318,90.242432,85.354225
828,6.900000,-0.005213,-0.524355,0.012872,-0.851387,-235.028793,90.239380,85.352997
829,6.908333,-0.005848,-0.522820,0.014122,-0.852306,-234.987000,90.232147,85.343842
830,6.916667,-0.006352,-0.522157,0.016072,-0.852674,-234.944458,90.227570,85.335693
831,6.925000,-0.007673,-0.522072,0.018373,-0.852669,-234.901459,90.212021,85.309319
832,6.933333,-0.008107,-0.521966,0.020243,-0.852688,-234.871628,90.209892,85.275681
833,6.941667,-0.008547,-0.521637,0.021123,-0.852863,-234.846634,90.211258,85.258163
834,6.950000,-0.008965,-0.521575,0.021551,-0.852886,-234.828430,90.213287,85.250488
835,6.958333,-0.009163,-0.521660,0.021622,-0.852830,-234.825348,90.214157,85.252815
836,6.966667,-0.009152,-0.522233,0.021417,-0.852485,-234.835953,90.211777,85.256508
837,6.975000,-0.008598,-0.522655,0.020684,-0.852250,-234.857056,90.209251,85.275497
838,6.983333,-0.008367,-0.523161,0.019852,-0.851962,-234.879349,90.205681,85.294289
839,6.991667,-0.008131,-0.523196,0.018933,-0.851963,-234.903625,90.206024,85.302834
840,7.000000,-0.006021,-0.522575,0.017200,-0.852399,-234.937836,90.228127,85.324608
841,7.008333,-0.005595,-0.522523,0.015740,-0.852462,-234.961655,90.232224,85.343895
842,7.016667,-0.005554,-0.522422,0.014113,-0.852552,-234.982544,90.234291,85.365044
843,7.025000,-0.005820,-0.522369,0.013471,-0.852593,-234.989838,90.234634,85.376541
844,7.033333,-0.006578,-0.522447,0.013479,-0.852540,-234.984283,90.230713,85.385300
845,7.041667,-0.006952,-0.522409,0.013989,-0.852552,-234.976242,90.230644,85.387978
846,7.050000,-0.006675,-0.522359,0.014463,-0.852577,-234.970734,90.232330,85.378876
847,7.058333,-0.005882,-0.522257,0.014642,-0.852642,-234.972763,90.235153,85.367058
848,7.066667,-0.005189,-0.522191,0.015122,-0.852679,-234.971359,90.234848,85.339752
849,7.075000,-0.005263,-0.522123,0.015720,-0.852709,-234.963654,90.231270,85.321457
850,7.083333,-0.005697,-0.522307,0.016669,-0.852576,-234.945816,90.227089,85.315994
851,7.091667,-0.007578,-0.522921,0.017742,-0.852163,-234.919769,90.213829,85.312965
852,7.100000,-0.008345,-0.523165,0.018349,-0.851993,-234.901215,90.210335,85.316063
853,7.108333,-0.008639,-0.523343,0.019101,-0.851865,-234.889252,90.208611,85.301987
854,7.116667,-0.008262,-0.523180,0.019591,-0.851957,-234.886459,90.209663,85.285492
855,7.125000,-0.007846,-0.523125,0.019852,-0.851988,-234.882263,90.212257,85.266800
856,7.133333,-0.008095,-0.523093,0.020041,-0.852002,-234.874557,90.210091,85.265640
857,7.141667,-0.008358,-0.523314,0.020124,-0.851861,-234.863525,90.206619,85.274994
858,7.150000,-0.008820,-0.523315,0.020255,-0.851853,-234.853119,90.205231,85.273514
859,7.158333,-0.008727,-0.523182,0.020342,-0.851933,-234.851105,90.206619,85.263977
860,7.166667,-0.008390,-0.523143,0.020460,-0.851958,-234.857056,90.208420,85.255257
861,7.175000,-0.008083,-0.523207,0.020479,-0.851921,-234.866119,90.207474,85.258667
862,7.183333,-0.008243,-0.523349,0.020249,-0.851838,-234.871460,90.205086,85.275909
863,7.191667,-0.008520,-0.523372,0.019851,-0.851830,-234.877747,90.202866,85.280609
864,7.200000,-0.008291,-0.523203,0.019248,-0.851950,-234.891861,90.206383,85.282669
865,7.208333,-0.008143,-0.523233,0.018946,-0.851940,-234.903168,90.206108,85.282730
866,7.216667,-0.008346,-0.523197,0.018295,-0.851974,-234.914520,90.206764,85.297440
867,7.225000,-0.008035,-0.523112,0.017379,-0.852049,-234.929413,90.210197,85.306641
868,7.233333,-0.006505,-0.522619,0.016633,-0.852380,-234.948868,90.224663,85.317871
869,7.241667,-0.005789,-0.522566,0.015720,-0.852434,-234.965561,90.230164,85.333893
870,7.250000,-0.005657,-0.522689,0.014767,-0.852377,-234.979065,90.233612,85.342896
871,7.258333,-0.005899,-0.522476,0.014550,-0.852510,-234.978653,90.232315,85.341217
872,7.266667,-0.006071,-0.522284,0.015096,-0.852617,-234.966324,90.228233,85.334656
873,7.275000,-0.005935,-0.522275,0.015875,-0.852609,-234.957672,90.227165,85.322060
874,7.283333,-0.007391,-0.522840,0.016745,-0.852234,-234.946793,90.212433,85.312744
875,7.291667,-0.008054,-0.523030,0.017136,-0.852104,-234.939499,90.206284,85.301872
876,7.300000,-0.007929,-0.522943,0.017241,-0.852156,-234.935806,90.208153,85.301476
877,7.308333,-0.007803,-0.522884,0.017526,-0.852188,-234.933594,90.208580,85.298767
878,7.316667,-0.007924,-0.523010,0.017896,-0.852102,-234.930801,90.208710,85.295197
879,7.325000,-0.007880,-0.523034,0.018058,-0.852084,-234.930511,90.208817,85.293671
880,7.333333,-0.008124,-0.523123,0.018064,-0.852027,-234.929779,90.206573,85.292229
881,7.341667,-0.007922,-0.522982,0.017877,-0.852120,-234.933380,90.208511,85.297348
882,7.350000,-0.008055,-0.523012,0.017608,-0.852106,-234.935547,90.207321,85.296104
883,7.358333,-0.008006,-0.522964,0.017064,-0.852146,-234.941620,90.206787,85.300079
884,7.366667,-0.006469,-0.522423,0.016426,-0.852504,-234.951859,90.223557,85.313766
885,7.375000,-0.006628,-0.522512,0.016204,-0.852452,-234.954330,90.220299,85.317329
886,7.383333,-0.005976,-0.522445,0.015813,-0.852505,-234.965225,90.227272,85.325813
887,7.391667,-0.005900,-0.522655,0.015413,-0.852384,-234.977753,90.231621,85.335587
888,7.400000,-0.006011,-0.522458,0.015242,-0.852508,-234.978790,90.229820,85.334984
889,7.408333,-0.006212,-0.522570,0.015092,-0.852440,-234.978745,90.228386,85.335526
890,7.416667,-0.006140,-0.522646,0.015063,-0.852395,-234.976624,90.227264,85.332520
891,7.425000,-0.005786,-0.522341,0.015395,-0.852578,-234.972504,90.227768,85.328690
892,7.433333,-0.005804,-0.522309,0.015578,-0.852594,-234.969452,90.227112,85.325806
893,7.441667,-0.005683,-0.522345,0.015451,-0.852575,-234.971863,90.228760,85.328850
894,7.450000,-0.005771,-0.522393,0.015395,-0.852547,-234.973938,90.230026,85.329491
895,7.458333,-0.005939,-0.522348,0.015396,-0.852573,-234.975510,90.227982,85.329147
896,7.466667,-0.005870,-0.522373,0.015330,-0.852559,-234.973984,90.227470,85.328491
897,7.475000,-0.005932,-0.522368,0.015473,-0.852559,-234.970764,90.226669,85.325294
898,7.483333,-0.006037,-0.522653,0.015296,-0.852387,-234.974258,90.230072,85.332016
899,7.491667,-0.005910,-0.522353,0.015421,-0.852569,-234.972092,90.229645,85.326805
900,7.500000,-0.005789,-0.522456,0.015288,-0.852510,-234.974915,90.229965,85.329613
901,7.508333,-0.005912,-0.522678,0.015061,-0.852377,-234.978485,90.230911,85.334969
902,7.516667,-0.005936,-0.522377,0.015103,-0.852560,-234.973389,90.227440,85.326782
903,7.525000,-0.005725,-0.522294,0.015259,-0.852610,-234.972000,90.227989,85.327652
904,7.533333,-0.006011,-0.522671,0.015471,-0.852373,-234.973724,90.228531,85.331482
905,7.541667,-0.005976,-0.522473,0.015426,-0.852495,-234.973114,90.228668,85.328674
906,7.550000,-0.005883,-0.522368,0.015310,-0.852563,-234.975021,90.227600,85.329628
907,7.558333,-0.007291,-0.522695,0.015603,-0.852346,-234.971313,90.212479,85.318512
908,7.566667,-0.006019,-0.522367,0.015341,-0.852562,-234.975845,90.223946,85.327301
909,7.575000,-0.005712,-0.522404,0.015353,-0.852541,-234.974487,90.226112,85.326073
910,7.583333,-0.005550,-0.522434,0.015368,-0.852523,-234.974548,90.227684,85.327408
911,7.591667,-0.005579,-0.522433,0.015348,-0.852524,-234.975510,90.228554,85.328796
912,7.600000,-0.006927,-0.522676,0.015574,-0.852361,-234.972717,90.215645,85.320320
913,7.608333,-0.006019,-0.522408,0.015354,-0.852536,-234.977386,90.225418,85.327621
914,7.616667,-0.005862,-0.522375,0.015367,-0.852557,-234.976608,90.227356,85.326035
915,7.625000,-0.005819,-0.522410,0.015250,-0.852538,-234.976196,90.227097,85.329102
916,7.633333,-0.005743,-0.522323,0.015102,-0.852594,-234.975052,90.229515,85.328918
917,7.641667,-0.005751,-0.522391,0.015262,-0.852550,-234.974030,90.228447,85.328140
918,7.650000,-0.006115,-0.522671,0.015155,-0.852378,-234.977600,90.230148,85.334694
919,7.658333,-0.006157,-0.522439,0.015318,-0.852517,-234.974289,90.228844,85.327255
920,7.666667,-0.005870,-0.522348,0.015221,-0.852576,-234.973831,90.229607,85.329758
921,7.675000,-0.007165,-0.522739,0.015636,-0.852319,-234.968857,90.214874,85.318413
922,7.683333,-0.006059,-0.522397,0.015522,-0.852540,-234.973938,90.226730,85.325539
923,7.691667,-0.005937,-0.522407,0.015374,-0.852537,-234.972427,90.228889,85.327393
924,7.700000,-0.007045,-0.522725,0.015760,-0.852327,-234.967621,90.217674,85.318291
925,7.708333,-0.005906,-0.522390,0.015430,-0.852547,-234.973816,90.229485,85.326431
926,7.716667,-0.005741,-0.522349,0.015300,-0.852575,-234.973663,90.230507,85.324974
927,7.725000,-0.006943,-0.522712,0.015579,-0.852339,-234.971161,90.217567,85.318291
928,7.733333,-0.006050,-0.522438,0.015414,-0.852516,-234.977051,90.226219,85.323212
929,7.741667,-0.005791,-0.522415,0.015362,-0.852534,-234.977386,90.229836,85.322678
930,7.750000,-0.005738,-0.522335,0.015306,-0.852584,-234.978348,90.231575,85.325783
931,7.758333,-0.005846,-0.522406,0.015352,-0.852539,-234.977417,90.230148,85.322449
932,7.766667,-0.005744,-0.522320,0.015220,-0.852594,-234.979843,90.231552,85.324379
933,7.775000,-0.005775,-0.522305,0.015233,-0.852603,-234.980392,90.231995,85.324844
934,7.783333,-0.005950,-0.522406,0.015367,-0.852538,-234.980530,90.230217,85.323944
935,7.791667,-0.005845,-0.522336,0.015256,-0.852583,-234.982346,90.230522,85.325500
936,7.800000,-0.005964,-0.522322,0.015224,-0.852592,-234.981750,90.229706,85.322495
937,7.808333,-0.005881,-0.522290,0.015229,-0.852612,-234.983017,90.230835,85.325150
938,7.816667,-0.005850,-0.522336,0.015301,-0.852582,-234.982132,90.230751,85.322884
939,7.825000,-0.005893,-0.522346,0.015252,-0.852577,-234.981888,90.230659,85.322441
940,7.833333,-0.005810,-0.522366,0.015303,-0.852564,-234.981125,90.232178,85.322502
941,7.841667,-0.005839,-0.522290,0.015372,-0.852609,-234.978836,90.231422,85.319016
942,7.850000,-0.005872,-0.522359,0.015339,-0.852568,-234.979889,90.232155,85.321724
943,7.858333,-0.007118,-0.522648,0.015552,-0.852377,-234.976486,90.221008,85.311287
944,7.866667,-0.006228,-0.522295,0.015300,-0.852605,-234.981125,90.232811,85.317635
945,7.875000,-0.005747,-0.522279,0.015234,-0.852619,-234.981079,90.237732,85.319664
946,7.883333,-0.006884,-0.522611,0.015553,-0.852402,-234.977142,90.224121,85.312859
947,7.891667,-0.006017,-0.522238,0.015183,-0.852643,-234.982880,90.233177,85.319763
948,7.900000,-0.005827,-0.522219,0.015165,-0.852657,-234.983109,90.235611,85.321106
949,7.908333,-0.006849,-0.522523,0.015345,-0.852460,-234.981247,90.224373,85.316673
950,7.916667,-0.006114,-0.522348,0.015316,-0.852573,-234.985046,90.231773,85.320564
951,7.925000,-0.006033,-0.522412,0.015360,-0.852533,-234.985046,90.232788,85.322021
952,7.933333,-0.005885,-0.522350,0.015265,-0.852574,-234.985764,90.234940,85.325096
953,7.941667,-0.005915,-0.522315,0.015271,-0.852596,-234.984421,90.234367,85.323921
954,7.950000,-0.005815,-0.522354,0.015268,-0.852573,-234.985046,90.233749,85.324776
955,7.958333,-0.005923,-0.522344,0.015211,-0.852578,-234.984344,90.232620,85.323227
956,7.966667,-0.005894,-0.522381,0.015173,-0.852557,-234.984116,90.232811,85.323349
957,7.975000,-0.005899,-0.522272,0.015255,-0.852622,-234.984039,90.234093,85.322922
958,7.983333,-0.005858,-0.522334,0.015431,-0.852581,-234.982483,90.234138,85.319290
959,7.991667,-0.005724,-0.522280,0.015355,-0.852617,-234.983795,90.234657,85.321060
960,8.000000,-0.005779,-0.522273,0.015307,-0.852621,-234.982300,90.234032,85.316269
961,8.008333,-0.007032,-0.522615,0.015554,-0.852398,-234.979889,90.221558,85.309700
962,8.016667,-0.006226,-0.522356,0.015312,-0.852567,-234.984177,90.231003,85.312943
963,8.025000,-0.006104,-0.522294,0.015375,-0.852605,-234.984070,90.233002,85.313683
964,8.033333,-0.005821,-0.522286,0.015263,-0.852614,-234.984726,90.235321,85.316292
965,8.041667,-0.006898,-0.522577,0.015471,-0.852424,-234.980804,90.223541,85.309189
966,8.050000,-0.005906,-0.522256,0.015431,-0.852629,-234.986359,90.233238,85.315796
967,8.058333,-0.005745,-0.522346,0.015304,-0.852577,-234.985733,90.234283,85.317101
968,8.066667,-0.005850,-0.522384,0.015174,-0.852555,-234.984680,90.233902,85.318085
969,8.075000,-0.007025,-0.522597,0.015228,-0.852415,-234.982086,90.222397,85.314659
970,8.083333,-0.007928,-0.522729,0.015435,-0.852322,-234.980682,90.213875,85.309029
971,8.091667,-0.006430,-0.522357,0.015201,-0.852567,-234.984619,90.227852,85.319115
972,8.100000,-0.005795,-0.522251,0.015144,-0.852638,-234.981628,90.234360,85.321709
973,8.108333,-0.005583,-0.522305,0.015167,-0.852605,-234.977859,90.236244,85.321167
974,8.116667,-0.005458,-0.522302,0.015143,-0.852608,-234.977478,90.238220,85.323059
975,8.125000,-0.006610,-0.522570,0.015297,-0.852434,-234.974091,90.225296,85.313271
976,8.133333,-0.007549,-0.522759,0.015472,-0.852306,-234.975983,90.215973,85.306152
977,8.141667,-0.006223,-0.522348,0.015409,-0.852570,-234.981125,90.231476,85.312042
978,8.150000,-0.006859,-0.522528,0.015578,-0.852452,-234.977463,90.225197,85.307938
979,8.158333,-0.007676,-0.522774,0.015546,-0.852295,-234.976990,90.215454,85.300560
980,8.166667,-0.007987,-0.522810,0.015621,-0.852269,-234.979507,90.213181,85.296745
981,8.175000,-0.007943,-0.522748,0.015683,-0.852306,-234.981674,90.213928,85.299332
982,8.183333,-0.008063,-0.522802,0.015659,-0.852272,-234.981949,90.212509,85.298485
983,8.191667,-0.006543,-0.522408,0.015344,-0.852532,-234.987289,90.228615,85.310135
984,8.200000,-0.005792,-0.522260,0.015204,-0.852631,-234.985779,90.234322,85.315201
985,8.208333,-0.005592,-0.522273,0.015266,-0.852623,-234.983017,90.234818,85.316017
986,8.216667,-0.005467,-0.522270,0.015120,-0.852628,-234.983704,90.235466,85.320930
987,8.225000,-0.005725,-0.522419,0.015106,-0.852536,-234.982895,90.233139,85.318138
988,8.233333,-0.005928,-0.522381,0.015236,-0.852555,-234.984711,90.231560,85.319588
989,8.241667,-0.005884,-0.522344,0.015114,-0.852580,-234.985229,90.231598,85.319397
990,8.250000,-0.007329,-0.522674,0.015454,-0.852361,-234.980347,90.218224,85.311058
991,8.258333,-0.006306,-0.522382,0.015357,-0.852550,-234.983536,90.228638,85.316307
992,8.266667,-0.007040,-0.522660,0.015534,-0.852371,-234.978226,90.220543,85.310051
993,8.275000,-0.006269,-0.522422,0.015317,-0.852526,-234.981125,90.228867,85.313950
994,8.283333,-0.005980,-0.522275,0.015218,-0.852620,-234.980042,90.232590,85.313789
995,8.291667,-0.006902,-0.522584,0.015587,-0.852418,-234.976364,90.222961,85.306877
996,8.300000,-0.005961,-0.522293,0.015669,-0.852601,-234.982010,90.233391,85.310837
997,8.308333,-0.006785,-0.522584,0.015865,-0.852413,-234.979248,90.224129,85.304382
998,8.316667,-0.006222,-0.522372,0.015377,-0.852556,-234.983536,90.231232,85.310783
999,8.325000,-0.007089,-0.522560,0.015480,-0.852432,-234.981827,90.223373,85.305367
1000,8.333333,-0.007957,-0.522855,0.015733,-0.852239,-234.982437,90.214813,85.300560
1001,8.341667,-0.006536,-0.522453,0.015245,-0.852506,-234.988983,90.227982,85.311928
1002,8.350000,-0.006863,-0.522480,0.015206,-0.852488,-234.986465,90.223114,85.312660
1003,8.358333,-0.006037,-0.522334,0.015020,-0.852587,-234.990509,90.230652,85.320137
1004,8.366667,-0.005883,-0.522315,0.015155,-0.852598,-234.989853,90.231674,85.321053
1005,8.375000,-0.005841,-0.522320,0.015138,-0.852595,-234.990356,90.232239,85.325134
1006,8.383333,-0.005874,-0.522321,0.015099,-0.852595,-234.989639,90.233215,85.324524
1007,8.391667,-0.005925,-0.522299,0.015327,-0.852604,-234.988525,90.232628,85.323921
1008,8.400000,-0.005945,-0.522389,0.015329,-0.852549,-234.988495,90.231445,85.324562
1009,8.408333,-0.005939,-0.522404,0.015303,-0.852540,-234.986801,90.230865,85.320427
1010,8.416667,-0.005814,-0.522377,0.015304,-0.852558,-234.986740,90.232262,85.320488
1011,8.425000,-0.005865,-0.522345,0.015343,-0.852576,-234.984451,90.232536,85.318161
1012,8.433333,-0.007028,-0.522665,0.015737,-0.852364,-234.980942,90.219460,85.309074
1013,8.441667,-0.006220,-0.522386,0.015368,-0.852548,-234.986191,90.227997,85.313026
1014,8.450000,-0.006951,-0.522471,0.015436,-0.852489,-234.982346,90.222260,85.306427
1015,8.458333,-0.007711,-0.522750,0.015575,-0.852309,-234.983490,90.215096,85.303207
1016,8.466667,-0.006299,-0.522409,0.015232,-0.852536,-234.988312,90.229179,85.310226
1017,8.475000,-0.005883,-0.522340,0.015172,-0.852582,-234.987823,90.232727,85.314575
1018,8.483333,-0.005539,-0.522333,0.015086,-0.852590,-234.987259,90.235268,85.317505
1019,8.491667,-0.005467,-0.522338,0.014969,-0.852590,-234.986542,90.236458,85.319092
1020,8.500000,-0.005340,-0.522237,0.015033,-0.852651,-234.988098,90.238464,85.322807
1021,8.508333,-0.005433,-0.522332,0.015039,-0.852592,-234.988312,90.236862,85.323730
1022,8.516667,-0.005731,-0.522348,0.014979,-0.852582,-234.990570,90.235214,85.326210
1023,8.525000,-0.005808,-0.522343,0.015050,-0.852583,-234.992142,90.234680,85.326431
1024,8.533333,-0.005992,-0.522414,0.015163,-0.852536,-234.991272,90.232246,85.324539
1025,8.541667,-0.006072,-0.522405,0.015186,-0.852540,-234.991531,90.231941,85.326454
1026,8.550000,-0.005900,-0.522433,0.015338,-0.852522,-234.990005,90.232307,85.322952
1027,8.558333,-0.005768,-0.522362,0.015324,-0.852567,-234.989624,90.233528,85.323212
1028,8.566667,-0.005837,-0.522407,0.015263,-0.852540,-234.987946,90.232887,85.321800
1029,8.575000,-0.005912,-0.522417,0.015227,-0.852534,-234.987946,90.232201,85.320267
1030,8.583333,-0.005869,-0.522283,0.015139,-0.852618,-234.988495,90.232513,85.319809
1031,8.591667,-0.007325,-0.522653,0.015507,-0.852373,-234.984238,90.218887,85.307831
1032,8.600000,-0.006108,-0.522304,0.015231,-0.852601,-234.990097,90.228882,85.314545
1033,8.608333,-0.005997,-0.522329,0.015145,-0.852588,-234.988953,90.230324,85.313759
1034,8.616667,-0.005912,-0.522330,0.015036,-0.852590,-234.989090,90.232018,85.315582
1035,8.625000,-0.007110,-0.522602,0.015499,-0.852407,-234.986832,90.221054,85.311333
1036,8.633333,-0.006325,-0.522441,0.015424,-0.852513,-234.991623,90.227524,85.314766
1037,8.641667,-0.006017,-0.522348,0.015226,-0.852575,-234.992310,90.231255,85.320709
1038,8.650000,-0.005744,-0.522349,0.015064,-0.852579,-234.990784,90.233582,85.321510
1039,8.658333,-0.005711,-0.522353,0.015193,-0.852575,-234.990234,90.233597,85.324783
1040,8.666667,-0.005558,-0.522394,0.015192,-0.852551,-234.989670,90.234901,85.326973
1041,8.675000,-0.005639,-0.522368,0.015218,-0.852565,-234.988266,90.234642,85.326752
1042,8.683333,-0.005727,-0.522412,0.015115,-0.852540,-234.988983,90.234550,85.330048
1043,8.691667,-0.005612,-0.522397,0.015323,-0.852546,-234.987061,90.235519,85.326454
1044,8.700000,-0.005738,-0.522435,0.015400,-0.852521,-234.986588,90.232910,85.328049
1045,8.708333,-0.005701,-0.522359,0.015173,-0.852572,-234.985352,90.232132,85.325890
1046,8.716667,-0.005720,-0.522307,0.015059,-0.852605,-234.984833,90.231621,85.323441
1047,8.725000,-0.005717,-0.522357,0.014989,-0.852576,-234.985184,90.231339,85.323593
1048,8.733333,-0.005930,-0.522369,0.015173,-0.852564,-234.983749,90.230736,85.320122
1049,8.741667,-0.007109,-0.522635,0.015499,-0.852386,-234.981567,90.220291,85.314484
1050,8.750000,-0.006193,-0.522425,0.015308,-0.852525,-234.985519,90.229469,85.317490
1051,8.758333,-0.005834,-0.522310,0.015104,-0.852602,-234.985703,90.232811,85.318222
1052,8.766667,-0.005787,-0.522350,0.015109,-0.852578,-234.985764,90.232864,85.320435
1053,8.775000,-0.005833,-0.522307,0.015134,-0.852604,-234.986069,90.232628,85.319534
1054,8.783333,-0.005718,-0.522385,0.015124,-0.852556,-234.988281,90.234337,85.322418
1055,8.791667,-0.005857,-0.522377,0.015130,-0.852560,-234.989517,90.232590,85.322128
1056,8.800000,-0.005866,-0.522359,0.015139,-0.852571,-234.990784,90.232292,85.323296
1057,8.808333,-0.005768,-0.522340,0.015145,-0.852583,-234.991287,90.233292,85.325447
1058,8.816667,-0.005742,-0.522366,0.015336,-0.852564,-234.990982,90.232674,85.325043
1059,8.825000,-0.005622,-0.522372,0.015198,-0.852564,-234.991837,90.234962,85.329964
1060,8.833333,-0.005724,-0.522340,0.015106,-0.852585,-234.989853,90.232590,85.328392
1061,8.841667,-0.005732,-0.522348,0.015082,-0.852580,-234.989471,90.231613,85.330154
1062,8.850000,-0.005771,-0.522329,0.015108,-0.852591,-234.988831,90.230270,85.328918
1063,8.858333,-0.005749,-0.522311,0.015157,-0.852601,-234.988617,90.230064,85.327667
1064,8.866667,-0.005744,-0.522364,0.014968,-0.852572,-234.988785,90.229958,85.326996
1065,8.875000,-0.005920,-0.522408,0.015093,-0.852542,-234.986877,90.229271,85.321815
1066,8.883333,-0.005791,-0.522384,0.015083,-0.852557,-234.987595,90.231781,85.324203
1067,8.891667,-0.005793,-0.522369,0.015089,-0.852566,-234.986374,90.231339,85.321335
1068,8.900000,-0.005932,-0.522393,0.015323,-0.852547,-234.985931,90.230927,85.319633
1069,8.908333,-0.005807,-0.522370,0.015185,-0.852564,-234.986847,90.233620,85.321342
1070,8.916667,-0.005865,-0.522353,0.015158,-0.852575,-234.986404,90.232964,85.319511
1071,8.925000,-0.005735,-0.522316,0.015111,-0.852599,-234.988220,90.233627,85.324059
1072,8.933333,-0.005742,-0.522325,0.015119,-0.852593,-234.987595,90.233887,85.320953
1073,8.941667,-0.005872,-0.522404,0.015256,-0.852541,-234.988998,90.233383,85.323647
1074,8.950000,-0.005936,-0.522380,0.015317,-0.852555,-234.990311,90.233223,85.325607
1075,8.958333,-0.005898,-0.522381,0.015340,-0.852554,-234.990692,90.234230,85.326271
1076,8.966667,-0.005839,-0.522350,0.015270,-0.852574,-234.991714,90.234154,85.329857
1077,8.975000,-0.005828,-0.522370,0.015161,-0.852564,-234.991196,90.231873,85.329178
1078,8.983333,-0.005699,-0.522372,0.014987,-0.852567,-234.991913,90.231850,85.330330
1079,8.991667,-0.005613,-0.522336,0.015043,-0.852589,-234.991241,90.230972,85.330215
1080,9.000000,-0.005691,-0.522375,0.015079,-0.852564,-234.990280,90.229332,85.328186
1081,9.008333,-0.005757,-0.522357,0.015076,-0.852574,-234.990784,90.229683,85.328323
1082,9.016667,-0.005962,-0.522368,0.015187,-0.852564,-234.988953,90.230499,85.324791
1083,9.025000,-0.005918,-0.522360,0.015226,-0.852569,-234.989838,90.229401,85.325340
1084,9.033333,-0.005883,-0.522393,0.015229,-0.852548,-234.989288,90.229416,85.322662
1085,9.041667,-0.006004,-0.522383,0.015214,-0.852554,-234.988998,90.228806,85.320305
1086,9.050000,-0.007186,-0.522690,0.015512,-0.852351,-234.987823,90.217422,85.313789
1087,9.058333,-0.006275,-0.522423,0.015298,-0.852526,-234.992477,90.226822,85.316940
1088,9.066667,-0.005926,-0.522312,0.015189,-0.852598,-234.992798,90.230576,85.320419
1089,9.075000,-0.005890,-0.522391,0.015207,-0.852550,-234.991379,90.231468,85.320084
1090,9.083333,-0.005754,-0.522411,0.015178,-0.852539,-234.992004,90.233330,85.322021
1091,9.091667,-0.005648,-0.522342,0.015093,-0.852584,-234.993011,90.234856,85.325089
1092,9.100000,-0.005721,-0.522393,0.015175,-0.852551,-234.992477,90.233139,85.324692
1093,9.108333,-0.005731,-0.522441,0.015199,-0.852521,-234.992981,90.231003,85.328827
1094,9.116667,-0.005861,-0.522375,0.015090,-0.852562,-234.991882,90.230217,85.328583
1095,9.125000,-0.005994,-0.522352,0.015157,-0.852574,-234.992096,90.230171,85.331039
