Format Version,1.25,Take Name,Take 2025-11-27 01.16.50 PM,Take Notes,,Capture Frame Rate,120.000000,Export Frame Rate,120.000000,Capture Start Time,2025-11-27 01.16.51.113 PM,Capture Start Frame,959915,Total Frames in Take,1064,Total Exported Frames,1064,Rotation Type,Quaternion,Length Units,Centimeters,Coordinate Space,Global

,Type,Rigid Body,Rigid Body,Rigid Body,Rigid Body,Rigid Body,Rigid Body,Rigid Body
,Name,SEE_small,SEE_small,SEE_small,SEE_small,SEE_small,SEE_small,SEE_small
,ID,E70901BFC9E711F031C44B617C101B92,E70901BFC9E711F031C44B617C101B92,E70901BFC9E711F031C44B617C101B92,E70901BFC9E711F031C44B617C101B92,E70901BFC9E711F031C44B617C101B92,E70901BFC9E711F031C44B617C101B92,E70901BFC9E711F031C44B617C101B92
,Parent,,,,,,,
,,Rotation,Rotation,Rotation,Rotation,Position,Position,Position
Frame,Time (Seconds),X,Y,Z,W,X,Y,Z
0,0.000000,-0.011803,0.670080,-0.000894,0.742194,-216.989136,84.334694,87.348785
1,0.008333,-0.012120,0.670102,-0.000736,0.742170,-216.995880,84.335434,87.348892
2,0.016667,-0.012543,0.669995,-0.000729,0.742259,-217.002151,84.335571,87.348106
3,0.025000,-0.012719,0.669911,-0.000750,0.742332,-217.010086,84.334412,87.348251
4,0.033333,-0.013086,0.669962,-0.000386,0.742280,-217.015747,84.330765,87.349876
5,0.041667,-0.013187,0.669900,-0.000287,0.742334,-217.022842,84.332672,87.349083
6,0.050000,-0.013141,0.669817,-0.000205,0.742410,-217.030426,84.332306,87.347832
7,0.058333,-0.013183,0.669541,-0.000688,0.742658,-217.036819,84.329681,87.351189
8,0.066667,-0.013622,0.669591,-0.000591,0.742604,-217.043274,84.329132,87.349365
9,0.075000,-0.013815,0.669645,-0.000073,0.742552,-217.049835,84.325989,87.349945
10,0.083333,-0.013957,0.669578,0.000175,0.742610,-217.055679,84.325829,87.351540
11,0.091667,-0.014055,0.669459,-0.000002,0.742716,-217.059540,84.326187,87.351425
12,0.100000,-0.014383,0.669591,0.000593,0.742591,-217.066147,84.328339,87.351974
13,0.108333,-0.014714,0.669551,0.000444,0.742620,-217.069122,84.325462,87.352547
14,0.116667,-0.014986,0.669494,0.000586,0.742666,-217.075226,84.326530,87.352875
15,0.125000,-0.015353,0.669453,0.000876,0.742695,-217.080765,84.325500,87.352753
16,0.133333,-0.015746,0.669413,0.001161,0.742722,-217.088104,84.324883,87.352463
17,0.141667,-0.015645,0.669381,0.001711,0.742752,-217.093872,84.323257,87.352409
18,0.150000,-0.015917,0.669384,0.001513,0.742744,-217.100449,84.323593,87.352631
19,0.158333,-0.016090,0.669372,0.002065,0.742750,-217.107574,84.323524,87.353104
20,0.166667,-0.016471,0.669207,0.002235,0.742890,-217.115433,84.323593,87.352005
21,0.175000,-0.016504,0.669131,0.002625,0.742957,-217.120621,84.321266,87.350769
22,0.183333,-0.016519,0.669208,0.003099,0.742885,-217.127869,84.319702,87.351463
23,0.191667,-0.016853,0.669197,0.003079,0.742887,-217.132187,84.318504,87.351013
24,0.200000,-0.016121,0.670258,0.002875,0.741947,-217.143082,84.325638,87.362907
25,0.208333,-0.017048,0.669467,0.003069,0.742640,-217.144135,84.319534,87.352844
26,0.216667,-0.017645,0.669184,0.003326,0.742880,-217.146637,84.314156,87.350525
27,0.225000,-0.016410,0.670135,0.003678,0.742049,-217.154999,84.321136,87.360199
28,0.233333,-0.017077,0.669546,0.004110,0.742563,-217.154770,84.317810,87.351570
29,0.241667,-0.016323,0.670343,0.004062,0.741861,-217.161209,84.324104,87.361450
30,0.250000,-0.016433,0.670560,0.004321,0.741661,-217.161804,84.323296,87.360176
31,0.258333,-0.016581,0.670599,0.004268,0.741623,-217.162140,84.323349,87.362709
32,0.266667,-0.016501,0.670569,0.003868,0.741653,-217.158035,84.322342,87.362190
33,0.275000,-0.016383,0.670654,0.003993,0.741579,-217.155212,84.322777,87.363800
34,0.283333,-0.016317,0.670734,0.003569,0.741510,-217.153076,84.323967,87.365044
35,0.291667,-0.016454,0.670729,0.003642,0.741511,-217.151855,84.324257,87.364998
36,0.300000,-0.016579,0.670708,0.003807,0.741527,-217.152405,84.326843,87.367386
37,0.308333,-0.016629,0.670618,0.003750,0.741607,-217.150742,84.325195,87.366150
38,0.316667,-0.017455,0.669858,0.003757,0.742275,-217.147324,84.320297,87.357758
39,0.325000,-0.016679,0.670592,0.003636,0.741630,-217.151184,84.323845,87.365738
40,0.333333,-0.016837,0.670688,0.003712,0.741539,-217.152908,84.321983,87.365547
41,0.341667,-0.016546,0.670571,0.004123,0.741650,-217.156860,84.324532,87.365952
42,0.350000,-0.016374,0.670564,0.004358,0.741658,-217.156525,84.324341,87.364655
43,0.358333,-0.016668,0.670622,0.004434,0.741598,-217.159058,84.323715,87.366760
44,0.366667,-0.016620,0.670724,0.004282,0.741508,-217.158646,84.322998,87.365440
45,0.375000,-0.016794,0.670766,0.004167,0.741467,-217.160629,84.323303,87.365356
46,0.383333,-0.016693,0.670744,0.004117,0.741490,-217.162704,84.324928,87.367149
47,0.391667,-0.016887,0.670747,0.004352,0.741481,-217.165085,84.324173,87.366127
48,0.400000,-0.016851,0.670706,0.004423,0.741519,-217.166275,84.323746,87.367287
49,0.408333,-0.016610,0.670691,0.004457,0.741538,-217.166489,84.324295,87.365685
50,0.416667,-0.016757,0.670629,0.004391,0.741591,-217.167145,84.323883,87.366058
51,0.425000,-0.016463,0.670709,0.004687,0.741523,-217.168732,84.325150,87.367126
52,0.433333,-0.016998,0.670654,0.004249,0.741563,-217.167740,84.321526,87.366501
53,0.441667,-0.016801,0.670707,0.004316,0.741520,-217.168091,84.322998,87.367157
54,0.450000,-0.016740,0.670738,0.004288,0.741493,-217.167923,84.324768,87.367073
55,0.458333,-0.016826,0.670813,0.004311,0.741423,-217.167114,84.323196,87.366470
56,0.466667,-0.016653,0.670761,0.004640,0.741472,-217.167969,84.324104,87.365906
57,0.475000,-0.016868,0.670754,0.004637,0.741474,-217.168045,84.322708,87.364967
58,0.483333,-0.016746,0.670821,0.004488,0.741416,-217.168167,84.323235,87.367332
59,0.491667,-0.016864,0.670816,0.004493,0.741419,-217.167969,84.323555,87.365410
60,0.500000,-0.016901,0.670759,0.004525,0.741469,-217.169052,84.324272,87.364601
61,0.508333,-0.016797,0.670733,0.004632,0.741494,-217.169571,84.322647,87.365135
62,0.516667,-0.016730,0.670775,0.004685,0.741457,-217.169235,84.322502,87.365280
63,0.525000,-0.016675,0.670737,0.004382,0.741495,-217.169022,84.321877,87.366013
64,0.533333,-0.016936,0.670773,0.004478,0.741456,-217.169540,84.322266,87.365105
65,0.541667,-0.016911,0.670750,0.004694,0.741476,-217.169708,84.321472,87.366493
66,0.550000,-0.016960,0.670817,0.004553,0.741415,-217.169952,84.322083,87.367233
67,0.558333,-0.016954,0.670759,0.004544,0.741468,-217.169647,84.322350,87.366127
68,0.566667,-0.016854,0.670777,0.004675,0.741453,-217.170166,84.323647,87.367607
69,0.575000,-0.016781,0.670743,0.004618,0.741485,-217.169281,84.323494,87.364868
70,0.583333,-0.017003,0.670716,0.004584,0.741505,-217.170288,84.322563,87.365433
71,0.591667,-0.016827,0.670839,0.004679,0.741398,-217.169449,84.321304,87.366539
72,0.600000,-0.016826,0.670772,0.004501,0.741459,-217.169571,84.322372,87.365349
73,0.608333,-0.016791,0.670754,0.004563,0.741476,-217.169235,84.323044,87.364899
74,0.616667,-0.017097,0.670801,0.004493,0.741427,-217.168976,84.321556,87.365913
75,0.625000,-0.016979,0.670733,0.004479,0.741491,-217.169235,84.321304,87.365082
76,0.633333,-0.016964,0.670729,0.004427,0.741495,-217.169006,84.322090,87.364449
77,0.641667,-0.016776,0.670777,0.004435,0.741456,-217.169571,84.323021,87.364403
78,0.650000,-0.017022,0.670738,0.004484,0.741486,-217.170166,84.322502,87.365028
79,0.658333,-0.016884,0.670722,0.004429,0.741503,-217.169952,84.322678,87.364906
80,0.666667,-0.016805,0.670687,0.004594,0.741536,-217.171066,84.323654,87.366684
81,0.675000,-0.017178,0.670733,0.004556,0.741486,-217.170044,84.322067,87.367287
82,0.683333,-0.016952,0.670643,0.004602,0.741572,-217.171234,84.323593,87.366905
83,0.691667,-0.017079,0.670705,0.004583,0.741513,-217.171982,84.322800,87.367348
84,0.700000,-0.017255,0.670742,0.004550,0.741476,-217.172058,84.321594,87.367577
85,0.708333,-0.017092,0.670791,0.004428,0.741436,-217.171951,84.321846,87.368294
86,0.716667,-0.018234,0.670877,0.004715,0.741330,-217.169922,84.315590,87.367096
87,0.725000,-0.017227,0.670771,0.004854,0.741448,-217.171768,84.321251,87.365875
88,0.733333,-0.017119,0.670829,0.004853,0.741398,-217.172501,84.322800,87.366364
89,0.741667,-0.017198,0.670798,0.004598,0.741426,-217.171387,84.322205,87.365631
90,0.750000,-0.017171,0.670823,0.005018,0.741402,-217.172882,84.323692,87.365944
91,0.758333,-0.018185,0.670877,0.004889,0.741329,-217.170761,84.315712,87.367516
92,0.766667,-0.017227,0.670869,0.004943,0.741359,-217.173935,84.321136,87.365448
93,0.775000,-0.016887,0.670786,0.004770,0.741444,-217.174576,84.322533,87.365707
94,0.783333,-0.018358,0.670858,0.004915,0.741342,-217.172150,84.314713,87.368736
95,0.791667,-0.017015,0.670737,0.004712,0.741485,-217.174911,84.323303,87.367371
96,0.800000,-0.017236,0.670738,0.004671,0.741479,-217.174454,84.321693,87.366997
97,0.808333,-0.016985,0.670764,0.004690,0.741461,-217.175049,84.322701,87.368439
98,0.816667,-0.018258,0.670768,0.004800,0.741427,-217.171265,84.315613,87.371056
99,0.825000,-0.018291,0.670817,0.004782,0.741382,-217.169861,84.315994,87.372353
100,0.833333,-0.017072,0.670722,0.004791,0.741497,-217.172577,84.323975,87.370506
101,0.841667,-0.017067,0.670697,0.004460,0.741522,-217.171387,84.320869,87.367844
102,0.850000,-0.017227,0.670754,0.004665,0.741466,-217.173676,84.321976,87.369156
103,0.858333,-0.017009,0.670714,0.004952,0.741504,-217.173981,84.322563,87.366058
104,0.866667,-0.017270,0.670723,0.004756,0.741492,-217.173889,84.321404,87.367813
105,0.875000,-0.017102,0.670712,0.004782,0.741506,-217.173904,84.321617,87.367744
106,0.883333,-0.016960,0.670691,0.004794,0.741527,-217.175034,84.323494,87.365532
107,0.891667,-0.017112,0.670772,0.004739,0.741451,-217.175644,84.322983,87.366760
108,0.900000,-0.017157,0.670763,0.004797,0.741458,-217.175293,84.321762,87.365593
109,0.908333,-0.017164,0.670747,0.004742,0.741473,-217.175201,84.321754,87.366646
110,0.916667,-0.018286,0.670933,0.004778,0.741277,-217.172760,84.315201,87.369827
111,0.925000,-0.017377,0.670853,0.004781,0.741371,-217.173676,84.320602,87.366882
112,0.933333,-0.018221,0.670832,0.004864,0.741370,-217.172150,84.315910,87.369446
113,0.941667,-0.017015,0.670805,0.004693,0.741424,-217.173172,84.322235,87.366470
114,0.950000,-0.018320,0.670946,0.004898,0.741264,-217.171768,84.315018,87.371323
115,0.958333,-0.018285,0.670858,0.004717,0.741346,-217.170074,84.314713,87.368683
116,0.966667,-0.017273,0.670723,0.004549,0.741493,-217.172668,84.320625,87.367287
117,0.975000,-0.017021,0.670723,0.004515,0.741499,-217.173386,84.322083,87.367462
118,0.983333,-0.017306,0.670691,0.004718,0.741520,-217.173096,84.320847,87.366852
119,0.991667,-0.018167,0.670879,0.004834,0.741328,-217.172028,84.315895,87.369499
120,1.000000,-0.018387,0.670860,0.004570,0.741342,-217.170746,84.314552,87.368736
121,1.008333,-0.017082,0.670738,0.004515,0.741484,-217.173859,84.322083,87.367432
122,1.016667,-0.017142,0.670699,0.004744,0.741516,-217.175034,84.322769,87.367371
123,1.025000,-0.018264,0.670844,0.004811,0.741358,-217.171936,84.315369,87.368408
124,1.033333,-0.017353,0.670824,0.004801,0.741398,-217.174179,84.320412,87.367836
125,1.041667,-0.017160,0.670740,0.004559,0.741480,-217.174225,84.320862,87.365814
126,1.050000,-0.018254,0.670851,0.005029,0.741350,-217.171738,84.315895,87.369377
127,1.058333,-0.017254,0.670854,0.004772,0.741374,-217.172592,84.322220,87.366341
128,1.066667,-0.017487,0.670878,0.004734,0.741346,-217.173462,84.321594,87.366539
129,1.075000,-0.017403,0.670781,0.004632,0.741437,-217.173248,84.321861,87.366798
130,1.083333,-0.018290,0.670868,0.004824,0.741336,-217.170898,84.316635,87.369003
131,1.091667,-0.018433,0.670910,0.004681,0.741295,-217.169769,84.316345,87.370911
132,1.100000,-0.017346,0.670880,0.004695,0.741348,-217.172668,84.322769,87.368492
133,1.108333,-0.017478,0.670899,0.004571,0.741329,-217.173416,84.320953,87.369049
134,1.116667,-0.017368,0.670928,0.004547,0.741306,-217.174561,84.320724,87.368896
135,1.125000,-0.017248,0.670859,0.004778,0.741369,-217.175247,84.321831,87.367668
136,1.133333,-0.017138,0.670831,0.005080,0.741395,-217.177460,84.323395,87.369759
137,1.141667,-0.017132,0.670863,0.004815,0.741368,-217.177368,84.322098,87.368217
138,1.150000,-0.017054,0.670834,0.004779,0.741396,-217.178268,84.322990,87.368240
139,1.158333,-0.017162,0.671220,0.004794,0.741044,-217.173187,84.323341,87.359375
140,1.166667,-0.017892,0.671472,0.003948,0.740803,-217.169373,84.326408,87.355385
141,1.175000,-0.015954,0.671644,0.006356,0.740675,-217.168594,84.315361,87.365372
142,1.183333,-0.014683,0.671654,0.007688,0.740679,-217.166428,84.308319,87.364471
143,1.191667,-0.013465,0.671781,0.008946,0.740573,-217.164993,84.301605,87.363419
144,1.200000,-0.011708,0.671788,0.010202,0.740581,-217.164200,84.294403,87.359596
145,1.208333,-0.009577,0.672123,0.012759,0.740268,-217.164734,84.281380,87.355583
146,1.216667,-0.006641,0.672167,0.015728,0.740203,-217.168457,84.267349,87.349846
147,1.225000,-0.005620,0.672097,0.016727,0.740253,-217.169540,84.257599,87.345039
148,1.233333,-0.005817,0.672086,0.016480,0.740267,-217.173004,84.261353,87.348022
149,1.241667,-0.006363,0.672128,0.015948,0.740235,-217.171448,84.262199,87.349678
150,1.250000,-0.006440,0.672113,0.015841,0.740251,-217.171295,84.263870,87.351555
151,1.258333,-0.006520,0.672032,0.015890,0.740323,-217.171265,84.264084,87.351639
152,1.266667,-0.006379,0.672054,0.015846,0.740305,-217.171219,84.263939,87.350418
153,1.275000,-0.006555,0.672049,0.015789,0.740309,-217.173981,84.263847,87.353119
154,1.283333,-0.006475,0.671993,0.015889,0.740359,-217.173691,84.263763,87.352661
155,1.291667,-0.006356,0.672079,0.015860,0.740282,-217.173294,84.263397,87.352997
156,1.300000,-0.006636,0.672031,0.015350,0.740334,-217.174179,84.263855,87.352303
157,1.308333,-0.006666,0.672030,0.015683,0.740328,-217.174438,84.264084,87.352058
158,1.316667,-0.007608,0.671978,0.016067,0.740358,-217.170792,84.257919,87.353462
159,1.325000,-0.006535,0.672075,0.015786,0.740286,-217.171646,84.263412,87.351372
160,1.333333,-0.006680,0.672050,0.015608,0.740311,-217.172424,84.263802,87.352112
161,1.341667,-0.006869,0.672056,0.015587,0.740305,-217.172714,84.263115,87.353065
162,1.350000,-0.006814,0.672075,0.015598,0.740288,-217.173859,84.265556,87.350418
163,1.358333,-0.007804,0.671954,0.015918,0.740381,-217.172287,84.258728,87.353775
164,1.366667,-0.006626,0.672039,0.015840,0.740317,-217.173035,84.264069,87.351059
165,1.375000,-0.006402,0.671977,0.015906,0.740373,-217.174942,84.266228,87.351158
166,1.383333,-0.006614,0.672021,0.015741,0.740335,-217.174103,84.265678,87.350677
167,1.391667,-0.006691,0.672105,0.015426,0.740265,-217.175110,84.264130,87.351250
168,1.400000,-0.006651,0.672092,0.015697,0.740271,-217.177536,84.264961,87.351814
169,1.408333,-0.006858,0.672064,0.015493,0.740299,-217.177704,84.265091,87.350433
170,1.416667,-0.006792,0.672126,0.015584,0.740242,-217.177658,84.263321,87.353638
171,1.425000,-0.006659,0.672036,0.015648,0.740323,-217.177551,84.263390,87.352715
172,1.433333,-0.006505,0.671975,0.015755,0.740377,-217.177444,84.263878,87.352554
173,1.441667,-0.007556,0.671961,0.015831,0.740379,-217.173889,84.257820,87.353745
174,1.450000,-0.006456,0.672084,0.015883,0.740277,-217.175461,84.263252,87.351936
175,1.458333,-0.006501,0.672052,0.016046,0.740301,-217.177002,84.264099,87.352982
176,1.466667,-0.006422,0.672087,0.015871,0.740275,-217.176193,84.263580,87.350456
177,1.475000,-0.006572,0.672068,0.015781,0.740292,-217.177124,84.263725,87.351395
178,1.483333,-0.006672,0.672206,0.015646,0.740169,-217.177277,84.264587,87.350777
179,1.491667,-0.006499,0.672070,0.015874,0.740289,-217.176941,84.263214,87.348846
180,1.500000,-0.006230,0.672126,0.016192,0.740234,-217.177628,84.265572,87.350533
181,1.508333,-0.006613,0.672006,0.015730,0.740349,-217.175125,84.264084,87.348953
182,1.516667,-0.006532,0.672098,0.015973,0.740261,-217.175476,84.263863,87.350525
183,1.525000,-0.006324,0.672070,0.016098,0.740285,-217.175919,84.263962,87.350136
184,1.533333,-0.006226,0.672058,0.016157,0.740296,-217.175430,84.262352,87.349228
185,1.541667,-0.006460,0.672176,0.016146,0.740187,-217.175385,84.260941,87.350426
186,1.550000,-0.006380,0.672065,0.015970,0.740292,-217.174026,84.259773,87.348976
187,1.558333,-0.006090,0.672069,0.016144,0.740288,-217.174622,84.261444,87.349365
188,1.566667,-0.006073,0.672047,0.016272,0.740305,-217.173309,84.260674,87.347954
189,1.575000,-0.005591,0.672195,0.016657,0.740166,-217.173691,84.260315,87.347511
190,1.583333,-0.006653,0.672121,0.016996,0.740217,-217.170120,84.254181,87.346771
191,1.591667,-0.004519,0.672406,0.017823,0.739954,-217.168304,84.253891,87.342354
192,1.600000,-0.003155,0.672501,0.019159,0.739842,-217.167633,84.248924,87.338791
193,1.608333,-0.002077,0.672745,0.020149,0.739597,-217.164185,84.240433,87.336296
194,1.616667,-0.002541,0.672785,0.020130,0.739560,-217.163895,84.242142,87.335976
195,1.625000,-0.004173,0.672472,0.018185,0.739888,-217.166809,84.253479,87.336906
196,1.633333,-0.012428,0.671301,0.009573,0.741019,-217.181946,84.297050,87.350380
197,1.641667,-0.016584,0.670810,0.005507,0.741423,-217.188644,84.318504,87.366356
198,1.650000,-0.017201,0.670724,0.004854,0.741492,-217.188095,84.320450,87.366798
199,1.658333,-0.018599,0.670795,0.004753,0.741394,-217.183899,84.315308,87.369858
200,1.666667,-0.017192,0.670780,0.004874,0.741441,-217.183868,84.322510,87.367592
201,1.675000,-0.017194,0.670768,0.004750,0.741453,-217.183548,84.321663,87.366638
202,1.683333,-0.017216,0.670782,0.004834,0.741439,-217.185074,84.321648,87.368279
203,1.691667,-0.018348,0.670858,0.004879,0.741343,-217.182465,84.314545,87.369904
204,1.700000,-0.018323,0.670911,0.004863,0.741296,-217.182159,84.313927,87.372871
205,1.708333,-0.018326,0.670782,0.004663,0.741413,-217.181702,84.315094,87.371101
206,1.716667,-0.018481,0.670797,0.004732,0.741395,-217.181213,84.315056,87.371475
207,1.725000,-0.018368,0.670747,0.004680,0.741444,-217.181061,84.315086,87.370911
208,1.733333,-0.018135,0.670689,0.004937,0.741500,-217.180893,84.315460,87.369522
209,1.741667,-0.018032,0.670513,0.004822,0.741663,-217.180328,84.316109,87.367775
210,1.750000,-0.017900,0.670401,0.004936,0.741767,-217.180634,84.318443,87.364220
211,1.758333,-0.017582,0.670267,0.004774,0.741897,-217.180984,84.318474,87.363815
212,1.766667,-0.017132,0.670143,0.004621,0.742020,-217.181488,84.320724,87.361877
213,1.775000,-0.016458,0.669812,0.004723,0.742333,-217.182129,84.327202,87.355438
214,1.783333,-0.014896,0.670413,0.004519,0.741825,-217.187042,84.335884,87.362000
215,1.791667,-0.014995,0.670625,0.004532,0.741631,-217.188766,84.333817,87.363014
216,1.800000,-0.015117,0.670714,0.004777,0.741547,-217.189819,84.333488,87.362900
217,1.808333,-0.015097,0.670710,0.004690,0.741551,-217.189911,84.333595,87.363663
218,1.816667,-0.015034,0.670692,0.004718,0.741569,-217.188293,84.333969,87.363777
219,1.825000,-0.014834,0.670669,0.004788,0.741593,-217.188095,84.335114,87.364403
220,1.833333,-0.014881,0.670664,0.004459,0.741599,-217.186813,84.335632,87.364182
221,1.841667,-0.014706,0.670577,0.004518,0.741681,-217.186432,84.336403,87.365875
222,1.850000,-0.014925,0.670566,0.004536,0.741686,-217.186096,84.336761,87.365768
223,1.858333,-0.014707,0.670624,0.004835,0.741636,-217.186325,84.338089,87.366554
224,1.866667,-0.014904,0.670566,0.004590,0.741686,-217.185547,84.336670,87.366493
225,1.875000,-0.014868,0.670623,0.004448,0.741636,-217.185333,84.336052,87.366142
226,1.883333,-0.014827,0.670608,0.004650,0.741649,-217.185287,84.336411,87.365974
227,1.891667,-0.014942,0.670613,0.004649,0.741642,-217.184036,84.336563,87.364998
228,1.900000,-0.014880,0.670620,0.004512,0.741638,-217.182373,84.336288,87.364311
229,1.908333,-0.014831,0.670596,0.004597,0.741660,-217.181427,84.335876,87.364830
230,1.916667,-0.014832,0.670618,0.004575,0.741641,-217.180817,84.336105,87.364021
231,1.925000,-0.014840,0.670672,0.004536,0.741592,-217.180771,84.336281,87.362755
232,1.933333,-0.014845,0.670733,0.004492,0.741537,-217.180328,84.335342,87.362305
233,1.941667,-0.015056,0.670652,0.004307,0.741607,-217.180939,84.335670,87.362930
234,1.950000,-0.014955,0.670623,0.004669,0.741633,-217.181534,84.336670,87.363556
235,1.958333,-0.014874,0.670674,0.004692,0.741589,-217.181610,84.335556,87.362862
236,1.966667,-0.014945,0.670594,0.004706,0.741659,-217.182404,84.336472,87.363472
237,1.975000,-0.014819,0.670639,0.004607,0.741622,-217.182297,84.335258,87.363258
238,1.983333,-0.014887,0.670644,0.004690,0.741615,-217.184326,84.336967,87.364357
239,1.991667,-0.014872,0.670574,0.004704,0.741679,-217.185455,84.337044,87.364807
240,2.000000,-0.014836,0.670605,0.004704,0.741651,-217.186157,84.336700,87.364891
241,2.008333,-0.014819,0.670593,0.004687,0.741663,-217.187592,84.336983,87.365692
242,2.016667,-0.014888,0.670642,0.004743,0.741617,-217.188263,84.336868,87.365562
243,2.025000,-0.014999,0.670638,0.004667,0.741618,-217.189407,84.336922,87.365761
244,2.033333,-0.015011,0.670664,0.004900,0.741593,-217.189621,84.337685,87.365410
245,2.041667,-0.014810,0.670674,0.004748,0.741590,-217.187683,84.335365,87.364655
246,2.050000,-0.014958,0.670633,0.004742,0.741624,-217.187119,84.336624,87.363831
247,2.058333,-0.014945,0.670673,0.004629,0.741588,-217.186066,84.336159,87.363724
248,2.066667,-0.014840,0.670621,0.004793,0.741636,-217.185852,84.336731,87.363449
249,2.075000,-0.015036,0.670573,0.004527,0.741677,-217.184204,84.335297,87.362656
250,2.083333,-0.016349,0.669844,0.004853,0.742306,-217.177032,84.326508,87.355721
251,2.091667,-0.017405,0.670232,0.004974,0.741931,-217.175720,84.320869,87.361259
252,2.100000,-0.018073,0.670548,0.004887,0.741630,-217.175583,84.318367,87.364449
253,2.108333,-0.018055,0.670668,0.004824,0.741522,-217.174698,84.316971,87.366898
254,2.116667,-0.017154,0.670632,0.004884,0.741576,-217.177032,84.323982,87.363586
255,2.125000,-0.016913,0.670661,0.005168,0.741553,-217.179062,84.324242,87.364784
256,2.133333,-0.017189,0.670706,0.004795,0.741508,-217.180466,84.323029,87.366524
257,2.141667,-0.016947,0.670752,0.004803,0.741472,-217.181824,84.323730,87.365433
258,2.150000,-0.017088,0.670852,0.004929,0.741378,-217.183655,84.323402,87.367821
259,2.158333,-0.017099,0.670815,0.004790,0.741412,-217.182755,84.321632,87.365128
260,2.166667,-0.017265,0.670954,0.005045,0.741281,-217.184280,84.322502,87.368736
261,2.175000,-0.017143,0.670981,0.004980,0.741260,-217.182373,84.321533,87.367088
262,2.183333,-0.017175,0.671088,0.005119,0.741161,-217.179443,84.321198,87.366852
263,2.191667,-0.017040,0.671100,0.005038,0.741154,-217.176315,84.320190,87.369064
264,2.200000,-0.017331,0.671390,0.004033,0.740890,-217.167953,84.322205,87.360527
265,2.208333,-0.014515,0.671948,0.007182,0.740421,-217.158096,84.307732,87.368698
266,2.216667,-0.011939,0.672343,0.009647,0.740081,-217.148117,84.295998,87.371933
267,2.225000,-0.010145,0.672508,0.012385,0.739917,-217.138123,84.276031,87.375603
268,2.233333,-0.007793,0.672283,0.014459,0.740112,-217.138580,84.263763,87.375717
269,2.241667,-0.005733,0.672068,0.016101,0.740293,-217.140778,84.253899,87.373611
270,2.250000,-0.004681,0.671926,0.016851,0.740411,-217.142151,84.252098,87.381622
271,2.258333,-0.004433,0.671915,0.017165,0.740417,-217.138672,84.249649,87.391144
272,2.266667,-0.003842,0.671787,0.017429,0.740529,-217.134445,84.247551,87.405258
273,2.275000,-0.003618,0.671799,0.017108,0.740527,-217.129303,84.245461,87.422791
274,2.283333,-0.002258,0.671911,0.018200,0.740404,-217.123749,84.237938,87.435440
275,2.291667,-0.001120,0.671954,0.019308,0.740340,-217.121704,84.231514,87.452980
276,2.300000,-0.000337,0.671850,0.019467,0.740432,-217.115158,84.225754,87.467529
277,2.308333,0.000571,0.671886,0.019282,0.740403,-217.107605,84.223412,87.483749
278,2.316667,0.001460,0.672041,0.019392,0.740259,-217.098206,84.220245,87.501411
279,2.325000,0.002327,0.672051,0.019453,0.740245,-217.092865,84.220474,87.516273
280,2.333333,0.002861,0.671989,0.019518,0.740298,-217.088348,84.218254,87.531311
281,2.341667,0.003718,0.671939,0.019655,0.740336,-217.086029,84.217308,87.538727
282,2.350000,0.003917,0.671911,0.019756,0.740358,-217.085297,84.213875,87.549240
283,2.358333,0.004433,0.671828,0.020090,0.740422,-217.084000,84.212944,87.554070
284,2.366667,0.004989,0.671783,0.020696,0.740442,-217.081146,84.209961,87.560616
285,2.375000,0.005136,0.671621,0.020650,0.740590,-217.078323,84.209274,87.566887
286,2.383333,0.005411,0.671634,0.020531,0.740579,-217.074829,84.207291,87.571068
287,2.391667,0.006039,0.672408,0.020892,0.739861,-217.077469,84.209839,87.584808
288,2.400000,0.004570,0.671588,0.019448,0.740656,-217.078094,84.214890,87.584511
289,2.408333,0.003620,0.671428,0.018792,0.740822,-217.075989,84.217216,87.590614
290,2.416667,0.003964,0.672131,0.018612,0.740188,-217.074677,84.218765,87.609299
291,2.425000,0.004051,0.672116,0.018438,0.740205,-217.070297,84.216080,87.618843
292,2.433333,0.004823,0.672043,0.019078,0.740251,-217.070145,84.217926,87.628624
293,2.441667,0.005066,0.671912,0.019478,0.740357,-217.067642,84.214088,87.635254
294,2.450000,0.005509,0.671845,0.019929,0.740403,-217.069107,84.212685,87.640289
295,2.458333,0.005427,0.671816,0.020106,0.740426,-217.072540,84.211769,87.641281
296,2.466667,0.005443,0.671756,0.020296,0.740474,-217.077133,84.211288,87.640808
297,2.475000,0.005251,0.671796,0.020337,0.740439,-217.079895,84.211441,87.641953
298,2.483333,0.005175,0.671884,0.020246,0.740361,-217.081665,84.212563,87.636253
299,2.491667,0.004657,0.671957,0.020237,0.740299,-217.085892,84.216087,87.628731
300,2.500000,0.003955,0.671986,0.020252,0.740277,-217.090485,84.219353,87.616341
301,2.508333,0.003482,0.672159,0.019994,0.740129,-217.096664,84.221848,87.599968
302,2.516667,0.003032,0.671686,0.020773,0.740539,-217.098862,84.219208,87.567390
303,2.525000,0.002475,0.671637,0.021653,0.740560,-217.110565,84.218781,87.538979
304,2.533333,0.002080,0.671829,0.021780,0.740383,-217.122025,84.217186,87.522781
305,2.541667,0.001792,0.671964,0.021796,0.740261,-217.127640,84.222755,87.513771
306,2.550000,0.000544,0.671780,0.021165,0.740448,-217.136200,84.241699,87.520126
307,2.558333,0.001129,0.672396,0.021776,0.739870,-217.146332,84.273041,87.543175
308,2.566667,0.001660,0.672384,0.022176,0.739869,-217.147644,84.308464,87.544212
309,2.575000,0.000887,0.672153,0.022674,0.740065,-217.155746,84.354240,87.553520
310,2.583333,0.000487,0.671897,0.022801,0.740294,-217.161392,84.405098,87.559280
311,2.591667,0.000414,0.671763,0.023107,0.740406,-217.162659,84.455643,87.574753
312,2.600000,-0.000289,0.671654,0.022823,0.740514,-217.162140,84.511009,87.589401
313,2.608333,-0.000867,0.671539,0.022877,0.740615,-217.159409,84.560524,87.603546
314,2.616667,-0.003435,0.671254,0.023227,0.740856,-217.162109,84.643272,87.618141
315,2.625000,0.000308,0.671319,0.022565,0.740825,-217.157928,84.726097,87.634125
316,2.633333,0.001562,0.671619,0.022712,0.740547,-217.147369,84.776855,87.650391
317,2.641667,0.002358,0.671620,0.022036,0.740565,-217.139938,84.822792,87.666367
318,2.650000,0.002436,0.671762,0.020887,0.740469,-217.129379,84.872017,87.684074
319,2.658333,0.002682,0.671875,0.020177,0.740385,-217.121216,84.920021,87.698891
320,2.666667,0.003087,0.671724,0.020366,0.740515,-217.118408,84.968994,87.706009
321,2.675000,0.001189,0.671382,0.019195,0.740862,-217.121429,85.035683,87.719116
322,2.683333,0.000530,0.671407,0.019475,0.740833,-217.114014,85.098473,87.728157
323,2.691667,0.000548,0.671345,0.020207,0.740870,-217.107986,85.158195,87.739838
324,2.700000,-0.000195,0.671139,0.019921,0.741064,-217.108032,85.228294,87.745476
325,2.708333,-0.000267,0.672445,0.019690,0.739885,-217.108276,85.285072,87.768517
326,2.716667,0.002955,0.672100,0.018254,0.740230,-217.114609,85.365341,87.767754
327,2.725000,0.001818,0.672209,0.017129,0.740161,-217.108276,85.420639,87.774048
328,2.733333,0.001094,0.672295,0.017696,0.740071,-217.103668,85.468895,87.783676
329,2.741667,0.001407,0.672148,0.019054,0.740171,-217.097549,85.513206,87.791496
330,2.750000,0.002990,0.672429,0.020668,0.739867,-217.092377,85.560837,87.800827
331,2.758333,0.002755,0.672369,0.020519,0.739927,-217.090607,85.614143,87.812973
332,2.766667,0.001834,0.672500,0.019746,0.739831,-217.086487,85.663834,87.820480
333,2.775000,0.001252,0.672636,0.019393,0.739719,-217.089706,85.714737,87.827225
334,2.783333,-0.000182,0.672678,0.019001,0.739691,-217.091782,85.764763,87.831268
335,2.791667,-0.001083,0.672815,0.018569,0.739577,-217.089508,85.810165,87.838676
336,2.800000,-0.004959,0.672461,0.015066,0.739962,-217.090256,85.874870,87.848175
337,2.808333,-0.006586,0.672651,0.013767,0.739803,-217.079742,85.930260,87.858627
338,2.816667,-0.001986,0.672791,0.013885,0.739699,-217.072647,86.011574,87.859344
339,2.825000,-0.000175,0.672811,0.015894,0.739644,-217.060608,86.063980,87.863518
340,2.833333,0.000343,0.672599,0.017697,0.739795,-217.051407,86.111740,87.865677
341,2.841667,-0.000409,0.672701,0.017357,0.739711,-217.047363,86.166084,87.872093
342,2.850000,-0.001942,0.672848,0.016297,0.739598,-217.045593,86.224655,87.874916
343,2.858333,-0.003639,0.673128,0.014498,0.739375,-217.045898,86.285454,87.884560
344,2.866667,-0.004985,0.673219,0.013832,0.739297,-217.043213,86.344162,87.886292
345,2.875000,-0.008444,0.673006,0.011192,0.739504,-217.039795,86.407021,87.890640
346,2.883333,-0.009372,0.673109,0.011030,0.739402,-217.031311,86.467323,87.897202
347,2.891667,-0.008324,0.673269,0.014949,0.739200,-217.026001,86.532341,87.902557
348,2.900000,-0.007369,0.673481,0.016312,0.738988,-217.017715,86.583031,87.915176
349,2.908333,-0.007346,0.673586,0.015733,0.738905,-217.013718,86.626480,87.917542
350,2.916667,-0.004474,0.673238,0.014481,0.739270,-217.021103,86.689110,87.913040
351,2.925000,-0.005674,0.673188,0.013046,0.739334,-217.022781,86.733948,87.917679
352,2.933333,-0.008624,0.672788,0.010337,0.739713,-217.024445,86.782417,87.928070
353,2.941667,-0.009235,0.672957,0.009806,0.739559,-217.016342,86.825966,87.932503
354,2.950000,-0.010314,0.672715,0.008475,0.739781,-217.012543,86.867119,87.940422
355,2.958333,-0.010326,0.672757,0.008493,0.739743,-217.008545,86.911896,87.944313
356,2.966667,-0.009511,0.672810,0.009524,0.739693,-217.003372,86.951897,87.943672
357,2.975000,-0.010217,0.672692,0.009597,0.739790,-217.001968,86.996475,87.945503
358,2.983333,-0.010997,0.672672,0.009938,0.739793,-216.999908,87.035057,87.949898
359,2.991667,-0.011644,0.672725,0.009736,0.739737,-216.997238,87.073128,87.949501
360,3.000000,-0.011857,0.673276,0.012465,0.739191,-216.999817,87.128639,87.951561
361,3.008333,-0.012754,0.673294,0.011782,0.739171,-216.996597,87.166702,87.957878
362,3.016667,-0.013507,0.673301,0.010882,0.739165,-216.994232,87.199745,87.966629
363,3.025000,-0.014085,0.673122,0.010143,0.739328,-216.992813,87.229469,87.970612
364,3.033333,-0.014315,0.673000,0.009845,0.739439,-216.992523,87.256203,87.969872
365,3.041667,-0.014433,0.672874,0.009731,0.739552,-216.993958,87.279396,87.971985
366,3.050000,-0.012447,0.672374,0.007893,0.740065,-217.002792,87.326553,87.964996
367,3.058333,-0.012306,0.672402,0.007321,0.740048,-217.001251,87.351517,87.967438
368,3.066667,-0.012128,0.672340,0.007272,0.740108,-216.997391,87.368683,87.969589
369,3.075000,-0.011023,0.673428,0.007162,0.739136,-216.997620,87.385574,87.982712
370,3.083333,-0.011783,0.672580,0.007231,0.739895,-216.994232,87.398491,87.973862
371,3.091667,-0.011698,0.673487,0.006983,0.739074,-216.997314,87.420990,87.985435
372,3.100000,-0.011777,0.673755,0.007363,0.738825,-216.996765,87.442184,87.990730
373,3.108333,-0.011402,0.674027,0.007257,0.738583,-216.994431,87.474831,87.992081
374,3.116667,-0.012953,0.674012,0.005885,0.738583,-216.988892,87.509155,87.992630
375,3.125000,-0.013919,0.674134,0.005773,0.738455,-216.981812,87.543541,87.998703
376,3.133333,-0.013914,0.674213,0.005822,0.738383,-216.969849,87.574448,88.002075
377,3.141667,-0.013497,0.674381,0.006090,0.738236,-216.959244,87.599335,88.007652
378,3.150000,-0.013392,0.674454,0.005978,0.738172,-216.952560,87.616791,88.007584
379,3.158333,-0.013374,0.674442,0.006060,0.738182,-216.952103,87.630722,88.007149
380,3.166667,-0.013770,0.674464,0.006031,0.738155,-216.954041,87.646622,88.007965
381,3.175000,-0.013867,0.674505,0.006241,0.738114,-216.953903,87.661118,88.007477
382,3.183333,-0.013871,0.674508,0.006247,0.738111,-216.953949,87.678955,88.009171
383,3.191667,-0.014146,0.674517,0.006345,0.738096,-216.953705,87.701599,88.005569
384,3.200000,-0.013927,0.674559,0.006358,0.738062,-216.953369,87.726631,88.005699
385,3.208333,-0.014224,0.674484,0.006108,0.738127,-216.951279,87.750641,88.007996
386,3.216667,-0.014478,0.674508,0.006301,0.738098,-216.948395,87.775192,88.007950
387,3.225000,-0.014676,0.674547,0.006480,0.738057,-216.945618,87.796204,88.010941
388,3.233333,-0.014519,0.674692,0.006589,0.737927,-216.941742,87.813354,88.012001
389,3.241667,-0.014203,0.674655,0.006867,0.737964,-216.941315,87.830154,88.014648
390,3.250000,-0.016026,0.674524,0.005204,0.738061,-216.943451,87.855179,88.016525
391,3.258333,-0.011795,0.673883,0.004170,0.738733,-216.950012,87.904068,87.998871
392,3.266667,-0.011851,0.673937,0.004061,0.738683,-216.947769,87.923103,87.997917
393,3.275000,-0.011967,0.674014,0.004443,0.738608,-216.944122,87.940872,87.995178
394,3.283333,-0.012155,0.674159,0.005020,0.738470,-216.939423,87.959221,87.997833
395,3.291667,-0.012548,0.674206,0.004894,0.738420,-216.930054,87.979164,87.997940
396,3.300000,-0.013330,0.674340,0.004848,0.738285,-216.918869,87.996414,88.000862
397,3.308333,-0.013700,0.674422,0.004308,0.738206,-216.904663,88.013855,88.000542
398,3.316667,-0.013864,0.674535,0.004585,0.738098,-216.891174,88.034531,87.997459
399,3.325000,-0.013947,0.674722,0.004795,0.737925,-216.877060,88.067612,88.002571
400,3.333333,-0.015796,0.674808,0.003899,0.737814,-216.859940,88.126602,88.006233
401,3.341667,-0.015730,0.675348,0.003556,0.737323,-216.844681,88.199707,88.013603
402,3.350000,-0.018350,0.675936,0.002878,0.736726,-216.820816,88.282791,88.016731
403,3.358333,-0.020571,0.676109,0.002333,0.736511,-216.795349,88.351761,88.016060
404,3.366667,-0.021466,0.676432,0.002228,0.736189,-216.775650,88.406494,88.021759
405,3.375000,-0.022541,0.676342,0.001606,0.736241,-216.764999,88.455811,88.026413
406,3.383333,-0.022973,0.676304,0.001028,0.736263,-216.759842,88.505592,88.033501
407,3.391667,-0.022787,0.676253,0.000611,0.736317,-216.755966,88.554070,88.039253
408,3.400000,-0.025890,0.675702,-0.002275,0.736716,-216.764496,88.612885,88.046036
409,3.408333,-0.026946,0.674944,-0.007239,0.737342,-216.782623,88.705940,88.045975
410,3.416667,-0.030249,0.674400,-0.010436,0.737673,-216.788574,88.764343,88.047676
411,3.425000,-0.031181,0.674404,-0.011219,0.737619,-216.787140,88.799866,88.050476
412,3.433333,-0.030661,0.674664,-0.010539,0.737412,-216.782959,88.819992,88.050163
413,3.441667,-0.030228,0.674760,-0.010073,0.737349,-216.782028,88.836731,88.050285
414,3.450000,-0.030213,0.674735,-0.009817,0.737376,-216.784592,88.849380,88.051697
415,3.458333,-0.030506,0.674631,-0.010124,0.737455,-216.788391,88.861946,88.050713
416,3.466667,-0.030594,0.674616,-0.010253,0.737463,-216.793243,88.873871,88.051903
417,3.475000,-0.030919,0.674583,-0.010509,0.737476,-216.794891,88.881599,88.051804
418,3.483333,-0.031142,0.674561,-0.010586,0.737486,-216.794998,88.886711,88.051628
419,3.491667,-0.031344,0.674571,-0.010856,0.737464,-216.792969,88.889938,88.051826
420,3.500000,-0.031561,0.674617,-0.011092,0.737409,-216.791199,88.890778,88.051880
421,3.508333,-0.031700,0.674561,-0.011131,0.737455,-216.791916,88.891159,88.054634
422,3.516667,-0.031570,0.674594,-0.010956,0.737432,-216.791962,88.888466,88.053375
423,3.525000,-0.031190,0.674534,-0.010857,0.737505,-216.792297,88.883781,88.052956
424,3.533333,-0.031047,0.674629,-0.010490,0.737429,-216.791443,88.882202,88.053864
425,3.541667,-0.031091,0.674547,-0.010774,0.737498,-216.789551,88.885986,88.052689
426,3.550000,-0.031381,0.674667,-0.010792,0.737376,-216.787979,88.890953,88.054070
427,3.558333,-0.031863,0.674578,-0.011179,0.737431,-216.784973,88.892136,88.053391
428,3.566667,-0.031969,0.674633,-0.011483,0.737372,-216.783859,88.890175,88.054184
429,3.575000,-0.031616,0.674633,-0.011128,0.737392,-216.784592,88.888260,88.053665
430,3.583333,-0.031555,0.674658,-0.011169,0.737371,-216.785126,88.886337,88.052765
431,3.591667,-0.031428,0.674634,-0.011059,0.737400,-216.786789,88.887848,88.053001
432,3.600000,-0.031834,0.674583,-0.011437,0.737424,-216.786911,88.889816,88.052284
433,3.608333,-0.031964,0.674612,-0.011564,0.737390,-216.788193,88.893806,88.053879
434,3.616667,-0.032072,0.674539,-0.011676,0.737450,-216.788132,88.893852,88.052711
435,3.625000,-0.032183,0.674645,-0.011668,0.737348,-216.788513,88.891396,88.054825
436,3.633333,-0.031953,0.674654,-0.011482,0.737353,-216.789658,88.890694,88.055206
437,3.641667,-0.031924,0.674607,-0.011512,0.737397,-216.789368,88.890167,88.053284
438,3.650000,-0.031977,0.674635,-0.011548,0.737368,-216.791321,88.890564,88.056091
439,3.658333,-0.031856,0.674600,-0.011514,0.737406,-216.791275,88.892349,88.054817
440,3.666667,-0.032323,0.674587,-0.011848,0.737392,-216.791199,88.893539,88.057571
441,3.675000,-0.032162,0.674653,-0.011660,0.737342,-216.789459,88.893402,88.056892
442,3.683333,-0.031968,0.674605,-0.011813,0.737391,-216.789490,88.893799,88.054535
443,3.691667,-0.032101,0.674675,-0.011736,0.737324,-216.789322,88.890778,88.056854
444,3.700000,-0.032180,0.674622,-0.011899,0.737366,-216.787384,88.890388,88.056381
445,3.708333,-0.032274,0.674658,-0.012029,0.737326,-216.787125,88.893555,88.056938
446,3.716667,-0.032333,0.674639,-0.012025,0.737342,-216.785522,88.895737,88.055817
447,3.725000,-0.032435,0.674594,-0.012210,0.737375,-216.784637,88.896599,88.054398
448,3.733333,-0.027706,0.675710,-0.007167,0.736612,-216.768311,88.869202,88.058769
449,3.741667,-0.028164,0.675547,-0.007518,0.736740,-216.769226,88.868912,88.053337
450,3.750000,-0.026048,0.675888,-0.005588,0.736523,-216.769714,88.860428,88.053963
451,3.758333,-0.024585,0.675880,-0.003842,0.736591,-216.770432,88.851311,88.048523
452,3.766667,-0.023616,0.675758,-0.002941,0.736739,-216.775253,88.847031,88.043694
453,3.775000,-0.023126,0.675775,-0.002390,0.736742,-216.778320,88.845184,88.044075
454,3.783333,-0.023265,0.675709,-0.002944,0.736796,-216.778275,88.845749,88.043625
455,3.791667,-0.023559,0.675722,-0.003052,0.736773,-216.777924,88.845512,88.046524
456,3.800000,-0.023515,0.675762,-0.003022,0.736739,-216.777588,88.847054,88.046173
457,3.808333,-0.023691,0.675813,-0.003057,0.736686,-216.777618,88.845848,88.047638
458,3.816667,-0.023666,0.675773,-0.002961,0.736723,-216.778473,88.847855,88.047386
459,3.825000,-0.023760,0.675743,-0.003203,0.736747,-216.778320,88.847885,88.047134
460,3.833333,-0.023571,0.675702,-0.003072,0.736792,-216.779709,88.849220,88.048363
461,3.841667,-0.023475,0.675726,-0.003088,0.736772,-216.778915,88.848671,88.046967
462,3.850000,-0.023613,0.675723,-0.003094,0.736771,-216.779022,88.848267,88.046959
463,3.858333,-0.023585,0.675750,-0.002910,0.736747,-216.777451,88.846001,88.047531
464,3.866667,-0.023416,0.675765,-0.002674,0.736740,-216.776199,88.844604,88.045380
465,3.875000,-0.023295,0.675736,-0.002810,0.736770,-216.776749,88.846107,88.046272
466,3.883333,-0.023401,0.675743,-0.003070,0.736760,-216.776031,88.847008,88.045113
467,3.891667,-0.026614,0.675207,-0.006125,0.737123,-216.782715,88.864624,88.049973
468,3.900000,-0.026092,0.675630,-0.005469,0.736759,-216.773956,88.858910,88.052895
469,3.908333,-0.027844,0.675392,-0.007478,0.736895,-216.776627,88.869469,88.053543
470,3.916667,-0.030939,0.674854,-0.010478,0.737228,-216.785049,88.885986,88.056068
471,3.925000,-0.032286,0.674523,-0.012079,0.737449,-216.788147,88.893738,88.054726
472,3.933333,-0.032158,0.674516,-0.012026,0.737462,-216.789169,88.894936,88.054626
473,3.941667,-0.031942,0.674470,-0.011628,0.737519,-216.789200,88.893082,88.054428
474,3.950000,-0.031434,0.674562,-0.011072,0.737465,-216.788620,88.888290,88.054565
475,3.958333,-0.030957,0.674618,-0.010445,0.737444,-216.789795,88.886047,88.054047
476,3.966667,-0.030767,0.674603,-0.010222,0.737468,-216.789215,88.883492,88.053467
477,3.975000,-0.030357,0.674655,-0.009878,0.737443,-216.789841,88.881920,88.054184
478,3.983333,-0.030173,0.674682,-0.009980,0.737424,-216.789764,88.881859,88.051376
479,3.991667,-0.029901,0.674623,-0.009780,0.737492,-216.790771,88.883278,88.050804
480,4.000000,-0.030024,0.674565,-0.009725,0.737540,-216.790909,88.883408,88.052261
481,4.008333,-0.030124,0.674705,-0.009516,0.737411,-216.790131,88.880997,88.052147
482,4.016667,-0.029617,0.674654,-0.009219,0.737482,-216.790131,88.878426,88.051216
483,4.025000,-0.029535,0.674674,-0.009005,0.737469,-216.789764,88.878586,88.048889
484,4.033333,-0.029532,0.674635,-0.009266,0.737503,-216.789795,88.878510,88.050491
485,4.041667,-0.029513,0.674703,-0.008943,0.737445,-216.790298,88.878387,88.049889
486,4.050000,-0.029526,0.674703,-0.009110,0.737443,-216.789429,88.877129,88.049858
487,4.058333,-0.029410,0.674671,-0.008856,0.737479,-216.790222,88.877930,88.050362
488,4.066667,-0.029218,0.674620,-0.008885,0.737533,-216.789459,88.877686,88.046974
489,4.075000,-0.029221,0.674740,-0.008658,0.737426,-216.790802,88.877991,88.049599
490,4.083333,-0.029294,0.674643,-0.008951,0.737509,-216.788742,88.876297,88.048431
491,4.091667,-0.029222,0.674734,-0.008896,0.737428,-216.788666,88.876144,88.049110
492,4.100000,-0.029408,0.674730,-0.008906,0.737425,-216.789536,88.877899,88.049850
493,4.108333,-0.029408,0.674728,-0.008956,0.737426,-216.788788,88.878151,88.048645
494,4.116667,-0.029541,0.674610,-0.009185,0.737526,-216.788345,88.876488,88.050461
495,4.125000,-0.029244,0.674700,-0.008693,0.737461,-216.788696,88.877502,88.048241
496,4.133333,-0.028982,0.674683,-0.008732,0.737487,-216.788620,88.875183,88.049088
497,4.141667,-0.029024,0.674734,-0.008508,0.737441,-216.789413,88.875748,88.050095
498,4.150000,-0.029044,0.674668,-0.008646,0.737499,-216.790009,88.877289,88.048409
499,4.158333,-0.028905,0.674622,-0.008431,0.737549,-216.790421,88.877495,88.050011
500,4.166667,-0.028986,0.674699,-0.008272,0.737477,-216.789551,88.877525,88.051270
501,4.175000,-0.028732,0.674695,-0.008244,0.737491,-216.789459,88.880951,88.052925
502,4.183333,-0.028628,0.674696,-0.008022,0.737497,-216.789368,88.884392,88.056259
503,4.191667,-0.028487,0.674650,-0.007967,0.737545,-216.787598,88.888100,88.059387
504,4.200000,-0.029374,0.674683,-0.008722,0.737471,-216.787720,88.900909,88.069031
505,4.208333,-0.030445,0.674559,-0.009706,0.737529,-216.786774,88.914833,88.073166
506,4.216667,-0.031459,0.674581,-0.010431,0.737456,-216.784363,88.923721,88.083061
507,4.225000,-0.031685,0.674631,-0.010738,0.737397,-216.781433,88.930298,88.091064
508,4.233333,-0.031967,0.674635,-0.010471,0.737385,-216.777985,88.932129,88.100395
509,4.241667,-0.031392,0.674653,-0.010114,0.737398,-216.774490,88.937088,88.110489
510,4.250000,-0.031433,0.674802,-0.009764,0.737265,-216.769455,88.939613,88.123100
511,4.258333,-0.030805,0.674793,-0.009103,0.737308,-216.765213,88.949356,88.135345
512,4.266667,-0.030576,0.674840,-0.008717,0.737279,-216.758682,88.957344,88.148727
513,4.275000,-0.030154,0.674895,-0.008928,0.737244,-216.750977,88.964203,88.164780
514,4.283333,-0.030147,0.674922,-0.008781,0.737221,-216.744873,88.968056,88.182274
515,4.291667,-0.029988,0.674953,-0.008677,0.737200,-216.739243,88.970741,88.199562
516,4.300000,-0.029963,0.674705,-0.008837,0.737426,-216.734024,88.972816,88.220490
517,4.308333,-0.029738,0.674475,-0.008640,0.737648,-216.728027,88.975883,88.244148
518,4.316667,-0.029754,0.674220,-0.008410,0.737883,-216.717789,88.980370,88.272812
519,4.325000,-0.029831,0.674003,-0.008592,0.738076,-216.701767,88.974632,88.300003
520,4.333333,-0.029267,0.674282,-0.008311,0.737847,-216.683716,88.956451,88.326569
521,4.341667,-0.027876,0.674747,-0.007496,0.737485,-216.660568,88.928520,88.359406
522,4.350000,-0.026771,0.675184,-0.005949,0.737140,-216.635254,88.899628,88.390518
523,4.358333,-0.030489,0.675785,-0.005479,0.736448,-216.597397,88.848610,88.438286
524,4.366667,-0.030169,0.675616,-0.004796,0.736621,-216.555161,88.817314,88.474075
525,4.375000,-0.029105,0.676203,-0.003459,0.736133,-216.507141,88.777374,88.510094
526,4.383333,-0.027048,0.677196,-0.001427,0.735304,-216.462357,88.729301,88.546600
527,4.391667,-0.025763,0.677385,-0.003041,0.735171,-216.416687,88.667870,88.582458
528,4.400000,-0.025066,0.678667,-0.004197,0.734006,-216.377670,88.608894,88.647469
529,4.408333,-0.024428,0.677832,-0.004070,0.734800,-216.331985,88.546249,88.684212
530,4.416667,-0.026528,0.678364,-0.002176,0.734244,-216.286224,88.465576,88.740692
531,4.425000,-0.024519,0.679759,-0.000676,0.733025,-216.246719,88.402069,88.807259
532,4.433333,-0.022166,0.679865,-0.001604,0.733000,-216.194778,88.320045,88.859573
533,4.441667,-0.020494,0.680257,-0.001012,0.732686,-216.154129,88.239876,88.909271
534,4.450000,-0.019367,0.680035,-0.000693,0.732923,-216.114990,88.164856,88.950226
535,4.458333,-0.016338,0.680323,0.001404,0.732729,-216.068481,88.098831,89.011215
536,4.466667,-0.018859,0.681693,0.004084,0.731384,-216.017609,88.003891,89.078369
537,4.475000,-0.017117,0.682094,0.003908,0.731054,-215.973846,87.939514,89.129349
538,4.483333,-0.016030,0.682523,0.003806,0.730679,-215.928299,87.891075,89.190804
539,4.491667,-0.016001,0.682616,0.003433,0.730594,-215.880035,87.851776,89.253281
540,4.500000,-0.015506,0.682626,0.003871,0.730593,-215.840118,87.823082,89.312096
541,4.508333,-0.015035,0.683318,0.004461,0.729952,-215.794800,87.794510,89.370354
542,4.516667,-0.018439,0.683750,0.004602,0.729469,-215.737869,87.751534,89.440605
543,4.525000,-0.019297,0.683717,0.004536,0.729478,-215.693359,87.734566,89.501205
544,4.533333,-0.020840,0.683677,0.003947,0.729477,-215.657379,87.720802,89.559593
545,4.541667,-0.022499,0.683761,0.003546,0.729351,-215.614456,87.717453,89.624634
546,4.550000,-0.022772,0.683576,0.003199,0.729517,-215.564972,87.728226,89.689568
547,4.558333,-0.022919,0.684016,0.002934,0.729101,-215.511826,87.744774,89.759834
548,4.566667,-0.022601,0.684899,0.002425,0.728283,-215.453125,87.772408,89.839287
549,4.575000,-0.021160,0.686481,0.001264,0.726839,-215.405365,87.807281,89.927444
550,4.583333,-0.021925,0.686876,0.000435,0.726444,-215.351608,87.835350,90.004570
551,4.591667,-0.023084,0.687759,-0.000151,0.725572,-215.290665,87.865898,90.082832
552,4.600000,-0.024052,0.688033,-0.000942,0.725280,-215.236588,87.901161,90.159279
553,4.608333,-0.024905,0.688177,-0.001221,0.725114,-215.182877,87.939346,90.238785
554,4.616667,-0.025257,0.688654,-0.001123,0.724650,-215.117233,87.988663,90.327042
555,4.625000,-0.026483,0.688621,-0.001462,0.724636,-215.059631,88.043304,90.405098
556,4.633333,-0.027749,0.688706,-0.002140,0.724506,-215.000076,88.103691,90.486633
557,4.641667,-0.030421,0.688633,-0.004785,0.724456,-214.931198,88.179451,90.578102
558,4.650000,-0.032075,0.688886,-0.006178,0.724133,-214.870529,88.247711,90.653412
559,4.658333,-0.032103,0.690865,-0.006512,0.722242,-214.822098,88.310387,90.739166
560,4.666667,-0.033547,0.691127,-0.007396,0.721916,-214.756683,88.361794,90.820305
561,4.675000,-0.033671,0.692257,-0.008243,0.720818,-214.696075,88.421082,90.900146
562,4.683333,-0.034544,0.693026,-0.008650,0.720032,-214.630417,88.474342,90.974495
563,4.691667,-0.035470,0.692780,-0.010060,0.720206,-214.563416,88.522858,91.053101
564,4.700000,-0.036268,0.692834,-0.011118,0.720098,-214.498093,88.564644,91.123650
565,4.708333,-0.036533,0.692902,-0.011082,0.720020,-214.436432,88.599617,91.190132
566,4.716667,-0.037725,0.693543,-0.011402,0.719336,-214.368317,88.638863,91.256546
567,4.725000,-0.042598,0.693761,-0.011304,0.718856,-214.295242,88.655746,91.330978
568,4.733333,-0.044912,0.693300,-0.011673,0.719154,-214.237793,88.676918,91.384560
569,4.741667,-0.046008,0.693877,-0.010010,0.718553,-214.193298,88.702293,91.436028
570,4.750000,-0.046062,0.694625,-0.008983,0.717840,-214.144806,88.723198,91.490463
571,4.758333,-0.046617,0.694763,-0.010116,0.717655,-214.077301,88.737701,91.547142
572,4.766667,-0.044923,0.696983,-0.011851,0.715581,-214.016006,88.761650,91.628143
573,4.775000,-0.045190,0.697643,-0.013288,0.714895,-213.943069,88.778595,91.685478
574,4.783333,-0.043676,0.698439,-0.012429,0.714228,-213.875931,88.780602,91.736893
575,4.791667,-0.042845,0.699036,-0.011918,0.713702,-213.810013,88.776978,91.785606
576,4.800000,-0.042965,0.699077,-0.012180,0.713651,-213.745453,88.777153,91.833801
577,4.808333,-0.043643,0.699520,-0.012315,0.713173,-213.689590,88.777542,91.876427
578,4.816667,-0.043402,0.700369,-0.011682,0.712365,-213.629028,88.771538,91.918007
579,4.825000,-0.042094,0.700911,-0.010433,0.711929,-213.558319,88.755730,91.972237
580,4.833333,-0.041594,0.701054,-0.011664,0.711799,-213.493088,88.733078,92.012833
581,4.841667,-0.045942,0.701406,-0.012633,0.711168,-213.420792,88.688507,92.054253
582,4.850000,-0.047076,0.702014,-0.012988,0.710487,-213.362549,88.658920,92.087730
583,4.858333,-0.047783,0.702093,-0.013661,0.710348,-213.303879,88.633408,92.118866
584,4.866667,-0.046364,0.702293,-0.013493,0.710249,-213.242935,88.599640,92.154633
585,4.875000,-0.044386,0.703132,-0.012608,0.709561,-213.174026,88.566566,92.194077
586,4.883333,-0.042694,0.704042,-0.011441,0.708781,-213.105728,88.536537,92.232704
587,4.891667,-0.040987,0.704416,-0.010457,0.708525,-213.041824,88.505280,92.267975
588,4.900000,-0.040050,0.704959,-0.010162,0.708044,-212.970383,88.471603,92.307785
589,4.908333,-0.043481,0.705346,-0.009726,0.707462,-212.895660,88.418076,92.347725
590,4.916667,-0.043984,0.705912,-0.009949,0.706862,-212.829727,88.392082,92.374733
591,4.925000,-0.043812,0.706165,-0.010118,0.706618,-212.769135,88.368965,92.405846
592,4.933333,-0.042914,0.706756,-0.009515,0.706091,-212.691788,88.347931,92.451736
593,4.941667,-0.041372,0.707326,-0.008805,0.705621,-212.626556,88.329803,92.487312
594,4.950000,-0.040804,0.707791,-0.008916,0.705187,-212.569077,88.313194,92.516006
595,4.958333,-0.040854,0.708481,-0.009197,0.704486,-212.499496,88.293213,92.555077
596,4.966667,-0.040887,0.709048,-0.010126,0.703901,-212.427490,88.272629,92.600357
597,4.975000,-0.040834,0.709380,-0.011325,0.703552,-212.358978,88.248398,92.637054
598,4.983333,-0.044914,0.709812,-0.010720,0.702876,-212.291977,88.198021,92.673973
599,4.991667,-0.045943,0.710579,-0.010883,0.702031,-212.226196,88.176262,92.711594
600,5.000000,-0.046340,0.710756,-0.011197,0.701821,-212.167435,88.158401,92.743469
601,5.008333,-0.043923,0.710775,-0.010033,0.701975,-212.102341,88.145615,92.785713
602,5.016667,-0.041568,0.711621,-0.008057,0.701286,-212.033112,88.131020,92.822716
603,5.025000,-0.040208,0.712393,-0.007053,0.700592,-211.963898,88.118210,92.861954
604,5.033333,-0.039285,0.712622,-0.007780,0.700405,-211.896515,88.110802,92.902809
605,5.041667,-0.040462,0.712994,-0.009286,0.699940,-211.828262,88.099365,92.939537
606,5.050000,-0.041026,0.713937,-0.010318,0.698931,-211.753632,88.091583,92.980042
607,5.058333,-0.044241,0.714621,-0.009752,0.698043,-211.677765,88.054604,93.012024
608,5.066667,-0.044821,0.714799,-0.009341,0.697830,-211.612518,88.027069,93.040466
609,5.075000,-0.044993,0.715145,-0.010045,0.697454,-211.534592,88.007629,93.081940
610,5.083333,-0.045554,0.715613,-0.010954,0.696924,-211.461426,87.995506,93.115273
611,5.091667,-0.044343,0.716033,-0.010266,0.696581,-211.394760,87.983093,93.150482
612,5.100000,-0.042795,0.716605,-0.009141,0.696106,-211.318558,87.972244,93.184776
613,5.108333,-0.041562,0.717201,-0.008809,0.695570,-211.232681,87.957642,93.227165
614,5.116667,-0.040139,0.718072,-0.008544,0.694758,-211.145370,87.942993,93.256966
615,5.125000,-0.039896,0.719007,-0.008543,0.693804,-211.069824,87.929848,93.287323
616,5.133333,-0.039730,0.719347,-0.009343,0.693451,-210.988693,87.917244,93.330299
617,5.141667,-0.043888,0.719384,-0.009578,0.693159,-210.900970,87.872757,93.370186
618,5.150000,-0.045072,0.719935,-0.009360,0.692514,-210.839767,87.853065,93.401711
619,5.158333,-0.045408,0.720613,-0.008890,0.691792,-210.771225,87.843521,93.431396
620,5.166667,-0.043941,0.721088,-0.007335,0.691410,-210.692291,87.831627,93.461594
621,5.175000,-0.042204,0.721554,-0.006680,0.691039,-210.606720,87.826385,93.501663
622,5.183333,-0.041816,0.722122,-0.007213,0.690463,-210.528687,87.820976,93.533363
623,5.191667,-0.041049,0.722906,-0.007672,0.689683,-210.455841,87.814522,93.563553
624,5.200000,-0.040527,0.723516,-0.008171,0.689069,-210.379929,87.800140,93.595612
625,5.208333,-0.040233,0.724202,-0.008651,0.688359,-210.305740,87.786018,93.631920
626,5.216667,-0.040535,0.724700,-0.009300,0.687808,-210.229752,87.777039,93.668739
627,5.225000,-0.044146,0.725289,-0.008034,0.686981,-210.150223,87.739128,93.699226
628,5.233333,-0.045075,0.725830,-0.006979,0.686360,-210.074905,87.715843,93.731285
629,5.241667,-0.045185,0.726113,-0.006794,0.686055,-210.001205,87.702721,93.761406
630,5.250000,-0.047757,0.724951,-0.006603,0.687111,-209.922928,87.674591,93.784828
631,5.258333,-0.047904,0.725569,-0.006731,0.686447,-209.847427,87.662277,93.814537
632,5.266667,-0.047299,0.726334,-0.006685,0.685680,-209.769745,87.649567,93.844353
633,5.275000,-0.044987,0.727112,-0.007755,0.685000,-209.693954,87.644409,93.880432
634,5.283333,-0.041065,0.727486,-0.009390,0.684828,-209.619354,87.646172,93.904205
635,5.291667,-0.037961,0.728419,-0.010145,0.684004,-209.532837,87.649277,93.935600
636,5.300000,-0.037099,0.729071,-0.009316,0.683368,-209.448761,87.643936,93.959648
637,5.308333,-0.038080,0.729756,-0.008877,0.682588,-209.378601,87.629654,93.998024
638,5.316667,-0.040437,0.730229,-0.008676,0.681950,-209.302521,87.607101,94.038956
639,5.325000,-0.043422,0.730575,-0.007877,0.681405,-209.229919,87.573227,94.065933
640,5.333333,-0.044304,0.730432,-0.006431,0.681517,-209.150833,87.543663,94.083939
641,5.341667,-0.044023,0.730972,-0.006458,0.680955,-209.068848,87.522079,94.108208
642,5.350000,-0.042897,0.731739,-0.007601,0.680191,-208.978729,87.507782,94.145981
643,5.358333,-0.041316,0.732354,-0.008658,0.679614,-208.897522,87.503143,94.177727
644,5.366667,-0.040540,0.732809,-0.009035,0.679166,-208.831161,87.500786,94.198105
645,5.375000,-0.040286,0.733423,-0.008724,0.678522,-208.755112,87.497917,94.226372
646,5.383333,-0.039372,0.733711,-0.006944,0.678285,-208.667847,87.487534,94.256561
647,5.391667,-0.040045,0.734665,-0.005575,0.677225,-208.588837,87.461105,94.293465
648,5.400000,-0.042987,0.734897,-0.005262,0.676795,-208.511566,87.427612,94.310669
649,5.408333,-0.044447,0.735691,-0.005652,0.675834,-208.429642,87.404823,94.333130
650,5.416667,-0.043839,0.736285,-0.006060,0.675223,-208.347946,87.392799,94.361229
651,5.425000,-0.042387,0.736567,-0.005860,0.675009,-208.274170,87.378471,94.385132
652,5.433333,-0.041913,0.737063,-0.006256,0.674494,-208.192993,87.364601,94.418594
653,5.441667,-0.042440,0.737816,-0.006252,0.673637,-208.110458,87.356125,94.447693
654,5.450000,-0.042896,0.738189,-0.005769,0.673204,-208.033463,87.350342,94.467499
655,5.458333,-0.040975,0.738983,-0.006031,0.672450,-207.946915,87.350586,94.501945
656,5.466667,-0.040795,0.739763,-0.006601,0.671597,-207.866165,87.333061,94.533676
657,5.475000,-0.041776,0.740358,-0.006723,0.670880,-207.785538,87.303001,94.557869
658,5.483333,-0.043754,0.740737,-0.006889,0.670334,-207.708008,87.276001,94.574333
659,5.491667,-0.045329,0.741187,-0.007110,0.669729,-207.632156,87.262413,94.601700
660,5.500000,-0.045971,0.741372,-0.007247,0.669478,-207.550354,87.258476,94.632408
661,5.508333,-0.044414,0.742081,-0.006215,0.668809,-207.472366,87.246338,94.658401
662,5.516667,-0.042065,0.743003,-0.004669,0.667949,-207.391388,87.235519,94.685043
663,5.525000,-0.040819,0.743684,-0.003779,0.667273,-207.315033,87.225822,94.707878
664,5.533333,-0.040280,0.743947,-0.004401,0.667009,-207.237076,87.216759,94.734558
665,5.541667,-0.040214,0.744030,-0.006181,0.666907,-207.160278,87.201324,94.758728
666,5.550000,-0.040874,0.744734,-0.007304,0.666068,-207.078690,87.195358,94.780472
667,5.558333,-0.043256,0.745262,-0.007616,0.665323,-206.996338,87.178459,94.802925
668,5.566667,-0.045146,0.746047,-0.007172,0.664323,-206.914093,87.159447,94.832352
669,5.575000,-0.044921,0.746256,-0.005998,0.664115,-206.824615,87.142334,94.859619
670,5.583333,-0.045474,0.746683,-0.006403,0.663593,-206.741043,87.135574,94.881973
671,5.591667,-0.046278,0.746717,-0.006273,0.663500,-206.652237,87.126183,94.891426
672,5.600000,-0.045589,0.747165,-0.005295,0.663052,-206.573151,87.112465,94.913155
673,5.608333,-0.045027,0.748237,-0.004820,0.661884,-206.479675,87.100365,94.941132
674,5.616667,-0.045263,0.748667,-0.004256,0.661385,-206.387741,87.082680,94.962646
675,5.625000,-0.046033,0.748588,-0.004162,0.661422,-206.313202,87.064384,94.976212
676,5.633333,-0.042542,0.749165,-0.004671,0.660999,-206.229980,87.070992,94.989082
677,5.641667,-0.040635,0.749664,-0.005643,0.660546,-206.142334,87.066078,95.016411
678,5.650000,-0.040631,0.750633,-0.006913,0.659433,-206.058853,87.053230,95.046272
679,5.658333,-0.042520,0.750840,-0.007727,0.659069,-205.978531,87.030144,95.065102
680,5.666667,-0.045235,0.751302,-0.007379,0.658365,-205.888245,87.007545,95.085869
681,5.675000,-0.045789,0.752030,-0.004639,0.657521,-205.799286,86.981239,95.103554
682,5.683333,-0.044535,0.752305,-0.002607,0.657303,-205.724167,86.968826,95.122635
683,5.691667,-0.044091,0.752760,-0.003145,0.656810,-205.639694,86.966743,95.141991
684,5.700000,-0.043831,0.753716,-0.005150,0.655716,-205.551483,86.967316,95.165520
685,5.708333,-0.043180,0.754498,-0.005835,0.654854,-205.464645,86.957603,95.182373
686,5.716667,-0.042670,0.754899,-0.005900,0.654425,-205.387329,86.943489,95.195869
687,5.725000,-0.041491,0.755411,-0.005470,0.653914,-205.303879,86.929222,95.212082
688,5.733333,-0.042296,0.756549,-0.004232,0.652554,-205.209976,86.908363,95.241180
689,5.741667,-0.045151,0.756802,-0.003669,0.652073,-205.121780,86.884125,95.261513
690,5.750000,-0.046432,0.757420,-0.004687,0.651258,-205.041458,86.874977,95.277817
691,5.758333,-0.046053,0.758057,-0.004963,0.650542,-204.960281,86.866112,95.298454
692,5.766667,-0.045808,0.758310,-0.005588,0.650258,-204.868607,86.858627,95.322571
693,5.775000,-0.042886,0.758703,-0.003855,0.650012,-204.776886,86.834396,95.340408
694,5.783333,-0.041568,0.759563,-0.003312,0.649095,-204.692215,86.818512,95.357903
695,5.791667,-0.042855,0.760383,-0.002495,0.648055,-204.606842,86.802826,95.369019
696,5.800000,-0.044618,0.760531,-0.002435,0.647763,-204.518417,86.788750,95.386589
697,5.808333,-0.044942,0.760556,-0.003121,0.647707,-204.423340,86.776382,95.407539
698,5.816667,-0.045014,0.761055,-0.003811,0.647113,-204.328827,86.763611,95.422256
699,5.825000,-0.045045,0.761610,-0.003912,0.646456,-204.242828,86.758324,95.433289
700,5.833333,-0.046019,0.762230,-0.004373,0.645653,-204.159714,86.751785,95.444382
701,5.841667,-0.046952,0.762509,-0.004230,0.645258,-204.066971,86.744232,95.467361
702,5.850000,-0.047037,0.762794,-0.004330,0.644914,-203.980881,86.735474,95.488396
703,5.858333,-0.044612,0.763341,-0.003679,0.644443,-203.892654,86.727509,95.510284
704,5.866667,-0.042113,0.764312,-0.002770,0.643464,-203.806427,86.718567,95.520248
705,5.875000,-0.040671,0.765480,-0.002256,0.642169,-203.706985,86.704948,95.538383
706,5.883333,-0.041907,0.765818,-0.002894,0.641684,-203.611237,86.688347,95.553558
707,5.891667,-0.042841,0.765777,-0.003487,0.641668,-203.531906,86.679573,95.561417
708,5.900000,-0.043498,0.766565,-0.003766,0.640681,-203.447968,86.664047,95.582947
709,5.908333,-0.043329,0.767608,-0.003295,0.639444,-203.359848,86.643265,95.593422
710,5.916667,-0.043882,0.768729,-0.002999,0.638060,-203.268356,86.624390,95.596634
711,5.925000,-0.044668,0.769004,-0.002835,0.637676,-203.185516,86.605606,95.602966
712,5.933333,-0.046258,0.769039,-0.003030,0.637519,-203.102524,86.591187,95.605522
713,5.941667,-0.047670,0.769010,-0.002744,0.637451,-203.009171,86.575356,95.613739
714,5.950000,-0.048713,0.769299,-0.001976,0.637026,-202.922577,86.555450,95.610023
715,5.958333,-0.046867,0.769867,-0.001152,0.636480,-202.841003,86.541283,95.610550
716,5.966667,-0.045824,0.770468,-0.001661,0.635827,-202.766205,86.538345,95.609558
717,5.975000,-0.045673,0.770901,-0.002469,0.635311,-202.693649,86.540016,95.615730
718,5.983333,-0.043646,0.771370,-0.003485,0.634879,-202.619003,86.554718,95.621559
719,5.991667,-0.041984,0.771727,-0.003473,0.634558,-202.544525,86.567596,95.617996
720,6.000000,-0.042043,0.772529,-0.003488,0.633576,-202.466202,86.576042,95.613098
721,6.008333,-0.042098,0.772961,-0.003372,0.633046,-202.399063,86.573357,95.604095
722,6.016667,-0.043597,0.773490,-0.003309,0.632298,-202.339935,86.561073,95.598045
723,6.025000,-0.046336,0.773598,-0.002562,0.631975,-202.278656,86.540947,95.591209
724,6.033333,-0.048702,0.773839,-0.002069,0.631504,-202.209641,86.533585,95.588562
725,6.041667,-0.049757,0.774165,-0.001758,0.631023,-202.152771,86.530838,95.584183
726,6.050000,-0.049664,0.774632,-0.001590,0.630457,-202.092453,86.529633,95.577660
727,6.058333,-0.048808,0.775745,-0.002524,0.629151,-202.031967,86.527771,95.577011
728,6.066667,-0.047218,0.776154,-0.003578,0.628763,-201.971558,86.515327,95.568161
729,6.075000,-0.045453,0.776347,-0.004420,0.628650,-201.914246,86.500092,95.554291
730,6.083333,-0.044406,0.776620,-0.004748,0.628385,-201.860565,86.480751,95.542679
731,6.091667,-0.044423,0.777094,-0.004072,0.627801,-201.807907,86.459274,95.533798
732,6.100000,-0.045429,0.777803,-0.002589,0.626859,-201.747894,86.429665,95.519196
733,6.108333,-0.046816,0.777729,-0.001212,0.626852,-201.695160,86.395180,95.508797
734,6.116667,-0.045562,0.777557,-0.001119,0.627159,-201.645584,86.368263,95.477371
735,6.125000,-0.044126,0.777905,-0.001186,0.626830,-201.598221,86.340454,95.457237
736,6.133333,-0.043117,0.778509,-0.000968,0.626150,-201.551086,86.308136,95.440590
737,6.141667,-0.041924,0.778908,-0.000575,0.625736,-201.508362,86.281075,95.425606
738,6.150000,-0.042146,0.779488,0.000221,0.624998,-201.469421,86.246613,95.418983
739,6.158333,-0.043580,0.779754,0.001015,0.624566,-201.421936,86.207680,95.403328
740,6.166667,-0.045195,0.779687,0.001466,0.624534,-201.375793,86.166695,95.384102
741,6.175000,-0.044852,0.780466,0.000928,0.623586,-201.331879,86.128960,95.370140
742,6.183333,-0.043570,0.780907,0.000521,0.623126,-201.277634,86.083473,95.342712
743,6.191667,-0.043024,0.781241,-0.000257,0.622745,-201.231354,86.038681,95.326096
744,6.200000,-0.041758,0.781411,-0.000247,0.622617,-201.187866,85.993805,95.313332
745,6.208333,-0.040218,0.781545,0.000253,0.622551,-201.149490,85.950775,95.303467
746,6.216667,-0.039150,0.781627,0.000724,0.622516,-201.105026,85.903473,95.284576
747,6.225000,-0.037624,0.781517,0.001055,0.622748,-201.057678,85.856697,95.259789
748,6.233333,-0.036614,0.781517,0.001475,0.622807,-201.011322,85.802948,95.239815
749,6.241667,-0.036180,0.782321,0.002075,0.621820,-200.969177,85.745697,95.235840
750,6.250000,-0.036629,0.782937,0.002900,0.621016,-200.923782,85.688980,95.229324
751,6.258333,-0.036741,0.783784,0.004456,0.619930,-200.869247,85.628304,95.220161
752,6.266667,-0.035791,0.784302,0.005190,0.619324,-200.816010,85.571571,95.206085
753,6.275000,-0.035201,0.784469,0.004805,0.619149,-200.764679,85.527023,95.193016
754,6.283333,-0.035101,0.784542,0.004389,0.619065,-200.719101,85.497192,95.185730
755,6.291667,-0.035192,0.784558,0.004690,0.619039,-200.671814,85.473007,95.180901
756,6.300000,-0.035714,0.784881,0.005126,0.618595,-200.613571,85.457520,95.179024
757,6.308333,-0.036346,0.785234,0.005430,0.618108,-200.553940,85.443909,95.175766
758,6.316667,-0.036382,0.785218,0.006038,0.618120,-200.494858,85.427574,95.172661
759,6.325000,-0.035856,0.785484,0.006144,0.617812,-200.433731,85.415512,95.173409
760,6.333333,-0.035093,0.785949,0.005633,0.617269,-200.381683,85.406059,95.176811
761,6.341667,-0.033832,0.786536,0.004935,0.616597,-200.338455,85.404350,95.176895
762,6.350000,-0.032378,0.787066,0.004218,0.616005,-200.297760,85.413826,95.178932
763,6.358333,-0.031089,0.787603,0.003995,0.615386,-200.251846,85.426781,95.185410
764,6.366667,-0.031286,0.787835,0.003413,0.615082,-200.192139,85.442368,95.194771
765,6.375000,-0.032065,0.788066,0.003544,0.614744,-200.128342,85.458794,95.205368
766,6.383333,-0.032792,0.788206,0.004295,0.614522,-200.067902,85.475655,95.214348
767,6.391667,-0.033621,0.788377,0.005247,0.614251,-200.003555,85.490799,95.217865
768,6.400000,-0.035105,0.788491,0.005618,0.614018,-199.945328,85.503304,95.217384
769,6.408333,-0.037317,0.788622,0.005105,0.613723,-199.894241,85.514839,95.216766
770,6.416667,-0.038805,0.788904,0.005080,0.613269,-199.834305,85.522675,95.216782
771,6.425000,-0.038983,0.789432,0.005081,0.612578,-199.767944,85.534843,95.221451
772,6.433333,-0.038085,0.789851,0.005211,0.612093,-199.713150,85.547699,95.230988
773,6.441667,-0.036653,0.790682,0.004977,0.611108,-199.657089,85.565155,95.242378
774,6.450000,-0.035629,0.791162,0.004421,0.610552,-199.605499,85.582420,95.249443
775,6.458333,-0.035740,0.791457,0.003761,0.610168,-199.552078,85.594437,95.253975
776,6.466667,-0.036241,0.791570,0.003045,0.609996,-199.506882,85.596176,95.255409
777,6.475000,-0.036626,0.791893,0.002435,0.609556,-199.456909,85.596085,95.257446
778,6.483333,-0.036414,0.792318,0.002428,0.609016,-199.396118,85.585503,95.255615
779,6.491667,-0.036340,0.792473,0.003049,0.608816,-199.336655,85.567520,95.253891
780,6.500000,-0.036482,0.792590,0.004197,0.608648,-199.277847,85.554062,95.251137
781,6.508333,-0.036354,0.792860,0.005452,0.608294,-199.226135,85.543457,95.248085
782,6.516667,-0.036178,0.793059,0.006073,0.608040,-199.176895,85.537445,95.243721
783,6.525000,-0.037206,0.793369,0.005679,0.607576,-199.123337,85.535614,95.239624
784,6.533333,-0.037612,0.793830,0.004868,0.606957,-199.075241,85.533073,95.233551
785,6.541667,-0.036885,0.794416,0.004269,0.606238,-199.023178,85.528915,95.231049
786,6.550000,-0.035813,0.794684,0.004277,0.605951,-198.969498,85.515976,95.225746
787,6.558333,-0.033388,0.794692,0.004466,0.606078,-198.915756,85.506111,95.212242
788,6.566667,-0.032413,0.795218,0.004642,0.605439,-198.868042,85.493942,95.210686
789,6.575000,-0.033465,0.795432,0.004811,0.605099,-198.821320,85.478882,95.208290
790,6.583333,-0.034749,0.795236,0.004743,0.605285,-198.774857,85.464348,95.204712
791,6.591667,-0.035830,0.795201,0.004489,0.605270,-198.731644,85.449493,95.201233
792,6.600000,-0.036793,0.795542,0.004198,0.604766,-198.689407,85.441177,95.193558
793,6.608333,-0.037688,0.796016,0.004017,0.604087,-198.644455,85.434738,95.185371
794,6.616667,-0.038676,0.796350,0.004104,0.603585,-198.601151,85.425858,95.176277
795,6.625000,-0.039597,0.796781,0.004457,0.602953,-198.557678,85.411232,95.167900
796,6.633333,-0.039975,0.797125,0.004626,0.602471,-198.514862,85.393913,95.163132
797,6.641667,-0.039120,0.797514,0.004915,0.602010,-198.475861,85.380516,95.157722
798,6.650000,-0.037902,0.798079,0.005316,0.601336,-198.436432,85.366150,95.147133
799,6.658333,-0.036870,0.798152,0.005974,0.601297,-198.397003,85.350090,95.137268
800,6.666667,-0.036008,0.798181,0.006260,0.601308,-198.356705,85.332573,95.131416
801,6.675000,-0.035675,0.798473,0.005867,0.600944,-198.314041,85.316666,95.120972
802,6.683333,-0.034973,0.798887,0.004766,0.600445,-198.269699,85.296158,95.111534
803,6.691667,-0.032819,0.799498,0.004175,0.599757,-198.218765,85.256783,95.095398
804,6.700000,-0.030728,0.800059,0.004262,0.599119,-198.160690,85.206711,95.080658
805,6.708333,-0.030825,0.800263,0.004597,0.598839,-198.093826,85.170013,95.065201
806,6.716667,-0.033125,0.800122,0.005770,0.598894,-198.027283,85.126511,95.042381
807,6.725000,-0.035432,0.800532,0.006686,0.598204,-197.957291,85.074516,95.006905
808,6.733333,-0.036116,0.801362,0.007527,0.597041,-197.885468,85.013496,94.967926
809,6.741667,-0.034767,0.801952,0.007652,0.596327,-197.822601,84.957664,94.933533
810,6.750000,-0.031324,0.802560,0.008062,0.595694,-197.747726,84.902786,94.896431
811,6.758333,-0.029065,0.803434,0.007268,0.594640,-197.652512,84.858177,94.858940
812,6.766667,-0.027787,0.803430,0.007065,0.594708,-197.559525,84.820091,94.810799
813,6.775000,-0.028147,0.804087,0.008075,0.593791,-197.452316,84.785828,94.753532
814,6.783333,-0.028964,0.805087,0.009032,0.592381,-197.350174,84.738510,94.708214
815,6.791667,-0.030103,0.805230,0.010430,0.592106,-197.244995,84.689255,94.656143
816,6.800000,-0.030911,0.805748,0.009805,0.591369,-197.124237,84.671257,94.600487
817,6.808333,-0.031039,0.806443,0.009098,0.590426,-197.015030,84.661514,94.541664
818,6.816667,-0.031276,0.807456,0.008779,0.589033,-196.911133,84.661194,94.503403
819,6.825000,-0.031015,0.808157,0.008478,0.588089,-196.817886,84.669106,94.465912
820,6.833333,-0.030859,0.809201,0.008005,0.586667,-196.722214,84.680664,94.431740
821,6.841667,-0.030440,0.809600,0.009106,0.586121,-196.631927,84.687332,94.397858
822,6.850000,-0.030516,0.810107,0.010083,0.585400,-196.555695,84.699318,94.356346
823,6.858333,-0.030405,0.810825,0.010177,0.584410,-196.478439,84.713966,94.313095
824,6.866667,-0.029134,0.811402,0.008388,0.583702,-196.399338,84.720863,94.273079
825,6.875000,-0.027752,0.811522,0.007232,0.583618,-196.337677,84.711197,94.242859
826,6.883333,-0.025406,0.811573,0.008029,0.583643,-196.282593,84.685547,94.215431
827,6.891667,-0.024508,0.812031,0.009099,0.583029,-196.233734,84.663498,94.192780
828,6.900000,-0.025443,0.812471,0.009601,0.582367,-196.186478,84.653236,94.176025
829,6.908333,-0.026620,0.812664,0.009487,0.582047,-196.145370,84.651505,94.161644
830,6.916667,-0.027676,0.812735,0.008582,0.581913,-196.115189,84.659836,94.152100
831,6.925000,-0.027700,0.812896,0.007744,0.581698,-196.093262,84.664574,94.140854
832,6.933333,-0.027306,0.813161,0.007189,0.581354,-196.076202,84.663574,94.132362
833,6.941667,-0.027142,0.813583,0.006144,0.580783,-196.062073,84.645737,94.126823
834,6.950000,-0.027195,0.813656,0.004615,0.580692,-196.058258,84.610733,94.123375
835,6.958333,-0.026800,0.814205,0.002976,0.579951,-196.058029,84.543541,94.124535
836,6.966667,-0.024931,0.813883,0.001396,0.580491,-196.050415,84.495331,94.142860
837,6.975000,-0.021752,0.814336,0.001466,0.579985,-196.044189,84.458633,94.167473
838,6.983333,-0.016599,0.814512,0.002934,0.579902,-196.034943,84.415932,94.197426
839,6.991667,-0.010644,0.814280,0.003842,0.580362,-196.013168,84.361107,94.235138
840,7.000000,-0.006276,0.814812,0.004639,0.579673,-195.990280,84.307419,94.278976
841,7.008333,-0.003718,0.816505,0.006523,0.577290,-195.966553,84.274551,94.292183
842,7.016667,-0.003394,0.817891,0.008111,0.575306,-195.960770,84.258827,94.296494
843,7.025000,-0.004969,0.818902,0.009265,0.573837,-195.967880,84.262863,94.280487
844,7.033333,-0.006315,0.818708,0.009400,0.574098,-195.984055,84.271309,94.264114
845,7.041667,-0.009102,0.817366,0.007703,0.575995,-196.006256,84.289604,94.273567
846,7.050000,-0.010463,0.816049,0.005836,0.577859,-196.023315,84.302429,94.282173
847,7.058333,-0.010166,0.814866,0.004300,0.579544,-196.029663,84.305374,94.298470
848,7.066667,-0.009036,0.813862,0.003487,0.580977,-196.033066,84.304924,94.302635
849,7.075000,-0.007516,0.812833,0.002641,0.582442,-196.036575,84.310066,94.288620
850,7.083333,-0.006659,0.812405,0.001786,0.583052,-196.037476,84.314766,94.286385
851,7.091667,-0.006548,0.812435,0.001657,0.583012,-196.035553,84.316811,94.287781
852,7.100000,-0.006709,0.812476,0.002019,0.582952,-196.035782,84.315842,94.287361
853,7.108333,-0.006796,0.812521,0.002368,0.582887,-196.034729,84.314606,94.286926
854,7.116667,-0.006890,0.812533,0.002601,0.582868,-196.033478,84.313011,94.285370
855,7.125000,-0.007021,0.812540,0.002626,0.582858,-196.034424,84.311317,94.286659
856,7.133333,-0.006962,0.812498,0.002701,0.582917,-196.033035,84.311661,94.286560
857,7.141667,-0.006865,0.812526,0.002683,0.582878,-196.031906,84.312508,94.287514
858,7.150000,-0.006665,0.812553,0.002773,0.582842,-196.030869,84.312180,94.286491
859,7.158333,-0.007374,0.812911,0.002971,0.582333,-196.036362,84.307518,94.293549
860,7.166667,-0.007411,0.812681,0.002830,0.582656,-196.037201,84.307098,94.290039
861,7.175000,-0.007162,0.812616,0.002726,0.582749,-196.035141,84.308975,94.288712
862,7.183333,-0.007158,0.812474,0.002569,0.582949,-196.034821,84.310600,94.287697
863,7.191667,-0.007068,0.812528,0.002392,0.582874,-196.035080,84.313065,94.288078
864,7.200000,-0.007057,0.812501,0.002255,0.582912,-196.035645,84.314087,94.289352
865,7.208333,-0.007188,0.812478,0.002312,0.582943,-196.036652,84.313354,94.288429
866,7.216667,-0.007113,0.812493,0.002319,0.582924,-196.037216,84.313156,94.287849
867,7.225000,-0.007041,0.812524,0.002289,0.582880,-196.036835,84.312927,94.288651
868,7.233333,-0.007209,0.812530,0.002241,0.582870,-196.036621,84.312477,94.288048
869,7.241667,-0.007189,0.812417,0.002399,0.583027,-196.036774,84.312828,94.287422
870,7.250000,-0.007356,0.812473,0.002286,0.582948,-196.035950,84.312836,94.286362
871,7.258333,-0.007221,0.812496,0.002409,0.582917,-196.035065,84.311722,94.286537
872,7.266667,-0.007115,0.812530,0.002413,0.582871,-196.035095,84.311111,94.285789
873,7.275000,-0.006833,0.812559,0.002450,0.582834,-196.034531,84.311394,94.285225
874,7.283333,-0.006817,0.812577,0.002353,0.582809,-196.033859,84.312286,94.287262
875,7.291667,-0.006842,0.812540,0.002498,0.582860,-196.034088,84.313126,94.286339
876,7.300000,-0.006793,0.812558,0.002638,0.582835,-196.034256,84.312561,94.285446
877,7.308333,-0.006975,0.812554,0.002692,0.582838,-196.034729,84.312767,94.286156
878,7.316667,-0.006909,0.812611,0.002668,0.582760,-196.035080,84.311478,94.285393
879,7.325000,-0.007041,0.812531,0.002579,0.582870,-196.035553,84.311707,94.287575
880,7.333333,-0.007020,0.812553,0.002597,0.582840,-196.035599,84.312309,94.286552
881,7.341667,-0.006966,0.812501,0.002460,0.582913,-196.036407,84.313484,94.286522
882,7.350000,-0.006967,0.812543,0.002378,0.582855,-196.036835,84.312820,94.286255
883,7.358333,-0.006906,0.812551,0.002455,0.582844,-196.036957,84.312729,94.286537
884,7.366667,-0.006940,0.812502,0.002549,0.582912,-196.037720,84.311417,94.286583
885,7.375000,-0.007011,0.812545,0.002612,0.582850,-196.037811,84.311859,94.285843
886,7.383333,-0.007068,0.812482,0.002529,0.582938,-196.038177,84.311440,94.286621
887,7.391667,-0.007043,0.812543,0.002402,0.582853,-196.037399,84.312317,94.288460
888,7.400000,-0.006926,0.812529,0.002481,0.582874,-196.036346,84.312073,94.285507
889,7.408333,-0.006943,0.812575,0.002528,0.582811,-196.037216,84.311623,94.286438
890,7.416667,-0.006787,0.812536,0.002759,0.582865,-196.036316,84.312042,94.286003
891,7.425000,-0.006833,0.812554,0.002632,0.582840,-196.035736,84.312012,94.288406
892,7.433333,-0.006809,0.812545,0.002520,0.582853,-196.035248,84.311913,94.286850
893,7.441667,-0.007057,0.812530,0.002342,0.582872,-196.035080,84.311432,94.286659
894,7.450000,-0.007188,0.812541,0.002353,0.582855,-196.035049,84.310684,94.287842
895,7.458333,-0.007046,0.812517,0.002601,0.582890,-196.034866,84.310242,94.285225
896,7.466667,-0.006960,0.812533,0.002605,0.582868,-196.035400,84.311607,94.286644
897,7.475000,-0.006927,0.812538,0.002583,0.582861,-196.035965,84.312874,94.287315
898,7.483333,-0.006842,0.812519,0.002585,0.582889,-196.036194,84.312737,94.286629
899,7.491667,-0.006902,0.812570,0.002508,0.582817,-196.036224,84.313316,94.286987
900,7.500000,-0.006975,0.812549,0.002548,0.582845,-196.036621,84.312126,94.285751
901,7.508333,-0.007146,0.812525,0.002484,0.582877,-196.037308,84.311691,94.287560
902,7.516667,-0.007034,0.812508,0.002517,0.582902,-196.037323,84.311844,94.286278
903,7.525000,-0.007208,0.812530,0.002339,0.582870,-196.036942,84.312767,94.287193
904,7.533333,-0.007211,0.812523,0.002458,0.582880,-196.037384,84.312500,94.286003
905,7.541667,-0.007238,0.812509,0.002659,0.582898,-196.037369,84.310890,94.285545
906,7.550000,-0.007195,0.812482,0.002716,0.582936,-196.036880,84.310577,94.286400
907,7.558333,-0.006985,0.812545,0.002638,0.582851,-196.036621,84.311111,94.286652
908,7.566667,-0.007049,0.812541,0.002533,0.582855,-196.036667,84.310501,94.287201
909,7.575000,-0.007037,0.812528,0.002371,0.582874,-196.035965,84.312050,94.286591
910,7.583333,-0.007043,0.812541,0.002294,0.582857,-196.036560,84.312202,94.285896
911,7.591667,-0.007000,0.812539,0.002419,0.582860,-196.036041,84.311874,94.286636
912,7.600000,-0.006896,0.812515,0.002573,0.582894,-196.034714,84.311272,94.284782
913,7.608333,-0.006755,0.812540,0.002573,0.582861,-196.034912,84.311623,94.287117
914,7.616667,-0.006827,0.812545,0.002602,0.582853,-196.034271,84.311768,94.285080
915,7.625000,-0.007050,0.812535,0.002474,0.582865,-196.035690,84.311607,94.285812
916,7.633333,-0.007032,0.812542,0.002317,0.582856,-196.035492,84.310715,94.286369
917,7.641667,-0.007076,0.812548,0.002336,0.582847,-196.035461,84.311363,94.286819
918,7.650000,-0.007051,0.812460,0.002337,0.582970,-196.036331,84.310318,94.287926
919,7.658333,-0.007038,0.812498,0.002455,0.582917,-196.035522,84.311043,94.286362
920,7.666667,-0.007181,0.812486,0.002478,0.582931,-196.035675,84.311241,94.288895
921,7.675000,-0.007276,0.812503,0.002567,0.582906,-196.036194,84.310463,94.289635
922,7.683333,-0.007290,0.812480,0.002407,0.582939,-196.035797,84.311035,94.289650
923,7.691667,-0.007186,0.812479,0.002244,0.582942,-196.035294,84.311966,94.290138
924,7.700000,-0.006934,0.812454,0.002336,0.582980,-196.033554,84.311981,94.290321
925,7.708333,-0.007029,0.812481,0.002341,0.582940,-196.033066,84.311256,94.292778
926,7.716667,-0.006949,0.812464,0.002460,0.582964,-196.032379,84.310287,94.293755
927,7.725000,-0.006783,0.812484,0.002594,0.582938,-196.031616,84.310204,94.295563
928,7.733333,-0.006788,0.812450,0.002699,0.582985,-196.031845,84.310104,94.297424
929,7.741667,-0.006736,0.812506,0.002613,0.582908,-196.031082,84.311424,94.296654
930,7.750000,-0.006838,0.812455,0.002549,0.582979,-196.031189,84.311752,94.298241
931,7.758333,-0.006877,0.812420,0.002418,0.583027,-196.031006,84.311539,94.298119
932,7.766667,-0.006847,0.812457,0.002391,0.582976,-196.031372,84.310211,94.297981
933,7.775000,-0.007600,0.812832,0.002613,0.582443,-196.035980,84.304955,94.306198
934,7.783333,-0.007408,0.812523,0.002715,0.582875,-196.035950,84.306335,94.299156
935,7.791667,-0.007063,0.812409,0.002427,0.583041,-196.033951,84.310516,94.297836
936,7.800000,-0.006738,0.812433,0.002277,0.583012,-196.032532,84.312630,94.296219
937,7.808333,-0.006629,0.812464,0.002312,0.582970,-196.031845,84.312210,94.296906
938,7.816667,-0.006753,0.812462,0.002536,0.582969,-196.032593,84.310570,94.294945
939,7.825000,-0.006833,0.812492,0.002515,0.582927,-196.033295,84.310928,94.295059
940,7.833333,-0.006991,0.812481,0.002346,0.582941,-196.034378,84.311073,94.294395
941,7.841667,-0.007110,0.812446,0.002332,0.582988,-196.034927,84.311768,94.292053
942,7.850000,-0.007124,0.812432,0.002363,0.583007,-196.034683,84.310783,94.291512
943,7.858333,-0.007024,0.812504,0.002461,0.582908,-196.033752,84.311134,94.290855
944,7.866667,-0.006868,0.812506,0.002411,0.582907,-196.033325,84.311531,94.290558
945,7.875000,-0.006870,0.812475,0.002486,0.582950,-196.034103,84.312538,94.292099
946,7.883333,-0.006828,0.812573,0.002525,0.582814,-196.034561,84.312889,94.290421
947,7.891667,-0.007010,0.812483,0.002379,0.582938,-196.036346,84.312454,94.291199
948,7.900000,-0.007061,0.812486,0.002423,0.582933,-196.036957,84.312454,94.291504
949,7.908333,-0.006939,0.812536,0.002544,0.582864,-196.037735,84.311874,94.291061
950,7.916667,-0.006983,0.812548,0.002493,0.582847,-196.039047,84.311172,94.291374
951,7.925000,-0.007082,0.812514,0.002441,0.582894,-196.040222,84.311554,94.289963
952,7.933333,-0.007142,0.812536,0.002504,0.582862,-196.040527,84.311569,94.290527
953,7.941667,-0.007090,0.812523,0.002503,0.582880,-196.040268,84.311974,94.289993
954,7.950000,-0.006996,0.812503,0.002514,0.582909,-196.041153,84.312050,94.289406
955,7.958333,-0.006835,0.812527,0.002510,0.582878,-196.041412,84.312088,94.288483
956,7.966667,-0.006853,0.812551,0.002494,0.582844,-196.040924,84.311745,94.288239
957,7.975000,-0.007005,0.812469,0.002396,0.582958,-196.040863,84.311394,94.289116
958,7.983333,-0.007098,0.812471,0.002344,0.582954,-196.039551,84.311607,94.288208
959,7.991667,-0.007201,0.812522,0.002455,0.582881,-196.038681,84.312050,94.288620
960,8.000000,-0.007073,0.812537,0.002432,0.582862,-196.037857,84.312820,94.288734
961,8.008333,-0.007019,0.812504,0.002504,0.582908,-196.036774,84.312485,94.289124
962,8.016667,-0.006835,0.812541,0.002619,0.582857,-196.036118,84.311394,94.290291
963,8.025000,-0.007019,0.812516,0.002470,0.582891,-196.035141,84.311272,94.289841
964,8.033333,-0.007094,0.812475,0.002272,0.582949,-196.036346,84.311668,94.291252
965,8.041667,-0.007014,0.812496,0.002410,0.582919,-196.036789,84.310898,94.290436
966,8.050000,-0.006855,0.812518,0.002653,0.582889,-196.036224,84.310623,94.291458
967,8.058333,-0.006694,0.812537,0.002725,0.582864,-196.036713,84.309776,94.291458
968,8.066667,-0.006691,0.812512,0.002545,0.582901,-196.037552,84.310814,94.291718
969,8.075000,-0.006808,0.812544,0.002428,0.582855,-196.039017,84.311440,94.291969
970,8.083333,-0.006660,0.812538,0.002644,0.582864,-196.040100,84.310478,94.290855
971,8.091667,-0.006732,0.812521,0.002643,0.582887,-196.041733,84.309875,94.291122
972,8.100000,-0.006887,0.812492,0.002575,0.582926,-196.042984,84.310860,94.291420
973,8.108333,-0.007115,0.812568,0.002524,0.582817,-196.043030,84.311722,94.289833
974,8.116667,-0.007257,0.812511,0.002449,0.582895,-196.044495,84.311684,94.290009
975,8.125000,-0.007023,0.812555,0.002604,0.582837,-196.045166,84.311508,94.288017
976,8.133333,-0.006868,0.812557,0.002569,0.582835,-196.045441,84.311348,94.286606
977,8.141667,-0.006788,0.812587,0.002454,0.582795,-196.045532,84.311287,94.284973
978,8.150000,-0.006813,0.812543,0.002456,0.582856,-196.045364,84.312424,94.283691
979,8.158333,-0.007131,0.812541,0.002475,0.582856,-196.046112,84.311516,94.283058
980,8.166667,-0.007161,0.812639,0.002666,0.582717,-196.047134,84.311531,94.280762
981,8.175000,-0.007257,0.812588,0.002612,0.582788,-196.047409,84.311462,94.280472
982,8.183333,-0.007269,0.812596,0.002475,0.582777,-196.046265,84.310959,94.280533
983,8.191667,-0.007048,0.812538,0.002522,0.582861,-196.046249,84.310928,94.278763
984,8.200000,-0.006934,0.812554,0.002487,0.582839,-196.046371,84.311790,94.278717
985,8.208333,-0.007082,0.812633,0.002521,0.582727,-196.046539,84.312729,94.278275
986,8.216667,-0.007083,0.812565,0.002609,0.582822,-196.047607,84.311829,94.279167
987,8.225000,-0.007047,0.812546,0.002647,0.582848,-196.046738,84.311508,94.279358
988,8.233333,-0.006859,0.812578,0.002570,0.582806,-196.046570,84.310898,94.278908
989,8.241667,-0.006891,0.812605,0.002625,0.582768,-196.048141,84.310165,94.280350
990,8.250000,-0.006961,0.812523,0.002538,0.582882,-196.048157,84.311310,94.280968
991,8.258333,-0.007025,0.812546,0.002583,0.582848,-196.049210,84.310501,94.282471
992,8.266667,-0.006961,0.812583,0.002583,0.582798,-196.048904,84.310608,94.282463
993,8.275000,-0.007225,0.812591,0.002423,0.582785,-196.049072,84.311172,94.283897
994,8.283333,-0.007289,0.812554,0.002324,0.582836,-196.048981,84.311226,94.283211
995,8.291667,-0.007170,0.812563,0.002401,0.582825,-196.048416,84.312401,94.283539
996,8.300000,-0.007008,0.812555,0.002447,0.582837,-196.048340,84.312691,94.284653
997,8.308333,-0.006871,0.812560,0.002434,0.582832,-196.047607,84.313019,94.284775
998,8.316667,-0.006930,0.812543,0.002522,0.582854,-196.047607,84.312317,94.286293
999,8.325000,-0.007074,0.812540,0.002563,0.582857,-196.048660,84.311966,94.286140
1000,8.333333,-0.007063,0.812526,0.002677,0.582876,-196.048447,84.312401,94.286140
1001,8.341667,-0.006921,0.812544,0.002780,0.582853,-196.047836,84.313332,94.287956
1002,8.350000,-0.006778,0.812519,0.002892,0.582888,-196.047134,84.312645,94.287506
1003,8.358333,-0.006740,0.812559,0.002797,0.582834,-196.047073,84.311752,94.291046
1004,8.366667,-0.006719,0.812620,0.002939,0.582748,-196.047256,84.310432,94.291176
1005,8.375000,-0.006520,0.812506,0.003108,0.582908,-196.049240,84.310867,94.292236
1006,8.383333,-0.006403,0.812517,0.003138,0.582894,-196.050110,84.310982,94.294205
1007,8.391667,-0.006486,0.812523,0.002982,0.582885,-196.051361,84.309944,94.293823
1008,8.400000,-0.006479,0.812530,0.003025,0.582875,-196.051392,84.310600,94.294716
1009,8.408333,-0.006597,0.812518,0.003174,0.582890,-196.051895,84.312729,94.294151
1010,8.416667,-0.006936,0.812491,0.003098,0.582924,-196.050507,84.313599,94.294380
1011,8.425000,-0.007139,0.812492,0.002825,0.582922,-196.049255,84.313911,94.293617
1012,8.433333,-0.007005,0.812464,0.002815,0.582962,-196.048065,84.315453,94.292465
1013,8.441667,-0.007173,0.812483,0.002544,0.582935,-196.045624,84.316910,94.293411
1014,8.450000,-0.007212,0.812507,0.002338,0.582903,-196.043030,84.317131,94.291779
1015,8.458333,-0.008051,0.812786,0.002597,0.582501,-196.045166,84.313789,94.299644
1016,8.466667,-0.008062,0.812576,0.002585,0.582794,-196.044586,84.314148,94.295975
1017,8.475000,-0.007736,0.812501,0.002685,0.582902,-196.040878,84.316299,94.292679
1018,8.483333,-0.007314,0.812526,0.002443,0.582875,-196.039276,84.317245,94.293427
1019,8.491667,-0.007137,0.812513,0.002362,0.582895,-196.039108,84.318321,94.294334
1020,8.500000,-0.007050,0.812457,0.002235,0.582974,-196.040619,84.318840,94.294281
1021,8.508333,-0.006917,0.812481,0.002382,0.582942,-196.041916,84.317665,94.296608
1022,8.516667,-0.007073,0.812469,0.002349,0.582957,-196.042862,84.318283,94.298569
1023,8.525000,-0.007275,0.812472,0.002354,0.582950,-196.045120,84.318451,94.300789
1024,8.533333,-0.007104,0.812394,0.002598,0.583060,-196.046265,84.319695,94.301277
1025,8.541667,-0.007393,0.812414,0.002473,0.583028,-196.046448,84.320381,94.304749
1026,8.550000,-0.007396,0.812353,0.002586,0.583113,-196.045868,84.320534,94.302719
1027,8.558333,-0.007529,0.812353,0.002504,0.583112,-196.046066,84.321747,94.304108
1028,8.566667,-0.007431,0.812402,0.002420,0.583046,-196.044983,84.321732,94.303009
1029,8.575000,-0.007235,0.812451,0.002560,0.582979,-196.042770,84.322754,94.302582
1030,8.583333,-0.007280,0.812397,0.002481,0.583055,-196.041733,84.323814,94.302719
1031,8.591667,-0.007322,0.812399,0.002540,0.583051,-196.040771,84.324493,94.300339
1032,8.600000,-0.007314,0.812430,0.002484,0.583007,-196.039658,84.324234,94.299324
1033,8.608333,-0.007330,0.812456,0.002470,0.582971,-196.038605,84.325516,94.299110
1034,8.616667,-0.007233,0.812450,0.002727,0.582980,-196.038559,84.325562,94.297852
1035,8.625000,-0.007112,0.812449,0.002741,0.582983,-196.038574,84.325951,94.297882
1036,8.633333,-0.007013,0.812437,0.002791,0.583000,-196.038513,84.326813,94.296494
1037,8.641667,-0.007042,0.812442,0.002727,0.582993,-196.038696,84.326469,94.297447
1038,8.650000,-0.007244,0.812468,0.002627,0.582955,-196.039062,84.324356,94.298218
1039,8.658333,-0.007200,0.812465,0.002746,0.582959,-196.040009,84.322998,94.298141
1040,8.666667,-0.007072,0.812426,0.002984,0.583013,-196.040268,84.323540,94.299080
1041,8.675000,-0.006934,0.812447,0.003225,0.582985,-196.039764,84.323212,94.299835
1042,8.683333,-0.006896,0.812528,0.003029,0.582874,-196.040207,84.321770,94.302437
1043,8.691667,-0.007010,0.812445,0.002985,0.582988,-196.040497,84.321838,94.303253
1044,8.700000,-0.007041,0.812438,0.002901,0.582998,-196.040466,84.322128,94.304443
1045,8.708333,-0.006953,0.812411,0.002903,0.583036,-196.040421,84.322205,94.304054
1046,8.716667,-0.006940,0.812458,0.002911,0.582971,-196.038818,84.323273,94.303482
1047,8.725000,-0.007072,0.812430,0.002847,0.583009,-196.037476,84.324005,94.303856
1048,8.733333,-0.006928,0.812478,0.002993,0.582943,-196.035843,84.324638,94.301857
1049,8.741667,-0.006837,0.812465,0.003014,0.582962,-196.033920,84.324753,94.299950
1050,8.750000,-0.006836,0.812413,0.002916,0.583035,-196.032669,84.325829,94.299133
1051,8.758333,-0.006768,0.812442,0.002927,0.582996,-196.030289,84.325447,94.298378
1052,8.766667,-0.006791,0.812496,0.002770,0.582920,-196.029831,84.322655,94.297707
1053,8.775000,-0.006819,0.812485,0.002764,0.582935,-196.029007,84.321556,94.296310
1054,8.783333,-0.006690,0.812430,0.002944,0.583013,-196.029068,84.321198,94.297134
1055,8.791667,-0.006824,0.812439,0.002756,0.583000,-196.028976,84.321136,94.296616
1056,8.800000,-0.006858,0.812431,0.002807,0.583011,-196.029739,84.322044,94.297546
1057,8.808333,-0.006940,0.812412,0.002751,0.583036,-196.030396,84.322617,94.298431
1058,8.816667,-0.006953,0.812401,0.002824,0.583051,-196.030502,84.324661,94.298515
1059,8.825000,-0.006829,0.812376,0.002988,0.583086,-196.031555,84.325218,94.300072
1060,8.833333,-0.006678,0.812462,0.003016,0.582969,-196.031586,84.325539,94.301163
1061,8.841667,-0.006831,0.812500,0.002744,0.582914,-196.032867,84.323349,94.301544
1062,8.850000,-0.006926,0.812427,0.002850,0.583014,-196.033600,84.321037,94.302544
1063,8.858333,-0.006997,0.812418,0.002976,0.583027,-196.033203,84.321243,94.301674
