Format Version,1.25,Take Name,Take 2025-11-27 06.02.19 PM,Take Notes,,Capture Frame Rate,120.000000,Export Frame Rate,120.000000,Capture Start Time,2025-11-27 06.02.20.283 PM,Capture Start Frame,416890,Total Frames in Take,1137,Total Exported Frames,1137,Rotation Type,Quaternion,Length Units,Centimeters,Coordinate Space,Global

,Type,Rigid Body,Rigid Body,Rigid Body,Rigid Body,Rigid Body,Rigid Body,Rigid Body
,Name,SEE_small,SEE_small,SEE_small,SEE_small,SEE_small,SEE_small,SEE_small
,ID,E70901BFC9E711F031C44B617C101B92,E70901BFC9E711F031C44B617C101B92,E70901BFC9E711F031C44B617C101B92,E70901BFC9E711F031C44B617C101B92,E70901BFC9E711F031C44B617C101B92,E70901BFC9E711F031C44B617C101B92,E70901BFC9E711F031C44B617C101B92
,Parent,,,,,,,
,,Rotation,Rotation,Rotation,Rotation,Position,Position,Position
Frame,Time (Seconds),X,Y,Z,W,X,Y,Z
0,0.000000,0.001105,0.672549,0.002176,0.740048,-216.761230,84.323486,87.332932
1,0.008333,0.001118,0.672564,0.002363,0.740034,-216.759796,84.324333,87.332123
2,0.016667,0.000955,0.672507,0.002290,0.740086,-216.758347,84.323349,87.332901
3,0.025000,0.000969,0.672396,0.002210,0.740188,-216.758591,84.324013,87.331703
4,0.033333,0.000923,0.672405,0.002257,0.740180,-216.757385,84.324219,87.330849
5,0.041667,0.001013,0.672376,0.002293,0.740206,-216.757614,84.324440,87.331474
6,0.050000,0.001036,0.672410,0.002404,0.740174,-216.757889,84.324554,87.330833
7,0.058333,0.000887,0.672447,0.002436,0.740141,-216.757874,84.324005,87.332840
8,0.066667,0.000959,0.672469,0.002544,0.740120,-216.758255,84.324715,87.333626
9,0.075000,0.001111,0.672400,0.002337,0.740184,-216.758698,84.325424,87.333313
10,0.083333,0.001085,0.672385,0.002287,0.740197,-216.759033,84.325027,87.334755
11,0.091667,0.000991,0.672468,0.002208,0.740122,-216.759033,84.324471,87.334320
12,0.100000,0.000930,0.672441,0.002503,0.740146,-216.758911,84.324600,87.335571
13,0.108333,0.000957,0.672366,0.002623,0.740213,-216.758316,84.325500,87.335655
14,0.116667,0.000996,0.672425,0.002487,0.740160,-216.757721,84.326508,87.335594
15,0.125000,0.000955,0.672394,0.002362,0.740189,-216.757782,84.324905,87.338066
16,0.133333,0.000920,0.672356,0.002364,0.740224,-216.757507,84.326195,87.335930
17,0.141667,0.000755,0.672124,0.000059,0.740439,-216.755173,84.315308,87.341003
18,0.150000,0.000641,0.672274,0.001883,0.740300,-216.757660,84.323326,87.337738
19,0.158333,0.000752,0.672430,0.002552,0.740156,-216.757751,84.327736,87.335190
20,0.166667,0.000807,0.672421,0.002259,0.740165,-216.757843,84.328171,87.334549
21,0.175000,0.000643,0.672389,0.002010,0.740195,-216.758347,84.326874,87.333412
22,0.183333,0.000940,0.672364,0.002285,0.740217,-216.759735,84.327774,87.332047
23,0.191667,0.000943,0.672370,0.002193,0.740211,-216.759583,84.326965,87.330780
24,0.200000,0.001028,0.672431,0.002261,0.740156,-216.760895,84.327835,87.332176
25,0.208333,0.000722,0.672428,0.002083,0.740159,-216.761902,84.327744,87.332794
26,0.216667,0.000563,0.672363,0.001897,0.740219,-216.762115,84.327629,87.331825
27,0.225000,0.000741,0.672325,0.002089,0.740253,-216.763824,84.329666,87.334152
28,0.233333,0.000942,0.672357,0.002153,0.740224,-216.763992,84.329865,87.333153
29,0.241667,0.000896,0.672408,0.002232,0.740177,-216.764923,84.329742,87.335007
30,0.250000,0.000907,0.672431,0.002199,0.740156,-216.765930,84.328552,87.335999
31,0.258333,0.001034,0.672466,0.002376,0.740123,-216.766327,84.329750,87.336693
32,0.266667,0.001076,0.672456,0.002587,0.740132,-216.766525,84.330345,87.339119
33,0.275000,0.000950,0.672420,0.002500,0.740165,-216.766281,84.329437,87.337990
34,0.283333,0.000837,0.672460,0.002573,0.740128,-216.765457,84.329636,87.338844
35,0.291667,0.000669,0.672096,0.000416,0.740464,-216.762512,84.320122,87.341370
36,0.300000,0.000866,0.672269,0.001879,0.740304,-216.764114,84.326637,87.339088
37,0.308333,0.001100,0.672477,0.002608,0.740112,-216.763565,84.329781,87.338745
38,0.316667,0.001122,0.672473,0.002625,0.740116,-216.761063,84.330498,87.334938
39,0.325000,0.000976,0.672509,0.002277,0.740085,-216.761047,84.330757,87.336533
40,0.333333,0.000728,0.672373,0.002328,0.740209,-216.759796,84.330086,87.334129
41,0.341667,0.000611,0.672375,0.002330,0.740207,-216.758148,84.329811,87.331429
42,0.350000,0.000747,0.672449,0.002418,0.740139,-216.757919,84.329559,87.333046
43,0.358333,0.001145,0.672424,0.002378,0.740162,-216.757797,84.328949,87.331459
44,0.366667,0.001038,0.672366,0.002369,0.740215,-216.758179,84.330498,87.332558
45,0.375000,0.000940,0.672389,0.002338,0.740194,-216.759369,84.330299,87.332153
46,0.383333,0.000950,0.672463,0.002454,0.740126,-216.761108,84.329994,87.334724
47,0.391667,0.000971,0.672362,0.002397,0.740218,-216.762512,84.330444,87.335083
48,0.400000,0.000802,0.672383,0.002475,0.740199,-216.764618,84.329323,87.334930
49,0.408333,0.001012,0.672431,0.002698,0.740154,-216.767792,84.330124,87.337601
50,0.416667,0.001043,0.672400,0.002647,0.740182,-216.769867,84.329041,87.338928
51,0.425000,0.001138,0.672413,0.002601,0.740171,-216.771957,84.330872,87.340034
52,0.433333,0.000979,0.672426,0.002517,0.740160,-216.773804,84.329514,87.340851
53,0.441667,0.000911,0.672357,0.002330,0.740223,-216.774414,84.329597,87.341293
54,0.450000,0.001107,0.672469,0.002611,0.740120,-216.774231,84.330513,87.341255
55,0.458333,0.000952,0.672507,0.002663,0.740085,-216.773865,84.330475,87.340797
56,0.466667,0.000716,0.672436,0.002530,0.740150,-216.773682,84.329315,87.340836
57,0.475000,0.000722,0.672413,0.002566,0.740171,-216.773987,84.327972,87.338737
58,0.483333,0.000704,0.672429,0.002798,0.740156,-216.774887,84.328583,87.338387
59,0.491667,0.000607,0.672313,0.002818,0.740261,-216.777985,84.328445,87.338219
60,0.500000,0.000511,0.672345,0.003071,0.740231,-216.778748,84.327095,87.336555
61,0.508333,0.000525,0.672516,0.003303,0.740075,-216.781448,84.327301,87.337509
62,0.516667,0.000345,0.672490,0.003351,0.740098,-216.783020,84.327110,87.335648
63,0.525000,0.000150,0.672684,0.003484,0.739922,-216.788483,84.326591,87.339111
64,0.533333,-0.000677,0.672372,0.002787,0.740208,-216.794754,84.327248,87.344765
65,0.541667,-0.000470,0.672665,0.003496,0.739939,-216.800903,84.326492,87.343124
66,0.550000,-0.001114,0.672702,0.003463,0.739904,-216.811508,84.326935,87.349487
67,0.558333,-0.001497,0.672725,0.003540,0.739883,-216.817444,84.325539,87.350616
68,0.566667,-0.001696,0.672826,0.003766,0.739790,-216.825394,84.325859,87.353241
69,0.575000,-0.001818,0.672880,0.003936,0.739739,-216.831024,84.324829,87.356194
70,0.583333,-0.002068,0.672900,0.004089,0.739720,-216.836594,84.324417,87.356682
71,0.591667,-0.001881,0.673065,0.004809,0.739565,-216.843079,84.322479,87.357582
72,0.600000,-0.001680,0.673138,0.005580,0.739494,-216.847198,84.317795,87.358681
73,0.608333,-0.002246,0.673060,0.005184,0.739567,-216.854614,84.321838,87.360947
74,0.616667,-0.002551,0.672930,0.004953,0.739685,-216.858383,84.324280,87.360992
75,0.625000,-0.002948,0.672830,0.004954,0.739775,-216.863220,84.324608,87.359901
76,0.633333,-0.002966,0.672773,0.005003,0.739827,-216.868454,84.328209,87.360489
77,0.641667,-0.003255,0.672686,0.005165,0.739903,-216.873474,84.328384,87.359764
78,0.650000,-0.003628,0.672570,0.005211,0.740006,-216.876556,84.326988,87.359497
79,0.658333,-0.003644,0.672508,0.005349,0.740062,-216.879684,84.326981,87.357750
80,0.666667,-0.003799,0.672649,0.005484,0.739932,-216.881821,84.329376,87.359276
81,0.675000,-0.004142,0.672448,0.005516,0.740113,-216.885376,84.329247,87.356529
82,0.683333,-0.004507,0.672572,0.005503,0.739997,-216.889740,84.328964,87.357933
83,0.691667,-0.004692,0.672539,0.005439,0.740027,-216.895203,84.330551,87.359276
84,0.700000,-0.004947,0.672528,0.005660,0.740033,-216.901260,84.329163,87.358688
85,0.708333,-0.005067,0.672513,0.005902,0.740045,-216.909927,84.330948,87.358269
86,0.716667,-0.005313,0.672403,0.006215,0.740140,-216.918610,84.331055,87.360184
87,0.725000,-0.005526,0.672441,0.006727,0.740099,-216.929962,84.332489,87.359261
88,0.733333,-0.005759,0.672405,0.007087,0.740127,-216.939880,84.332176,87.358543
89,0.741667,-0.006028,0.672390,0.007112,0.740138,-216.948288,84.334435,87.357780
90,0.750000,-0.006112,0.672464,0.007059,0.740071,-216.956406,84.334496,87.360283
91,0.758333,-0.006671,0.672434,0.007351,0.740091,-216.967392,84.332840,87.359261
92,0.766667,-0.006950,0.672314,0.007620,0.740194,-216.973282,84.330368,87.358276
93,0.775000,-0.005667,0.673736,0.007607,0.738911,-216.988632,84.337471,87.371719
94,0.783333,-0.005808,0.673800,0.007663,0.738851,-216.993423,84.337868,87.370560
95,0.791667,-0.005993,0.673841,0.007718,0.738812,-217.000275,84.338417,87.371330
96,0.800000,-0.006311,0.673844,0.007887,0.738805,-217.006104,84.338692,87.370644
97,0.808333,-0.006870,0.673703,0.008207,0.738925,-217.014023,84.336464,87.369217
98,0.816667,-0.008452,0.672238,0.008659,0.740236,-217.009430,84.326836,87.353607
99,0.825000,-0.007456,0.673180,0.008185,0.739395,-217.020111,84.332115,87.364258
100,0.833333,-0.007392,0.673572,0.008406,0.739037,-217.024918,84.335358,87.367455
101,0.841667,-0.007630,0.673518,0.008707,0.739080,-217.027191,84.335815,87.365746
102,0.850000,-0.007789,0.673314,0.008546,0.739266,-217.031219,84.332977,87.367477
103,0.858333,-0.007829,0.673309,0.008530,0.739271,-217.035919,84.331581,87.366821
104,0.866667,-0.008003,0.673351,0.008916,0.739226,-217.039368,84.332733,87.364586
105,0.875000,-0.008117,0.673180,0.009009,0.739380,-217.044968,84.331474,87.366760
106,0.883333,-0.008505,0.673112,0.009020,0.739436,-217.048340,84.328369,87.368393
107,0.891667,-0.008359,0.673236,0.009266,0.739322,-217.056900,84.329819,87.372002
108,0.900000,-0.008552,0.673194,0.009478,0.739356,-217.064316,84.329636,87.373512
109,0.908333,-0.008975,0.673110,0.009606,0.739426,-217.072708,84.328156,87.372658
110,0.916667,-0.008888,0.673026,0.009535,0.739504,-217.079788,84.329697,87.372360
111,0.925000,-0.009118,0.672840,0.009888,0.739666,-217.086060,84.326759,87.371071
112,0.933333,-0.008912,0.672949,0.010207,0.739564,-217.089630,84.327003,87.371231
113,0.941667,-0.009030,0.672941,0.010289,0.739570,-217.092972,84.326973,87.370995
114,0.950000,-0.009274,0.672919,0.009958,0.739591,-217.092300,84.325943,87.370148
115,0.958333,-0.009091,0.673028,0.009899,0.739494,-217.090393,84.328392,87.370537
116,0.966667,-0.008924,0.672913,0.010142,0.739598,-217.086212,84.328392,87.367882
117,0.975000,-0.008604,0.673074,0.010291,0.739453,-217.083664,84.328705,87.369133
118,0.983333,-0.008845,0.673047,0.010247,0.739476,-217.078568,84.327606,87.367874
119,0.991667,-0.008945,0.673056,0.010218,0.739467,-217.076950,84.328079,87.367996
120,1.000000,-0.008848,0.673092,0.010169,0.739436,-217.075729,84.328827,87.368629
121,1.008333,-0.008988,0.673090,0.009927,0.739439,-217.071396,84.328873,87.366257
122,1.016667,-0.008942,0.673085,0.010092,0.739442,-217.073776,84.329887,87.369408
123,1.025000,-0.009065,0.673131,0.009858,0.739402,-217.071533,84.329262,87.368279
124,1.033333,-0.008833,0.673042,0.009931,0.739485,-217.075180,84.329300,87.370377
125,1.041667,-0.008879,0.672855,0.009998,0.739653,-217.076141,84.328392,87.369522
126,1.050000,-0.008739,0.672925,0.010071,0.739591,-217.077499,84.327057,87.371468
127,1.058333,-0.008795,0.673029,0.010214,0.739494,-217.084549,84.325996,87.372955
128,1.066667,-0.008932,0.673052,0.010384,0.739469,-217.086029,84.325920,87.372742
129,1.075000,-0.009027,0.672998,0.010638,0.739513,-217.093246,84.326080,87.372795
130,1.083333,-0.009219,0.672950,0.010752,0.739552,-217.096680,84.325638,87.372444
131,1.091667,-0.009301,0.673012,0.010842,0.739493,-217.100235,84.324303,87.371895
132,1.100000,-0.009421,0.672972,0.010708,0.739530,-217.098831,84.323875,87.370262
133,1.108333,-0.009505,0.672889,0.010723,0.739605,-217.095535,84.323654,87.368568
134,1.116667,-0.009298,0.672981,0.010621,0.739525,-217.095139,84.324120,87.370369
135,1.125000,-0.009228,0.673047,0.010556,0.739466,-217.091782,84.324745,87.368431
136,1.133333,-0.009090,0.672959,0.010509,0.739549,-217.090057,84.327034,87.367592
137,1.141667,-0.009275,0.672934,0.010587,0.739568,-217.087631,84.326813,87.367348
138,1.150000,-0.009136,0.673041,0.010502,0.739474,-217.086609,84.328148,87.367615
139,1.158333,-0.008961,0.672975,0.010563,0.739536,-217.086655,84.328514,87.367050
140,1.166667,-0.009212,0.672961,0.010582,0.739545,-217.085602,84.328377,87.365562
141,1.175000,-0.009196,0.672981,0.010668,0.739526,-217.087601,84.326782,87.368736
142,1.183333,-0.009243,0.673010,0.010634,0.739499,-217.090683,84.325745,87.369965
143,1.191667,-0.009649,0.672965,0.010624,0.739535,-217.090729,84.324837,87.369629
144,1.200000,-0.009457,0.673101,0.010604,0.739415,-217.094452,84.326042,87.372871
145,1.208333,-0.009313,0.673135,0.010606,0.739385,-217.096420,84.326004,87.370743
146,1.216667,-0.009461,0.673034,0.010753,0.739473,-217.098694,84.323929,87.370987
147,1.225000,-0.009363,0.673011,0.010734,0.739495,-217.100952,84.324379,87.371712
148,1.233333,-0.009401,0.673053,0.010722,0.739457,-217.103455,84.324463,87.372711
149,1.241667,-0.009699,0.673139,0.011066,0.739370,-217.106339,84.324120,87.372971
150,1.250000,-0.009750,0.672982,0.010848,0.739515,-217.107971,84.324387,87.372353
151,1.258333,-0.009781,0.673103,0.011134,0.739400,-217.108673,84.325829,87.373039
152,1.266667,-0.009536,0.673058,0.011378,0.739441,-217.106506,84.326042,87.371651
153,1.275000,-0.009709,0.672990,0.011106,0.739505,-217.104309,84.325768,87.369308
154,1.283333,-0.009626,0.673132,0.010990,0.739378,-217.102737,84.325943,87.370247
155,1.291667,-0.009482,0.673125,0.011081,0.739385,-217.099930,84.325050,87.366852
156,1.300000,-0.009499,0.673071,0.010981,0.739436,-217.096954,84.325615,87.367661
157,1.308333,-0.009700,0.673082,0.011060,0.739421,-217.095474,84.326309,87.366997
158,1.316667,-0.009621,0.673080,0.010967,0.739426,-217.095139,84.326836,87.367645
159,1.325000,-0.009516,0.673138,0.010678,0.739379,-217.095520,84.326897,87.369186
160,1.333333,-0.009633,0.673047,0.010760,0.739459,-217.096069,84.326141,87.368736
161,1.341667,-0.009645,0.673108,0.011054,0.739398,-217.098953,84.325668,87.370621
162,1.350000,-0.009711,0.673097,0.011166,0.739406,-217.101166,84.325539,87.369553
163,1.358333,-0.009569,0.673122,0.011001,0.739388,-217.102783,84.325745,87.370987
164,1.366667,-0.009539,0.673175,0.011003,0.739340,-217.104294,84.325882,87.371361
165,1.375000,-0.009601,0.673131,0.011117,0.739377,-217.107101,84.325150,87.371857
166,1.383333,-0.009716,0.673125,0.011276,0.739379,-217.108612,84.325500,87.374039
167,1.391667,-0.009810,0.673102,0.011023,0.739403,-217.108612,84.325752,87.371956
168,1.400000,-0.009749,0.673069,0.010907,0.739435,-217.107361,84.325813,87.373222
169,1.408333,-0.009688,0.673171,0.011234,0.739338,-217.107895,84.327736,87.372734
170,1.416667,-0.009737,0.673125,0.011072,0.739382,-217.106750,84.325645,87.372002
171,1.425000,-0.009688,0.673019,0.010995,0.739480,-217.105362,84.324837,87.371361
172,1.433333,-0.009748,0.673101,0.011066,0.739404,-217.101791,84.324066,87.368500
173,1.441667,-0.009584,0.673168,0.010944,0.739347,-217.100830,84.325066,87.368782
174,1.450000,-0.009741,0.673106,0.010940,0.739401,-217.098419,84.324547,87.368134
175,1.458333,-0.009653,0.673131,0.011114,0.739377,-217.098053,84.326599,87.367973
176,1.466667,-0.009335,0.673091,0.010878,0.739420,-217.096466,84.327339,87.368652
177,1.475000,-0.009406,0.673095,0.010815,0.739417,-217.096420,84.325974,87.367508
178,1.483333,-0.009587,0.673204,0.010913,0.739315,-217.098282,84.324921,87.370369
179,1.491667,-0.009733,0.673038,0.011181,0.739460,-217.099243,84.326080,87.368813
180,1.500000,-0.009561,0.673121,0.010979,0.739389,-217.100876,84.326111,87.368950
181,1.508333,-0.009684,0.673097,0.010950,0.739410,-217.104034,84.325569,87.369606
182,1.516667,-0.009779,0.673153,0.011032,0.739356,-217.104858,84.324562,87.370445
183,1.525000,-0.009674,0.673190,0.011204,0.739322,-217.107559,84.325508,87.372276
184,1.533333,-0.009661,0.673144,0.011152,0.739364,-217.106796,84.325310,87.372375
185,1.541667,-0.009827,0.673136,0.011205,0.739369,-217.108612,84.324028,87.372849
186,1.550000,-0.009663,0.673096,0.011135,0.739408,-217.108414,84.325592,87.372276
187,1.558333,-0.009788,0.673086,0.010969,0.739419,-217.108414,84.324875,87.372459
188,1.566667,-0.009721,0.673138,0.010996,0.739371,-217.107010,84.325592,87.371269
189,1.575000,-0.009808,0.673128,0.011023,0.739379,-217.104797,84.325447,87.370148
190,1.583333,-0.009557,0.673143,0.011086,0.739368,-217.104813,84.326164,87.371178
191,1.591667,-0.009769,0.673092,0.010957,0.739413,-217.102005,84.324829,87.368317
192,1.600000,-0.009759,0.673108,0.011038,0.739397,-217.098953,84.325424,87.368889
193,1.608333,-0.009698,0.673159,0.011104,0.739351,-217.098755,84.325874,87.369385
194,1.616667,-0.009434,0.673097,0.011014,0.739412,-217.097427,84.326141,87.368011
195,1.625000,-0.009692,0.673109,0.011139,0.739396,-217.097260,84.325119,87.368546
196,1.633333,-0.009645,0.673154,0.010816,0.739360,-217.096741,84.325882,87.368912
197,1.641667,-0.009623,0.673115,0.010905,0.739395,-217.098694,84.326553,87.368217
198,1.650000,-0.009603,0.673173,0.011158,0.739339,-217.100693,84.325706,87.368843
199,1.658333,-0.009526,0.673223,0.011300,0.739292,-217.103989,84.326050,87.369370
200,1.666667,-0.009860,0.673008,0.011264,0.739484,-217.104858,84.323883,87.370850
201,1.675000,-0.009674,0.673175,0.011206,0.739335,-217.106659,84.325867,87.371666
202,1.683333,-0.009817,0.673124,0.011169,0.739380,-217.108063,84.325958,87.371925
203,1.691667,-0.009755,0.673108,0.011174,0.739395,-217.110321,84.325165,87.372543
204,1.700000,-0.009568,0.673121,0.011008,0.739388,-217.109039,84.324280,87.371956
205,1.708333,-0.009649,0.673099,0.011159,0.739405,-217.108582,84.322922,87.371307
206,1.716667,-0.009771,0.673180,0.011210,0.739329,-217.108200,84.324440,87.370911
207,1.725000,-0.009777,0.673104,0.011269,0.739397,-217.107513,84.325676,87.370911
208,1.733333,-0.009852,0.673108,0.010975,0.739397,-217.105728,84.325424,87.370239
209,1.741667,-0.009959,0.672994,0.011125,0.739497,-217.104034,84.324249,87.369720
210,1.750000,-0.009694,0.673192,0.011256,0.739319,-217.102905,84.326492,87.369896
211,1.758333,-0.009979,0.673122,0.011307,0.739378,-217.102631,84.323898,87.368431
212,1.766667,-0.009660,0.673151,0.011350,0.739355,-217.102859,84.326530,87.369759
213,1.775000,-0.009642,0.673194,0.011246,0.739317,-217.101593,84.325516,87.368187
214,1.783333,-0.009493,0.673168,0.011189,0.739344,-217.101074,84.325821,87.368568
215,1.791667,-0.009511,0.673154,0.011253,0.739356,-217.102554,84.325142,87.369133
216,1.800000,-0.009561,0.673081,0.011289,0.739421,-217.103577,84.324814,87.368706
217,1.808333,-0.009586,0.673119,0.011411,0.739384,-217.107101,84.324577,87.370758
218,1.816667,-0.009614,0.673089,0.011340,0.739412,-217.106537,84.324921,87.370316
219,1.825000,-0.009681,0.673040,0.011366,0.739455,-217.108841,84.323372,87.370560
220,1.833333,-0.009789,0.673052,0.011296,0.739444,-217.111633,84.323418,87.371269
221,1.841667,-0.009890,0.673064,0.011305,0.739432,-217.112686,84.322624,87.372002
222,1.850000,-0.009712,0.673031,0.011532,0.739461,-217.111374,84.323868,87.371353
223,1.858333,-0.009818,0.673080,0.011465,0.739416,-217.110657,84.321922,87.371086
224,1.866667,-0.009801,0.673189,0.011344,0.739318,-217.110611,84.322388,87.373016
225,1.875000,-0.009910,0.673140,0.011295,0.739362,-217.109711,84.322952,87.371712
226,1.883333,-0.009581,0.673115,0.011432,0.739387,-217.107056,84.325119,87.370255
227,1.891667,-0.009657,0.673164,0.011401,0.739342,-217.106415,84.325371,87.370407
228,1.900000,-0.009782,0.673073,0.011342,0.739425,-217.102997,84.324646,87.368431
229,1.908333,-0.009733,0.673028,0.011304,0.739466,-217.102356,84.324196,87.369568
230,1.916667,-0.009596,0.673158,0.011151,0.739353,-217.101746,84.325706,87.368988
231,1.925000,-0.009632,0.673166,0.010986,0.739347,-217.101669,84.325821,87.368767
232,1.933333,-0.009776,0.673198,0.011210,0.739312,-217.101532,84.324707,87.368729
233,1.941667,-0.009718,0.673044,0.011367,0.739451,-217.102264,84.324059,87.368279
234,1.950000,-0.009683,0.673113,0.011489,0.739387,-217.103439,84.324974,87.368492
235,1.958333,-0.009797,0.673015,0.011280,0.739478,-217.104584,84.323967,87.368111
236,1.966667,-0.009736,0.673062,0.011356,0.739435,-217.107269,84.324654,87.369377
237,1.975000,-0.009873,0.673017,0.011244,0.739476,-217.110184,84.322754,87.370918
238,1.983333,-0.009945,0.673020,0.011266,0.739471,-217.109467,84.322075,87.369843
239,1.991667,-0.009618,0.673162,0.011357,0.739345,-217.110947,84.323151,87.373466
240,2.000000,-0.009856,0.673027,0.011336,0.739465,-217.111633,84.322357,87.372032
241,2.008333,-0.009854,0.673020,0.011261,0.739473,-217.112305,84.322830,87.372551
242,2.016667,-0.009994,0.673091,0.011292,0.739406,-217.110687,84.323463,87.371895
243,2.025000,-0.010047,0.673137,0.011359,0.739362,-217.108109,84.324333,87.371078
244,2.033333,-0.009866,0.673052,0.011504,0.739440,-217.106918,84.323654,87.371452
245,2.041667,-0.009695,0.673072,0.011612,0.739423,-217.105347,84.324059,87.369469
246,2.050000,-0.009719,0.673111,0.011338,0.739390,-217.105453,84.323273,87.371407
247,2.058333,-0.009849,0.673025,0.011339,0.739467,-217.102524,84.325401,87.368622
248,2.066667,-0.009749,0.673082,0.011184,0.739419,-217.102081,84.326630,87.369797
249,2.075000,-0.009691,0.673155,0.011233,0.739352,-217.102386,84.325424,87.369446
250,2.083333,-0.009643,0.673055,0.011171,0.739445,-217.103058,84.323914,87.368217
251,2.091667,-0.009647,0.673132,0.011440,0.739371,-217.104935,84.323753,87.369781
252,2.100000,-0.009813,0.673139,0.011381,0.739363,-217.105286,84.322754,87.370224
253,2.108333,-0.009832,0.673208,0.011265,0.739302,-217.106674,84.323135,87.371323
254,2.116667,-0.009882,0.673055,0.011329,0.739439,-217.108398,84.322556,87.370926
255,2.125000,-0.009889,0.673067,0.011303,0.739429,-217.109497,84.322609,87.370407
256,2.133333,-0.009787,0.673101,0.011298,0.739400,-217.112106,84.322777,87.371735
257,2.141667,-0.009786,0.673078,0.011292,0.739420,-217.112259,84.323692,87.371674
258,2.150000,-0.009761,0.673080,0.011323,0.739419,-217.113144,84.324059,87.373276
259,2.158333,-0.009712,0.673109,0.011381,0.739392,-217.112442,84.323997,87.372597
260,2.166667,-0.009883,0.673104,0.011268,0.739396,-217.110855,84.322548,87.372711
261,2.175000,-0.009689,0.673147,0.011391,0.739357,-217.110748,84.323380,87.373482
262,2.183333,-0.009701,0.673152,0.011309,0.739354,-217.107986,84.322807,87.371460
263,2.191667,-0.009807,0.673123,0.011438,0.739377,-217.107742,84.323051,87.371979
264,2.200000,-0.009863,0.673077,0.011158,0.739423,-217.106415,84.322151,87.370926
265,2.208333,-0.009878,0.673180,0.011082,0.739329,-217.105026,84.322601,87.369507
266,2.216667,-0.009822,0.673123,0.011245,0.739380,-217.104080,84.325073,87.369904
267,2.225000,-0.010060,0.672993,0.011300,0.739494,-217.102844,84.324013,87.368538
268,2.233333,-0.009856,0.673087,0.011291,0.739412,-217.103455,84.324692,87.369362
269,2.241667,-0.009926,0.673098,0.011176,0.739402,-217.103821,84.324234,87.368668
270,2.250000,-0.009821,0.673088,0.011221,0.739412,-217.105453,84.325264,87.368340
271,2.258333,-0.009861,0.673154,0.011222,0.739351,-217.106888,84.323814,87.370316
272,2.266667,-0.009826,0.673059,0.011188,0.739439,-217.108124,84.323517,87.369240
273,2.275000,-0.009716,0.673106,0.011074,0.739400,-217.109604,84.323723,87.370277
274,2.283333,-0.009872,0.673115,0.011380,0.739384,-217.111389,84.323265,87.371185
275,2.291667,-0.009938,0.673077,0.011381,0.739419,-217.112320,84.323013,87.372467
276,2.300000,-0.009895,0.672997,0.011381,0.739492,-217.112442,84.323456,87.371445
277,2.308333,-0.009804,0.673032,0.011287,0.739463,-217.112656,84.323227,87.371948
278,2.316667,-0.009616,0.673091,0.011478,0.739408,-217.112259,84.323532,87.372917
279,2.325000,-0.009578,0.673110,0.011609,0.739390,-217.110916,84.323082,87.371185
280,2.333333,-0.009712,0.673140,0.011389,0.739364,-217.109863,84.323723,87.372238
281,2.341667,-0.009674,0.673166,0.011288,0.739342,-217.107483,84.324463,87.371925
282,2.350000,-0.009821,0.673139,0.011338,0.739364,-217.106293,84.322945,87.371651
283,2.358333,-0.009750,0.673121,0.011481,0.739379,-217.105789,84.322449,87.370705
284,2.366667,-0.009776,0.673179,0.011211,0.739330,-217.103607,84.321663,87.369202
285,2.375000,-0.009680,0.673291,0.011201,0.739230,-217.103989,84.323349,87.370331
286,2.383333,-0.009880,0.673137,0.011097,0.739369,-217.102844,84.322083,87.368401
287,2.391667,-0.009825,0.673050,0.011007,0.739450,-217.104263,84.323227,87.368103
288,2.400000,-0.009844,0.673113,0.011170,0.739390,-217.106323,84.323959,87.370674
289,2.408333,-0.009868,0.673154,0.011221,0.739352,-217.106369,84.323921,87.368706
290,2.416667,-0.009811,0.673215,0.011293,0.739296,-217.108627,84.322945,87.370911
291,2.425000,-0.009711,0.673194,0.011353,0.739315,-217.109604,84.322510,87.369812
292,2.433333,-0.009844,0.673070,0.011087,0.739430,-217.110474,84.322830,87.371323
293,2.441667,-0.009831,0.673070,0.011194,0.739429,-217.112213,84.322510,87.372917
294,2.450000,-0.009814,0.673099,0.011440,0.739399,-217.113251,84.322144,87.372360
295,2.458333,-0.009827,0.673096,0.011276,0.739404,-217.112976,84.322006,87.372932
296,2.466667,-0.009986,0.673088,0.011109,0.739412,-217.111206,84.322220,87.372368
297,2.475000,-0.009785,0.673059,0.011200,0.739439,-217.110199,84.324554,87.372620
298,2.483333,-0.009872,0.672993,0.011157,0.739499,-217.108337,84.323692,87.372414
299,2.491667,-0.009808,0.673132,0.011099,0.739374,-217.107773,84.323349,87.372551
300,2.500000,-0.009822,0.673165,0.011143,0.739343,-217.107056,84.322777,87.372284
301,2.508333,-0.010018,0.673078,0.011198,0.739418,-217.104767,84.321991,87.371162
302,2.516667,-0.009845,0.673120,0.011261,0.739382,-217.104889,84.324081,87.370407
303,2.525000,-0.009741,0.673108,0.011437,0.739392,-217.104126,84.324242,87.368454
304,2.533333,-0.009757,0.673135,0.011516,0.739366,-217.104095,84.323868,87.369484
305,2.541667,-0.009640,0.673138,0.011336,0.739367,-217.104797,84.323502,87.369530
306,2.550000,-0.009710,0.673090,0.011325,0.739410,-217.105728,84.322533,87.368843
307,2.558333,-0.009803,0.673063,0.011165,0.739436,-217.107224,84.322762,87.369949
308,2.566667,-0.009907,0.673063,0.011245,0.739433,-217.107697,84.323250,87.368210
309,2.575000,-0.009810,0.673085,0.011264,0.739414,-217.110535,84.322670,87.369591
310,2.583333,-0.009756,0.673021,0.011344,0.739472,-217.110519,84.322876,87.370285
311,2.591667,-0.009966,0.672982,0.011279,0.739506,-217.109848,84.321022,87.371078
312,2.600000,-0.009786,0.673123,0.011331,0.739379,-217.112732,84.322350,87.373009
313,2.608333,-0.009820,0.673099,0.011452,0.739398,-217.112137,84.323181,87.371811
314,2.616667,-0.009638,0.673118,0.011445,0.739384,-217.111725,84.323570,87.373131
315,2.625000,-0.009780,0.673019,0.011331,0.739474,-217.109467,84.322533,87.372894
316,2.633333,-0.009850,0.673074,0.011315,0.739423,-217.108841,84.322182,87.372185
317,2.641667,-0.009791,0.673150,0.011361,0.739354,-217.108032,84.322044,87.373230
318,2.650000,-0.009813,0.673068,0.011411,0.739428,-217.105896,84.322586,87.371460
319,2.658333,-0.009939,0.673130,0.011357,0.739370,-217.105789,84.323387,87.373085
320,2.666667,-0.009900,0.673053,0.011251,0.739443,-217.104263,84.323708,87.372055
321,2.675000,-0.009826,0.673136,0.011269,0.739368,-217.103668,84.323730,87.371262
322,2.683333,-0.009753,0.673143,0.011155,0.739364,-217.103699,84.323944,87.369881
323,2.691667,-0.009811,0.673094,0.011291,0.739406,-217.104294,84.323738,87.368729
324,2.700000,-0.009817,0.673147,0.011334,0.739357,-217.105743,84.324341,87.368660
325,2.708333,-0.009799,0.673159,0.011360,0.739346,-217.106796,84.324013,87.368500
326,2.716667,-0.009759,0.673052,0.011376,0.739443,-217.108276,84.323166,87.369385
327,2.725000,-0.009775,0.673171,0.011415,0.739335,-217.109772,84.323013,87.371567
328,2.733333,-0.009658,0.673072,0.011455,0.739425,-217.111160,84.323471,87.370674
329,2.741667,-0.009830,0.673114,0.011275,0.739388,-217.111160,84.321632,87.371986
330,2.750000,-0.009923,0.673049,0.011195,0.739447,-217.111328,84.321136,87.371254
331,2.758333,-0.009935,0.673060,0.011075,0.739438,-217.111252,84.322540,87.372765
332,2.766667,-0.009858,0.673029,0.011284,0.739465,-217.110580,84.323105,87.373077
333,2.775000,-0.009824,0.673107,0.011201,0.739395,-217.109818,84.322372,87.373260
334,2.783333,-0.009866,0.673152,0.011348,0.739351,-217.108627,84.321388,87.373749
335,2.791667,-0.009778,0.673010,0.011321,0.739483,-217.106384,84.321976,87.371635
336,2.800000,-0.009914,0.673083,0.011232,0.739416,-217.105682,84.323036,87.372520
337,2.808333,-0.009986,0.673052,0.011135,0.739444,-217.103653,84.324577,87.372276
338,2.816667,-0.009895,0.673066,0.011269,0.739430,-217.102295,84.325912,87.372131
339,2.825000,-0.009670,0.673032,0.011154,0.739466,-217.101471,84.325211,87.372299
340,2.833333,-0.009755,0.673055,0.011256,0.739443,-217.098999,84.325386,87.368645
341,2.841667,-0.009619,0.673072,0.011176,0.739430,-217.098663,84.325111,87.369423
342,2.850000,-0.009557,0.673115,0.010953,0.739395,-217.096924,84.324974,87.370598
343,2.858333,-0.009622,0.673153,0.010981,0.739359,-217.095856,84.324547,87.371246
344,2.866667,-0.009344,0.673124,0.011007,0.739388,-217.096161,84.325584,87.375420
345,2.875000,-0.009089,0.673201,0.011151,0.739319,-217.094711,84.323364,87.379753
346,2.883333,-0.008752,0.673340,0.011263,0.739195,-217.092896,84.321327,87.386086
347,2.891667,-0.008545,0.673272,0.011221,0.739261,-217.092606,84.319290,87.388542
348,2.900000,-0.008149,0.673358,0.011573,0.739181,-217.091888,84.317955,87.396881
349,2.908333,-0.007571,0.673466,0.012016,0.739082,-217.087692,84.315559,87.407326
350,2.916667,-0.006866,0.673423,0.012446,0.739121,-217.086243,84.313446,87.417236
351,2.925000,-0.006146,0.673479,0.012902,0.739068,-217.081955,84.307877,87.429985
352,2.933333,-0.005408,0.673587,0.013184,0.738970,-217.075943,84.304741,87.442001
353,2.941667,-0.005915,0.673069,0.013665,0.739430,-217.067886,84.293694,87.454918
354,2.950000,-0.005228,0.673033,0.014362,0.739455,-217.063690,84.286842,87.469276
355,2.958333,-0.004072,0.673024,0.014988,0.739457,-217.060349,84.281822,87.482964
356,2.966667,-0.003267,0.672831,0.015388,0.739629,-217.055939,84.278618,87.495811
357,2.975000,-0.002552,0.672804,0.015660,0.739650,-217.052750,84.274559,87.504158
358,2.983333,-0.001938,0.672674,0.015700,0.739770,-217.047256,84.273499,87.514969
359,2.991667,-0.001407,0.672584,0.015626,0.739854,-217.041138,84.273399,87.523209
360,3.000000,0.000558,0.673328,0.015375,0.739184,-217.037994,84.279854,87.540054
361,3.008333,0.000942,0.673235,0.015330,0.739269,-217.032654,84.276840,87.548759
362,3.016667,0.001396,0.673327,0.015394,0.739184,-217.029068,84.274986,87.559784
363,3.025000,0.001742,0.673314,0.015653,0.739188,-217.024963,84.272766,87.570480
364,3.033333,0.002230,0.673286,0.016055,0.739205,-217.022797,84.269371,87.578850
365,3.041667,0.002675,0.673323,0.016190,0.739166,-217.023727,84.268463,87.587547
366,3.050000,0.003000,0.673187,0.016305,0.739286,-217.023468,84.267159,87.595490
367,3.058333,0.003048,0.673080,0.016446,0.739380,-217.021683,84.265778,87.601883
368,3.066667,0.003314,0.673115,0.016443,0.739347,-217.022186,84.264267,87.606628
369,3.075000,0.003191,0.673079,0.016443,0.739381,-217.020172,84.262932,87.609367
370,3.083333,0.003206,0.673086,0.016512,0.739373,-217.017654,84.259567,87.616020
371,3.091667,0.003672,0.673150,0.016578,0.739311,-217.015411,84.258270,87.622353
372,3.100000,0.003939,0.673134,0.016786,0.739320,-217.011566,84.255363,87.629539
373,3.108333,0.003619,0.672962,0.016317,0.739488,-217.010742,84.256645,87.641479
374,3.116667,0.003728,0.672907,0.016388,0.739536,-217.007965,84.258774,87.647995
375,3.125000,0.004048,0.672943,0.016436,0.739501,-217.006256,84.255806,87.654808
376,3.133333,0.004257,0.672983,0.016814,0.739454,-217.007690,84.255829,87.658691
377,3.141667,0.004283,0.672938,0.016879,0.739494,-217.009781,84.255486,87.661591
378,3.150000,0.004253,0.672959,0.017043,0.739471,-217.012375,84.256721,87.660751
379,3.158333,0.004165,0.672926,0.017014,0.739502,-217.013626,84.257195,87.658234
380,3.166667,0.003628,0.672891,0.016400,0.739551,-217.013245,84.256348,87.653275
381,3.175000,0.003432,0.672694,0.015671,0.739747,-217.016083,84.255913,87.648392
382,3.183333,0.003262,0.672611,0.015714,0.739823,-217.017014,84.258522,87.634789
383,3.191667,0.003074,0.672440,0.015889,0.739975,-217.022781,84.263939,87.615028
384,3.200000,0.004517,0.672717,0.018306,0.739660,-217.026901,84.262245,87.592247
385,3.208333,0.005085,0.672923,0.019466,0.739439,-217.034775,84.263275,87.576202
386,3.216667,0.005793,0.673146,0.020134,0.739213,-217.038727,84.270790,87.571182
387,3.225000,0.006506,0.673083,0.020963,0.739241,-217.037781,84.288857,87.576012
388,3.233333,0.006354,0.672805,0.020446,0.739510,-217.033676,84.322716,87.599579
389,3.241667,0.006605,0.672779,0.020912,0.739518,-217.028091,84.369911,87.608299
390,3.250000,0.006729,0.672697,0.021557,0.739573,-217.026352,84.418556,87.620247
391,3.258333,0.005947,0.672535,0.021352,0.739733,-217.022659,84.472832,87.627960
392,3.266667,0.004905,0.672523,0.020965,0.739763,-217.020706,84.524536,87.642189
393,3.275000,0.003816,0.672462,0.020419,0.739840,-217.018463,84.574982,87.654198
394,3.283333,0.003149,0.672652,0.019989,0.739682,-217.018539,84.623390,87.664558
395,3.291667,0.006770,0.672755,0.019203,0.739585,-217.025375,84.702415,87.678223
396,3.300000,0.005493,0.672679,0.019365,0.739661,-217.025299,84.784142,87.691849
397,3.308333,0.005015,0.672663,0.019345,0.739679,-217.017105,84.839386,87.707481
398,3.316667,0.006049,0.672462,0.019888,0.739840,-217.015808,84.885025,87.716347
399,3.325000,0.006734,0.672276,0.021121,0.739969,-217.020508,84.921791,87.729813
400,3.333333,0.006288,0.672156,0.021246,0.740078,-217.021225,84.965385,87.738808
401,3.341667,0.005446,0.672162,0.020783,0.740092,-217.017609,85.015518,87.748138
402,3.350000,0.002502,0.671984,0.017980,0.740343,-217.014343,85.087112,87.764534
403,3.358333,0.000664,0.672285,0.016621,0.740106,-217.009018,85.160271,87.776505
404,3.366667,0.000932,0.673783,0.016186,0.738751,-217.010742,85.233192,87.802979
405,3.375000,0.003843,0.673497,0.015314,0.739022,-217.009949,85.322418,87.802559
406,3.383333,0.004492,0.673112,0.016063,0.739353,-217.002029,85.377068,87.806984
407,3.391667,0.004823,0.673221,0.017260,0.739224,-217.000153,85.427406,87.812386
408,3.400000,0.004529,0.673368,0.017315,0.739091,-216.998871,85.475594,87.817245
409,3.408333,0.003431,0.673315,0.017379,0.739143,-216.998840,85.526146,87.825233
410,3.416667,0.003458,0.673810,0.016925,0.738703,-216.999893,85.581902,87.833588
411,3.425000,0.003188,0.673768,0.016847,0.738744,-216.997559,85.629448,87.838234
412,3.433333,0.001929,0.673593,0.015570,0.738936,-216.997055,85.681549,87.846062
413,3.441667,0.000950,0.673640,0.015239,0.738902,-216.993195,85.731888,87.853004
414,3.450000,0.000196,0.673531,0.015712,0.738992,-216.991943,85.775085,87.860291
415,3.458333,0.000114,0.673555,0.016766,0.738947,-216.991730,85.823120,87.868538
416,3.466667,-0.000359,0.673322,0.017241,0.739148,-216.990417,85.871216,87.877426
417,3.475000,0.001356,0.673156,0.013850,0.739370,-216.995972,85.968987,87.891281
418,3.483333,0.001453,0.672933,0.012945,0.739589,-216.988068,86.032684,87.897011
419,3.491667,0.000926,0.673198,0.013353,0.739341,-216.979721,86.085640,87.906937
420,3.500000,0.000592,0.673291,0.013551,0.739253,-216.972870,86.135880,87.912766
421,3.508333,-0.000292,0.673264,0.013316,0.739282,-216.967514,86.190384,87.916206
422,3.516667,-0.001069,0.673193,0.013586,0.739342,-216.967133,86.245621,87.921082
423,3.525000,-0.001698,0.673189,0.013544,0.739344,-216.966110,86.300606,87.921402
424,3.533333,-0.002772,0.673228,0.013602,0.739304,-216.964981,86.355064,87.924461
425,3.541667,-0.003845,0.673209,0.013608,0.739317,-216.963654,86.416206,87.924728
426,3.550000,-0.007311,0.672849,0.010091,0.739675,-216.962952,86.486061,87.931480
427,3.558333,-0.008315,0.672952,0.009383,0.739580,-216.956970,86.546776,87.939758
428,3.566667,-0.007203,0.673204,0.009925,0.739355,-216.949280,86.602570,87.942818
429,3.575000,-0.002864,0.673638,0.012522,0.738950,-216.949875,86.678177,87.943558
430,3.583333,-0.001327,0.673629,0.012658,0.738960,-216.940887,86.725777,87.945297
431,3.591667,-0.002038,0.673487,0.012382,0.739093,-216.935638,86.765106,87.955322
432,3.600000,-0.003066,0.673431,0.011992,0.739147,-216.933304,86.801353,87.961296
433,3.608333,-0.005436,0.673324,0.011063,0.739245,-216.942078,86.844612,87.960403
434,3.616667,-0.007374,0.673322,0.009221,0.739255,-216.944031,86.888145,87.964447
435,3.625000,-0.008972,0.673334,0.008028,0.739240,-216.939575,86.934196,87.965935
436,3.633333,-0.010498,0.673315,0.006948,0.739249,-216.937134,86.983406,87.973930
437,3.641667,-0.011735,0.673198,0.006201,0.739343,-216.932770,87.029251,87.975555
438,3.650000,-0.012816,0.673323,0.005712,0.739215,-216.930969,87.071716,87.974419
439,3.658333,-0.013304,0.673345,0.005810,0.739186,-216.931961,87.106667,87.978134
440,3.666667,-0.013314,0.673364,0.006618,0.739162,-216.929047,87.142220,87.978249
441,3.675000,-0.012807,0.673427,0.006789,0.739112,-216.923340,87.179634,87.983704
442,3.683333,-0.012662,0.673806,0.009183,0.738743,-216.920776,87.225845,87.984184
443,3.691667,-0.012879,0.673738,0.009845,0.738793,-216.915344,87.261185,87.984795
444,3.700000,-0.009532,0.673896,0.008682,0.738713,-216.915466,87.314728,87.985901
445,3.708333,-0.008706,0.673784,0.007737,0.738836,-216.907623,87.351608,87.986496
446,3.716667,-0.009130,0.673789,0.007286,0.738831,-216.901443,87.378540,87.991142
447,3.725000,-0.010000,0.675141,0.005913,0.737597,-216.909073,87.408333,88.009689
448,3.733333,-0.012087,0.674243,0.005357,0.738391,-216.903992,87.420471,88.001190
449,3.741667,-0.011630,0.675179,0.004999,0.737545,-216.906235,87.440010,88.012436
450,3.750000,-0.011813,0.675254,0.005062,0.737473,-216.900940,87.454964,88.014923
451,3.758333,-0.012012,0.675299,0.004753,0.737431,-216.894196,87.473969,88.019661
452,3.766667,-0.012382,0.675282,0.004526,0.737442,-216.886215,87.494949,88.022003
453,3.775000,-0.011690,0.675412,0.004422,0.737335,-216.882446,87.529564,88.027863
454,3.783333,-0.011710,0.675384,0.004164,0.737362,-216.877289,87.560242,88.030487
455,3.791667,-0.012178,0.675405,0.004188,0.737335,-216.876434,87.588623,88.032822
456,3.800000,-0.012735,0.675421,0.003859,0.737312,-216.878296,87.620522,88.033104
457,3.808333,-0.013128,0.675308,0.003328,0.737412,-216.879791,87.645531,88.031769
458,3.816667,-0.013302,0.675200,0.003228,0.737507,-216.879349,87.663826,88.032669
459,3.825000,-0.013088,0.675262,0.003281,0.737455,-216.877960,87.678375,88.031082
460,3.833333,-0.013060,0.675288,0.003285,0.737431,-216.875504,87.693634,88.029976
461,3.841667,-0.013217,0.675353,0.003122,0.737369,-216.871216,87.709312,88.031067
462,3.850000,-0.013644,0.675201,0.002942,0.737502,-216.865189,87.729507,88.030014
463,3.858333,-0.013819,0.675208,0.003107,0.737492,-216.860580,87.752426,88.030800
464,3.866667,-0.014244,0.675337,0.003029,0.737365,-216.853363,87.778557,88.030968
465,3.875000,-0.014953,0.675320,0.002963,0.737368,-216.847656,87.804321,88.030991
466,3.883333,-0.015482,0.675478,0.003108,0.737211,-216.843323,87.832466,88.031586
467,3.891667,-0.015729,0.675804,0.005223,0.736895,-216.843369,87.868324,88.026199
468,3.900000,-0.015954,0.675669,0.004716,0.737017,-216.844254,87.885574,88.031990
469,3.908333,-0.011852,0.675045,0.002842,0.737676,-216.845947,87.922066,88.025360
470,3.916667,-0.010545,0.674507,0.001935,0.738191,-216.842392,87.945587,88.023232
471,3.925000,-0.010902,0.674489,0.001968,0.738201,-216.838364,87.966743,88.025543
472,3.933333,-0.012008,0.674449,0.001664,0.738222,-216.835495,87.984261,88.029869
473,3.941667,-0.012860,0.674540,0.001464,0.738125,-216.835815,88.000656,88.033684
474,3.950000,-0.013602,0.674640,0.001349,0.738021,-216.835663,88.017334,88.034248
475,3.958333,-0.014240,0.674659,0.001070,0.737991,-216.833450,88.032776,88.036057
476,3.966667,-0.014525,0.674640,0.000985,0.738003,-216.829514,88.046906,88.035271
477,3.975000,-0.014602,0.674610,0.001217,0.738029,-216.823364,88.056961,88.035500
478,3.983333,-0.014357,0.674738,0.001237,0.737917,-216.817215,88.076530,88.036560
479,3.991667,-0.014757,0.674772,0.001077,0.737878,-216.806885,88.107002,88.034126
480,4.000000,-0.014071,0.675494,0.001214,0.737230,-216.802597,88.162300,88.042274
481,4.008333,-0.015905,0.675722,0.000692,0.736985,-216.787369,88.227318,88.041359
482,4.016667,-0.017345,0.676042,0.000462,0.736659,-216.768890,88.299812,88.040939
483,4.025000,-0.018553,0.676236,0.000397,0.736451,-216.748550,88.369087,88.043060
484,4.033333,-0.018925,0.676389,-0.000104,0.736301,-216.724564,88.437332,88.048683
485,4.041667,-0.019395,0.676392,-0.001039,0.736285,-216.694473,88.500069,88.056152
486,4.050000,-0.020783,0.676557,-0.002321,0.736094,-216.669159,88.550980,88.060173
487,4.058333,-0.021990,0.676668,-0.002606,0.735955,-216.655014,88.597969,88.063690
488,4.066667,-0.019551,0.676730,-0.003498,0.735963,-216.655991,88.661552,88.063225
489,4.075000,-0.019415,0.676653,-0.003947,0.736036,-216.660278,88.707756,88.062843
490,4.083333,-0.020258,0.676577,-0.004036,0.736082,-216.670059,88.746246,88.067375
491,4.091667,-0.022429,0.676356,-0.005753,0.736211,-216.679199,88.785912,88.070610
492,4.100000,-0.023560,0.676252,-0.006160,0.736268,-216.683365,88.814209,88.072517
493,4.108333,-0.023656,0.676201,-0.005753,0.736315,-216.684982,88.835320,88.071510
494,4.116667,-0.023837,0.676150,-0.005687,0.736356,-216.684128,88.848511,88.071953
495,4.125000,-0.023860,0.676228,-0.005233,0.736287,-216.685944,88.860603,88.073006
496,4.133333,-0.024054,0.676178,-0.005044,0.736328,-216.687057,88.870316,88.071533
497,4.141667,-0.024039,0.676203,-0.005027,0.736306,-216.690277,88.880142,88.071861
498,4.150000,-0.024073,0.676245,-0.004962,0.736267,-216.694229,88.886169,88.071579
499,4.158333,-0.024149,0.676202,-0.004979,0.736304,-216.695267,88.890121,88.069176
500,4.166667,-0.024252,0.676264,-0.005015,0.736243,-216.695374,88.892044,88.069931
501,4.175000,-0.024196,0.676159,-0.005256,0.736339,-216.692001,88.889481,88.067802
502,4.183333,-0.024034,0.676220,-0.005061,0.736290,-216.690063,88.883003,88.068611
503,4.191667,-0.024104,0.676211,-0.005095,0.736296,-216.689545,88.879395,88.068321
504,4.200000,-0.023886,0.676246,-0.004870,0.736273,-216.689514,88.879883,88.068947
505,4.208333,-0.024045,0.676129,-0.004997,0.736374,-216.688705,88.884102,88.069923
506,4.216667,-0.024053,0.676144,-0.005130,0.736359,-216.686417,88.889107,88.070564
507,4.225000,-0.024043,0.676199,-0.005372,0.736307,-216.684265,88.890717,88.072136
508,4.233333,-0.024223,0.676157,-0.005210,0.736341,-216.683273,88.886932,88.072113
509,4.241667,-0.024084,0.676265,-0.004978,0.736248,-216.683578,88.882187,88.074654
510,4.250000,-0.024014,0.676218,-0.004917,0.736294,-216.684204,88.879860,88.073296
511,4.258333,-0.024065,0.676219,-0.004897,0.736291,-216.685440,88.880745,88.073959
512,4.266667,-0.024112,0.676250,-0.005036,0.736260,-216.687958,88.885384,88.075272
513,4.275000,-0.024263,0.676156,-0.005161,0.736341,-216.689270,88.888535,88.072296
514,4.283333,-0.024116,0.676228,-0.005141,0.736280,-216.690964,88.888680,88.073746
515,4.291667,-0.024045,0.676244,-0.005041,0.736268,-216.692184,88.885864,88.072769
516,4.300000,-0.023993,0.676207,-0.004862,0.736305,-216.693466,88.883118,88.070488
517,4.308333,-0.023882,0.676168,-0.004933,0.736344,-216.694122,88.883499,88.070259
518,4.316667,-0.023961,0.676188,-0.004942,0.736323,-216.692856,88.885201,88.068504
519,4.325000,-0.023981,0.676280,-0.005038,0.736237,-216.693451,88.887352,88.069382
520,4.333333,-0.024033,0.676166,-0.005063,0.736340,-216.691727,88.888016,88.067528
521,4.341667,-0.024199,0.676179,-0.005297,0.736321,-216.690277,88.886009,88.068947
522,4.350000,-0.024073,0.676196,-0.005106,0.736311,-216.688370,88.883942,88.068977
523,4.358333,-0.023779,0.676189,-0.005033,0.736327,-216.687057,88.882713,88.068398
524,4.366667,-0.023934,0.676211,-0.004863,0.736303,-216.685364,88.883217,88.070282
525,4.375000,-0.023933,0.676267,-0.004919,0.736252,-216.684128,88.884926,88.071648
526,4.383333,-0.024085,0.676268,-0.004890,0.736246,-216.684006,88.887199,88.073074
527,4.391667,-0.024121,0.676134,-0.005018,0.736367,-216.683151,88.887581,88.073738
528,4.400000,-0.023877,0.676234,-0.005185,0.736282,-216.683609,88.886284,88.074646
529,4.408333,-0.024048,0.676235,-0.005038,0.736276,-216.684860,88.883682,88.073692
530,4.416667,-0.024118,0.676155,-0.004925,0.736348,-216.685837,88.882751,88.072662
531,4.425000,-0.024117,0.676291,-0.005114,0.736221,-216.689011,88.884277,88.074234
532,4.433333,-0.024031,0.676246,-0.005059,0.736267,-216.691177,88.885727,88.074272
533,4.441667,-0.024206,0.676199,-0.004923,0.736305,-216.692490,88.887245,88.072105
534,4.450000,-0.024085,0.676283,-0.005074,0.736231,-216.694046,88.887611,88.072411
535,4.458333,-0.024074,0.676142,-0.005110,0.736360,-216.694092,88.884827,88.069923
536,4.466667,-0.024054,0.676393,-0.004894,0.736132,-216.694992,88.883339,88.070366
537,4.475000,-0.024105,0.676242,-0.004906,0.736269,-216.693069,88.882378,88.069298
538,4.483333,-0.023995,0.676257,-0.004826,0.736259,-216.690735,88.884094,88.068596
539,4.491667,-0.023729,0.676270,-0.004954,0.736255,-216.689224,88.887756,88.068634
540,4.500000,-0.024105,0.676184,-0.005259,0.736320,-216.687088,88.887192,88.068695
541,4.508333,-0.024082,0.676206,-0.005113,0.736301,-216.686249,88.885757,88.069542
542,4.516667,-0.023918,0.676221,-0.005016,0.736293,-216.684891,88.884476,88.070602
543,4.525000,-0.023944,0.676200,-0.004821,0.736313,-216.683701,88.883041,88.071373
544,4.533333,-0.023946,0.676204,-0.004820,0.736310,-216.683655,88.884399,88.072762
545,4.541667,-0.023951,0.676172,-0.005049,0.736338,-216.683701,88.885963,88.073013
546,4.550000,-0.023990,0.676223,-0.005259,0.736288,-216.684006,88.887505,88.074707
547,4.558333,-0.023907,0.676142,-0.005267,0.736364,-216.684586,88.886986,88.073639
548,4.566667,-0.023909,0.676207,-0.005125,0.736306,-216.686005,88.885735,88.073822
549,4.575000,-0.024021,0.676215,-0.005100,0.736295,-216.688492,88.885025,88.072678
550,4.583333,-0.023924,0.676222,-0.005020,0.736292,-216.689926,88.884468,88.072464
551,4.591667,-0.024076,0.676093,-0.005055,0.736405,-216.690781,88.883881,88.072311
552,4.600000,-0.024037,0.676133,-0.005106,0.736370,-216.692429,88.886345,88.070801
553,4.608333,-0.023888,0.676209,-0.004963,0.736305,-216.693634,88.886490,88.070747
554,4.616667,-0.024162,0.676102,-0.005005,0.736395,-216.693069,88.885536,88.069763
555,4.625000,-0.024194,0.676150,-0.004989,0.736350,-216.692017,88.883430,88.068375
556,4.633333,-0.023821,0.676244,-0.004817,0.736277,-216.691513,88.884605,88.068596
557,4.641667,-0.023785,0.676168,-0.004989,0.736347,-216.688324,88.885117,88.067856
558,4.650000,-0.023978,0.676187,-0.005031,0.736322,-216.688354,88.886475,88.069397
559,4.658333,-0.023857,0.676174,-0.005158,0.736337,-216.685822,88.887093,88.067772
560,4.666667,-0.024197,0.676194,-0.005160,0.736308,-216.684204,88.884804,88.069038
561,4.675000,-0.024175,0.676164,-0.005238,0.736336,-216.683960,88.884544,88.071404
562,4.683333,-0.024104,0.676173,-0.005288,0.736330,-216.682190,88.883881,88.071152
563,4.691667,-0.024031,0.676129,-0.005141,0.736373,-216.682343,88.883369,88.071640
564,4.700000,-0.023864,0.676177,-0.004961,0.736336,-216.683014,88.884506,88.071358
565,4.708333,-0.023980,0.676222,-0.004969,0.736290,-216.684647,88.884300,88.073624
566,4.716667,-0.024146,0.676223,-0.005031,0.736284,-216.687531,88.884293,88.074059
567,4.725000,-0.024168,0.676220,-0.005211,0.736285,-216.688248,88.884293,88.071915
568,4.733333,-0.024001,0.676224,-0.004943,0.736288,-216.690414,88.884041,88.072960
569,4.741667,-0.023934,0.676162,-0.004937,0.736347,-216.690567,88.885323,88.071732
570,4.750000,-0.023903,0.676227,-0.004813,0.736290,-216.692780,88.886192,88.072838
571,4.758333,-0.024073,0.676206,-0.004967,0.736303,-216.692474,88.884995,88.070961
572,4.766667,-0.023985,0.676181,-0.005007,0.736328,-216.692932,88.885307,88.069717
573,4.775000,-0.023890,0.676236,-0.004947,0.736281,-216.692017,88.886505,88.069801
574,4.783333,-0.023997,0.676170,-0.005017,0.736338,-216.690567,88.885063,88.068710
575,4.791667,-0.023749,0.676198,-0.004898,0.736320,-216.690536,88.886101,88.068878
576,4.800000,-0.024047,0.676198,-0.004881,0.736311,-216.687943,88.883217,88.068306
577,4.808333,-0.023997,0.676222,-0.004989,0.736290,-216.686371,88.884285,88.068108
578,4.816667,-0.024071,0.676219,-0.005043,0.736290,-216.685135,88.884949,88.069794
579,4.825000,-0.023938,0.676215,-0.004988,0.736299,-216.684036,88.885155,88.069153
580,4.833333,-0.023871,0.676275,-0.004903,0.736246,-216.683716,88.886086,88.071045
581,4.841667,-0.024106,0.676185,-0.005028,0.736320,-216.683029,88.884529,88.071686
582,4.850000,-0.023822,0.676239,-0.004856,0.736281,-216.684387,88.885773,88.072113
583,4.858333,-0.023853,0.676139,-0.004754,0.736373,-216.686249,88.885002,88.072479
584,4.866667,-0.023840,0.676213,-0.004916,0.736304,-216.686890,88.886490,88.071915
585,4.875000,-0.023761,0.676232,-0.004974,0.736288,-216.690094,88.889244,88.074913
586,4.883333,-0.024263,0.676138,-0.005042,0.736358,-216.690948,88.888481,88.075333
587,4.891667,-0.024145,0.676202,-0.004931,0.736304,-216.694305,88.894165,88.078926
588,4.900000,-0.024221,0.676105,-0.005029,0.736390,-216.695404,88.899139,88.081490
589,4.908333,-0.024068,0.676131,-0.004970,0.736372,-216.695816,88.906235,88.084381
590,4.916667,-0.024067,0.676079,-0.004695,0.736421,-216.697433,88.913475,88.088028
591,4.925000,-0.024021,0.676031,-0.004587,0.736467,-216.696838,88.919861,88.092484
592,4.933333,-0.024170,0.675952,-0.004689,0.736534,-216.694046,88.923477,88.100746
593,4.941667,-0.023989,0.676029,-0.004629,0.736470,-216.692093,88.929161,88.110580
594,4.950000,-0.024081,0.676078,-0.004605,0.736422,-216.688751,88.935081,88.120850
595,4.958333,-0.024105,0.676020,-0.004644,0.736475,-216.684906,88.941177,88.133202
596,4.966667,-0.024145,0.676049,-0.004792,0.736446,-216.679123,88.947983,88.147385
597,4.975000,-0.024330,0.675882,-0.004929,0.736591,-216.674042,88.957451,88.162758
598,4.983333,-0.024513,0.675875,-0.004923,0.736592,-216.670471,88.967857,88.177307
599,4.991667,-0.024696,0.675829,-0.005040,0.736628,-216.667633,88.976631,88.193947
600,5.000000,-0.024606,0.675984,-0.005514,0.736485,-216.666275,88.982521,88.216286
601,5.008333,-0.024692,0.675936,-0.005534,0.736526,-216.664597,88.985085,88.234978
602,5.016667,-0.024738,0.675990,-0.005678,0.736474,-216.663651,88.992653,88.258789
603,5.025000,-0.024967,0.675899,-0.005805,0.736548,-216.662079,89.001625,88.285652
604,5.033333,-0.024973,0.676023,-0.006014,0.736433,-216.661484,89.013809,88.308777
605,5.041667,-0.025227,0.676070,-0.006354,0.736378,-216.662338,89.026848,88.333611
606,5.050000,-0.025526,0.676053,-0.006474,0.736383,-216.664749,89.034424,88.359283
607,5.058333,-0.025680,0.675914,-0.006530,0.736505,-216.666748,89.038826,88.387245
608,5.066667,-0.024840,0.677131,-0.006554,0.735414,-216.677216,89.041016,88.431290
609,5.075000,-0.025230,0.677185,-0.006376,0.735352,-216.680435,89.031616,88.461189
610,5.083333,-0.026185,0.676459,-0.006262,0.735988,-216.673859,89.013306,88.488037
611,5.091667,-0.025500,0.676035,-0.006357,0.736401,-216.667755,88.999825,88.517113
612,5.100000,-0.024790,0.675769,-0.006532,0.736668,-216.664719,88.984756,88.548920
613,5.108333,-0.024074,0.675614,-0.006859,0.736830,-216.658859,88.962456,88.581749
614,5.116667,-0.022447,0.675504,-0.006451,0.736986,-216.646545,88.929245,88.625793
615,5.125000,-0.023350,0.676695,-0.005746,0.735871,-216.640823,88.876114,88.682533
616,5.133333,-0.024185,0.676701,-0.004506,0.735847,-216.639709,88.817589,88.726128
617,5.141667,-0.023595,0.676604,-0.003226,0.735962,-216.641495,88.763687,88.778305
618,5.150000,-0.022418,0.676503,-0.002358,0.736095,-216.640350,88.715347,88.821121
619,5.158333,-0.021209,0.676555,-0.001929,0.736084,-216.635040,88.667450,88.870659
620,5.166667,-0.021008,0.676460,-0.002655,0.736175,-216.628448,88.615913,88.927704
621,5.175000,-0.018312,0.676404,-0.001237,0.736302,-216.627472,88.545296,88.989555
622,5.183333,-0.017783,0.676459,0.000781,0.736265,-216.624710,88.452583,89.054596
623,5.191667,-0.018033,0.676165,0.004106,0.736518,-216.626984,88.377502,89.104836
624,5.200000,-0.018082,0.675939,0.003872,0.736726,-216.624161,88.299652,89.162170
625,5.208333,-0.016232,0.676131,0.002684,0.736598,-216.620178,88.220566,89.232666
626,5.216667,-0.013001,0.677332,0.002487,0.735558,-216.625305,88.149223,89.307602
627,5.225000,-0.012984,0.676908,0.002952,0.735947,-216.619583,88.082367,89.359505
628,5.233333,-0.012609,0.676104,0.002763,0.736693,-216.607925,88.016464,89.420738
629,5.241667,-0.015059,0.676736,0.002533,0.736067,-216.603439,87.948212,89.495781
630,5.250000,-0.015180,0.676774,0.002647,0.736030,-216.601303,87.898216,89.560188
631,5.258333,-0.014702,0.676561,0.002796,0.736234,-216.598221,87.870010,89.628136
632,5.266667,-0.015041,0.676297,0.002640,0.736470,-216.589951,87.858757,89.703064
633,5.275000,-0.015753,0.676301,0.001922,0.736455,-216.581436,87.850761,89.774208
634,5.283333,-0.014166,0.676396,0.003089,0.736395,-216.574615,87.832451,89.847679
635,5.291667,-0.013749,0.676149,0.003470,0.736628,-216.568573,87.827118,89.916489
636,5.300000,-0.012328,0.677146,0.004123,0.735734,-216.576477,87.840622,90.009926
637,5.308333,-0.013402,0.676525,0.003833,0.736288,-216.575073,87.841492,90.079430
638,5.316667,-0.013546,0.677076,0.002661,0.735784,-216.578094,87.860542,90.157547
639,5.325000,-0.014035,0.677273,0.002254,0.735594,-216.576141,87.880783,90.234390
640,5.333333,-0.014474,0.676831,0.001633,0.735995,-216.569611,87.904472,90.313354
641,5.341667,-0.015049,0.676378,0.000553,0.736401,-216.563934,87.942848,90.399628
642,5.350000,-0.016361,0.675650,0.000433,0.737041,-216.561508,87.992081,90.492317
643,5.358333,-0.017030,0.677075,0.000426,0.735717,-216.559570,88.040718,90.583900
644,5.366667,-0.018160,0.677028,-0.000678,0.735732,-216.552261,88.085350,90.662582
645,5.375000,-0.019135,0.677358,-0.002484,0.735400,-216.549606,88.147774,90.749321
646,5.383333,-0.022881,0.676434,-0.005939,0.736124,-216.550018,88.220940,90.836304
647,5.391667,-0.023849,0.676094,-0.006204,0.736403,-216.538971,88.283974,90.920692
648,5.400000,-0.023809,0.676216,-0.005769,0.736296,-216.527740,88.338730,91.011337
649,5.408333,-0.025288,0.676263,-0.007015,0.736193,-216.518219,88.398972,91.094513
650,5.416667,-0.025626,0.677602,-0.007744,0.734942,-216.521713,88.468506,91.192360
651,5.425000,-0.027892,0.676662,-0.009196,0.735708,-216.512207,88.520973,91.271652
652,5.433333,-0.027753,0.676363,-0.009159,0.735989,-216.500595,88.570694,91.347214
653,5.441667,-0.028532,0.676267,-0.009818,0.736038,-216.490341,88.613983,91.430748
654,5.450000,-0.030611,0.675870,-0.011873,0.736289,-216.486053,88.658806,91.511063
655,5.458333,-0.033857,0.675400,-0.014474,0.736531,-216.483185,88.707512,91.585907
656,5.466667,-0.034768,0.675223,-0.014953,0.736643,-216.474838,88.745010,91.650925
657,5.475000,-0.033330,0.676276,-0.014581,0.735750,-216.481598,88.775620,91.724930
658,5.483333,-0.033254,0.675849,-0.013915,0.736158,-216.490555,88.795837,91.790344
659,5.491667,-0.033680,0.675620,-0.013740,0.736353,-216.495590,88.812508,91.856415
660,5.500000,-0.033976,0.675824,-0.014287,0.736141,-216.491119,88.830894,91.920898
661,5.508333,-0.034497,0.676111,-0.015388,0.735831,-216.485474,88.845047,91.980583
662,5.516667,-0.035047,0.676305,-0.015884,0.735616,-216.478851,88.856903,92.034042
663,5.525000,-0.037271,0.675690,-0.018239,0.736017,-216.475220,88.869736,92.095772
664,5.533333,-0.037422,0.675347,-0.018555,0.736316,-216.467697,88.869644,92.146790
665,5.541667,-0.036544,0.674963,-0.017131,0.736747,-216.468597,88.865456,92.199036
666,5.550000,-0.035533,0.674724,-0.016093,0.737039,-216.467148,88.860741,92.250450
667,5.558333,-0.034900,0.676013,-0.015697,0.735896,-216.471863,88.862625,92.314980
668,5.566667,-0.034941,0.676193,-0.015343,0.735735,-216.465637,88.859520,92.367462
669,5.575000,-0.035734,0.675453,-0.017364,0.736332,-216.458679,88.854736,92.414757
670,5.583333,-0.035565,0.675003,-0.018290,0.736730,-216.451141,88.842522,92.457382
671,5.591667,-0.038190,0.675384,-0.018845,0.736235,-216.444229,88.808662,92.506645
672,5.600000,-0.038207,0.675833,-0.016869,0.735870,-216.432114,88.758835,92.555931
673,5.608333,-0.037639,0.676006,-0.015917,0.735762,-216.427261,88.726639,92.598732
674,5.616667,-0.036887,0.676108,-0.015690,0.735711,-216.427399,88.696548,92.639938
675,5.625000,-0.036493,0.676296,-0.015021,0.735572,-216.430634,88.661850,92.680183
676,5.633333,-0.036141,0.675990,-0.015100,0.735869,-216.434357,88.621452,92.717072
677,5.641667,-0.034704,0.675586,-0.014432,0.736322,-216.439651,88.580513,92.752335
678,5.650000,-0.033398,0.675320,-0.013638,0.736642,-216.447708,88.540657,92.791229
679,5.658333,-0.032419,0.675035,-0.013060,0.736957,-216.449448,88.502571,92.829399
680,5.666667,-0.032222,0.674941,-0.013372,0.737046,-216.446304,88.469658,92.875427
681,5.675000,-0.031787,0.674996,-0.011648,0.737044,-216.446304,88.444679,92.916298
682,5.683333,-0.034577,0.675247,-0.011129,0.736697,-216.444656,88.404274,92.958321
683,5.691667,-0.035272,0.675370,-0.009814,0.736570,-216.441467,88.366043,92.998276
684,5.700000,-0.034879,0.675258,-0.009277,0.736698,-216.439560,88.342110,93.034836
685,5.708333,-0.033468,0.676008,-0.011892,0.736038,-216.441559,88.316727,93.089050
686,5.716667,-0.033179,0.676156,-0.012823,0.735899,-216.436554,88.295570,93.128929
687,5.725000,-0.032732,0.676096,-0.012974,0.735972,-216.428757,88.275841,93.180153
688,5.733333,-0.031760,0.676159,-0.012434,0.735966,-216.421204,88.260017,93.228050
689,5.741667,-0.030931,0.676164,-0.011929,0.736005,-216.417908,88.240326,93.274948
690,5.750000,-0.030239,0.676151,-0.011431,0.736053,-216.416901,88.225517,93.315887
691,5.758333,-0.030325,0.675887,-0.011126,0.736297,-216.416214,88.208107,93.354309
692,5.766667,-0.030477,0.675645,-0.011425,0.736509,-216.412476,88.191704,93.401657
693,5.775000,-0.030638,0.675619,-0.011640,0.736522,-216.404510,88.169662,93.448997
694,5.783333,-0.030767,0.675528,-0.012508,0.736586,-216.399002,88.153549,93.488647
695,5.791667,-0.030680,0.675279,-0.012990,0.736810,-216.394302,88.136642,93.536484
696,5.800000,-0.030390,0.675241,-0.013615,0.736845,-216.389328,88.122643,93.576797
697,5.808333,-0.031644,0.675734,-0.009398,0.736406,-216.392929,88.091965,93.631020
698,5.816667,-0.032789,0.675190,-0.008218,0.736869,-216.395905,88.065842,93.663681
699,5.825000,-0.033191,0.674635,-0.010093,0.737336,-216.397430,88.038544,93.705215
700,5.833333,-0.032143,0.675849,-0.011524,0.736249,-216.404053,88.030449,93.763161
701,5.841667,-0.032015,0.676216,-0.011575,0.735916,-216.398590,88.010803,93.812737
702,5.850000,-0.031860,0.676276,-0.011763,0.735865,-216.395065,87.995537,93.861504
703,5.858333,-0.031760,0.676235,-0.012023,0.735903,-216.389084,87.982353,93.903191
704,5.866667,-0.031343,0.676598,-0.011769,0.735591,-216.381927,87.973167,93.947151
705,5.875000,-0.030419,0.676646,-0.011698,0.735587,-216.375488,87.965515,93.989471
706,5.883333,-0.029943,0.676534,-0.011685,0.735709,-216.366608,87.953964,94.035408
707,5.891667,-0.029309,0.676330,-0.011495,0.735925,-216.356064,87.942795,94.083000
708,5.900000,-0.028839,0.676376,-0.011900,0.735895,-216.342422,87.931541,94.128662
709,5.908333,-0.028334,0.676221,-0.012494,0.736048,-216.331299,87.923927,94.180206
710,5.916667,-0.027417,0.676183,-0.012684,0.736114,-216.322327,87.922028,94.226509
711,5.925000,-0.026942,0.676109,-0.012798,0.736198,-216.319626,87.912201,94.270630
712,5.933333,-0.026849,0.676066,-0.011165,0.736267,-216.323715,87.907852,94.315430
713,5.941667,-0.026934,0.675891,-0.011077,0.736426,-216.326782,87.897972,94.357651
714,5.950000,-0.026275,0.675829,-0.010096,0.736521,-216.325851,87.880035,94.401520
715,5.958333,-0.024796,0.676707,-0.010157,0.735765,-216.326401,87.874069,94.453583
716,5.966667,-0.029901,0.676891,-0.012277,0.735373,-216.314728,87.822845,94.514671
717,5.975000,-0.030792,0.677047,-0.013276,0.735175,-216.311646,87.807289,94.554916
718,5.983333,-0.030801,0.677091,-0.013897,0.735123,-216.309906,87.792175,94.595184
719,5.991667,-0.029872,0.677086,-0.013352,0.735176,-216.313049,87.781136,94.637451
720,6.000000,-0.029080,0.677015,-0.012854,0.735282,-216.313461,87.768150,94.674088
721,6.008333,-0.028227,0.676956,-0.012548,0.735375,-216.311905,87.755646,94.712929
722,6.016667,-0.028379,0.676830,-0.012978,0.735478,-216.310211,87.744713,94.753418
723,6.025000,-0.028272,0.676705,-0.013080,0.735595,-216.307907,87.733940,94.795021
724,6.033333,-0.028271,0.676463,-0.012872,0.735822,-216.305969,87.718338,94.842735
725,6.041667,-0.028065,0.676124,-0.012141,0.736153,-216.307098,87.705605,94.883926
726,6.050000,-0.028302,0.675930,-0.012657,0.736314,-216.305084,87.688950,94.927681
727,6.058333,-0.027859,0.675777,-0.011469,0.736490,-216.305588,87.676659,94.966011
728,6.066667,-0.027624,0.675603,-0.011330,0.736660,-216.303040,87.663933,95.005432
729,6.075000,-0.027208,0.675569,-0.011433,0.736706,-216.297058,87.653664,95.048729
730,6.083333,-0.027404,0.675565,-0.011781,0.736697,-216.288712,87.640533,95.091278
731,6.091667,-0.026063,0.676995,-0.011332,0.735439,-216.292542,87.627884,95.146629
732,6.100000,-0.026445,0.676712,-0.013577,0.735647,-216.292816,87.609215,95.186905
733,6.108333,-0.026001,0.676388,-0.013826,0.735957,-216.297195,87.595406,95.225403
734,6.116667,-0.030100,0.676830,-0.012340,0.735420,-216.296692,87.550949,95.284439
735,6.125000,-0.029539,0.676621,-0.011401,0.735650,-216.298370,87.530739,95.322472
736,6.133333,-0.029213,0.676363,-0.011365,0.735901,-216.299271,87.519814,95.361084
737,6.141667,-0.028921,0.676244,-0.011384,0.736022,-216.296432,87.512306,95.399597
738,6.150000,-0.028963,0.676421,-0.011316,0.735859,-216.288422,87.502731,95.444740
739,6.158333,-0.029410,0.676494,-0.012081,0.735762,-216.278076,87.492073,95.486320
740,6.166667,-0.029238,0.676508,-0.012601,0.735747,-216.270111,87.482201,95.520706
741,6.175000,-0.028631,0.676502,-0.012582,0.735776,-216.264511,87.470779,95.561035
742,6.183333,-0.028727,0.676437,-0.012633,0.735832,-216.259415,87.464096,95.599068
743,6.191667,-0.028081,0.676268,-0.012543,0.736013,-216.256744,87.454140,95.640732
744,6.200000,-0.027478,0.675805,-0.011775,0.736474,-216.258316,87.440666,95.687378
745,6.208333,-0.027136,0.675315,-0.011515,0.736940,-216.259308,87.426460,95.729691
746,6.216667,-0.027256,0.675247,-0.011123,0.737004,-216.260712,87.414375,95.772736
747,6.225000,-0.027290,0.675363,-0.011182,0.736896,-216.262848,87.408569,95.810417
748,6.233333,-0.028584,0.675996,-0.014739,0.736203,-216.268845,87.407578,95.871300
749,6.241667,-0.027927,0.676202,-0.014853,0.736037,-216.265991,87.393066,95.909393
750,6.250000,-0.027187,0.676213,-0.014332,0.736065,-216.263062,87.381401,95.941010
751,6.258333,-0.025903,0.675961,-0.013386,0.736361,-216.263321,87.368202,95.972649
752,6.266667,-0.029109,0.676675,-0.012288,0.735603,-216.258743,87.329994,96.026405
753,6.275000,-0.029009,0.676786,-0.011630,0.735516,-216.252396,87.311371,96.071609
754,6.283333,-0.028550,0.676648,-0.011622,0.735661,-216.247269,87.300667,96.113907
755,6.291667,-0.028899,0.676439,-0.012443,0.735826,-216.246490,87.299896,96.154747
756,6.300000,-0.029398,0.676427,-0.012609,0.735815,-216.245621,87.295578,96.193573
757,6.308333,-0.031214,0.676241,-0.014246,0.735881,-216.247894,87.293503,96.235306
758,6.316667,-0.031683,0.676245,-0.015324,0.735836,-216.245102,87.285652,96.275452
759,6.325000,-0.030809,0.676289,-0.014765,0.735843,-216.237473,87.268356,96.312492
760,6.333333,-0.029904,0.676236,-0.013917,0.735947,-216.240524,87.256744,96.346024
761,6.341667,-0.029245,0.675796,-0.013112,0.736392,-216.244598,87.241203,96.382423
762,6.350000,-0.028184,0.675603,-0.012027,0.736629,-216.245621,87.228432,96.420197
763,6.358333,-0.027701,0.675457,-0.011756,0.736785,-216.245514,87.218216,96.460922
764,6.366667,-0.029225,0.675104,-0.013358,0.737023,-216.246918,87.216324,96.503387
765,6.375000,-0.029343,0.676318,-0.014414,0.735884,-216.252686,87.219971,96.558777
766,6.383333,-0.030272,0.676485,-0.015214,0.735677,-216.255264,87.208336,96.594933
767,6.391667,-0.031564,0.676002,-0.015639,0.736057,-216.255280,87.192993,96.624832
768,6.400000,-0.031340,0.675850,-0.015544,0.736208,-216.257309,87.182526,96.658943
769,6.408333,-0.028081,0.676673,-0.013401,0.735626,-216.260025,87.163528,96.707222
770,6.416667,-0.026487,0.676455,-0.011867,0.735912,-216.264297,87.143463,96.745750
771,6.425000,-0.025154,0.675963,-0.011092,0.736423,-216.267212,87.124130,96.784744
772,6.433333,-0.027872,0.676173,-0.010325,0.736143,-216.259460,87.089523,96.833282
773,6.441667,-0.028124,0.676081,-0.010188,0.736220,-216.257599,87.076401,96.868538
774,6.450000,-0.029291,0.675691,-0.011216,0.736518,-216.261215,87.074379,96.906837
775,6.458333,-0.029977,0.675507,-0.012026,0.736646,-216.258789,87.069557,96.942360
776,6.466667,-0.030382,0.675541,-0.012576,0.736589,-216.255905,87.060966,96.978531
777,6.475000,-0.030017,0.675599,-0.012531,0.736551,-216.254944,87.050491,97.015755
778,6.483333,-0.029719,0.675407,-0.012346,0.736743,-216.256927,87.040123,97.054054
779,6.491667,-0.029482,0.675152,-0.011853,0.736994,-216.258423,87.030914,97.093323
780,6.500000,-0.029300,0.674944,-0.011149,0.737203,-216.260986,87.018608,97.139587
781,6.508333,-0.028982,0.674767,-0.010886,0.737381,-216.264038,87.012497,97.177498
782,6.516667,-0.028101,0.675782,-0.010978,0.736484,-216.271179,87.009384,97.231194
783,6.525000,-0.027857,0.675930,-0.011472,0.736350,-216.272491,87.002113,97.267838
784,6.533333,-0.027159,0.676054,-0.011418,0.736263,-216.272858,86.991302,97.301048
785,6.541667,-0.026327,0.675976,-0.011349,0.736365,-216.275330,86.974709,97.332611
786,6.550000,-0.026083,0.675794,-0.011813,0.736534,-216.276093,86.956367,97.364563
787,6.558333,-0.026457,0.675637,-0.012504,0.736654,-216.277786,86.942146,97.401596
788,6.566667,-0.026513,0.675437,-0.012850,0.736829,-216.278076,86.930977,97.439178
789,6.575000,-0.026372,0.675259,-0.012383,0.737005,-216.279648,86.921661,97.482452
790,6.583333,-0.025131,0.675240,-0.011143,0.737085,-216.278763,86.905708,97.527504
791,6.591667,-0.024859,0.675075,-0.011045,0.737248,-216.280945,86.896027,97.560158
792,6.600000,-0.024613,0.674984,-0.008643,0.737371,-216.289688,86.897987,97.593018
793,6.608333,-0.024350,0.674837,-0.008253,0.737519,-216.293198,86.895142,97.625069
794,6.616667,-0.024556,0.674595,-0.010462,0.737705,-216.289780,86.874352,97.662285
795,6.625000,-0.027949,0.675124,-0.010599,0.737099,-216.285202,86.837921,97.707352
796,6.633333,-0.028545,0.675082,-0.011192,0.737105,-216.283585,86.820625,97.740707
797,6.641667,-0.028760,0.674888,-0.011436,0.737271,-216.281433,86.810860,97.779182
798,6.650000,-0.028666,0.675723,-0.011851,0.736502,-216.278320,86.807396,97.831848
799,6.658333,-0.028612,0.675847,-0.011780,0.736392,-216.270706,86.799660,97.875336
800,6.666667,-0.028067,0.675894,-0.011413,0.736376,-216.266449,86.790535,97.911270
801,6.675000,-0.027465,0.675876,-0.010746,0.736425,-216.267181,86.783562,97.943367
802,6.683333,-0.027499,0.675691,-0.010818,0.736592,-216.268784,86.778656,97.974518
803,6.691667,-0.026771,0.675692,-0.010649,0.736621,-216.267654,86.768242,98.003479
804,6.700000,-0.026289,0.675619,-0.010740,0.736703,-216.269272,86.759521,98.035172
805,6.708333,-0.026449,0.675459,-0.010766,0.736844,-216.269424,86.747993,98.069008
806,6.716667,-0.026262,0.675502,-0.011055,0.736807,-216.267471,86.735085,98.105019
807,6.725000,-0.026216,0.675359,-0.011443,0.736934,-216.268875,86.727676,98.144058
808,6.733333,-0.026887,0.675260,-0.011969,0.736992,-216.267319,86.720474,98.180214
809,6.741667,-0.026665,0.675109,-0.011019,0.737154,-216.268967,86.713120,98.217789
810,6.750000,-0.026312,0.674909,-0.010624,0.737355,-216.270401,86.706139,98.248993
811,6.758333,-0.026357,0.674917,-0.010736,0.737344,-216.271393,86.699951,98.279068
812,6.766667,-0.025980,0.674748,-0.010590,0.737515,-216.271515,86.694496,98.310074
813,6.775000,-0.024574,0.674868,-0.008858,0.737477,-216.272781,86.678108,98.342827
814,6.783333,-0.024591,0.674463,-0.010625,0.737822,-216.274124,86.655708,98.382545
815,6.791667,-0.024931,0.674272,-0.011494,0.737973,-216.277771,86.646667,98.413849
816,6.800000,-0.024726,0.675458,-0.012213,0.736882,-216.283508,86.644157,98.467148
817,6.808333,-0.024830,0.675278,-0.011840,0.737051,-216.286728,86.634979,98.504723
818,6.816667,-0.024341,0.674980,-0.011415,0.737346,-216.285736,86.627998,98.537605
819,6.825000,-0.023807,0.674792,-0.011451,0.737535,-216.280121,86.623779,98.571518
820,6.833333,-0.028058,0.675676,-0.011278,0.736578,-216.264725,86.594734,98.626068
821,6.841667,-0.028120,0.675612,-0.011562,0.736630,-216.258667,86.593559,98.661407
822,6.850000,-0.027942,0.675486,-0.011565,0.736752,-216.254135,86.587006,98.694778
823,6.858333,-0.027398,0.675458,-0.011189,0.736804,-216.250366,86.573387,98.724884
824,6.866667,-0.028992,0.675001,-0.013051,0.737131,-216.254898,86.574989,98.764297
825,6.875000,-0.028085,0.675373,-0.012516,0.736835,-216.248154,86.569199,98.799103
826,6.883333,-0.027742,0.675372,-0.012236,0.736854,-216.241501,86.564232,98.835480
827,6.891667,-0.027501,0.675053,-0.012153,0.737156,-216.238983,86.559517,98.872810
828,6.900000,-0.027355,0.674704,-0.012338,0.737479,-216.238953,86.557022,98.907646
829,6.908333,-0.026532,0.674487,-0.011715,0.737717,-216.240662,86.553757,98.941460
830,6.916667,-0.025833,0.674367,-0.011217,0.737859,-216.247040,86.544479,98.976067
831,6.925000,-0.025320,0.674369,-0.010397,0.737887,-216.254456,86.531487,99.009956
832,6.933333,-0.026317,0.673862,-0.012574,0.738282,-216.259415,86.524704,99.044022
833,6.941667,-0.027071,0.673865,-0.013775,0.738230,-216.258575,86.517197,99.076653
834,6.950000,-0.027127,0.673834,-0.014270,0.738247,-216.255402,86.510605,99.110588
835,6.958333,-0.026819,0.675284,-0.014883,0.736920,-216.253708,86.508003,99.163467
836,6.966667,-0.025257,0.675762,-0.013471,0.736564,-216.244980,86.485489,99.201874
837,6.975000,-0.025629,0.675410,-0.012652,0.736889,-216.235855,86.463867,99.225609
838,6.983333,-0.024710,0.675161,-0.012263,0.737154,-216.236664,86.448059,99.253670
839,6.991667,-0.023529,0.674827,-0.011588,0.737509,-216.238953,86.433388,99.280518
840,7.000000,-0.022651,0.675264,-0.011172,0.737144,-216.242508,86.422699,99.317589
841,7.008333,-0.022570,0.675090,-0.011450,0.737301,-216.242935,86.411118,99.348206
842,7.016667,-0.022252,0.675086,-0.011196,0.737318,-216.242004,86.400581,99.373970
843,7.025000,-0.026393,0.675486,-0.010723,0.736823,-216.232513,86.364204,99.413071
844,7.033333,-0.028099,0.675159,-0.012259,0.737035,-216.234085,86.358681,99.446228
845,7.041667,-0.028384,0.675173,-0.012987,0.736998,-216.232224,86.350220,99.478760
846,7.050000,-0.028478,0.675084,-0.013390,0.737070,-216.231995,86.340889,99.510071
847,7.058333,-0.027660,0.675151,-0.012929,0.737047,-216.227539,86.327225,99.533821
848,7.066667,-0.026880,0.675121,-0.011986,0.737120,-216.233994,86.316666,99.554535
849,7.075000,-0.026156,0.674772,-0.011178,0.737478,-216.241882,86.305923,99.567924
850,7.083333,-0.025592,0.674517,-0.010352,0.737743,-216.250641,86.296043,99.583740
851,7.091667,-0.025478,0.674355,-0.010058,0.737899,-216.252899,86.290695,99.600754
852,7.100000,-0.025626,0.674294,-0.010148,0.737948,-216.252975,86.290245,99.616585
853,7.108333,-0.025749,0.674325,-0.009993,0.737918,-216.250748,86.289314,99.633530
854,7.116667,-0.025839,0.674315,-0.009900,0.737925,-216.247177,86.287437,99.647041
855,7.125000,-0.025919,0.674268,-0.009773,0.737967,-216.245392,86.286507,99.660332
856,7.133333,-0.026208,0.674197,-0.009936,0.738020,-216.244293,86.286835,99.675545
857,7.141667,-0.026084,0.674221,-0.010158,0.737999,-216.241714,86.285194,99.685341
858,7.150000,-0.027761,0.673736,-0.011848,0.738355,-216.244751,86.292122,99.699364
859,7.158333,-0.028369,0.673636,-0.012596,0.738411,-216.243958,86.293053,99.709198
860,7.166667,-0.028321,0.673895,-0.012588,0.738177,-216.243576,86.289116,99.720772
861,7.175000,-0.028193,0.673991,-0.012657,0.738093,-216.242401,86.279961,99.729317
862,7.183333,-0.028096,0.673939,-0.013206,0.738134,-216.239670,86.266426,99.735611
863,7.191667,-0.028042,0.673942,-0.013372,0.738131,-216.238403,86.253632,99.741486
864,7.200000,-0.027874,0.674046,-0.013580,0.738038,-216.235931,86.238777,99.746475
865,7.208333,-0.027942,0.673999,-0.014286,0.738065,-216.232513,86.221657,99.752411
866,7.216667,-0.027848,0.674169,-0.014525,0.737909,-216.227386,86.202713,99.754868
867,7.225000,-0.026026,0.674553,-0.013153,0.737650,-216.218567,86.169205,99.761215
868,7.233333,-0.025027,0.674808,-0.012470,0.737464,-216.214462,86.133965,99.761292
869,7.241667,-0.024333,0.674787,-0.011716,0.737519,-216.215820,86.095978,99.757263
870,7.250000,-0.022996,0.674540,-0.010303,0.737808,-216.226608,86.054054,99.752441
871,7.258333,-0.021108,0.674302,-0.008609,0.738104,-216.235687,86.008423,99.747047
872,7.266667,-0.020396,0.674229,-0.008025,0.738197,-216.242523,85.965584,99.743683
873,7.275000,-0.023595,0.674715,-0.008039,0.737657,-216.241241,85.909264,99.755211
874,7.283333,-0.024675,0.674679,-0.008497,0.737650,-216.242676,85.869339,99.753357
875,7.291667,-0.024081,0.674698,-0.007918,0.737659,-216.242813,85.827744,99.749741
876,7.300000,-0.023894,0.674617,-0.007537,0.737743,-216.247009,85.791435,99.744278
877,7.308333,-0.024024,0.674494,-0.007371,0.737853,-216.250641,85.755936,99.740219
878,7.316667,-0.023569,0.674493,-0.007368,0.737868,-216.253693,85.721878,99.737579
879,7.325000,-0.022891,0.674369,-0.007163,0.738005,-216.253143,85.680847,99.734650
880,7.333333,-0.021761,0.674253,-0.006076,0.738155,-216.251953,85.637169,99.735199
881,7.341667,-0.018744,0.674321,-0.003681,0.738191,-216.247177,85.583939,99.736870
882,7.350000,-0.016105,0.674329,-0.002177,0.738252,-216.245102,85.533340,99.737831
883,7.358333,-0.015728,0.674424,-0.002094,0.738174,-216.249329,85.483620,99.733284
884,7.366667,-0.016145,0.674172,-0.005057,0.738381,-216.247528,85.424988,99.738724
885,7.375000,-0.016513,0.674210,-0.006137,0.738330,-216.252594,85.383575,99.741707
886,7.383333,-0.015688,0.674374,-0.005338,0.738204,-216.253021,85.338432,99.743195
887,7.391667,-0.018381,0.674745,-0.003868,0.737812,-216.247055,85.276939,99.759872
888,7.400000,-0.017749,0.674892,-0.003107,0.737697,-216.243393,85.238144,99.769852
889,7.408333,-0.016412,0.674709,-0.002498,0.737898,-216.240936,85.204979,99.780281
890,7.416667,-0.015570,0.674749,-0.001687,0.737881,-216.240189,85.176811,99.793381
891,7.425000,-0.015698,0.674768,-0.001827,0.737861,-216.240402,85.156311,99.805954
892,7.433333,-0.015496,0.674711,-0.001632,0.737918,-216.242569,85.146660,99.819481
893,7.441667,-0.015436,0.674724,-0.001148,0.737908,-216.242630,85.139740,99.834290
894,7.450000,-0.014199,0.674714,0.000088,0.737942,-216.242310,85.127274,99.856331
895,7.458333,-0.013949,0.674535,0.000596,0.738111,-216.244476,85.126785,99.877075
896,7.466667,-0.013919,0.674224,0.000229,0.738396,-216.244507,85.122147,99.898514
897,7.475000,-0.014086,0.674141,-0.000161,0.738468,-216.246338,85.125389,99.919334
898,7.483333,-0.014401,0.673980,-0.000111,0.738610,-216.247589,85.133835,99.937332
899,7.491667,-0.015076,0.673938,-0.000530,0.738633,-216.251892,85.150284,99.961517
900,7.500000,-0.015795,0.673913,-0.000728,0.738642,-216.256744,85.168182,99.982666
901,7.508333,-0.017176,0.673660,-0.001036,0.738841,-216.265060,85.190323,100.001076
902,7.516667,-0.019734,0.674962,-0.004379,0.737576,-216.281937,85.233185,100.042816
903,7.525000,-0.021025,0.674854,-0.004874,0.737635,-216.279892,85.257988,100.063194
904,7.533333,-0.020877,0.675042,-0.004169,0.737472,-216.278427,85.286064,100.088966
905,7.541667,-0.020369,0.675084,-0.003668,0.737451,-216.273315,85.313644,100.113235
906,7.550000,-0.020580,0.675034,-0.003350,0.737492,-216.269012,85.343132,100.136841
907,7.558333,-0.020735,0.674817,-0.003638,0.737684,-216.273834,85.374451,100.154831
908,7.566667,-0.021004,0.674803,-0.003929,0.737689,-216.276505,85.400200,100.178970
909,7.575000,-0.021107,0.674608,-0.004229,0.737862,-216.275238,85.421394,100.209892
910,7.583333,-0.021652,0.674511,-0.004803,0.737931,-216.276474,85.439224,100.234924
911,7.591667,-0.022039,0.674495,-0.004955,0.737933,-216.278198,85.450981,100.258408
912,7.600000,-0.022143,0.674317,-0.004905,0.738093,-216.279907,85.458878,100.279686
913,7.608333,-0.022059,0.674295,-0.004876,0.738116,-216.280533,85.466103,100.298622
914,7.616667,-0.022417,0.674123,-0.004835,0.738263,-216.282745,85.474380,100.319626
915,7.625000,-0.022503,0.673900,-0.004692,0.738465,-216.284225,85.481735,100.337860
916,7.633333,-0.022405,0.673664,-0.004642,0.738684,-216.286499,85.483429,100.355949
917,7.641667,-0.022331,0.673630,-0.004341,0.738719,-216.287872,85.479683,100.374352
918,7.650000,-0.022484,0.673327,-0.004385,0.738990,-216.290619,85.478561,100.391281
919,7.658333,-0.022415,0.673329,-0.004168,0.738992,-216.293884,85.477890,100.409271
920,7.666667,-0.021916,0.673213,-0.003659,0.739115,-216.294342,85.471336,100.422989
921,7.675000,-0.022431,0.673070,-0.003986,0.739228,-216.296555,85.468750,100.438271
922,7.683333,-0.022583,0.673184,-0.004090,0.739119,-216.297531,85.463211,100.452248
923,7.691667,-0.024293,0.672939,-0.005631,0.739278,-216.299011,85.463821,100.470963
924,7.700000,-0.024752,0.672997,-0.006269,0.739204,-216.299347,85.466515,100.487671
925,7.708333,-0.024540,0.672962,-0.006613,0.739240,-216.297729,85.459084,100.499916
926,7.716667,-0.024393,0.672930,-0.006389,0.739276,-216.298492,85.449074,100.510597
927,7.725000,-0.024476,0.672912,-0.006624,0.739287,-216.301346,85.440758,100.523148
928,7.733333,-0.024592,0.672782,-0.007583,0.739393,-216.299316,85.429314,100.534607
929,7.741667,-0.024325,0.672782,-0.007647,0.739401,-216.298538,85.420647,100.543785
930,7.750000,-0.024318,0.672856,-0.007755,0.739333,-216.300919,85.415405,100.552940
931,7.758333,-0.022133,0.673195,-0.005614,0.739112,-216.296341,85.396370,100.562325
932,7.766667,-0.021099,0.673140,-0.004872,0.739198,-216.294601,85.381355,100.567223
933,7.775000,-0.020861,0.672970,-0.004704,0.739361,-216.296265,85.372154,100.577011
934,7.783333,-0.020833,0.673105,-0.004860,0.739238,-216.292603,85.360718,100.583282
935,7.791667,-0.020380,0.673083,-0.004887,0.739270,-216.291626,85.347435,100.589439
936,7.800000,-0.018976,0.674610,-0.005367,0.737910,-216.301376,85.337982,100.611053
937,7.808333,-0.018919,0.674658,-0.005043,0.737870,-216.300034,85.315331,100.612511
938,7.816667,-0.019866,0.673189,-0.005244,0.739185,-216.291138,85.287659,100.604462
939,7.825000,-0.019224,0.673100,-0.005198,0.739283,-216.289230,85.266197,100.607216
940,7.833333,-0.017807,0.674395,-0.004983,0.738139,-216.297363,85.251259,100.622765
941,7.841667,-0.017533,0.674647,-0.004733,0.737917,-216.301010,85.239639,100.627121
942,7.850000,-0.018154,0.673621,-0.004249,0.738841,-216.295242,85.225883,100.613258
943,7.858333,-0.016894,0.674862,-0.003925,0.737740,-216.306549,85.225883,100.630615
944,7.866667,-0.016965,0.674954,-0.003711,0.737656,-216.312668,85.217644,100.638901
945,7.875000,-0.017737,0.674561,-0.003276,0.737999,-216.320755,85.194061,100.648941
946,7.883333,-0.017537,0.674337,-0.003190,0.738208,-216.336365,85.168602,100.656830
947,7.891667,-0.016878,0.674394,-0.002887,0.738173,-216.350632,85.138351,100.658051
948,7.900000,-0.016969,0.674040,-0.003743,0.738490,-216.370102,85.105011,100.657913
949,7.908333,-0.016561,0.673990,-0.003654,0.738546,-216.378693,85.073860,100.653717
950,7.916667,-0.019579,0.674388,-0.003435,0.738109,-216.378052,85.015198,100.661194
951,7.925000,-0.020969,0.674423,-0.003956,0.738036,-216.376587,84.960930,100.658562
952,7.933333,-0.021308,0.672713,-0.003767,0.739587,-216.369751,84.893562,100.632545
953,7.941667,-0.018961,0.672657,-0.002351,0.739708,-216.370102,84.823151,100.625214
954,7.950000,-0.017576,0.672651,-0.002132,0.739748,-216.367813,84.753761,100.615021
955,7.958333,-0.016822,0.672783,-0.002111,0.739645,-216.368484,84.697624,100.609634
956,7.966667,-0.016582,0.672906,-0.002655,0.739537,-216.369156,84.657928,100.604485
957,7.975000,-0.016501,0.672972,-0.002591,0.739480,-216.369751,84.630760,100.599739
958,7.983333,-0.016422,0.673017,-0.002354,0.739441,-216.372513,84.617844,100.596909
959,7.991667,-0.016160,0.672909,-0.002329,0.739545,-216.372925,84.608665,100.594452
960,8.000000,-0.016354,0.672858,-0.002355,0.739587,-216.372849,84.595886,100.594864
961,8.008333,-0.015722,0.672995,-0.002137,0.739477,-216.370682,84.585358,100.593475
962,8.016667,-0.015476,0.673002,-0.002118,0.739476,-216.367462,84.579750,100.592278
963,8.025000,-0.015875,0.673018,-0.002129,0.739453,-216.367416,84.588333,100.594315
964,8.033333,-0.016290,0.673004,-0.002372,0.739456,-216.365784,84.600761,100.594940
965,8.041667,-0.016568,0.672934,-0.002593,0.739513,-216.364960,84.612846,100.594223
966,8.050000,-0.016701,0.672913,-0.002697,0.739529,-216.365845,84.621094,100.596092
967,8.058333,-0.016898,0.672860,-0.002817,0.739571,-216.366837,84.620728,100.596199
968,8.066667,-0.016674,0.672822,-0.002704,0.739611,-216.369370,84.610901,100.597252
969,8.075000,-0.016379,0.672783,-0.002588,0.739654,-216.371399,84.596466,100.597084
970,8.083333,-0.015917,0.672807,-0.002511,0.739642,-216.373474,84.587303,100.597130
971,8.091667,-0.016064,0.672848,-0.002508,0.739602,-216.374207,84.586349,100.596939
972,8.100000,-0.016006,0.672822,-0.002322,0.739628,-216.374939,84.594933,100.596252
973,8.108333,-0.016263,0.672918,-0.002469,0.739535,-216.373688,84.604912,100.597321
974,8.116667,-0.016415,0.672917,-0.002490,0.739532,-216.373093,84.611198,100.597275
975,8.125000,-0.016439,0.672899,-0.002713,0.739547,-216.372986,84.614510,100.597206
976,8.133333,-0.016390,0.672829,-0.002554,0.739612,-216.371201,84.611137,100.595268
977,8.141667,-0.015990,0.672877,-0.002466,0.739577,-216.371674,84.603973,100.595535
978,8.150000,-0.015919,0.672845,-0.002573,0.739608,-216.370041,84.594002,100.594398
979,8.158333,-0.015727,0.672926,-0.002671,0.739538,-216.368835,84.590141,100.593315
980,8.166667,-0.015803,0.673078,-0.002972,0.739397,-216.368347,84.592400,100.594803
981,8.175000,-0.015734,0.672958,-0.003125,0.739507,-216.367340,84.599037,100.593842
982,8.183333,-0.015505,0.673080,-0.003104,0.739400,-216.367462,84.608551,100.594162
983,8.191667,-0.015448,0.673088,-0.003124,0.739394,-216.366608,84.611366,100.596252
984,8.200000,-0.015955,0.673041,-0.003574,0.739424,-216.366455,84.612167,100.595352
985,8.208333,-0.015688,0.672748,-0.004100,0.739694,-216.367584,84.605865,100.597260
986,8.216667,-0.015448,0.672835,-0.004071,0.739620,-216.367203,84.600395,100.595070
987,8.225000,-0.014913,0.672777,-0.004154,0.739683,-216.370728,84.594551,100.598503
988,8.233333,-0.014856,0.672914,-0.004283,0.739559,-216.371399,84.592987,100.597763
989,8.241667,-0.014677,0.672861,-0.004251,0.739611,-216.373260,84.596512,100.597397
990,8.250000,-0.014883,0.672817,-0.004617,0.739645,-216.372253,84.602654,100.598061
991,8.258333,-0.015149,0.672742,-0.004991,0.739705,-216.373444,84.606400,100.596466
992,8.266667,-0.014965,0.672922,-0.005829,0.739539,-216.367920,84.607368,100.596657
993,8.275000,-0.014676,0.672988,-0.006072,0.739483,-216.365143,84.602074,100.592651
994,8.283333,-0.014592,0.673102,-0.006555,0.739377,-216.360306,84.582344,100.592247
995,8.291667,-0.014047,0.673223,-0.006625,0.739277,-216.356354,84.542587,100.586403
996,8.300000,-0.013243,0.673497,-0.006905,0.739039,-216.352798,84.481483,100.583496
997,8.308333,-0.010564,0.673936,-0.006779,0.738684,-216.339142,84.427902,100.595894
998,8.316667,-0.006079,0.674716,-0.006146,0.738027,-216.318054,84.386742,100.624725
999,8.325000,-0.001493,0.674350,-0.004418,0.738397,-216.314987,84.336395,100.664261
1000,8.333333,-0.000071,0.674074,-0.001651,0.738662,-216.308777,84.274086,100.724937
1001,8.341667,-0.001082,0.675032,-0.000371,0.737788,-216.280319,84.252480,100.753929
1002,8.350000,-0.000073,0.677758,-0.000701,0.735284,-216.273834,84.264328,100.779686
1003,8.358333,-0.000685,0.677987,-0.000668,0.735074,-216.278244,84.266586,100.768028
1004,8.366667,-0.002978,0.676669,-0.000798,0.736281,-216.279221,84.262688,100.733032
1005,8.375000,-0.003835,0.676336,-0.000878,0.736583,-216.286087,84.260666,100.724113
1006,8.383333,-0.003614,0.676230,-0.000899,0.736681,-216.283722,84.257309,100.736145
1007,8.391667,-0.003130,0.676179,-0.000682,0.736730,-216.284943,84.258156,100.735580
1008,8.400000,-0.001650,0.677489,-0.000686,0.735531,-216.292114,84.265038,100.749245
1009,8.408333,-0.001583,0.677742,-0.000840,0.735297,-216.293045,84.266739,100.752518
1010,8.416667,-0.002596,0.676310,-0.000629,0.736612,-216.286118,84.260628,100.733902
1011,8.425000,-0.003432,0.676176,-0.000849,0.736732,-216.285706,84.257607,100.733162
1012,8.433333,-0.003236,0.676221,-0.000810,0.736691,-216.285614,84.258858,100.733879
1013,8.441667,-0.001813,0.677506,-0.000845,0.735515,-216.290741,84.266632,100.746513
1014,8.450000,-0.001547,0.677666,-0.001054,0.735367,-216.289734,84.267418,100.749603
1015,8.458333,-0.001680,0.677664,-0.000996,0.735370,-216.289307,84.266731,100.747696
1016,8.466667,-0.002797,0.676379,-0.000867,0.736548,-216.282150,84.262108,100.733879
1017,8.475000,-0.001703,0.677471,-0.000949,0.735547,-216.287689,84.268654,100.744629
1018,8.483333,-0.001458,0.677604,-0.000886,0.735425,-216.288300,84.268890,100.746773
1019,8.491667,-0.001911,0.676603,0.000009,0.736345,-216.280243,84.257149,100.733742
1020,8.500000,0.000027,0.678012,0.000695,0.735050,-216.280441,84.257439,100.747932
1021,8.508333,-0.000823,0.676836,0.000671,0.736133,-216.272690,84.252205,100.738190
1022,8.516667,-0.001693,0.676416,0.000249,0.736518,-216.269058,84.247177,100.737335
1023,8.525000,-0.000224,0.677568,-0.000297,0.735460,-216.274261,84.253471,100.754761
1024,8.533333,-0.000786,0.676510,-0.000076,0.736433,-216.269653,84.250679,100.745079
1025,8.541667,-0.000067,0.677664,-0.000276,0.735372,-216.276627,84.253159,100.758530
1026,8.550000,-0.000128,0.677777,-0.000510,0.735267,-216.277786,84.253624,100.757576
1027,8.558333,-0.001093,0.676402,-0.000519,0.736532,-216.270630,84.246170,100.742653
1028,8.566667,-0.001605,0.676187,-0.000587,0.736728,-216.264221,84.233917,100.743294
1029,8.575000,-0.001545,0.676199,-0.000325,0.736717,-216.267395,84.225960,100.743317
1030,8.583333,-0.001585,0.676301,-0.000062,0.736624,-216.268661,84.231430,100.737938
1031,8.591667,-0.001620,0.676322,-0.000107,0.736605,-216.267685,84.244598,100.738548
1032,8.600000,-0.001347,0.676230,-0.000673,0.736689,-216.265442,84.252426,100.738510
1033,8.608333,-0.001332,0.676295,-0.000337,0.736629,-216.268066,84.252724,100.738670
1034,8.616667,-0.001386,0.676239,-0.000221,0.736681,-216.268234,84.244583,100.741890
1035,8.625000,-0.001427,0.676200,-0.000300,0.736717,-216.270355,84.242340,100.737617
1036,8.633333,-0.001271,0.676194,-0.000226,0.736723,-216.272903,84.245857,100.733795
1037,8.641667,-0.001417,0.676267,-0.000273,0.736655,-216.273422,84.246918,100.732460
1038,8.650000,-0.001567,0.676261,-0.000518,0.736660,-216.274429,84.245796,100.734367
1039,8.658333,-0.001387,0.676269,-0.000286,0.736654,-216.274902,84.242035,100.734627
1040,8.666667,-0.001114,0.676466,0.002102,0.736470,-216.282227,84.250381,100.735710
1041,8.675000,-0.001207,0.676600,0.002567,0.736346,-216.284729,84.255211,100.732597
1042,8.683333,-0.001506,0.676192,0.000675,0.736723,-216.276688,84.244858,100.737610
1043,8.691667,-0.001774,0.676099,-0.000440,0.736809,-216.273956,84.236328,100.740829
1044,8.700000,-0.002062,0.676125,-0.000451,0.736784,-216.273666,84.232887,100.740204
1045,8.708333,-0.002232,0.676048,-0.000202,0.736854,-216.272614,84.232697,100.739349
1046,8.716667,-0.000599,0.677700,-0.000266,0.735338,-216.278076,84.245468,100.760826
1047,8.725000,-0.001789,0.676593,-0.000250,0.736355,-216.267136,84.237762,100.750587
1048,8.733333,-0.000553,0.677860,-0.000616,0.735190,-216.269943,84.243523,100.769958
1049,8.741667,-0.001664,0.676484,-0.000572,0.736455,-216.261215,84.235191,100.752731
1050,8.750000,-0.002443,0.676147,-0.000368,0.736763,-216.263077,84.233841,100.744942
1051,8.758333,-0.002539,0.676091,-0.000447,0.736814,-216.266174,84.236626,100.744965
1052,8.766667,-0.002502,0.675980,-0.000035,0.736916,-216.267471,84.232422,100.741936
1053,8.775000,-0.002467,0.676099,-0.000235,0.736807,-216.270325,84.228264,100.742279
1054,8.783333,-0.002309,0.676242,-0.000102,0.736676,-216.272568,84.226517,100.739883
1055,8.791667,-0.000301,0.677874,-0.000326,0.735178,-216.281082,84.238228,100.760117
1056,8.800000,-0.001846,0.676367,-0.000560,0.736562,-216.274353,84.232918,100.744331
1057,8.808333,-0.002663,0.676149,-0.000466,0.736760,-216.277313,84.229424,100.740028
1058,8.816667,-0.000993,0.677715,-0.000552,0.735324,-216.286880,84.238098,100.760994
1059,8.825000,-0.000791,0.677916,-0.000865,0.735138,-216.287994,84.239830,100.763596
1060,8.833333,-0.000909,0.677867,-0.000892,0.735184,-216.288132,84.239159,100.767044
1061,8.841667,-0.002146,0.676381,-0.000600,0.736549,-216.282028,84.228798,100.749207
1062,8.850000,-0.000578,0.677901,-0.000733,0.735152,-216.290253,84.235207,100.769279
1063,8.858333,-0.000351,0.677999,-0.000886,0.735062,-216.290314,84.236778,100.776115
1064,8.866667,-0.000642,0.677822,-0.000877,0.735225,-216.285843,84.234673,100.775970
1065,8.875000,-0.000290,0.677964,-0.000792,0.735094,-216.285538,84.238350,100.780548
1066,8.883333,-0.000247,0.677917,-0.000734,0.735138,-216.283157,84.237488,100.780235
1067,8.891667,-0.000382,0.677921,-0.000741,0.735135,-216.282181,84.237000,100.781296
1068,8.900000,-0.000394,0.677865,-0.000967,0.735186,-216.280609,84.238342,100.780853
1069,8.908333,-0.000597,0.677779,-0.001102,0.735264,-216.276733,84.235207,100.778137
1070,8.916667,-0.000249,0.677909,-0.001113,0.735145,-216.276031,84.236748,100.776924
1071,8.925000,-0.000386,0.677863,-0.001099,0.735188,-216.273880,84.236755,100.775215
1072,8.933333,-0.000367,0.677889,-0.001007,0.735163,-216.272598,84.236900,100.773468
1073,8.941667,-0.000304,0.677945,-0.000923,0.735112,-216.271713,84.237724,100.772537
1074,8.950000,-0.001754,0.676403,-0.000542,0.736530,-216.265411,84.228256,100.750145
1075,8.958333,-0.002361,0.676016,-0.000454,0.736883,-216.268295,84.224686,100.745667
1076,8.966667,-0.002377,0.676100,-0.000594,0.736806,-216.270111,84.222862,100.746643
1077,8.975000,-0.002371,0.676123,-0.000615,0.736785,-216.271393,84.223434,100.746826
1078,8.983333,-0.002416,0.676165,-0.000810,0.736746,-216.273361,84.222763,100.748337
1079,8.991667,-0.002454,0.676232,-0.000639,0.736684,-216.275528,84.221939,100.749634
1080,9.000000,0.000085,0.677969,-0.000748,0.735090,-216.283463,84.232971,100.773537
1081,9.008333,-0.000166,0.678052,-0.000988,0.735014,-216.282898,84.234055,100.777313
1082,9.016667,-0.000051,0.678082,-0.001211,0.734986,-216.283371,84.235352,100.782951
1083,9.025000,-0.000188,0.677940,-0.001008,0.735117,-216.282700,84.235695,100.780571
1084,9.033333,-0.000301,0.677868,-0.001133,0.735182,-216.282776,84.233475,100.781128
1085,9.041667,-0.000270,0.677835,-0.000939,0.735213,-216.284103,84.233025,100.781181
1086,9.050000,-0.000494,0.677853,-0.000972,0.735197,-216.283600,84.233215,100.778671
1087,9.058333,-0.000375,0.677830,-0.000890,0.735218,-216.283585,84.232040,100.781189
1088,9.066667,-0.000482,0.677829,-0.001011,0.735219,-216.281128,84.232903,100.778160
1089,9.075000,-0.000472,0.677858,-0.001059,0.735192,-216.277695,84.231880,100.778091
1090,9.083333,-0.000148,0.677895,-0.001229,0.735158,-216.276733,84.234734,100.776413
1091,9.091667,-0.001882,0.676387,-0.000825,0.736543,-216.268463,84.224754,100.755798
1092,9.100000,-0.000377,0.677885,-0.000686,0.735167,-216.275192,84.233139,100.771950
1093,9.108333,-0.001625,0.676669,-0.000729,0.736285,-216.268250,84.226593,100.756287
1094,9.116667,-0.002158,0.676332,-0.000681,0.736593,-216.266769,84.222763,100.751068
1095,9.125000,-0.002203,0.676235,-0.000429,0.736683,-216.267471,84.222054,100.749825
1096,9.133333,-0.002463,0.676054,-0.000418,0.736848,-216.266556,84.219513,100.749329
1097,9.141667,-0.000743,0.677584,-0.000991,0.735444,-216.273453,84.232727,100.772682
1098,9.150000,-0.000344,0.677841,-0.000881,0.735208,-216.272354,84.234261,100.775673
1099,9.158333,-0.000199,0.677883,-0.000967,0.735169,-216.273117,84.234627,100.778091
1100,9.166667,-0.000072,0.677899,-0.000927,0.735154,-216.273575,84.233910,100.779434
1101,9.175000,-0.000149,0.677866,-0.000798,0.735185,-216.275284,84.232773,100.780533
1102,9.183333,-0.001641,0.676354,-0.000966,0.736575,-216.270584,84.226730,100.763237
1103,9.191667,-0.000815,0.677637,-0.000988,0.735396,-216.278000,84.231346,100.776100
1104,9.200000,-0.001789,0.676358,-0.000968,0.736570,-216.272949,84.225777,100.761650
1105,9.208333,-0.000511,0.677570,-0.001024,0.735458,-216.277863,84.231247,100.774452
1106,9.216667,-0.000387,0.677839,-0.000855,0.735210,-216.278168,84.233391,100.774368
1107,9.225000,-0.001822,0.676401,-0.000660,0.736531,-216.271637,84.224945,100.756393
1108,9.233333,-0.000329,0.677704,-0.000568,0.735335,-216.276520,84.232399,100.768349
1109,9.241667,-0.000148,0.677927,-0.000479,0.735129,-216.275208,84.234360,100.770828
1110,9.250000,-0.001645,0.676472,-0.000513,0.736466,-216.267609,84.227356,100.751999
1111,9.258333,-0.000455,0.677699,-0.000705,0.735339,-216.273361,84.233765,100.765503
1112,9.266667,-0.000270,0.677909,-0.000972,0.735145,-216.271835,84.234283,100.767830
1113,9.275000,-0.001720,0.676370,-0.000674,0.736560,-216.264206,84.224052,100.749481
1114,9.283333,-0.002347,0.675961,-0.000491,0.736934,-216.266663,84.221519,100.745621
1115,9.291667,-0.002493,0.676089,-0.000153,0.736816,-216.267212,84.220001,100.746498
1116,9.300000,-0.000335,0.677700,-0.000461,0.735338,-216.274185,84.231323,100.769058
1117,9.308333,-0.001580,0.676428,-0.000547,0.736507,-216.267044,84.227249,100.755272
1118,9.316667,-0.002397,0.676023,-0.000581,0.736876,-216.267303,84.222351,100.751602
1119,9.325000,-0.000328,0.677843,-0.000615,0.735206,-216.276733,84.233734,100.775612
1120,9.333333,-0.000234,0.678026,-0.000832,0.735037,-216.274979,84.234444,100.777473
1121,9.341667,-0.002036,0.676279,-0.000777,0.736643,-216.267227,84.224815,100.758423
1122,9.350000,-0.002677,0.676016,-0.000742,0.736882,-216.269562,84.222382,100.752930
1123,9.358333,-0.002626,0.676154,-0.000587,0.736756,-216.270355,84.221611,100.752426
1124,9.366667,-0.000708,0.677680,-0.000754,0.735356,-216.275482,84.232628,100.769936
1125,9.375000,-0.001655,0.676561,-0.000645,0.736384,-216.267426,84.227730,100.755524
1126,9.383333,-0.002352,0.676186,-0.000755,0.736727,-216.267136,84.222710,100.750328
1127,9.391667,-0.002498,0.676092,-0.000671,0.736813,-216.266678,84.221649,100.746681
1128,9.400000,-0.002272,0.676167,-0.000360,0.736745,-216.265747,84.222641,100.746704
1129,9.408333,-0.002147,0.676184,-0.000599,0.736730,-216.265228,84.223320,100.746025
1130,9.416667,-0.002272,0.676111,-0.000574,0.736796,-216.263580,84.222183,100.742432
1131,9.425000,-0.000324,0.677705,-0.000779,0.735333,-216.270035,84.233665,100.763786
1132,9.433333,-0.000267,0.677941,-0.000896,0.735115,-216.269135,84.235634,100.768723
1133,9.441667,-0.000151,0.677988,-0.000796,0.735073,-216.269211,84.235909,100.771057
1134,9.450000,-0.002020,0.676319,-0.000972,0.736605,-216.264297,84.225975,100.752068
1135,9.458333,-0.002421,0.676225,-0.000805,0.736691,-216.268402,84.220680,100.747772
1136,9.466667,-0.000543,0.677741,-0.001176,0.735300,-216.277649,84.228088,100.766907
