Format Version,1.25,Take Name,Take 2025-11-27 11.57.15 AM,Take Notes,,Capture Frame Rate,120.000000,Export Frame Rate,120.000000,Capture Start Time,2025-11-27 11.57.16.494 AM,Capture Start Frame,386974,Total Frames in Take,1156,Total Exported Frames,1156,Rotation Type,Quaternion,Length Units,Centimeters,Coordinate Space,Global

,Type,Rigid Body,Rigid Body,Rigid Body,Rigid Body,Rigid Body,Rigid Body,Rigid Body
,Name,SEE_small,SEE_small,SEE_small,SEE_small,SEE_small,SEE_small,SEE_small
,ID,E70901BFC9E711F031C44B617C101B92,E70901BFC9E711F031C44B617C101B92,E70901BFC9E711F031C44B617C101B92,E70901BFC9E711F031C44B617C101B92,E70901BFC9E711F031C44B617C101B92,E70901BFC9E711F031C44B617C101B92,E70901BFC9E711F031C44B617C101B92
,Parent,,,,,,,
,,Rotation,Rotation,Rotation,Rotation,Position,Position,Position
Frame,Time (Seconds),X,Y,Z,W,X,Y,Z
0,0.000000,0.001019,0.672750,-0.007442,0.739832,-216.674301,84.320747,87.267509
1,0.008333,0.001021,0.673093,-0.007502,0.739519,-216.670959,84.319572,87.269440
2,0.016667,0.001097,0.673759,-0.007672,0.738910,-216.666916,84.322800,87.272392
3,0.025000,0.000959,0.673826,-0.007706,0.738849,-216.666077,84.322563,87.273361
4,0.033333,0.001257,0.673840,-0.007355,0.738839,-216.667801,84.323730,87.272118
5,0.041667,0.001572,0.673961,-0.007316,0.738729,-216.668869,84.324760,87.275879
6,0.050000,0.001644,0.673978,-0.007501,0.738712,-216.669769,84.325050,87.276894
7,0.058333,0.000972,0.673828,-0.007592,0.738848,-216.671844,84.321716,87.274078
8,0.066667,0.000609,0.673807,-0.007479,0.738869,-216.674637,84.319672,87.274109
9,0.075000,0.000431,0.673720,-0.007487,0.738949,-216.675186,84.319710,87.273941
10,0.083333,0.000760,0.673692,-0.007186,0.738977,-216.677994,84.320114,87.274452
11,0.091667,0.000942,0.673751,-0.007182,0.738923,-216.678497,84.320320,87.275291
12,0.100000,0.000802,0.673788,-0.006984,0.738891,-216.681808,84.318413,87.276009
13,0.108333,0.000394,0.673710,-0.007226,0.738961,-216.680740,84.317055,87.273911
14,0.116667,0.001014,0.673900,-0.006857,0.738790,-216.683243,84.320290,87.277603
15,0.125000,0.000927,0.673742,-0.006590,0.738937,-216.683411,84.319321,87.274086
16,0.133333,0.000614,0.673763,-0.006663,0.738917,-216.684814,84.316734,87.274826
17,0.141667,0.000555,0.673761,-0.006553,0.738920,-216.684906,84.316101,87.273872
18,0.150000,0.000446,0.673748,-0.006632,0.738931,-216.686432,84.315125,87.274361
19,0.158333,0.000351,0.673767,-0.006522,0.738915,-216.689514,84.313240,87.272926
20,0.166667,0.000453,0.673839,-0.006461,0.738850,-216.690643,84.313156,87.272774
21,0.175000,0.000252,0.673787,-0.006468,0.738897,-216.694046,84.313728,87.273956
22,0.183333,0.000393,0.673598,-0.006531,0.739069,-216.694397,84.314140,87.272552
23,0.191667,0.000455,0.673743,-0.006265,0.738939,-216.699097,84.313599,87.272842
24,0.200000,0.000209,0.673759,-0.006284,0.738925,-216.700317,84.313896,87.272781
25,0.208333,0.000348,0.673681,-0.006069,0.738997,-216.702133,84.312805,87.273987
26,0.216667,0.000295,0.673557,-0.006140,0.739110,-216.701340,84.312241,87.273399
27,0.225000,0.000316,0.673679,-0.005893,0.739001,-216.701767,84.312286,87.273766
28,0.233333,0.000317,0.673627,-0.005822,0.739048,-216.701431,84.312714,87.273926
29,0.241667,0.000175,0.673629,-0.005997,0.739045,-216.701431,84.312653,87.275269
30,0.250000,0.000186,0.673615,-0.006100,0.739058,-216.701172,84.313217,87.275047
31,0.258333,0.000053,0.673684,-0.006037,0.738995,-216.703979,84.312599,87.275681
32,0.266667,-0.000009,0.673744,-0.005917,0.738941,-216.704895,84.312279,87.274048
33,0.275000,0.000098,0.673702,-0.005654,0.738981,-216.706421,84.310776,87.274078
34,0.283333,0.000256,0.673735,-0.005470,0.738953,-216.705872,84.311508,87.272522
35,0.291667,0.000191,0.673771,-0.005563,0.738920,-216.706635,84.312187,87.273270
36,0.300000,-0.000195,0.673690,-0.005871,0.738991,-216.706711,84.313141,87.273499
37,0.308333,-0.000271,0.673694,-0.005870,0.738987,-216.706604,84.313232,87.272736
38,0.316667,-0.000258,0.673690,-0.005752,0.738992,-216.707260,84.312752,87.275223
39,0.325000,0.000043,0.673703,-0.005907,0.738979,-216.706635,84.314423,87.273483
40,0.333333,0.000081,0.673689,-0.005840,0.738992,-216.707520,84.312698,87.273338
41,0.341667,0.000022,0.673710,-0.005909,0.738972,-216.707687,84.312401,87.273964
42,0.350000,-0.000027,0.673757,-0.005874,0.738930,-216.707916,84.313293,87.275299
43,0.358333,0.000042,0.673623,-0.005765,0.739053,-216.708206,84.313179,87.274811
44,0.366667,-0.000094,0.673668,-0.006016,0.739010,-216.707703,84.313065,87.275681
45,0.375000,-0.000023,0.673783,-0.005951,0.738906,-216.707687,84.313553,87.275352
46,0.383333,0.000023,0.673719,-0.005922,0.738964,-216.708115,84.312569,87.275757
47,0.391667,0.000202,0.673784,-0.005750,0.738906,-216.707092,84.312950,87.275520
48,0.400000,0.000089,0.673740,-0.005784,0.738945,-216.707352,84.312973,87.275391
49,0.408333,-0.000092,0.673682,-0.005867,0.738998,-216.706940,84.312546,87.275597
50,0.416667,-0.000044,0.673672,-0.005911,0.739007,-216.707031,84.313255,87.275330
51,0.425000,0.000128,0.673691,-0.005827,0.738990,-216.706589,84.312363,87.275497
52,0.433333,-0.000066,0.673666,-0.005903,0.739012,-216.706421,84.312759,87.274567
53,0.441667,-0.000172,0.673730,-0.005977,0.738954,-216.707657,84.313606,87.274864
54,0.450000,-0.000153,0.673712,-0.006108,0.738969,-216.707748,84.314194,87.274490
55,0.458333,-0.000091,0.673655,-0.005994,0.739022,-216.707687,84.313110,87.274139
56,0.466667,-0.000196,0.673730,-0.006040,0.738953,-216.708328,84.312843,87.274780
57,0.475000,-0.000206,0.673671,-0.005999,0.739007,-216.707855,84.313141,87.273872
58,0.483333,-0.000212,0.673708,-0.005941,0.738974,-216.708344,84.313644,87.275482
59,0.491667,-0.000309,0.673632,-0.006067,0.739042,-216.708160,84.312752,87.274506
60,0.500000,-0.000147,0.673660,-0.006106,0.739016,-216.709183,84.312996,87.275230
61,0.508333,-0.000030,0.673720,-0.006065,0.738962,-216.708069,84.313354,87.275566
62,0.516667,0.000023,0.673662,-0.005928,0.739016,-216.708328,84.311958,87.275391
63,0.525000,-0.000214,0.673666,-0.005987,0.739011,-216.709305,84.312225,87.275436
64,0.533333,-0.000418,0.673605,-0.005957,0.739067,-216.708542,84.312370,87.274704
65,0.541667,-0.000191,0.673754,-0.005881,0.738933,-216.708725,84.311943,87.275383
66,0.550000,-0.000087,0.673755,-0.005978,0.738931,-216.709442,84.311501,87.275040
67,0.558333,-0.000098,0.673729,-0.006024,0.738954,-216.709930,84.311226,87.275276
68,0.566667,-0.000071,0.673630,-0.005831,0.739046,-216.708633,84.312492,87.273842
69,0.575000,-0.000306,0.673661,-0.005965,0.739016,-216.708023,84.311874,87.273827
70,0.583333,-0.000447,0.673618,-0.006279,0.739053,-216.708664,84.313011,87.274155
71,0.591667,-0.000434,0.673679,-0.006118,0.738999,-216.710571,84.312637,87.274109
72,0.600000,-0.000184,0.673684,-0.005830,0.738996,-216.710754,84.310936,87.272903
73,0.608333,-0.000151,0.673629,-0.005619,0.739049,-216.710754,84.309837,87.272385
74,0.616667,-0.000180,0.673725,-0.005526,0.738961,-216.711426,84.310822,87.273560
75,0.625000,-0.000234,0.673680,-0.005722,0.739001,-216.711472,84.311356,87.273376
76,0.633333,-0.000356,0.673676,-0.005966,0.739003,-216.711472,84.311668,87.273781
77,0.641667,-0.000374,0.673702,-0.005908,0.738980,-216.711502,84.309753,87.273903
78,0.650000,-0.000272,0.673592,-0.005798,0.739081,-216.711349,84.309616,87.273064
79,0.658333,-0.000293,0.673657,-0.005686,0.739022,-216.711090,84.310654,87.273521
80,0.666667,-0.000094,0.673720,-0.005729,0.738965,-216.712021,84.310707,87.275612
81,0.675000,-0.000025,0.673809,-0.005502,0.738885,-216.711517,84.310730,87.273880
82,0.683333,-0.000200,0.673685,-0.005709,0.738996,-216.712112,84.309509,87.275429
83,0.691667,-0.000142,0.673567,-0.005638,0.739105,-216.710907,84.308830,87.272606
84,0.700000,0.000051,0.673655,-0.005680,0.739024,-216.711472,84.309807,87.273972
85,0.708333,-0.000020,0.673675,-0.005688,0.739006,-216.710785,84.310165,87.273369
86,0.716667,0.000007,0.673798,-0.005717,0.738893,-216.711548,84.310631,87.274139
87,0.725000,0.000026,0.673773,-0.005914,0.738915,-216.711563,84.309784,87.273857
88,0.733333,0.000021,0.673760,-0.005753,0.738928,-216.711761,84.309120,87.272957
89,0.741667,0.000058,0.673791,-0.005755,0.738900,-216.711609,84.308823,87.273163
90,0.750000,-0.000020,0.673805,-0.005571,0.738888,-216.712067,84.309822,87.272522
91,0.758333,-0.000021,0.673784,-0.005714,0.738907,-216.711731,84.309921,87.272797
92,0.766667,-0.000107,0.673778,-0.005685,0.738912,-216.712234,84.310303,87.273613
93,0.775000,-0.000191,0.673732,-0.005659,0.738954,-216.711548,84.311150,87.273582
94,0.783333,-0.000051,0.673680,-0.005670,0.739001,-216.712067,84.309883,87.272545
95,0.791667,-0.000218,0.673775,-0.005777,0.738914,-216.711807,84.309975,87.274979
96,0.800000,0.000030,0.673684,-0.005569,0.738999,-216.711945,84.310921,87.274712
97,0.808333,-0.000059,0.673655,-0.005637,0.739025,-216.711685,84.311142,87.274429
98,0.816667,-0.000029,0.673695,-0.005587,0.738988,-216.712067,84.310493,87.274567
99,0.825000,0.000102,0.673750,-0.005569,0.738939,-216.711090,84.310425,87.274567
100,0.833333,0.000187,0.673805,-0.005473,0.738889,-216.711716,84.309799,87.275208
101,0.841667,-0.000098,0.673679,-0.005558,0.739003,-216.711044,84.310623,87.274757
102,0.850000,0.000040,0.673683,-0.005393,0.739000,-216.710831,84.310654,87.274414
103,0.858333,0.000126,0.673671,-0.005479,0.739011,-216.710449,84.310776,87.275246
104,0.866667,0.000054,0.673762,-0.005570,0.738927,-216.710876,84.309837,87.275101
105,0.875000,-0.000092,0.673682,-0.005416,0.739002,-216.710526,84.309166,87.272682
106,0.883333,-0.000147,0.673703,-0.005655,0.738980,-216.711090,84.309738,87.272690
107,0.891667,0.000018,0.673672,-0.005712,0.739008,-216.711334,84.310600,87.272667
108,0.900000,0.000020,0.673745,-0.005471,0.738944,-216.711777,84.309853,87.272667
109,0.908333,-0.000050,0.673768,-0.005382,0.738924,-216.711945,84.309334,87.272308
110,0.916667,-0.000018,0.673734,-0.005563,0.738953,-216.711548,84.310387,87.272903
111,0.925000,0.000063,0.673723,-0.005489,0.738963,-216.711472,84.311378,87.272385
112,0.933333,-0.000028,0.673742,-0.005575,0.738946,-216.711945,84.310799,87.273895
113,0.941667,-0.000057,0.673625,-0.005573,0.739053,-216.710617,84.309898,87.274498
114,0.950000,-0.000183,0.673720,-0.005814,0.738963,-216.710831,84.309509,87.276001
115,0.958333,-0.000035,0.673730,-0.005597,0.738956,-216.710907,84.309677,87.275078
116,0.966667,-0.000000,0.673820,-0.005506,0.738875,-216.710373,84.309341,87.275703
117,0.975000,-0.000100,0.673699,-0.005645,0.738984,-216.710922,84.308647,87.275955
118,0.983333,0.000058,0.673665,-0.005534,0.739017,-216.710999,84.310081,87.276154
119,0.991667,-0.000089,0.673694,-0.005645,0.738989,-216.711014,84.309769,87.276665
120,1.000000,-0.000153,0.673690,-0.005700,0.738992,-216.711502,84.309654,87.275467
121,1.008333,-0.000120,0.673744,-0.005678,0.738943,-216.713196,84.310036,87.276268
122,1.016667,-0.000172,0.673652,-0.005666,0.739027,-216.713791,84.309349,87.275192
123,1.025000,-0.000309,0.673719,-0.005627,0.738966,-216.714005,84.309814,87.274460
124,1.033333,-0.000383,0.673674,-0.005813,0.739005,-216.714813,84.310127,87.274765
125,1.041667,0.000067,0.673737,-0.005648,0.738949,-216.715195,84.310402,87.273003
126,1.050000,-0.000066,0.673751,-0.005615,0.738937,-216.714523,84.309837,87.272682
127,1.058333,-0.000086,0.673782,-0.005625,0.738909,-216.713211,84.311119,87.271851
128,1.066667,-0.000073,0.673742,-0.005680,0.738945,-216.712906,84.310745,87.272850
129,1.075000,0.000082,0.673730,-0.005588,0.738956,-216.713043,84.310478,87.272331
130,1.083333,0.000020,0.673743,-0.005463,0.738946,-216.711563,84.309181,87.273392
131,1.091667,0.000057,0.673776,-0.005296,0.738916,-216.711075,84.309044,87.273460
132,1.100000,0.000151,0.673734,-0.005416,0.738954,-216.710541,84.309532,87.274040
133,1.108333,-0.000052,0.673719,-0.005339,0.738969,-216.710236,84.308990,87.273941
134,1.116667,-0.000075,0.673714,-0.005480,0.738972,-216.710251,84.309273,87.274376
135,1.125000,-0.000001,0.673790,-0.005650,0.738902,-216.710709,84.308693,87.276619
136,1.133333,-0.000111,0.673747,-0.005697,0.738941,-216.711899,84.310181,87.276634
137,1.141667,-0.000181,0.673635,-0.005686,0.739043,-216.712021,84.310806,87.275589
138,1.150000,-0.000141,0.673631,-0.005685,0.739046,-216.712540,84.310745,87.275497
139,1.158333,-0.000137,0.673761,-0.005479,0.738929,-216.713684,84.309456,87.275772
140,1.166667,0.000018,0.673799,-0.005308,0.738896,-216.714554,84.309715,87.274689
141,1.175000,-0.000147,0.673673,-0.005626,0.739008,-216.714264,84.310364,87.274429
142,1.183333,-0.000229,0.673680,-0.005730,0.739001,-216.714386,84.309364,87.273247
143,1.191667,-0.000153,0.673680,-0.005604,0.739002,-216.714340,84.309425,87.272621
144,1.200000,-0.000178,0.673693,-0.005711,0.738989,-216.713806,84.309998,87.271622
145,1.208333,-0.000120,0.673766,-0.005527,0.738924,-216.713715,84.309959,87.272430
146,1.216667,-0.000175,0.673730,-0.005498,0.738957,-216.712433,84.309525,87.272644
147,1.225000,-0.000074,0.673754,-0.005473,0.738935,-216.712265,84.309166,87.272614
148,1.233333,-0.000009,0.673785,-0.005402,0.738907,-216.712051,84.310135,87.274399
149,1.241667,0.000061,0.673738,-0.005275,0.738951,-216.711288,84.310539,87.273613
150,1.250000,-0.000092,0.673760,-0.005582,0.738929,-216.711380,84.309181,87.274117
151,1.258333,-0.000020,0.673761,-0.005548,0.738929,-216.711899,84.308533,87.274620
152,1.266667,-0.000026,0.673739,-0.005509,0.738949,-216.711777,84.308693,87.274605
153,1.275000,-0.000255,0.673719,-0.005640,0.738966,-216.711777,84.308693,87.275047
154,1.283333,-0.000102,0.673737,-0.005657,0.738949,-216.712708,84.310471,87.276253
155,1.291667,-0.000009,0.673681,-0.005553,0.739001,-216.712997,84.308846,87.274918
156,1.300000,-0.000041,0.673734,-0.005611,0.738952,-216.713623,84.309517,87.275482
157,1.308333,0.000169,0.673678,-0.005553,0.739004,-216.713470,84.309517,87.272514
158,1.316667,0.000097,0.673662,-0.005617,0.739018,-216.713684,84.310509,87.272835
159,1.325000,-0.000108,0.673777,-0.005720,0.738912,-216.714172,84.310265,87.273636
160,1.333333,-0.000065,0.673755,-0.005732,0.738933,-216.714188,84.309708,87.273750
161,1.341667,-0.000090,0.673685,-0.005752,0.738996,-216.714020,84.308693,87.273010
162,1.350000,-0.000141,0.673745,-0.005706,0.738942,-216.712860,84.309036,87.272110
163,1.358333,-0.000030,0.673730,-0.005532,0.738957,-216.712875,84.309486,87.271957
164,1.366667,-0.000055,0.673740,-0.005556,0.738947,-216.712646,84.309593,87.273422
165,1.375000,-0.000187,0.673723,-0.005639,0.738963,-216.712311,84.309837,87.273155
166,1.383333,0.000063,0.673713,-0.005589,0.738972,-216.712479,84.309578,87.274269
167,1.391667,0.000149,0.673743,-0.005443,0.738946,-216.711884,84.309639,87.273781
168,1.400000,0.000013,0.673715,-0.005548,0.738970,-216.711670,84.309181,87.274780
169,1.408333,0.000130,0.673736,-0.005500,0.738952,-216.711609,84.309822,87.274414
170,1.416667,0.000012,0.673717,-0.005651,0.738968,-216.711838,84.308937,87.275848
171,1.425000,0.000152,0.673830,-0.005536,0.738866,-216.711853,84.309875,87.275574
172,1.433333,0.000101,0.673706,-0.005592,0.738979,-216.712646,84.310104,87.275917
173,1.441667,-0.000069,0.673746,-0.005546,0.738942,-216.712692,84.310516,87.275108
174,1.450000,-0.000070,0.673695,-0.005618,0.738988,-216.713257,84.309196,87.274712
175,1.458333,-0.000009,0.673712,-0.005755,0.738972,-216.713470,84.308723,87.274918
176,1.466667,0.000136,0.673791,-0.005550,0.738901,-216.713593,84.309334,87.273468
177,1.475000,0.000072,0.673784,-0.005467,0.738909,-216.712769,84.309578,87.273117
178,1.483333,0.000094,0.673761,-0.005448,0.738929,-216.713257,84.309441,87.273911
179,1.491667,0.000082,0.673763,-0.005484,0.738928,-216.713684,84.310158,87.273651
180,1.500000,-0.000021,0.673675,-0.005499,0.739007,-216.713211,84.308350,87.274323
181,1.508333,-0.000161,0.673782,-0.005589,0.738909,-216.712997,84.309319,87.274040
182,1.516667,-0.000103,0.673700,-0.005593,0.738984,-216.712906,84.309891,87.271873
183,1.525000,-0.000070,0.673745,-0.005623,0.738942,-216.713135,84.310158,87.274605
184,1.533333,-0.000001,0.673744,-0.005379,0.738945,-216.712997,84.309700,87.274208
185,1.541667,0.000009,0.673743,-0.005435,0.738946,-216.712646,84.309654,87.274277
186,1.550000,-0.000008,0.673729,-0.005569,0.738957,-216.712158,84.309448,87.274643
187,1.558333,0.000038,0.673727,-0.005509,0.738959,-216.712646,84.308846,87.274345
188,1.566667,0.000006,0.673697,-0.005637,0.738986,-216.712051,84.309059,87.274101
189,1.575000,0.000056,0.673734,-0.005490,0.738954,-216.712433,84.309311,87.274048
190,1.583333,0.000073,0.673616,-0.005325,0.739063,-216.712692,84.309128,87.273209
191,1.591667,0.000015,0.673699,-0.005430,0.738986,-216.713074,84.309029,87.274292
192,1.600000,0.000227,0.673681,-0.005569,0.739001,-216.713364,84.310081,87.272552
193,1.608333,0.000011,0.673774,-0.005669,0.738916,-216.713501,84.309547,87.274162
194,1.616667,0.000002,0.673681,-0.005740,0.739000,-216.713577,84.310081,87.273582
195,1.625000,-0.000063,0.673719,-0.005705,0.738966,-216.713837,84.309464,87.272606
196,1.633333,-0.000031,0.673771,-0.005647,0.738918,-216.713837,84.308640,87.272949
197,1.641667,-0.000016,0.673732,-0.005516,0.738955,-216.714127,84.309258,87.272118
198,1.650000,-0.000118,0.673601,-0.005640,0.739073,-216.713303,84.310303,87.272354
199,1.658333,-0.000173,0.673619,-0.005607,0.739058,-216.713196,84.310753,87.272797
200,1.666667,0.000106,0.673630,-0.005466,0.739049,-216.713364,84.310738,87.272087
201,1.675000,-0.000018,0.673759,-0.005342,0.738932,-216.713257,84.309143,87.272064
202,1.683333,0.000133,0.673784,-0.005319,0.738909,-216.712952,84.308716,87.272964
203,1.691667,-0.000032,0.673711,-0.005330,0.738976,-216.712952,84.308914,87.272812
204,1.700000,-0.000251,0.673708,-0.005525,0.738977,-216.712662,84.308624,87.273888
205,1.708333,-0.000186,0.673674,-0.005646,0.739007,-216.713196,84.309555,87.274208
206,1.716667,-0.000091,0.673691,-0.005513,0.738993,-216.712326,84.308533,87.273941
207,1.725000,0.000043,0.673675,-0.005566,0.739007,-216.712860,84.309891,87.274208
208,1.733333,0.000100,0.673693,-0.005443,0.738992,-216.713959,84.309494,87.273872
209,1.741667,0.000149,0.673754,-0.005564,0.738935,-216.713455,84.309105,87.273109
210,1.750000,0.000002,0.673814,-0.005634,0.738880,-216.713470,84.308609,87.273430
211,1.758333,-0.000131,0.673696,-0.005647,0.738987,-216.713364,84.308395,87.273453
212,1.766667,0.000122,0.673764,-0.005400,0.738927,-216.713898,84.311272,87.274094
213,1.775000,0.000054,0.673794,-0.005344,0.738900,-216.713898,84.310715,87.273476
214,1.783333,0.000044,0.673751,-0.005424,0.738938,-216.714020,84.312042,87.273201
215,1.791667,-0.000049,0.673755,-0.005500,0.738934,-216.713333,84.310699,87.273560
216,1.800000,-0.000087,0.673652,-0.005589,0.739028,-216.713455,84.310013,87.273643
217,1.808333,-0.000089,0.673745,-0.005676,0.738942,-216.713379,84.309586,87.273521
218,1.816667,0.000011,0.673728,-0.005445,0.738959,-216.713409,84.308922,87.273132
219,1.825000,-0.000137,0.673727,-0.005553,0.738959,-216.712997,84.308693,87.273590
220,1.833333,-0.000051,0.673704,-0.005460,0.738981,-216.713837,84.309509,87.273857
221,1.841667,-0.000004,0.673687,-0.005406,0.738997,-216.713303,84.309853,87.274643
222,1.850000,0.000038,0.673700,-0.005386,0.738986,-216.713089,84.309319,87.274971
223,1.858333,0.000055,0.673690,-0.005480,0.738993,-216.712860,84.309898,87.273941
224,1.866667,-0.000024,0.673705,-0.005685,0.738978,-216.713257,84.309929,87.275223
225,1.875000,-0.000308,0.673665,-0.005710,0.739015,-216.713898,84.309914,87.273491
226,1.883333,-0.000124,0.673707,-0.005658,0.738977,-216.714050,84.310020,87.274101
227,1.891667,-0.000083,0.673710,-0.005795,0.738973,-216.713806,84.311058,87.273651
228,1.900000,-0.000019,0.673718,-0.005575,0.738968,-216.714127,84.311020,87.273911
229,1.908333,-0.000017,0.673773,-0.005478,0.738918,-216.713898,84.309952,87.273476
230,1.916667,-0.000071,0.673690,-0.005622,0.738992,-216.713623,84.309830,87.272232
231,1.925000,-0.000185,0.673697,-0.005872,0.738984,-216.713577,84.310707,87.273636
232,1.933333,-0.000111,0.673686,-0.005654,0.738996,-216.713959,84.311798,87.271919
233,1.941667,-0.000300,0.673781,-0.005700,0.738909,-216.714355,84.310944,87.273575
234,1.950000,-0.000141,0.673720,-0.005511,0.738966,-216.713287,84.310104,87.272194
235,1.958333,-0.000064,0.673705,-0.005633,0.738979,-216.713531,84.308395,87.273781
236,1.966667,0.000208,0.673760,-0.005375,0.738930,-216.712982,84.309441,87.272530
237,1.975000,0.000250,0.673724,-0.005427,0.738963,-216.713531,84.308266,87.273712
238,1.983333,0.000110,0.673790,-0.005486,0.738903,-216.714340,84.309502,87.274330
239,1.991667,0.000019,0.673662,-0.005579,0.739018,-216.714142,84.309380,87.273735
240,2.000000,-0.000043,0.673691,-0.005662,0.738992,-216.714523,84.309326,87.274971
241,2.008333,-0.000066,0.673627,-0.005496,0.739051,-216.714996,84.309479,87.275055
242,2.016667,-0.000001,0.673577,-0.005499,0.739096,-216.716034,84.309296,87.275574
243,2.025000,0.000155,0.673687,-0.005424,0.738997,-216.717102,84.308640,87.277756
244,2.033333,0.000135,0.673649,-0.005378,0.739032,-216.717560,84.306946,87.276268
245,2.041667,0.000101,0.673618,-0.005346,0.739061,-216.717834,84.306831,87.275696
246,2.050000,0.000103,0.673701,-0.005141,0.738986,-216.720078,84.305878,87.275764
247,2.058333,0.000133,0.673627,-0.004971,0.739054,-216.720200,84.305588,87.277290
248,2.066667,0.000254,0.673631,-0.004745,0.739052,-216.723419,84.305122,87.280838
249,2.075000,0.000353,0.673576,-0.004600,0.739104,-216.725876,84.303154,87.282600
250,2.083333,0.000428,0.673524,-0.004331,0.739153,-216.729218,84.298737,87.287498
251,2.091667,0.000756,0.673591,-0.004059,0.739093,-216.731766,84.296402,87.293739
252,2.100000,0.001318,0.673464,-0.003805,0.739209,-216.732483,84.294472,87.300568
253,2.108333,0.001683,0.673454,-0.003558,0.739218,-216.733795,84.292389,87.308212
254,2.116667,0.001830,0.673444,-0.003260,0.739228,-216.733643,84.291328,87.316940
255,2.125000,0.002327,0.673300,-0.002495,0.739362,-216.732925,84.285728,87.328667
256,2.133333,0.003337,0.673335,-0.001739,0.739328,-216.734436,84.279160,87.340584
257,2.141667,0.004036,0.673417,-0.000916,0.739251,-216.737717,84.271103,87.352867
258,2.150000,0.004656,0.673497,0.000113,0.739176,-216.738754,84.264618,87.366394
259,2.158333,0.005103,0.673393,0.000936,0.739267,-216.742920,84.259682,87.386528
260,2.166667,0.005745,0.673353,0.001558,0.739297,-216.743896,84.254227,87.405357
261,2.175000,0.005948,0.673457,0.002031,0.739199,-216.743088,84.248604,87.422371
262,2.183333,0.006594,0.673664,0.002884,0.739003,-216.745117,84.246338,87.436798
263,2.191667,0.006958,0.673730,0.003323,0.738937,-216.744095,84.242401,87.448891
264,2.200000,0.007137,0.673760,0.003565,0.738907,-216.744644,84.242615,87.455002
265,2.208333,0.006905,0.673659,0.004073,0.738999,-216.747467,84.240074,87.459091
266,2.216667,0.007230,0.673730,0.004273,0.738930,-216.749405,84.241692,87.469780
267,2.225000,0.008873,0.674950,0.004442,0.737797,-216.755585,84.248703,87.491096
268,2.233333,0.009545,0.675149,0.004598,0.737605,-216.755249,84.249001,87.500641
269,2.241667,0.009586,0.675138,0.004817,0.737613,-216.752029,84.246689,87.506783
270,2.250000,0.010190,0.675171,0.005114,0.737573,-216.752167,84.245750,87.513054
271,2.258333,0.010209,0.675198,0.005408,0.737546,-216.752319,84.244934,87.517044
272,2.266667,0.010159,0.675022,0.005536,0.737707,-216.752533,84.244377,87.519676
273,2.275000,0.010382,0.675049,0.005473,0.737679,-216.751648,84.244415,87.526459
274,2.283333,0.010662,0.674995,0.005651,0.737724,-216.750626,84.242432,87.535606
275,2.291667,0.010931,0.674801,0.006093,0.737894,-216.749695,84.240318,87.545097
276,2.300000,0.011375,0.674735,0.006255,0.737946,-216.750763,84.239296,87.554993
277,2.308333,0.011824,0.674764,0.006736,0.737908,-216.750412,84.237701,87.563339
278,2.316667,0.012116,0.674806,0.006756,0.737865,-216.749161,84.236115,87.568504
279,2.325000,0.012340,0.674863,0.006720,0.737810,-216.747467,84.236984,87.573570
280,2.333333,0.012450,0.674612,0.006620,0.738038,-216.744370,84.237061,87.577431
281,2.341667,0.012389,0.674586,0.006575,0.738063,-216.743347,84.237213,87.579834
282,2.350000,0.012626,0.674632,0.006716,0.738016,-216.741776,84.237930,87.577721
283,2.358333,0.012531,0.674665,0.006509,0.737989,-216.738983,84.239159,87.573212
284,2.366667,0.012000,0.674675,0.005471,0.737997,-216.731812,84.241707,87.562561
285,2.375000,0.011605,0.674885,0.004422,0.737818,-216.726761,84.248131,87.543327
286,2.383333,0.011010,0.675009,0.003960,0.737717,-216.723221,84.251534,87.520889
287,2.391667,0.009645,0.673947,0.003649,0.738707,-216.716171,84.250877,87.479263
288,2.400000,0.008809,0.673645,0.002956,0.738996,-216.714661,84.252029,87.454239
289,2.408333,0.008694,0.673700,0.002335,0.738950,-216.714142,84.255638,87.440399
290,2.416667,0.008935,0.673494,0.002052,0.739136,-216.712830,84.260498,87.438232
291,2.425000,0.009632,0.673375,0.002409,0.739234,-216.714020,84.271065,87.446419
292,2.433333,0.009960,0.673430,0.002847,0.739178,-216.711563,84.293877,87.451591
293,2.441667,0.010433,0.673937,0.003422,0.738707,-216.705734,84.328766,87.462769
294,2.450000,0.011290,0.675473,0.003515,0.737290,-216.706711,84.383469,87.492851
295,2.458333,0.009892,0.675737,0.005980,0.737052,-216.702911,84.457253,87.510147
296,2.466667,0.007185,0.675655,0.004591,0.737169,-216.686462,84.534775,87.530289
297,2.475000,0.006371,0.675748,0.004193,0.737093,-216.672012,84.591164,87.544312
298,2.483333,0.010569,0.675350,0.004077,0.737410,-216.658829,84.668213,87.550446
299,2.491667,0.012118,0.675005,0.004545,0.737699,-216.650742,84.723076,87.560577
300,2.500000,0.011296,0.675222,0.003883,0.737518,-216.648560,84.777542,87.578583
301,2.508333,0.010721,0.675740,0.003344,0.737054,-216.656754,84.829773,87.599564
302,2.516667,0.009898,0.675705,0.002764,0.737100,-216.661407,84.884644,87.610489
303,2.525000,0.009292,0.675451,0.002711,0.737341,-216.661362,84.936272,87.619438
304,2.533333,0.008673,0.675348,0.002701,0.737443,-216.658829,84.982368,87.627098
305,2.541667,0.007666,0.675467,0.002433,0.737347,-216.650208,85.034996,87.633156
306,2.550000,0.006142,0.675629,0.002019,0.737213,-216.641754,85.094849,87.638870
307,2.558333,0.004839,0.675299,0.002182,0.737525,-216.635010,85.163727,87.649246
308,2.566667,0.004302,0.675321,0.002142,0.737509,-216.630737,85.233063,87.659622
309,2.575000,0.004407,0.675306,0.001891,0.737522,-216.625427,85.302254,87.673782
310,2.583333,0.007755,0.675128,0.001219,0.737659,-216.623825,85.387329,87.681129
311,2.591667,0.007286,0.675103,-0.000250,0.737687,-216.620255,85.457726,87.688049
312,2.600000,0.006437,0.675139,-0.000420,0.737662,-216.616150,85.513481,87.696770
313,2.608333,0.005558,0.675134,0.000125,0.737675,-216.612625,85.558723,87.704887
314,2.616667,0.004972,0.675063,0.000553,0.737743,-216.607834,85.602867,87.708740
315,2.625000,0.004303,0.675180,0.000617,0.737640,-216.602966,85.642349,87.714859
316,2.633333,0.003884,0.675124,0.000309,0.737694,-216.595642,85.683441,87.723579
317,2.641667,0.003434,0.675148,0.000577,0.737674,-216.587479,85.729530,87.730675
318,2.650000,0.003114,0.674971,0.000246,0.737838,-216.580124,85.780991,87.740166
319,2.658333,0.002592,0.674795,-0.000236,0.738001,-216.569778,85.841042,87.750031
320,2.666667,0.001577,0.674748,-0.000700,0.738046,-216.559845,85.898880,87.761047
321,2.675000,0.004141,0.674947,-0.001757,0.737853,-216.556580,85.983757,87.765968
322,2.683333,0.004022,0.675108,-0.003201,0.737701,-216.547943,86.052292,87.770180
323,2.691667,0.002864,0.675020,-0.003741,0.737785,-216.543365,86.106407,87.778709
324,2.700000,0.003156,0.676610,-0.003541,0.736327,-216.553314,86.156601,87.796082
325,2.708333,0.002386,0.675628,-0.002273,0.737235,-216.546463,86.196289,87.784607
326,2.716667,0.003763,0.676923,-0.001796,0.736042,-216.551392,86.254951,87.797073
327,2.725000,0.002940,0.677053,-0.002797,0.735923,-216.549210,86.307945,87.803131
328,2.733333,0.000712,0.676945,-0.002229,0.736030,-216.548737,86.385353,87.810966
329,2.741667,-0.000906,0.676914,-0.002955,0.736056,-216.540985,86.450424,87.817780
330,2.750000,-0.002016,0.676941,-0.003742,0.736025,-216.537308,86.510628,87.823334
331,2.758333,-0.002445,0.676944,-0.004092,0.736019,-216.533997,86.565521,87.828323
332,2.766667,0.001238,0.676623,-0.004390,0.736315,-216.533325,86.638008,87.824043
333,2.775000,0.001799,0.676398,-0.004840,0.736519,-216.529877,86.691086,87.827049
334,2.783333,-0.000174,0.676298,-0.005703,0.736606,-216.523560,86.733192,87.835114
335,2.791667,-0.001878,0.676282,-0.006538,0.736611,-216.520309,86.772003,87.840172
336,2.800000,-0.002829,0.677119,-0.007714,0.735828,-216.523834,86.821075,87.854073
337,2.808333,-0.003601,0.676888,-0.008442,0.736029,-216.522171,86.863472,87.858475
338,2.816667,-0.004188,0.676815,-0.008469,0.736093,-216.520599,86.905937,87.862213
339,2.825000,-0.005171,0.676785,-0.008571,0.736113,-216.519470,86.946793,87.864098
340,2.833333,-0.005734,0.676984,-0.006895,0.735943,-216.516373,86.996262,87.859238
341,2.841667,-0.006027,0.676568,-0.007178,0.736320,-216.514343,87.037766,87.861000
342,2.850000,-0.006644,0.676659,-0.008057,0.736223,-216.513016,87.073868,87.865944
343,2.858333,-0.007387,0.676583,-0.008343,0.736282,-216.509125,87.112595,87.863914
344,2.866667,-0.008403,0.676533,-0.007984,0.736321,-216.508728,87.147491,87.867920
345,2.875000,-0.008499,0.676737,-0.008117,0.736131,-216.506195,87.183586,87.871101
346,2.883333,-0.008845,0.676981,-0.008780,0.735895,-216.503403,87.218529,87.875595
347,2.891667,-0.009157,0.677034,-0.009507,0.735834,-216.498184,87.250969,87.878265
348,2.900000,-0.006097,0.677163,-0.010626,0.735731,-216.495728,87.303596,87.877960
349,2.908333,-0.005312,0.677149,-0.011412,0.735738,-216.490631,87.342247,87.882736
350,2.916667,-0.005748,0.677113,-0.011261,0.735771,-216.483719,87.369965,87.886719
351,2.925000,-0.006134,0.677026,-0.010937,0.735852,-216.482544,87.390907,87.889069
352,2.933333,-0.006295,0.676875,-0.011022,0.735988,-216.480804,87.410637,87.890213
353,2.941667,-0.006454,0.676931,-0.011153,0.735934,-216.479843,87.427315,87.895218
354,2.950000,-0.006521,0.676829,-0.011143,0.736027,-216.479034,87.443047,87.895538
355,2.958333,-0.006974,0.676758,-0.011080,0.736089,-216.478638,87.461189,87.899147
356,2.966667,-0.007387,0.676552,-0.011364,0.736270,-216.478302,87.483574,87.901299
357,2.975000,-0.007599,0.676514,-0.011180,0.736306,-216.478821,87.509117,87.901535
358,2.983333,-0.008020,0.676317,-0.011229,0.736482,-216.479233,87.537254,87.902473
359,2.991667,-0.009074,0.676274,-0.011083,0.736511,-216.478104,87.568649,87.903114
360,3.000000,-0.009917,0.676152,-0.011371,0.736607,-216.475266,87.598694,87.906670
361,3.008333,-0.010760,0.676082,-0.011654,0.736656,-216.473679,87.626732,87.908974
362,3.016667,-0.011290,0.676057,-0.012081,0.736664,-216.472275,87.648857,87.909737
363,3.025000,-0.011913,0.675997,-0.012344,0.736705,-216.469711,87.664207,87.908661
364,3.033333,-0.012300,0.676088,-0.012521,0.736612,-216.467621,87.677673,87.908913
365,3.041667,-0.012475,0.676272,-0.012558,0.736439,-216.462204,87.693192,87.909668
366,3.050000,-0.013398,0.676269,-0.013206,0.736414,-216.457504,87.713898,87.909637
367,3.058333,-0.013640,0.676386,-0.013316,0.736301,-216.452164,87.737877,87.911621
368,3.066667,-0.013492,0.676419,-0.013317,0.736273,-216.447327,87.762848,87.913162
369,3.075000,-0.013381,0.676462,-0.013308,0.736236,-216.441940,87.788315,87.916275
370,3.083333,-0.012954,0.676549,-0.012924,0.736171,-216.440079,87.818207,87.917191
371,3.091667,-0.012422,0.676531,-0.012428,0.736204,-216.438934,87.848404,87.917892
372,3.100000,-0.012283,0.676556,-0.012116,0.736189,-216.438889,87.871201,87.919197
373,3.108333,-0.012392,0.676390,-0.012309,0.736336,-216.436600,87.887459,87.918663
374,3.116667,-0.008737,0.676490,-0.012856,0.736288,-216.438843,87.927246,87.918808
375,3.125000,-0.007606,0.676379,-0.012965,0.736401,-216.434937,87.952408,87.919281
376,3.133333,-0.007698,0.676320,-0.012596,0.736460,-216.431168,87.970314,87.920990
377,3.141667,-0.008113,0.676364,-0.012062,0.736424,-216.429062,87.985703,87.921616
378,3.150000,-0.008478,0.676302,-0.012221,0.736475,-216.428284,88.003906,87.922333
379,3.158333,-0.008938,0.676432,-0.012146,0.736351,-216.427948,88.020729,87.922623
380,3.166667,-0.009068,0.676362,-0.012209,0.736412,-216.425079,88.032310,87.921310
381,3.175000,-0.009331,0.676393,-0.012457,0.736376,-216.418625,88.040901,87.920059
382,3.183333,-0.009364,0.676563,-0.012578,0.736218,-216.409180,88.057198,87.916992
383,3.191667,-0.010026,0.676841,-0.013135,0.735944,-216.394669,88.083420,87.915909
384,3.200000,-0.011212,0.677231,-0.014432,0.735544,-216.374619,88.129997,87.916985
385,3.208333,-0.011835,0.677380,-0.014816,0.735389,-216.351181,88.192635,87.919662
386,3.216667,-0.013007,0.677419,-0.014410,0.735341,-216.315323,88.272331,87.924232
387,3.225000,-0.015078,0.677512,-0.014955,0.735205,-216.285675,88.352928,87.932030
388,3.233333,-0.016905,0.678067,-0.015960,0.734632,-216.262100,88.429153,87.940552
389,3.241667,-0.018555,0.678242,-0.016846,0.734411,-216.251511,88.487915,87.944664
390,3.250000,-0.019293,0.678183,-0.017160,0.734440,-216.252655,88.533760,87.946526
391,3.258333,-0.019176,0.678060,-0.017235,0.734554,-216.264084,88.575890,87.944115
392,3.266667,-0.015758,0.678088,-0.017766,0.734597,-216.275925,88.637550,87.940125
393,3.275000,-0.014614,0.678117,-0.018435,0.734578,-216.280029,88.688728,87.938560
394,3.283333,-0.015446,0.678125,-0.018929,0.734541,-216.279312,88.723450,87.938843
395,3.291667,-0.016640,0.678008,-0.018921,0.734622,-216.276855,88.753937,87.937538
396,3.300000,-0.017913,0.678038,-0.019518,0.734549,-216.274734,88.783333,87.935829
397,3.308333,-0.018726,0.677883,-0.019992,0.734660,-216.275162,88.811043,87.935661
398,3.316667,-0.019558,0.677892,-0.020290,0.734621,-216.279648,88.830643,87.935699
399,3.325000,-0.020598,0.677672,-0.020949,0.734778,-216.284698,88.847397,87.932899
400,3.333333,-0.020882,0.677627,-0.021185,0.734804,-216.286804,88.862572,87.931694
401,3.341667,-0.020950,0.677611,-0.021089,0.734820,-216.286118,88.873604,87.934044
402,3.350000,-0.020816,0.677737,-0.020962,0.734711,-216.283539,88.884247,87.933418
403,3.358333,-0.020798,0.677794,-0.020867,0.734662,-216.281708,88.888214,87.935699
404,3.366667,-0.020872,0.677756,-0.020691,0.734700,-216.282440,88.883942,87.935188
405,3.375000,-0.020815,0.677681,-0.020719,0.734769,-216.283005,88.875526,87.935730
406,3.383333,-0.020721,0.677715,-0.020813,0.734738,-216.283035,88.869308,87.935272
407,3.391667,-0.020755,0.677760,-0.020817,0.734695,-216.281097,88.868607,87.935944
408,3.400000,-0.020888,0.677798,-0.021111,0.734648,-216.278259,88.873230,87.937904
409,3.408333,-0.020753,0.677825,-0.020973,0.734631,-216.276093,88.880432,87.937798
410,3.416667,-0.020801,0.677790,-0.020827,0.734666,-216.275818,88.884262,87.936333
411,3.425000,-0.020901,0.677766,-0.020724,0.734688,-216.275284,88.882812,87.936714
412,3.433333,-0.021000,0.677711,-0.020804,0.734734,-216.276505,88.876015,87.937859
413,3.441667,-0.020869,0.677725,-0.020900,0.734722,-216.277267,88.872025,87.935791
414,3.450000,-0.020935,0.677813,-0.020853,0.734641,-216.278076,88.870888,87.934753
415,3.458333,-0.020946,0.677776,-0.020813,0.734676,-216.278503,88.875404,87.933876
416,3.466667,-0.020794,0.677759,-0.020614,0.734701,-216.279480,88.880402,87.933365
417,3.475000,-0.020723,0.677750,-0.020618,0.734711,-216.282471,88.880569,87.933296
418,3.483333,-0.020769,0.677771,-0.020686,0.734688,-216.284103,88.877457,87.934280
419,3.491667,-0.020773,0.677737,-0.020843,0.734716,-216.284485,88.873703,87.934494
420,3.500000,-0.020721,0.677794,-0.020940,0.734662,-216.283920,88.871300,87.935089
421,3.508333,-0.020582,0.677840,-0.021026,0.734621,-216.283066,88.874939,87.935982
422,3.516667,-0.020691,0.677747,-0.020853,0.734708,-216.282364,88.878517,87.936035
423,3.525000,-0.020699,0.677757,-0.020737,0.734702,-216.282135,88.879898,87.936554
424,3.533333,-0.020715,0.677689,-0.020684,0.734766,-216.281006,88.876984,87.937180
425,3.541667,-0.020820,0.677805,-0.020650,0.734657,-216.279984,88.874924,87.938408
426,3.550000,-0.020708,0.677863,-0.020754,0.734603,-216.279129,88.873291,87.938408
427,3.558333,-0.020720,0.677809,-0.020900,0.734649,-216.278717,88.873619,87.939323
428,3.566667,-0.020806,0.677804,-0.021003,0.734648,-216.276718,88.876137,87.938019
429,3.575000,-0.020773,0.677750,-0.020911,0.734702,-216.277069,88.878548,87.936974
430,3.583333,-0.020934,0.677800,-0.020697,0.734657,-216.276505,88.878494,87.936234
431,3.591667,-0.020887,0.677841,-0.020752,0.734619,-216.277267,88.877556,87.936615
432,3.600000,-0.021000,0.677768,-0.020849,0.734680,-216.276840,88.876183,87.936089
433,3.608333,-0.020797,0.677790,-0.020944,0.734663,-216.278107,88.874458,87.934708
434,3.616667,-0.020760,0.677787,-0.020844,0.734670,-216.278976,88.873688,87.933838
435,3.625000,-0.020701,0.677802,-0.020696,0.734662,-216.280945,88.876297,87.934151
436,3.633333,-0.020659,0.677787,-0.020506,0.734682,-216.282318,88.877853,87.934128
437,3.641667,-0.020864,0.677761,-0.020671,0.734695,-216.282104,88.877960,87.934586
438,3.650000,-0.020985,0.677730,-0.020825,0.734716,-216.282684,88.875908,87.936249
439,3.658333,-0.020857,0.677834,-0.020951,0.734621,-216.282394,88.874855,87.937637
440,3.666667,-0.020774,0.677811,-0.020919,0.734645,-216.281677,88.874702,87.936989
441,3.675000,-0.020848,0.677857,-0.020802,0.734603,-216.281128,88.875481,87.938347
442,3.683333,-0.020996,0.677781,-0.020743,0.734671,-216.280060,88.877930,87.938599
443,3.691667,-0.021051,0.677816,-0.020806,0.734636,-216.278717,88.879234,87.938713
444,3.700000,-0.020951,0.677831,-0.020807,0.734625,-216.278595,88.877296,87.939392
445,3.708333,-0.020895,0.677750,-0.020821,0.734701,-216.278366,88.874840,87.939163
446,3.716667,-0.020826,0.677730,-0.020872,0.734720,-216.277863,88.874313,87.937759
447,3.725000,-0.020706,0.677781,-0.020798,0.734677,-216.276733,88.875748,87.937279
448,3.733333,-0.020732,0.677820,-0.020872,0.734639,-216.275925,88.876411,87.937050
449,3.741667,-0.020804,0.677835,-0.020959,0.734621,-216.276459,88.876610,87.936768
450,3.750000,-0.020963,0.677798,-0.021052,0.734648,-216.276810,88.876656,87.935616
451,3.758333,-0.021121,0.677813,-0.021062,0.734629,-216.276688,88.874718,87.935493
452,3.766667,-0.020909,0.677688,-0.020854,0.734756,-216.277069,88.874054,87.934822
453,3.775000,-0.020849,0.677775,-0.020750,0.734681,-216.278107,88.874435,87.935204
454,3.783333,-0.020840,0.677864,-0.020792,0.734598,-216.278671,88.875160,87.935310
455,3.791667,-0.020529,0.677922,-0.020651,0.734557,-216.280396,88.876335,87.936447
456,3.800000,-0.020690,0.677775,-0.020798,0.734684,-216.280289,88.876640,87.936928
457,3.808333,-0.020975,0.677649,-0.020934,0.734788,-216.279953,88.876053,87.937965
458,3.816667,-0.021014,0.677761,-0.021042,0.734681,-216.280289,88.874870,87.939362
459,3.825000,-0.020820,0.677830,-0.020996,0.734624,-216.280823,88.874168,87.939255
460,3.833333,-0.020671,0.677753,-0.021028,0.734698,-216.280411,88.875626,87.938324
461,3.841667,-0.020795,0.677855,-0.020887,0.734605,-216.277695,88.878326,87.939110
462,3.850000,-0.020966,0.677851,-0.020770,0.734607,-216.278214,88.878059,87.939850
463,3.858333,-0.020878,0.677903,-0.020678,0.734564,-216.277237,88.877670,87.939926
464,3.866667,-0.020717,0.677871,-0.020569,0.734601,-216.276733,88.875404,87.939026
465,3.875000,-0.020712,0.677854,-0.020802,0.734610,-216.276031,88.876434,87.937698
466,3.883333,-0.020939,0.677825,-0.020912,0.734628,-216.276688,88.875397,87.937256
467,3.891667,-0.020887,0.677780,-0.020961,0.734669,-216.276199,88.876053,87.936897
468,3.900000,-0.020977,0.677781,-0.020833,0.734669,-216.275482,88.876320,87.935844
469,3.908333,-0.020906,0.677798,-0.020772,0.734657,-216.275757,88.878380,87.936035
470,3.916667,-0.021001,0.677809,-0.020748,0.734645,-216.276688,88.877144,87.935394
471,3.925000,-0.021016,0.677809,-0.020847,0.734642,-216.276733,88.876953,87.935921
472,3.933333,-0.020980,0.677807,-0.020600,0.734652,-216.277222,88.876656,87.935417
473,3.941667,-0.020817,0.677873,-0.020648,0.734594,-216.278595,88.876434,87.936508
474,3.950000,-0.020817,0.677798,-0.020811,0.734659,-216.278961,88.877457,87.937325
475,3.958333,-0.020952,0.677819,-0.020921,0.734632,-216.279388,88.878143,87.938248
476,3.966667,-0.021024,0.677788,-0.020843,0.734661,-216.280014,88.877991,87.938713
477,3.975000,-0.020959,0.677736,-0.020983,0.734707,-216.279312,88.877365,87.939796
478,3.983333,-0.020914,0.677797,-0.020881,0.734655,-216.279129,88.877060,87.939888
479,3.991667,-0.020988,0.677758,-0.020823,0.734691,-216.278961,88.877464,87.939667
480,4.000000,-0.020889,0.677836,-0.020657,0.734626,-216.279175,88.877388,87.939232
481,4.008333,-0.020903,0.677750,-0.020546,0.734708,-216.276855,88.876152,87.938393
482,4.016667,-0.021073,0.677733,-0.020788,0.734712,-216.276901,88.875458,87.938202
483,4.025000,-0.020942,0.677780,-0.020910,0.734669,-216.276306,88.876358,87.937393
484,4.033333,-0.021103,0.677791,-0.020915,0.734654,-216.275955,88.875580,87.936165
485,4.041667,-0.021040,0.677797,-0.020906,0.734651,-216.276260,88.875816,87.935783
486,4.050000,-0.020975,0.677789,-0.020848,0.734662,-216.276093,88.877716,87.936508
487,4.058333,-0.020915,0.677801,-0.020934,0.734650,-216.276550,88.879524,87.936935
488,4.066667,-0.020953,0.677730,-0.020830,0.734717,-216.276520,88.882172,87.937729
489,4.075000,-0.020889,0.677835,-0.020744,0.734625,-216.276978,88.886330,87.941452
490,4.083333,-0.020795,0.677910,-0.020635,0.734561,-216.278381,88.892624,87.946823
491,4.091667,-0.020934,0.677855,-0.020610,0.734608,-216.278580,88.901642,87.950272
492,4.100000,-0.020724,0.677600,-0.020437,0.734854,-216.279099,88.908661,87.960236
493,4.108333,-0.020897,0.677686,-0.020245,0.734776,-216.279938,88.915947,87.970345
494,4.116667,-0.020811,0.677690,-0.020175,0.734776,-216.278793,88.923660,87.979538
495,4.125000,-0.020917,0.677676,-0.020258,0.734784,-216.277451,88.930054,87.990868
496,4.133333,-0.020911,0.677737,-0.020353,0.734725,-216.275146,88.936668,88.004051
497,4.141667,-0.019368,0.679045,-0.020432,0.733557,-216.279861,88.951942,88.031914
498,4.150000,-0.019190,0.679234,-0.020251,0.733391,-216.277985,88.958908,88.048599
499,4.158333,-0.019254,0.679245,-0.020322,0.733377,-216.276794,88.965004,88.067116
500,4.166667,-0.019711,0.679029,-0.020669,0.733556,-216.272690,88.974258,88.085052
501,4.175000,-0.019940,0.679006,-0.019707,0.733598,-216.271393,88.985497,88.103348
502,4.183333,-0.019996,0.678847,-0.019733,0.733742,-216.269257,88.992805,88.122948
503,4.191667,-0.020007,0.678677,-0.019893,0.733895,-216.267014,88.997765,88.141167
504,4.200000,-0.020113,0.678688,-0.020115,0.733875,-216.266205,89.004715,88.163086
505,4.208333,-0.020352,0.678610,-0.020320,0.733936,-216.264526,89.014641,88.184708
506,4.216667,-0.020818,0.678533,-0.020593,0.733986,-216.263397,89.024040,88.207199
507,4.225000,-0.021242,0.678393,-0.020902,0.734095,-216.262848,89.031517,88.226547
508,4.233333,-0.021345,0.678506,-0.020887,0.733988,-216.261322,89.037582,88.248833
509,4.241667,-0.022008,0.678025,-0.022569,0.734363,-216.260666,89.034859,88.280121
510,4.250000,-0.022070,0.678113,-0.023591,0.734247,-216.258652,89.024979,88.308449
511,4.258333,-0.022401,0.678216,-0.023556,0.734143,-216.258545,89.009407,88.337730
512,4.266667,-0.022206,0.678174,-0.023714,0.734183,-216.259903,88.994484,88.370583
513,4.275000,-0.022271,0.677966,-0.023918,0.734367,-216.260071,88.980225,88.404892
514,4.283333,-0.021461,0.677743,-0.022994,0.734626,-216.258072,88.954018,88.443062
515,4.291667,-0.020653,0.677453,-0.022501,0.734932,-216.252762,88.929474,88.483856
516,4.300000,-0.019917,0.677377,-0.022551,0.735021,-216.250229,88.904549,88.525909
517,4.308333,-0.021011,0.677937,-0.022318,0.734481,-216.249374,88.862839,88.576622
518,4.316667,-0.021762,0.677820,-0.021065,0.734604,-216.244080,88.810852,88.619896
519,4.325000,-0.021662,0.677739,-0.019920,0.734713,-216.236023,88.754555,88.666634
520,4.333333,-0.019137,0.678697,-0.019162,0.733919,-216.240387,88.702515,88.728363
521,4.341667,-0.017294,0.678756,-0.017667,0.733947,-216.240601,88.647369,88.781532
522,4.350000,-0.016463,0.678756,-0.018140,0.733955,-216.237900,88.584068,88.831299
523,4.358333,-0.015515,0.678340,-0.017778,0.734370,-216.223389,88.509499,88.879166
524,4.366667,-0.012657,0.679200,-0.016130,0.733667,-216.220551,88.445854,88.941277
525,4.375000,-0.012763,0.678994,-0.014905,0.733881,-216.220810,88.361183,89.005646
526,4.383333,-0.014345,0.678573,-0.015334,0.734233,-216.218491,88.274628,89.063148
527,4.391667,-0.014160,0.678403,-0.015740,0.734385,-216.215683,88.190582,89.126167
528,4.400000,-0.012771,0.678194,-0.014602,0.734627,-216.213135,88.115227,89.183403
529,4.408333,-0.010647,0.677688,-0.012978,0.735158,-216.209106,88.048943,89.248375
530,4.416667,-0.009098,0.677292,-0.012455,0.735553,-216.202164,87.993530,89.311546
531,4.425000,-0.010680,0.678103,-0.012303,0.734787,-216.200470,87.929848,89.382538
532,4.433333,-0.012010,0.678520,-0.012564,0.734377,-216.195862,87.878975,89.443382
533,4.441667,-0.011381,0.678125,-0.012116,0.734758,-216.190765,87.841621,89.516464
534,4.450000,-0.009075,0.678905,-0.010212,0.734099,-216.193054,87.834297,89.602837
535,4.458333,-0.008248,0.678862,-0.009556,0.734158,-216.186020,87.826355,89.670311
536,4.466667,-0.007968,0.679070,-0.008738,0.733978,-216.184784,87.818245,89.739845
537,4.475000,-0.008354,0.678868,-0.010165,0.734142,-216.184158,87.809120,89.812691
538,4.483333,-0.008758,0.678589,-0.012158,0.734365,-216.184830,87.808784,89.883598
539,4.491667,-0.009814,0.678133,-0.013995,0.734741,-216.179031,87.820992,89.958488
540,4.500000,-0.011463,0.677453,-0.015120,0.735321,-216.170853,87.841660,90.037750
541,4.508333,-0.012704,0.677194,-0.015810,0.735525,-216.165619,87.868195,90.122643
542,4.516667,-0.012645,0.678438,-0.015894,0.734377,-216.167404,87.896721,90.212753
543,4.525000,-0.013589,0.678416,-0.016533,0.734366,-216.159866,87.927582,90.292183
544,4.533333,-0.013752,0.678764,-0.017642,0.734016,-216.155655,87.969002,90.378998
545,4.541667,-0.014529,0.678377,-0.017592,0.734360,-216.149933,88.013428,90.463737
546,4.550000,-0.015302,0.677951,-0.017624,0.734736,-216.141373,88.063751,90.552269
547,4.558333,-0.016711,0.677895,-0.018714,0.734730,-216.131714,88.123718,90.635086
548,4.566667,-0.017478,0.678967,-0.020229,0.733682,-216.140625,88.194527,90.742661
549,4.575000,-0.018136,0.678748,-0.020597,0.733859,-216.140793,88.259109,90.829857
550,4.583333,-0.020035,0.678246,-0.021571,0.734245,-216.133118,88.322517,90.915382
551,4.591667,-0.023480,0.677899,-0.024595,0.734369,-216.114883,88.392471,91.000191
552,4.600000,-0.024798,0.677854,-0.025095,0.734349,-216.101883,88.448181,91.074440
553,4.608333,-0.025201,0.677851,-0.024820,0.734348,-216.096588,88.496361,91.150391
554,4.616667,-0.026296,0.677194,-0.024948,0.734912,-216.095612,88.540314,91.233337
555,4.625000,-0.025898,0.678232,-0.025968,0.733932,-216.096802,88.594231,91.324715
556,4.633333,-0.026657,0.678476,-0.025576,0.733694,-216.090424,88.647446,91.394287
557,4.641667,-0.028050,0.678265,-0.025656,0.733834,-216.088654,88.687531,91.462402
558,4.650000,-0.028843,0.677897,-0.026832,0.734100,-216.087692,88.712318,91.535431
559,4.658333,-0.029141,0.677728,-0.027724,0.734212,-216.088135,88.731438,91.602013
560,4.666667,-0.029441,0.677475,-0.027844,0.734429,-216.082855,88.748390,91.662216
561,4.675000,-0.029931,0.677194,-0.028693,0.734635,-216.073105,88.768929,91.717796
562,4.683333,-0.030403,0.677172,-0.030131,0.734578,-216.062805,88.792610,91.786560
563,4.691667,-0.031154,0.677158,-0.031153,0.734517,-216.054031,88.812042,91.850616
564,4.700000,-0.030851,0.678202,-0.031594,0.733548,-216.058273,88.826599,91.924217
565,4.708333,-0.031216,0.678617,-0.029501,0.733236,-216.057709,88.843330,91.982864
566,4.716667,-0.031272,0.678352,-0.030353,0.733444,-216.052292,88.844086,92.039207
567,4.725000,-0.031339,0.677886,-0.032178,0.733794,-216.051834,88.841423,92.090233
568,4.733333,-0.031911,0.677594,-0.033022,0.734001,-216.052277,88.834366,92.138496
569,4.741667,-0.032638,0.677501,-0.032953,0.734059,-216.049103,88.827492,92.190239
570,4.750000,-0.032987,0.677596,-0.033055,0.733950,-216.043213,88.824318,92.237648
571,4.758333,-0.034548,0.677536,-0.032253,0.733970,-216.038513,88.798500,92.289993
572,4.766667,-0.036055,0.677669,-0.031491,0.733807,-216.033508,88.766006,92.333214
573,4.775000,-0.035970,0.677589,-0.030477,0.733929,-216.031998,88.733398,92.373856
574,4.783333,-0.034912,0.676994,-0.030185,0.734540,-216.030701,88.706192,92.419556
575,4.791667,-0.034101,0.676647,-0.030679,0.734877,-216.025894,88.678177,92.463562
576,4.800000,-0.033319,0.676800,-0.030793,0.734768,-216.020294,88.648109,92.502998
577,4.808333,-0.031895,0.677127,-0.030191,0.734555,-216.011856,88.605705,92.545692
578,4.816667,-0.030865,0.677236,-0.029520,0.734526,-216.008545,88.566643,92.581345
579,4.825000,-0.029146,0.678683,-0.027534,0.733336,-216.017838,88.547607,92.632553
580,4.833333,-0.029372,0.678711,-0.028219,0.733275,-216.019608,88.513016,92.674545
581,4.841667,-0.030051,0.677520,-0.029213,0.734309,-216.018585,88.464714,92.707237
582,4.850000,-0.028721,0.676952,-0.029408,0.734878,-216.020172,88.428925,92.748901
583,4.858333,-0.027729,0.677704,-0.029254,0.734229,-216.022079,88.401573,92.796883
584,4.866667,-0.029118,0.678075,-0.028117,0.733878,-216.017197,88.364143,92.841629
585,4.875000,-0.030385,0.677927,-0.027771,0.733975,-216.011856,88.331688,92.889091
586,4.883333,-0.030158,0.677755,-0.027719,0.734146,-216.008408,88.311913,92.932953
587,4.891667,-0.030038,0.677282,-0.027860,0.734582,-216.004654,88.291183,92.972305
588,4.900000,-0.030021,0.677171,-0.027953,0.734681,-216.004303,88.272362,93.012840
589,4.908333,-0.029606,0.677091,-0.027460,0.734791,-216.002228,88.248558,93.056084
590,4.916667,-0.029598,0.677107,-0.027652,0.734769,-215.995102,88.224564,93.097420
591,4.925000,-0.028884,0.676980,-0.027599,0.734917,-215.994141,88.201233,93.143837
592,4.933333,-0.028508,0.676996,-0.027619,0.734916,-215.991501,88.184189,93.188080
593,4.941667,-0.027889,0.677044,-0.027698,0.734892,-215.989334,88.172836,93.229630
594,4.950000,-0.027908,0.676722,-0.027597,0.735192,-215.987732,88.159790,93.273804
595,4.958333,-0.027545,0.677719,-0.028164,0.734265,-215.992569,88.142418,93.327042
596,4.966667,-0.027106,0.677602,-0.028194,0.734388,-215.986008,88.121437,93.369446
597,4.975000,-0.026115,0.677654,-0.027814,0.734391,-215.975494,88.107216,93.415298
598,4.983333,-0.025414,0.678434,-0.027196,0.733718,-215.972473,88.094719,93.467506
599,4.991667,-0.028345,0.678400,-0.026608,0.733663,-215.968674,88.064453,93.512856
600,5.000000,-0.030000,0.677961,-0.026622,0.734003,-215.967102,88.043259,93.557236
601,5.008333,-0.030754,0.677767,-0.026997,0.734138,-215.968582,88.027283,93.597412
602,5.016667,-0.030819,0.677465,-0.026954,0.734415,-215.969299,88.009468,93.637840
603,5.025000,-0.030399,0.677171,-0.026592,0.734716,-215.965515,87.988945,93.679955
604,5.033333,-0.029601,0.677117,-0.026988,0.734784,-215.959076,87.971909,93.724373
605,5.041667,-0.028785,0.677512,-0.027017,0.734451,-215.952438,87.957596,93.768326
606,5.050000,-0.028069,0.677555,-0.026452,0.734460,-215.945572,87.944923,93.816956
607,5.058333,-0.027188,0.677732,-0.026815,0.734317,-215.940170,87.937744,93.859009
608,5.066667,-0.026832,0.677578,-0.027317,0.734453,-215.940430,87.928741,93.902359
609,5.075000,-0.026969,0.677209,-0.027896,0.734767,-215.943558,87.917397,93.945816
610,5.083333,-0.027272,0.676903,-0.028345,0.735021,-215.941956,87.908760,93.989082
611,5.091667,-0.026681,0.678263,-0.028593,0.733778,-215.947800,87.903992,94.048492
612,5.100000,-0.027547,0.677930,-0.028240,0.734067,-215.938751,87.884850,94.094398
613,5.108333,-0.027577,0.677749,-0.028350,0.734229,-215.930252,87.875725,94.133354
614,5.116667,-0.026665,0.678690,-0.028208,0.733398,-215.929001,87.868561,94.181496
615,5.125000,-0.026241,0.678763,-0.027663,0.733367,-215.927078,87.854431,94.221451
616,5.133333,-0.028564,0.678653,-0.026571,0.733422,-215.925461,87.823639,94.264847
617,5.141667,-0.029813,0.678085,-0.026195,0.733911,-215.920609,87.803200,94.306335
618,5.150000,-0.029637,0.677658,-0.026692,0.734294,-215.916321,87.788704,94.349823
619,5.158333,-0.028991,0.677546,-0.026842,0.734419,-215.912201,87.774109,94.394592
620,5.166667,-0.028810,0.677606,-0.026946,0.734367,-215.911514,87.759201,94.438652
621,5.175000,-0.029029,0.677432,-0.027297,0.734505,-215.910767,87.748779,94.482613
622,5.183333,-0.028912,0.677172,-0.027737,0.734733,-215.912216,87.740623,94.527748
623,5.191667,-0.028904,0.676997,-0.028303,0.734873,-215.910629,87.731033,94.566879
624,5.200000,-0.028885,0.676730,-0.028588,0.735109,-215.912155,87.717651,94.605865
625,5.208333,-0.028355,0.676627,-0.027992,0.735247,-215.911530,87.704361,94.645599
626,5.216667,-0.027759,0.676643,-0.027675,0.735267,-215.906006,87.689102,94.688332
627,5.225000,-0.026513,0.678212,-0.027799,0.733862,-215.909027,87.682709,94.746819
628,5.233333,-0.027016,0.678052,-0.028303,0.733972,-215.910675,87.671165,94.794342
629,5.241667,-0.028510,0.677362,-0.028356,0.734550,-215.908173,87.648170,94.831642
630,5.250000,-0.026118,0.678080,-0.027140,0.734022,-215.914795,87.641068,94.876015
631,5.258333,-0.025847,0.678088,-0.026178,0.734060,-215.916260,87.629189,94.914459
632,5.266667,-0.025733,0.677638,-0.026166,0.734480,-215.915863,87.612144,94.951126
633,5.275000,-0.025512,0.677430,-0.026322,0.734673,-215.911484,87.594398,94.992142
634,5.283333,-0.027023,0.677535,-0.025936,0.734536,-215.900162,87.566010,95.039131
635,5.291667,-0.028267,0.677781,-0.025476,0.734279,-215.893341,87.541733,95.080475
636,5.300000,-0.028580,0.677614,-0.025654,0.734414,-215.891083,87.526009,95.119194
637,5.308333,-0.029585,0.677406,-0.027118,0.734514,-215.892715,87.518021,95.163506
638,5.316667,-0.030243,0.677258,-0.027598,0.734605,-215.891098,87.502823,95.202873
639,5.325000,-0.030376,0.677084,-0.027294,0.734772,-215.886902,87.484711,95.240860
640,5.333333,-0.029929,0.676883,-0.026805,0.734993,-215.882538,87.469963,95.281921
641,5.341667,-0.029506,0.676706,-0.025109,0.735234,-215.880661,87.465538,95.323250
642,5.350000,-0.028675,0.676862,-0.024310,0.735149,-215.876343,87.458786,95.368492
643,5.358333,-0.026797,0.678409,-0.023966,0.733804,-215.879639,87.456093,95.424377
644,5.366667,-0.026008,0.678526,-0.025101,0.733687,-215.877823,87.442703,95.470558
645,5.375000,-0.027004,0.678262,-0.027372,0.733814,-215.879089,87.430710,95.512535
646,5.383333,-0.026792,0.678164,-0.028032,0.733887,-215.882782,87.416573,95.547600
647,5.391667,-0.025723,0.678100,-0.027668,0.733998,-215.885849,87.399261,95.583710
648,5.400000,-0.025453,0.678051,-0.027681,0.734052,-215.882370,87.385010,95.625717
649,5.408333,-0.025183,0.678201,-0.027264,0.733938,-215.875702,87.375854,95.667961
650,5.416667,-0.025307,0.678057,-0.027217,0.734069,-215.868286,87.367332,95.709473
651,5.425000,-0.025956,0.677617,-0.027547,0.734440,-215.861847,87.363052,95.747612
652,5.433333,-0.026319,0.677347,-0.027939,0.734662,-215.858551,87.361092,95.784149
653,5.441667,-0.029125,0.677676,-0.027821,0.734256,-215.860535,87.337051,95.832619
654,5.450000,-0.031283,0.677178,-0.027464,0.734641,-215.863800,87.312927,95.872467
655,5.458333,-0.031293,0.676974,-0.027232,0.734837,-215.865707,87.294098,95.909340
656,5.466667,-0.030990,0.676685,-0.027189,0.735118,-215.863068,87.281433,95.946472
657,5.475000,-0.030318,0.676638,-0.026262,0.735222,-215.859680,87.275085,95.989609
658,5.483333,-0.029387,0.676675,-0.025898,0.735240,-215.847305,87.269608,96.034660
659,5.491667,-0.027650,0.678268,-0.025706,0.733844,-215.846298,87.267151,96.090088
660,5.500000,-0.027355,0.678546,-0.025444,0.733607,-215.841980,87.258125,96.129478
661,5.508333,-0.027448,0.678488,-0.025809,0.733645,-215.839813,87.252068,96.166382
662,5.516667,-0.027585,0.678124,-0.027228,0.733925,-215.839508,87.238998,96.204590
663,5.525000,-0.027702,0.677683,-0.028470,0.734280,-215.843994,87.225052,96.239944
664,5.533333,-0.027621,0.677640,-0.028488,0.734322,-215.847397,87.213776,96.277855
665,5.541667,-0.027316,0.677531,-0.027936,0.734456,-215.844864,87.205261,96.318832
666,5.550000,-0.027403,0.677436,-0.027800,0.734545,-215.841431,87.198311,96.356186
667,5.558333,-0.027663,0.677199,-0.027866,0.734752,-215.837067,87.192322,96.396889
668,5.566667,-0.027139,0.676953,-0.027195,0.735023,-215.832382,87.178215,96.440063
669,5.575000,-0.026886,0.676883,-0.026671,0.735115,-215.830154,87.165810,96.477661
670,5.583333,-0.026950,0.676699,-0.026388,0.735293,-215.830826,87.152771,96.515366
671,5.591667,-0.026700,0.676701,-0.026339,0.735302,-215.832184,87.146202,96.548828
672,5.600000,-0.026406,0.676615,-0.026297,0.735393,-215.830200,87.136536,96.580353
673,5.608333,-0.025985,0.676374,-0.026624,0.735618,-215.823883,87.122765,96.619064
674,5.616667,-0.024976,0.676239,-0.026572,0.735779,-215.812393,87.105110,96.661926
675,5.625000,-0.025749,0.677360,-0.026584,0.734720,-215.806885,87.083900,96.719154
676,5.633333,-0.027055,0.678150,-0.026041,0.733963,-215.809494,87.069649,96.770782
677,5.641667,-0.027275,0.678255,-0.025860,0.733865,-215.807098,87.063782,96.809296
678,5.650000,-0.027382,0.678044,-0.026599,0.734030,-215.805649,87.051559,96.847244
679,5.658333,-0.027674,0.677987,-0.027518,0.734037,-215.809280,87.037613,96.880959
680,5.666667,-0.028059,0.677834,-0.027755,0.734155,-215.812210,87.024719,96.917564
681,5.675000,-0.027927,0.677656,-0.027570,0.734331,-215.811234,87.011818,96.954819
682,5.683333,-0.027892,0.677471,-0.027931,0.734489,-215.807648,87.000298,96.991875
683,5.691667,-0.027803,0.677393,-0.028249,0.734553,-215.802170,86.987549,97.028641
684,5.700000,-0.027506,0.677308,-0.027994,0.734652,-215.797638,86.974403,97.066322
685,5.708333,-0.027355,0.677490,-0.027836,0.734496,-215.796188,86.965851,97.104256
686,5.716667,-0.026795,0.677518,-0.027589,0.734500,-215.797119,86.958961,97.138046
687,5.725000,-0.025753,0.677142,-0.027124,0.734901,-215.800934,86.946686,97.177498
688,5.733333,-0.025023,0.677193,-0.026686,0.734896,-215.802643,86.932671,97.209457
689,5.741667,-0.024643,0.677141,-0.026958,0.734946,-215.805573,86.918922,97.244629
690,5.750000,-0.024383,0.676928,-0.027242,0.735141,-215.804047,86.904465,97.280128
691,5.758333,-0.024297,0.676729,-0.027386,0.735321,-215.796539,86.890930,97.323868
692,5.766667,-0.024766,0.676570,-0.027118,0.735462,-215.790390,86.880249,97.364548
693,5.775000,-0.024709,0.677477,-0.026944,0.734634,-215.795807,86.874733,97.411583
694,5.783333,-0.025155,0.677366,-0.027231,0.734712,-215.794556,86.866592,97.448593
695,5.791667,-0.024855,0.677138,-0.027324,0.734928,-215.794159,86.859329,97.481277
696,5.800000,-0.026894,0.677771,-0.026643,0.734298,-215.795349,86.832520,97.524513
697,5.808333,-0.027987,0.677625,-0.026190,0.734408,-215.790634,86.803711,97.560974
698,5.816667,-0.027966,0.677610,-0.025967,0.734431,-215.786957,86.788651,97.592720
699,5.825000,-0.027574,0.677663,-0.025562,0.734411,-215.780853,86.782059,97.626343
700,5.833333,-0.027116,0.677532,-0.024959,0.734569,-215.774200,86.777786,97.666618
701,5.841667,-0.026943,0.677353,-0.024854,0.734745,-215.767426,86.770889,97.709717
702,5.850000,-0.026569,0.677323,-0.024705,0.734791,-215.765213,86.766968,97.746811
703,5.858333,-0.026779,0.677139,-0.025179,0.734937,-215.766113,86.764297,97.780876
704,5.866667,-0.027058,0.676951,-0.025394,0.735092,-215.769363,86.758301,97.815933
705,5.875000,-0.027090,0.676742,-0.025438,0.735282,-215.773514,86.751297,97.846909
706,5.883333,-0.026750,0.676608,-0.025553,0.735414,-215.778931,86.740067,97.879677
707,5.891667,-0.026490,0.676701,-0.025949,0.735324,-215.779999,86.724701,97.913834
708,5.900000,-0.025880,0.676717,-0.025984,0.735330,-215.777847,86.709061,97.950562
709,5.908333,-0.024971,0.676752,-0.025777,0.735336,-215.771896,86.697006,97.988251
710,5.916667,-0.025297,0.676805,-0.026015,0.735267,-215.765198,86.688263,98.020706
711,5.925000,-0.025266,0.676608,-0.026447,0.735434,-215.760132,86.681023,98.057198
712,5.933333,-0.023907,0.678128,-0.026279,0.734084,-215.769577,86.681732,98.109604
713,5.941667,-0.024242,0.678211,-0.026208,0.734000,-215.771698,86.674988,98.147064
714,5.950000,-0.025514,0.677157,-0.025939,0.734938,-215.769119,86.659477,98.175056
715,5.958333,-0.025411,0.676747,-0.025979,0.735319,-215.773346,86.652374,98.209419
716,5.966667,-0.024472,0.677469,-0.026072,0.734682,-215.781219,86.649284,98.246933
717,5.975000,-0.024065,0.677664,-0.025777,0.734525,-215.784042,86.645294,98.283348
718,5.983333,-0.025167,0.677854,-0.025268,0.734331,-215.779037,86.628784,98.322762
719,5.991667,-0.026568,0.677712,-0.025032,0.734421,-215.769699,86.603615,98.364342
720,6.000000,-0.026802,0.677478,-0.025263,0.734620,-215.762665,86.588684,98.397758
721,6.008333,-0.026786,0.677366,-0.025554,0.734714,-215.758804,86.580872,98.430084
722,6.016667,-0.026500,0.677188,-0.025991,0.734873,-215.756256,86.576920,98.464157
723,6.025000,-0.026654,0.677121,-0.026708,0.734904,-215.753860,86.573753,98.497437
724,6.033333,-0.027023,0.676991,-0.027374,0.734985,-215.753357,86.563477,98.532555
725,6.041667,-0.027204,0.676870,-0.027690,0.735079,-215.753677,86.550598,98.567558
726,6.050000,-0.027392,0.676709,-0.027439,0.735229,-215.752075,86.539581,98.602165
727,6.058333,-0.027517,0.676743,-0.025198,0.735273,-215.751556,86.545799,98.637878
728,6.066667,-0.027658,0.676735,-0.024789,0.735290,-215.745361,86.549515,98.673859
729,6.075000,-0.027547,0.676418,-0.026637,0.735521,-215.737335,86.538307,98.715805
730,6.083333,-0.027759,0.676105,-0.028170,0.735743,-215.735291,86.528984,98.755424
731,6.091667,-0.026537,0.677554,-0.028097,0.734457,-215.744919,86.530724,98.804893
732,6.100000,-0.025263,0.677602,-0.026880,0.734503,-215.746002,86.519012,98.839661
733,6.108333,-0.024333,0.677585,-0.026206,0.734574,-215.744827,86.503822,98.871025
734,6.116667,-0.024271,0.677518,-0.026176,0.734640,-215.742737,86.492676,98.901024
735,6.125000,-0.023992,0.677563,-0.026253,0.734604,-215.740158,86.486778,98.932037
736,6.133333,-0.023930,0.677480,-0.026156,0.734687,-215.734772,86.475456,98.966637
737,6.141667,-0.023716,0.677427,-0.026284,0.734737,-215.728088,86.462433,99.001244
738,6.150000,-0.023558,0.677423,-0.026525,0.734738,-215.721817,86.449554,99.036758
739,6.158333,-0.023333,0.677499,-0.026383,0.734680,-215.719086,86.440689,99.066284
740,6.166667,-0.023439,0.677555,-0.026371,0.734625,-215.717606,86.431297,99.098000
741,6.175000,-0.024179,0.676903,-0.027282,0.735169,-215.720825,86.420753,99.131874
742,6.183333,-0.026598,0.676977,-0.027445,0.735011,-215.723511,86.392639,99.167419
743,6.191667,-0.027784,0.676807,-0.026680,0.735152,-215.720871,86.364540,99.194061
744,6.200000,-0.027371,0.676570,-0.025630,0.735423,-215.721252,86.348335,99.222549
745,6.208333,-0.026916,0.676404,-0.025125,0.735610,-215.722061,86.334999,99.250595
746,6.216667,-0.026473,0.676322,-0.024809,0.735712,-215.722961,86.320450,99.279778
747,6.225000,-0.025658,0.676283,-0.022762,0.735843,-215.723068,86.308578,99.308861
748,6.233333,-0.025431,0.676175,-0.021995,0.735974,-215.719696,86.295982,99.336014
749,6.241667,-0.025280,0.676271,-0.021891,0.735893,-215.718887,86.288284,99.360878
750,6.250000,-0.025497,0.676250,-0.022305,0.735893,-215.718811,86.282974,99.381081
751,6.258333,-0.026583,0.675786,-0.025089,0.736191,-215.719940,86.276512,99.408195
752,6.266667,-0.026910,0.675773,-0.026485,0.736142,-215.721008,86.268494,99.426323
753,6.275000,-0.025844,0.677001,-0.027064,0.735030,-215.730530,86.271400,99.460815
754,6.283333,-0.025341,0.677213,-0.027035,0.734853,-215.733917,86.271210,99.479813
755,6.291667,-0.025611,0.677198,-0.027181,0.734853,-215.735672,86.271545,99.494675
756,6.300000,-0.025650,0.677153,-0.027308,0.734888,-215.737671,86.272263,99.508736
757,6.308333,-0.025974,0.677103,-0.027687,0.734908,-215.737625,86.274734,99.521111
758,6.316667,-0.026151,0.677093,-0.027760,0.734909,-215.738220,86.276283,99.531540
759,6.325000,-0.025824,0.677141,-0.027741,0.734876,-215.738770,86.275574,99.541168
760,6.333333,-0.026053,0.677170,-0.028081,0.734829,-215.739792,86.274551,99.551025
761,6.341667,-0.026330,0.677169,-0.028244,0.734814,-215.741043,86.272644,99.560089
762,6.350000,-0.026173,0.677223,-0.027971,0.734780,-215.744354,86.267967,99.568954
763,6.358333,-0.025362,0.677197,-0.027096,0.734865,-215.745453,86.252800,99.576744
764,6.366667,-0.024596,0.677212,-0.026377,0.734904,-215.746735,86.234985,99.584427
765,6.375000,-0.024283,0.677293,-0.026111,0.734849,-215.748260,86.217392,99.589661
766,6.383333,-0.024081,0.677340,-0.025786,0.734823,-215.750427,86.199165,99.594780
767,6.391667,-0.023693,0.677380,-0.025483,0.734810,-215.752457,86.180771,99.600090
768,6.400000,-0.023324,0.677316,-0.025506,0.734880,-215.754059,86.156425,99.602333
769,6.408333,-0.023148,0.677307,-0.025085,0.734908,-215.755325,86.127586,99.604408
770,6.416667,-0.022638,0.677397,-0.024711,0.734853,-215.755386,86.097893,99.604851
771,6.425000,-0.022256,0.677416,-0.024181,0.734865,-215.756699,86.063873,99.606689
772,6.433333,-0.021661,0.677420,-0.024056,0.734884,-215.757797,86.026588,99.605240
773,6.441667,-0.023062,0.677485,-0.023435,0.734801,-215.755753,85.972481,99.604271
774,6.450000,-0.023759,0.677453,-0.023276,0.734813,-215.754013,85.923645,99.603706
775,6.458333,-0.023838,0.677438,-0.023577,0.734815,-215.755295,85.880867,99.603699
776,6.466667,-0.023461,0.677396,-0.024415,0.734839,-215.756088,85.840897,99.601883
777,6.475000,-0.022732,0.677473,-0.025010,0.734771,-215.760620,85.804497,99.598259
778,6.483333,-0.022232,0.677478,-0.025167,0.734776,-215.764114,85.769661,99.596336
779,6.491667,-0.020423,0.677658,-0.023747,0.734710,-215.764099,85.729172,99.596451
780,6.500000,-0.018873,0.677627,-0.022075,0.734832,-215.767807,85.686859,99.594429
781,6.508333,-0.017713,0.677785,-0.021079,0.734745,-215.770264,85.644844,99.592796
782,6.516667,-0.018036,0.676319,-0.020360,0.736107,-215.765167,85.594086,99.578621
783,6.525000,-0.017750,0.675855,-0.019917,0.736552,-215.760590,85.545105,99.575874
784,6.533333,-0.017153,0.675627,-0.019360,0.736790,-215.760376,85.495934,99.578850
785,6.541667,-0.016515,0.675497,-0.019125,0.736930,-215.762405,85.450516,99.581169
786,6.550000,-0.015520,0.676872,-0.019029,0.735691,-215.770767,85.409393,99.596977
787,6.558333,-0.014661,0.677117,-0.018872,0.735487,-215.773956,85.368126,99.602470
788,6.566667,-0.015653,0.677396,-0.017756,0.735238,-215.775940,85.315575,99.612625
789,6.575000,-0.016793,0.676180,-0.016213,0.736367,-215.771072,85.262947,99.603821
790,6.583333,-0.016585,0.676093,-0.015478,0.736467,-215.778015,85.218933,99.613647
791,6.591667,-0.013861,0.677530,-0.016802,0.735173,-215.790298,85.188759,99.641159
792,6.600000,-0.013793,0.676534,-0.016873,0.736089,-215.787720,85.153786,99.639420
793,6.608333,-0.012640,0.677881,-0.016203,0.734884,-215.795166,85.143784,99.663795
794,6.616667,-0.012827,0.677880,-0.015857,0.734890,-215.795654,85.131012,99.678047
795,6.625000,-0.012862,0.677807,-0.015881,0.734956,-215.794281,85.123642,99.695107
796,6.633333,-0.012829,0.677684,-0.015516,0.735078,-215.791138,85.120743,99.715294
797,6.641667,-0.012795,0.677524,-0.015302,0.735230,-215.790375,85.121140,99.735077
798,6.650000,-0.012716,0.677592,-0.015337,0.735168,-215.789246,85.122849,99.756454
799,6.658333,-0.012960,0.677386,-0.015702,0.735346,-215.787201,85.127151,99.777695
800,6.666667,-0.013457,0.677247,-0.016324,0.735452,-215.785950,85.138306,99.801758
801,6.675000,-0.014128,0.676921,-0.016687,0.735731,-215.784454,85.153633,99.823120
802,6.683333,-0.014529,0.676885,-0.017166,0.735745,-215.784927,85.174629,99.851440
803,6.691667,-0.015312,0.676806,-0.017278,0.735800,-215.784027,85.199646,99.877991
804,6.700000,-0.015914,0.676689,-0.017703,0.735884,-215.783661,85.225143,99.905785
805,6.708333,-0.015913,0.676886,-0.017932,0.735697,-215.782806,85.252869,99.934326
806,6.716667,-0.015783,0.676934,-0.017751,0.735660,-215.782623,85.281494,99.959351
807,6.725000,-0.016454,0.676570,-0.018158,0.735970,-215.783524,85.313599,99.987778
808,6.733333,-0.017024,0.676429,-0.018251,0.736085,-215.784744,85.344566,100.012192
809,6.741667,-0.017496,0.676398,-0.018751,0.736090,-215.785339,85.376099,100.032234
810,6.750000,-0.017989,0.676455,-0.017386,0.736059,-215.788940,85.408142,100.055077
811,6.758333,-0.018697,0.676360,-0.017634,0.736123,-215.788574,85.426308,100.075745
812,6.766667,-0.019704,0.676151,-0.018360,0.736270,-215.789581,85.439354,100.097023
813,6.775000,-0.020270,0.676034,-0.018534,0.736358,-215.790695,85.449860,100.118874
814,6.783333,-0.020647,0.675981,-0.018817,0.736390,-215.790863,85.458229,100.139977
815,6.791667,-0.021544,0.675445,-0.020993,0.736797,-215.791138,85.464302,100.167480
816,6.800000,-0.020101,0.676932,-0.022345,0.735432,-215.801117,85.481071,100.203613
817,6.808333,-0.020211,0.676921,-0.022449,0.735435,-215.802032,85.488686,100.223282
818,6.816667,-0.020544,0.676752,-0.021999,0.735596,-215.800858,85.493134,100.242996
819,6.825000,-0.020548,0.676687,-0.021814,0.735661,-215.800888,85.495461,100.262917
820,6.833333,-0.020619,0.676548,-0.021870,0.735785,-215.800995,85.493187,100.283493
821,6.841667,-0.020729,0.676446,-0.022031,0.735871,-215.800980,85.488930,100.298607
822,6.850000,-0.020725,0.676400,-0.022090,0.735911,-215.800430,85.485878,100.316681
823,6.858333,-0.020958,0.676218,-0.022184,0.736069,-215.801712,85.484245,100.332664
824,6.866667,-0.020913,0.676254,-0.021948,0.736045,-215.802414,85.482140,100.348129
825,6.875000,-0.020789,0.676297,-0.022034,0.736006,-215.802551,85.478462,100.362885
826,6.883333,-0.020219,0.676315,-0.021401,0.736024,-215.803070,85.470444,100.377419
827,6.891667,-0.019621,0.676346,-0.020979,0.736024,-215.803070,85.462532,100.389755
828,6.900000,-0.019281,0.676251,-0.020894,0.736123,-215.802811,85.450157,100.400558
829,6.908333,-0.018802,0.676298,-0.020845,0.736093,-215.804321,85.440071,100.410011
830,6.916667,-0.018617,0.676230,-0.020743,0.736163,-215.804413,85.427963,100.420090
831,6.925000,-0.018200,0.676146,-0.020442,0.736259,-215.805054,85.419914,100.430992
832,6.933333,-0.018066,0.676198,-0.020200,0.736221,-215.805145,85.414429,100.438980
833,6.941667,-0.017875,0.676229,-0.019810,0.736208,-215.805984,85.406013,100.446548
834,6.950000,-0.017812,0.676121,-0.019734,0.736311,-215.806610,85.395874,100.453651
835,6.958333,-0.017866,0.676084,-0.019930,0.736339,-215.807007,85.386070,100.460793
836,6.966667,-0.017899,0.676115,-0.020203,0.736302,-215.808228,85.373978,100.468704
837,6.975000,-0.017729,0.676177,-0.020268,0.736247,-215.808395,85.361893,100.474190
838,6.983333,-0.017638,0.676308,-0.020424,0.736125,-215.809341,85.341949,100.477074
839,6.991667,-0.017411,0.676458,-0.020419,0.735993,-215.808243,85.321358,100.482513
840,7.000000,-0.016775,0.676574,-0.019922,0.735914,-215.808517,85.296440,100.487839
841,7.008333,-0.015859,0.676723,-0.019310,0.735813,-215.806534,85.267418,100.494125
842,7.016667,-0.014977,0.676854,-0.018851,0.735724,-215.805481,85.235420,100.499535
843,7.025000,-0.014197,0.676952,-0.018403,0.735660,-215.807098,85.208084,100.505875
844,7.033333,-0.013335,0.676836,-0.017855,0.735796,-215.812988,85.182541,100.511681
845,7.041667,-0.012987,0.676682,-0.017737,0.735947,-215.822845,85.158325,100.516472
846,7.050000,-0.014304,0.676661,-0.017774,0.735941,-215.833115,85.119911,100.521660
847,7.058333,-0.015328,0.676424,-0.018040,0.736132,-215.842361,85.076538,100.523987
848,7.066667,-0.015910,0.676222,-0.018684,0.736289,-215.850281,85.031578,100.525986
849,7.075000,-0.015649,0.676044,-0.019265,0.736443,-215.858643,84.982178,100.528465
850,7.083333,-0.014418,0.676122,-0.018680,0.736412,-215.861603,84.922699,100.530586
851,7.091667,-0.013666,0.676303,-0.017863,0.736280,-215.861176,84.865883,100.526337
852,7.100000,-0.013927,0.676157,-0.017544,0.736417,-215.859634,84.809433,100.518837
853,7.108333,-0.013879,0.675964,-0.017289,0.736601,-215.856812,84.763474,100.514435
854,7.116667,-0.013154,0.676134,-0.016993,0.736465,-215.852600,84.717712,100.511322
855,7.125000,-0.012206,0.676202,-0.016763,0.736425,-215.847488,84.675301,100.507652
856,7.133333,-0.011261,0.676437,-0.016138,0.736238,-215.844635,84.646423,100.502380
857,7.141667,-0.010575,0.676453,-0.015876,0.736239,-215.841583,84.623062,100.498405
858,7.150000,-0.011485,0.675746,-0.015912,0.736873,-215.837006,84.602516,100.488220
859,7.158333,-0.010575,0.676322,-0.016248,0.736351,-215.842346,84.595695,100.493263
860,7.166667,-0.011145,0.675714,-0.016453,0.736896,-215.839035,84.575119,100.486328
861,7.175000,-0.011270,0.675658,-0.016719,0.736939,-215.838715,84.568146,100.484215
862,7.183333,-0.010346,0.676360,-0.016627,0.736311,-215.842651,84.577156,100.491318
863,7.191667,-0.010352,0.676479,-0.016218,0.736210,-215.842911,84.589661,100.494125
864,7.200000,-0.010772,0.676506,-0.016152,0.736182,-215.841003,84.603966,100.494675
865,7.208333,-0.010824,0.676464,-0.016222,0.736217,-215.840286,84.615303,100.494942
866,7.216667,-0.010782,0.676394,-0.016255,0.736282,-215.840530,84.618408,100.495865
867,7.225000,-0.010968,0.676431,-0.016371,0.736242,-215.840485,84.611465,100.497543
868,7.233333,-0.011593,0.675674,-0.016351,0.736928,-215.836792,84.587967,100.489319
869,7.241667,-0.011442,0.675647,-0.016424,0.736953,-215.838913,84.576591,100.488647
870,7.250000,-0.011033,0.675704,-0.016418,0.736908,-215.839172,84.573151,100.487625
871,7.258333,-0.011292,0.675709,-0.016492,0.736897,-215.839737,84.578476,100.490257
872,7.266667,-0.010392,0.676448,-0.016463,0.736233,-215.844482,84.598549,100.497314
873,7.275000,-0.010539,0.676534,-0.016267,0.736156,-215.844040,84.607903,100.498047
874,7.283333,-0.010931,0.676426,-0.016255,0.736250,-215.843872,84.612679,100.497314
875,7.291667,-0.010911,0.676461,-0.016536,0.736212,-215.845078,84.610245,100.499168
876,7.300000,-0.010714,0.676434,-0.016799,0.736234,-215.845154,84.600235,100.497139
877,7.308333,-0.011222,0.675738,-0.016825,0.736865,-215.842514,84.580704,100.488708
878,7.316667,-0.009753,0.676700,-0.017195,0.735993,-215.844208,84.582825,100.496140
879,7.325000,-0.009799,0.676827,-0.017188,0.735876,-215.842865,84.584091,100.494911
880,7.333333,-0.009907,0.676878,-0.017348,0.735824,-215.841080,84.592216,100.497284
881,7.341667,-0.010017,0.676874,-0.017673,0.735818,-215.839310,84.601181,100.496445
882,7.350000,-0.009905,0.676998,-0.017398,0.735712,-215.836929,84.606262,100.495819
883,7.358333,-0.010084,0.677099,-0.017756,0.735609,-215.833588,84.605446,100.494026
884,7.366667,-0.010292,0.677363,-0.018507,0.735344,-215.830093,84.601250,100.491623
885,7.375000,-0.011078,0.678187,-0.019122,0.734557,-215.822678,84.594841,100.487885
886,7.383333,-0.012633,0.679552,-0.019460,0.733260,-215.817520,84.585716,100.478828
887,7.391667,-0.015429,0.680722,-0.020750,0.732085,-215.815048,84.571808,100.461182
888,7.400000,-0.021880,0.681577,-0.022592,0.731070,-215.817551,84.537399,100.432922
889,7.408333,-0.025189,0.682607,-0.021798,0.730026,-215.833755,84.509789,100.437103
890,7.416667,-0.025344,0.683110,-0.019912,0.729604,-215.838760,84.483154,100.453484
891,7.425000,-0.024069,0.682850,-0.018785,0.729920,-215.842819,84.464508,100.463089
892,7.433333,-0.023321,0.683169,-0.018658,0.729649,-215.840073,84.456749,100.479332
893,7.441667,-0.022952,0.683375,-0.018552,0.729471,-215.832443,84.446304,100.498009
894,7.450000,-0.021132,0.683746,-0.017708,0.729199,-215.820404,84.429840,100.523933
895,7.458333,-0.019149,0.684194,-0.016348,0.728865,-215.807648,84.411797,100.557205
896,7.466667,-0.017271,0.684760,-0.015122,0.728407,-215.795654,84.392113,100.597191
897,7.475000,-0.014485,0.685059,-0.012526,0.728236,-215.790741,84.364609,100.646385
898,7.483333,-0.011136,0.685069,-0.009762,0.728327,-215.789917,84.330093,100.701317
899,7.491667,-0.007774,0.685123,-0.007248,0.728350,-215.783768,84.297150,100.769447
900,7.500000,-0.003673,0.684795,-0.003705,0.728717,-215.772675,84.258842,100.870148
901,7.508333,0.001508,0.685145,0.000712,0.728405,-215.774078,84.209503,100.988701
902,7.516667,0.006600,0.685725,0.003559,0.727822,-215.764923,84.181686,101.082352
903,7.525000,0.006835,0.685203,0.006031,0.728295,-215.755722,84.144226,101.161751
904,7.533333,0.007858,0.684946,0.008420,0.728503,-215.755463,84.127312,101.218094
905,7.541667,0.008685,0.684786,0.009987,0.728624,-215.755920,84.124535,101.249763
906,7.550000,0.009062,0.684776,0.010982,0.728614,-215.753983,84.121117,101.263512
907,7.558333,0.009181,0.684784,0.011163,0.728603,-215.755768,84.122025,101.260818
908,7.566667,0.008787,0.684315,0.010532,0.729057,-215.763000,84.125313,101.239609
909,7.575000,0.007353,0.683687,0.008843,0.729685,-215.769455,84.130569,101.207794
910,7.583333,0.009242,0.682929,0.006506,0.730398,-215.782715,84.161865,101.158997
911,7.591667,0.006472,0.681085,0.004289,0.732164,-215.793228,84.175552,101.085892
912,7.600000,0.003490,0.679133,0.001815,0.734005,-215.801529,84.197327,100.994766
913,7.608333,-0.000404,0.677590,-0.001379,0.735438,-215.814850,84.223541,100.905945
914,7.616667,-0.003785,0.676976,-0.003642,0.735986,-215.831787,84.248940,100.838684
915,7.625000,-0.006092,0.676169,-0.004883,0.736706,-215.846466,84.269867,100.797523
916,7.633333,-0.006893,0.675204,-0.005463,0.737579,-215.860779,84.282135,100.773666
917,7.641667,-0.006417,0.674290,-0.005011,0.738422,-215.876266,84.278969,100.777946
918,7.650000,-0.005125,0.673270,-0.004006,0.739368,-215.887421,84.264015,100.798607
919,7.658333,-0.003220,0.672679,-0.002792,0.739922,-215.894577,84.243401,100.836792
920,7.666667,-0.000585,0.672105,-0.001545,0.740454,-215.901016,84.213760,100.896217
921,7.675000,0.002176,0.671431,0.000457,0.741064,-215.898926,84.194412,100.946129
922,7.683333,0.003964,0.670659,0.002185,0.741752,-215.893646,84.184616,100.979424
923,7.691667,0.004563,0.669969,0.002998,0.742369,-215.896271,84.182655,100.994911
924,7.700000,0.004486,0.669394,0.002976,0.742888,-215.900497,84.186844,100.991913
925,7.708333,0.003625,0.669084,0.002336,0.743174,-215.905548,84.190315,100.975380
926,7.716667,0.001775,0.669026,0.000544,0.743237,-215.908676,84.199181,100.938011
927,7.725000,-0.000601,0.669247,-0.001559,0.743038,-215.912933,84.216232,100.884499
928,7.733333,-0.002716,0.669329,-0.002968,0.742956,-215.914398,84.233986,100.841698
929,7.741667,-0.003656,0.669361,-0.003172,0.742922,-215.918320,84.245674,100.826477
930,7.750000,-0.003724,0.669398,-0.002956,0.742889,-215.919022,84.245567,100.826012
931,7.758333,-0.002874,0.669541,-0.002665,0.742765,-215.914780,84.237915,100.847366
932,7.766667,-0.001274,0.669399,-0.001826,0.742900,-215.911026,84.219009,100.885902
933,7.775000,0.000715,0.669382,-0.000653,0.742918,-215.905670,84.202080,100.915703
934,7.783333,0.001890,0.669569,-0.000119,0.742748,-215.896744,84.197319,100.928558
935,7.791667,0.001426,0.669562,-0.000259,0.742755,-215.894562,84.200394,100.923119
936,7.800000,0.000070,0.669602,-0.001344,0.742719,-215.894913,84.207443,100.897072
937,7.808333,-0.001126,0.669740,-0.002013,0.742592,-215.901215,84.215942,100.873817
938,7.816667,-0.001856,0.669902,-0.002544,0.742443,-215.898514,84.225220,100.862816
939,7.825000,-0.001785,0.669967,-0.002601,0.742384,-215.899689,84.226242,100.870934
940,7.833333,-0.000939,0.669761,-0.001900,0.742574,-215.902634,84.217728,100.891388
941,7.841667,-0.000114,0.669714,-0.001519,0.742618,-215.899155,84.209633,100.903931
942,7.850000,0.000006,0.669728,-0.001699,0.742605,-215.892868,84.209373,100.900436
943,7.858333,-0.000641,0.669731,-0.001494,0.742602,-215.896652,84.211655,100.892853
944,7.866667,-0.000612,0.669677,-0.001396,0.742651,-215.900131,84.213211,100.892677
945,7.875000,-0.000625,0.669606,-0.001377,0.742715,-215.899368,84.211525,100.891403
946,7.883333,-0.000625,0.669681,-0.001575,0.742647,-215.899796,84.211700,100.893143
947,7.891667,-0.000653,0.669676,-0.001692,0.742651,-215.898804,84.211128,100.891113
948,7.900000,-0.000612,0.669775,-0.001686,0.742562,-215.899277,84.211563,100.891411
949,7.908333,-0.000803,0.669752,-0.001671,0.742582,-215.899536,84.211418,100.890335
950,7.916667,-0.000892,0.669692,-0.001627,0.742636,-215.899948,84.211922,100.890938
951,7.925000,-0.000835,0.669692,-0.001669,0.742637,-215.900131,84.213043,100.891899
952,7.933333,-0.001140,0.669595,-0.001871,0.742724,-215.898972,84.213409,100.890305
953,7.941667,-0.001013,0.669630,-0.001930,0.742692,-215.897720,84.213104,100.890823
954,7.950000,-0.000906,0.669609,-0.001807,0.742711,-215.898224,84.212341,100.890472
955,7.958333,-0.000952,0.669626,-0.001903,0.742696,-215.898590,84.213646,100.890282
956,7.966667,-0.000973,0.669597,-0.001936,0.742722,-215.899307,84.213974,100.891289
957,7.975000,-0.001076,0.669677,-0.001961,0.742649,-215.899307,84.213982,100.892952
958,7.983333,-0.001059,0.669645,-0.001711,0.742679,-215.898346,84.215271,100.890526
959,7.991667,-0.001051,0.669651,-0.001867,0.742673,-215.898895,84.214958,100.892616
960,8.000000,-0.001072,0.669669,-0.001859,0.742657,-215.898865,84.214279,100.892426
961,8.008333,-0.001012,0.669605,-0.001766,0.742714,-215.898972,84.213242,100.891457
962,8.016667,-0.001005,0.669651,-0.001868,0.742673,-215.899155,84.212723,100.892471
963,8.025000,-0.001038,0.669627,-0.001887,0.742694,-215.899017,84.212700,100.891945
964,8.033333,-0.000915,0.669697,-0.001951,0.742631,-215.899796,84.213654,100.892494
965,8.041667,-0.000985,0.669726,-0.002022,0.742605,-215.899750,84.213600,100.891533
966,8.050000,-0.001036,0.669710,-0.002040,0.742619,-215.899902,84.213593,100.891579
967,8.058333,-0.001177,0.669660,-0.002092,0.742664,-215.899323,84.213676,100.890648
968,8.066667,-0.001084,0.669620,-0.002038,0.742701,-215.899078,84.214142,100.890518
969,8.075000,-0.001084,0.669584,-0.001998,0.742733,-215.899246,84.214325,100.889984
970,8.083333,-0.001057,0.669578,-0.001849,0.742739,-215.898926,84.214333,100.888969
971,8.091667,-0.001077,0.669647,-0.001900,0.742677,-215.899323,84.212585,100.890259
972,8.100000,-0.001139,0.669590,-0.001958,0.742727,-215.898895,84.214111,100.891342
973,8.108333,-0.001154,0.669705,-0.002052,0.742624,-215.898773,84.213432,100.892509
974,8.116667,-0.001071,0.669577,-0.001905,0.742740,-215.899231,84.214607,100.891815
975,8.125000,-0.001065,0.669738,-0.001870,0.742594,-215.898422,84.214462,100.891556
976,8.133333,-0.001006,0.669648,-0.001848,0.742676,-215.898254,84.213676,100.892403
977,8.141667,-0.001198,0.669612,-0.001939,0.742708,-215.898514,84.212967,100.891792
978,8.150000,-0.001059,0.669605,-0.001916,0.742714,-215.898636,84.214630,100.892593
979,8.158333,-0.001197,0.669641,-0.001944,0.742682,-215.898712,84.214127,100.892998
980,8.166667,-0.001189,0.669601,-0.002058,0.742717,-215.899200,84.213982,100.892021
981,8.175000,-0.001107,0.669650,-0.001945,0.742673,-215.899200,84.213982,100.892975
982,8.183333,-0.001118,0.669593,-0.001985,0.742725,-215.899841,84.214005,100.892128
983,8.191667,-0.001103,0.669597,-0.001989,0.742721,-215.899521,84.214279,100.891281
984,8.200000,-0.001074,0.669571,-0.002035,0.742745,-215.899536,84.214638,100.891426
985,8.208333,-0.001058,0.669679,-0.001985,0.742648,-215.900116,84.214432,100.890526
986,8.216667,-0.000963,0.669665,-0.001865,0.742660,-215.899445,84.214394,100.890694
987,8.225000,-0.001087,0.669603,-0.001944,0.742716,-215.898926,84.215157,100.890564
988,8.233333,-0.001202,0.669698,-0.001993,0.742629,-215.899231,84.214241,100.890160
989,8.241667,-0.001325,0.669572,-0.002098,0.742743,-215.899155,84.213165,100.890526
990,8.250000,-0.001094,0.669648,-0.002149,0.742674,-215.898438,84.214378,100.890373
991,8.258333,-0.001022,0.669654,-0.002124,0.742669,-215.898224,84.215256,100.890503
992,8.266667,-0.001120,0.669617,-0.001882,0.742704,-215.898468,84.214798,100.891174
993,8.275000,-0.001321,0.669551,-0.001972,0.742762,-215.899200,84.214043,100.891769
994,8.283333,-0.001035,0.669584,-0.001947,0.742734,-215.898163,84.214577,100.891922
995,8.291667,-0.001002,0.669608,-0.001744,0.742712,-215.898209,84.213936,100.892021
996,8.300000,-0.001095,0.669632,-0.001917,0.742690,-215.897781,84.212540,100.891068
997,8.308333,-0.001111,0.669590,-0.001890,0.742728,-215.898346,84.213478,100.891342
998,8.316667,-0.001081,0.669670,-0.001912,0.742655,-215.899277,84.213882,100.892342
999,8.325000,-0.000922,0.669617,-0.001943,0.742703,-215.899155,84.214317,100.891518
1000,8.333333,-0.001111,0.669716,-0.001866,0.742615,-215.900116,84.213478,100.890755
1001,8.341667,-0.001116,0.669691,-0.001750,0.742637,-215.899414,84.213722,100.891602
1002,8.350000,-0.001168,0.669618,-0.001986,0.742702,-215.899109,84.212608,100.891510
1003,8.358333,-0.001149,0.669663,-0.002090,0.742661,-215.899033,84.214615,100.890968
1004,8.366667,-0.001036,0.669598,-0.002052,0.742721,-215.899445,84.215263,100.890884
1005,8.375000,-0.001058,0.669626,-0.002092,0.742694,-215.899246,84.215279,100.889908
1006,8.383333,-0.001119,0.669633,-0.002056,0.742688,-215.899200,84.215912,100.890228
1007,8.391667,-0.001214,0.669658,-0.002085,0.742665,-215.899109,84.214622,100.890335
1008,8.400000,-0.001097,0.669665,-0.001909,0.742660,-215.900009,84.214539,100.890770
1009,8.408333,-0.001152,0.669642,-0.001921,0.742681,-215.898758,84.214027,100.891090
1010,8.416667,-0.000955,0.669691,-0.001940,0.742637,-215.898560,84.213387,100.891388
1011,8.425000,-0.000906,0.669638,-0.001953,0.742685,-215.898941,84.212669,100.891586
1012,8.433333,-0.001141,0.669643,-0.002183,0.742679,-215.898865,84.212967,100.891235
1013,8.441667,-0.001108,0.669627,-0.002108,0.742693,-215.899078,84.214104,100.890602
1014,8.450000,-0.001088,0.669709,-0.002040,0.742620,-215.898972,84.213417,100.891388
1015,8.458333,-0.001028,0.669612,-0.001978,0.742708,-215.898514,84.213890,100.891258
1016,8.466667,-0.001000,0.669651,-0.001925,0.742673,-215.898972,84.214752,100.891457
1017,8.475000,-0.001096,0.669657,-0.001931,0.742668,-215.899231,84.214119,100.891235
1018,8.483333,-0.001003,0.669613,-0.001959,0.742707,-215.899231,84.214890,100.891266
1019,8.491667,-0.001239,0.669598,-0.002079,0.742720,-215.899780,84.213951,100.892113
1020,8.500000,-0.001186,0.669634,-0.002199,0.742687,-215.899689,84.215096,100.891319
1021,8.508333,-0.001199,0.669647,-0.001993,0.742676,-215.899323,84.213898,100.890373
1022,8.516667,-0.001080,0.669615,-0.001749,0.742706,-215.898987,84.213409,100.891243
1023,8.525000,-0.001195,0.669612,-0.001839,0.742707,-215.898346,84.213814,100.890160
1024,8.533333,-0.001042,0.669655,-0.001768,0.742669,-215.899323,84.214043,100.890816
1025,8.541667,-0.001147,0.669641,-0.001975,0.742682,-215.898392,84.214172,100.889717
1026,8.550000,-0.001083,0.669627,-0.002055,0.742694,-215.898544,84.213982,100.890968
1027,8.558333,-0.001050,0.669650,-0.002181,0.742673,-215.898758,84.214714,100.890923
1028,8.566667,-0.001201,0.669641,-0.002102,0.742681,-215.899063,84.214462,100.891891
1029,8.575000,-0.001125,0.669661,-0.001851,0.742664,-215.898895,84.213654,100.892242
1030,8.583333,-0.001052,0.669678,-0.001937,0.742648,-215.898865,84.213737,100.891174
1031,8.591667,-0.001045,0.669651,-0.002081,0.742672,-215.899948,84.214020,100.891747
1032,8.600000,-0.001332,0.669593,-0.002005,0.742724,-215.899628,84.213295,100.891563
1033,8.608333,-0.001203,0.669656,-0.001970,0.742668,-215.898941,84.214218,100.890900
1034,8.616667,-0.001305,0.669626,-0.002021,0.742695,-215.898773,84.214012,100.892326
1035,8.625000,-0.001234,0.669686,-0.002019,0.742641,-215.899155,84.214607,100.892136
1036,8.633333,-0.001062,0.669666,-0.001869,0.742659,-215.899734,84.214302,100.890015
1037,8.641667,-0.001037,0.669593,-0.002062,0.742724,-215.899658,84.214607,100.891701
1038,8.650000,-0.001096,0.669596,-0.001991,0.742722,-215.899139,84.214035,100.891518
1039,8.658333,-0.000987,0.669711,-0.002054,0.742618,-215.899536,84.214149,100.891266
1040,8.666667,-0.001072,0.669617,-0.002141,0.742703,-215.899536,84.214462,100.890717
1041,8.675000,-0.001231,0.669606,-0.002114,0.742712,-215.899445,84.214035,100.890480
1042,8.683333,-0.001313,0.669593,-0.001854,0.742725,-215.898605,84.213074,100.890396
1043,8.691667,-0.001221,0.669577,-0.001938,0.742740,-215.899139,84.213631,100.891769
1044,8.700000,-0.001200,0.669710,-0.001874,0.742619,-215.899658,84.214226,100.890579
1045,8.708333,-0.001166,0.669609,-0.001954,0.742710,-215.899475,84.214569,100.890442
1046,8.716667,-0.001054,0.669628,-0.002057,0.742693,-215.899658,84.214981,100.890968
1047,8.725000,-0.001081,0.669704,-0.002045,0.742624,-215.899582,84.214890,100.891151
1048,8.733333,-0.001324,0.669551,-0.002053,0.742762,-215.898865,84.212570,100.891098
1049,8.741667,-0.001367,0.669665,-0.002122,0.742659,-215.897949,84.213272,100.891159
1050,8.750000,-0.001225,0.669652,-0.002188,0.742671,-215.898941,84.215111,100.892067
1051,8.758333,-0.001251,0.669553,-0.002228,0.742760,-215.898941,84.214134,100.891983
1052,8.766667,-0.000954,0.669647,-0.002118,0.742676,-215.900070,84.215141,100.891518
1053,8.775000,-0.000966,0.669639,-0.002014,0.742684,-215.899734,84.214622,100.891426
1054,8.783333,-0.001069,0.669656,-0.001946,0.742668,-215.899277,84.213623,100.891289
1055,8.791667,-0.000994,0.669547,-0.001888,0.742766,-215.899872,84.213722,100.891472
1056,8.800000,-0.001088,0.669571,-0.002118,0.742744,-215.899948,84.214790,100.891998
1057,8.808333,-0.001196,0.669611,-0.002153,0.742708,-215.899017,84.214622,100.891472
1058,8.816667,-0.001162,0.669665,-0.002181,0.742659,-215.898972,84.213890,100.892220
1059,8.825000,-0.001205,0.669651,-0.002096,0.742672,-215.899582,84.214180,100.891365
1060,8.833333,-0.000898,0.669626,-0.001838,0.742696,-215.899796,84.215210,100.890877
1061,8.841667,-0.000785,0.669668,-0.001892,0.742657,-215.899109,84.214554,100.891281
1062,8.850000,-0.001068,0.669646,-0.001947,0.742677,-215.898422,84.213844,100.890823
1063,8.858333,-0.000989,0.669614,-0.001901,0.742707,-215.898438,84.215073,100.890526
1064,8.866667,-0.000869,0.669703,-0.001750,0.742627,-215.899323,84.214310,100.892685
1065,8.875000,-0.000989,0.669683,-0.001808,0.742644,-215.899078,84.212914,100.892326
1066,8.883333,-0.001138,0.669563,-0.001992,0.742752,-215.897873,84.213654,100.892090
1067,8.891667,-0.000978,0.669646,-0.001840,0.742677,-215.898422,84.213814,100.892982
1068,8.900000,-0.001136,0.669570,-0.001802,0.742746,-215.898376,84.212944,100.891937
1069,8.908333,-0.001072,0.669612,-0.001918,0.742707,-215.898041,84.213387,100.892494
1070,8.916667,-0.001011,0.669701,-0.001943,0.742628,-215.899033,84.213242,100.893387
1071,8.925000,-0.001068,0.669665,-0.001860,0.742660,-215.899612,84.213409,100.892601
1072,8.933333,-0.001048,0.669622,-0.001894,0.742699,-215.898758,84.213936,100.891304
1073,8.941667,-0.001145,0.669620,-0.001889,0.742700,-215.898544,84.212326,100.892471
1074,8.950000,-0.001119,0.669686,-0.002003,0.742641,-215.898315,84.212448,100.893059
1075,8.958333,-0.000986,0.669628,-0.001922,0.742693,-215.897247,84.213448,100.892113
1076,8.966667,-0.001033,0.669602,-0.001918,0.742716,-215.898010,84.214523,100.891541
1077,8.975000,-0.001107,0.669563,-0.001939,0.742752,-215.897964,84.214241,100.890564
1078,8.983333,-0.001227,0.669640,-0.002070,0.742682,-215.897369,84.213326,100.890457
1079,8.991667,-0.001238,0.669645,-0.002138,0.742678,-215.897705,84.213791,100.891235
1080,9.000000,-0.001124,0.669593,-0.001919,0.742725,-215.898468,84.215950,100.891960
1081,9.008333,-0.001206,0.669549,-0.001954,0.742764,-215.898712,84.215164,100.892349
1082,9.016667,-0.001036,0.669645,-0.002074,0.742677,-215.898514,84.214806,100.892403
1083,9.025000,-0.001139,0.669723,-0.001808,0.742608,-215.897552,84.213219,100.893036
1084,9.033333,-0.001073,0.669619,-0.001909,0.742702,-215.898087,84.213486,100.892380
1085,9.041667,-0.000897,0.669661,-0.001817,0.742664,-215.897552,84.214340,100.892296
1086,9.050000,-0.000968,0.669638,-0.001877,0.742685,-215.897964,84.213242,100.892876
1087,9.058333,-0.001125,0.669646,-0.001899,0.742677,-215.898209,84.214935,100.891998
1088,9.066667,-0.001173,0.669695,-0.002115,0.742633,-215.898895,84.215149,100.892853
1089,9.075000,-0.000991,0.669607,-0.002119,0.742712,-215.898544,84.214378,100.892090
1090,9.083333,-0.001226,0.669589,-0.001972,0.742729,-215.897400,84.212502,100.892624
1091,9.091667,-0.001123,0.669611,-0.001903,0.742709,-215.897659,84.212708,100.891426
1092,9.100000,-0.001034,0.669640,-0.001924,0.742683,-215.897964,84.213997,100.892548
1093,9.108333,-0.001018,0.669659,-0.001765,0.742666,-215.898636,84.214905,100.893234
1094,9.116667,-0.001125,0.669603,-0.001941,0.742716,-215.897949,84.215126,100.892242
1095,9.125000,-0.000987,0.669591,-0.001925,0.742727,-215.898315,84.216095,100.892616
1096,9.133333,-0.001183,0.669713,-0.002013,0.742617,-215.897552,84.213783,100.893166
1097,9.141667,-0.000975,0.669704,-0.001913,0.742626,-215.898315,84.214378,100.892952
1098,9.150000,-0.000973,0.669658,-0.001895,0.742666,-215.898315,84.214821,100.893082
1099,9.158333,-0.001062,0.669541,-0.001983,0.742772,-215.897629,84.213745,100.891922
1100,9.166667,-0.001127,0.669644,-0.002047,0.742679,-215.897324,84.213043,100.893318
1101,9.175000,-0.001060,0.669709,-0.001933,0.742621,-215.897324,84.213593,100.893761
1102,9.183333,-0.001105,0.669685,-0.001837,0.742642,-215.898773,84.213730,100.893906
1103,9.191667,-0.001059,0.669653,-0.001882,0.742671,-215.897491,84.214134,100.893799
1104,9.200000,-0.001091,0.669656,-0.002020,0.742668,-215.897156,84.213936,100.892937
1105,9.208333,-0.000984,0.669606,-0.001937,0.742713,-215.898087,84.215691,100.892998
1106,9.216667,-0.001054,0.669582,-0.001862,0.742736,-215.897949,84.214752,100.892876
1107,9.225000,-0.000996,0.669644,-0.002030,0.742679,-215.898315,84.214058,100.892952
1108,9.233333,-0.001243,0.669646,-0.002107,0.742677,-215.898163,84.214172,100.893417
1109,9.241667,-0.001155,0.669620,-0.002199,0.742699,-215.898605,84.213730,100.893333
1110,9.250000,-0.001139,0.669679,-0.002143,0.742647,-215.898270,84.214836,100.893295
1111,9.258333,-0.001147,0.669617,-0.001797,0.742704,-215.897079,84.214615,100.893059
1112,9.266667,-0.001224,0.669616,-0.001821,0.742705,-215.897125,84.214027,100.892021
1113,9.275000,-0.001143,0.669645,-0.001803,0.742678,-215.897293,84.213287,100.893417
1114,9.283333,-0.001150,0.669667,-0.001890,0.742658,-215.897659,84.213181,100.894142
1115,9.291667,-0.001077,0.669700,-0.001957,0.742628,-215.897491,84.213432,100.893280
1116,9.300000,-0.001117,0.669618,-0.001967,0.742702,-215.897995,84.212143,100.893822
1117,9.308333,-0.000993,0.669673,-0.001850,0.742654,-215.897415,84.213898,100.893494
1118,9.316667,-0.000933,0.669671,-0.001883,0.742655,-215.897827,84.214233,100.894836
1119,9.325000,-0.001101,0.669616,-0.001924,0.742704,-215.896820,84.214607,100.893059
1120,9.333333,-0.001162,0.669603,-0.002007,0.742716,-215.896530,84.214302,100.894615
1121,9.341667,-0.001293,0.669655,-0.002135,0.742668,-215.897400,84.214378,100.894356
1122,9.350000,-0.000991,0.669648,-0.002004,0.742675,-215.897720,84.214600,100.893280
1123,9.358333,-0.001177,0.669614,-0.001852,0.742706,-215.896469,84.213585,100.892952
1124,9.366667,-0.001186,0.669648,-0.002073,0.742675,-215.897156,84.214836,100.894188
1125,9.375000,-0.001174,0.669598,-0.002085,0.742720,-215.897324,84.214447,100.894249
1126,9.383333,-0.001062,0.669615,-0.002061,0.742705,-215.896988,84.214554,100.893906
1127,9.391667,-0.001092,0.669654,-0.002053,0.742669,-215.896744,84.213730,100.892624
1128,9.400000,-0.001114,0.669636,-0.001966,0.742686,-215.898041,84.213409,100.893745
1129,9.408333,-0.001186,0.669588,-0.002029,0.742729,-215.897446,84.213242,100.893738
1130,9.416667,-0.001174,0.669638,-0.002152,0.742683,-215.897614,84.213783,100.894073
1131,9.425000,-0.001085,0.669640,-0.002147,0.742682,-215.896637,84.214508,100.893044
1132,9.433333,-0.000969,0.669612,-0.001988,0.742708,-215.897278,84.214508,100.893425
1133,9.441667,-0.000941,0.669556,-0.001859,0.742759,-215.896515,84.213928,100.892914
1134,9.450000,-0.001125,0.669665,-0.002010,0.742659,-215.896820,84.214165,100.894615
1135,9.458333,-0.001249,0.669681,-0.002053,0.742645,-215.896698,84.213005,100.894081
1136,9.466667,-0.001177,0.669634,-0.002150,0.742687,-215.896912,84.214577,100.893875
1137,9.475000,-0.001109,0.669611,-0.002069,0.742708,-215.896576,84.214630,100.894463
1138,9.483333,-0.000998,0.669603,-0.001891,0.742716,-215.897156,84.214561,100.894379
1139,9.491667,-0.001118,0.669582,-0.002004,0.742735,-215.897446,84.214417,100.893593
1140,9.500000,-0.001090,0.669674,-0.001905,0.742652,-215.897110,84.214111,100.893425
1141,9.508333,-0.001189,0.669605,-0.001916,0.742714,-215.896347,84.214294,100.892380
1142,9.516667,-0.001129,0.669691,-0.002002,0.742636,-215.896469,84.215172,100.895355
1143,9.525000,-0.001199,0.669606,-0.001829,0.742713,-215.895767,84.215538,100.895241
1144,9.533333,-0.001189,0.669549,-0.002036,0.742764,-215.896149,84.216629,100.893761
1145,9.541667,-0.001271,0.669553,-0.002042,0.742761,-215.896790,84.216103,100.893311
1146,9.550000,-0.001304,0.669584,-0.002001,0.742733,-215.896561,84.215584,100.892761
1147,9.558333,-0.001146,0.669684,-0.001873,0.742643,-215.895798,84.216812,100.894402
1148,9.566667,-0.000941,0.669678,-0.001556,0.742649,-215.895416,84.216728,100.894638
1149,9.575000,-0.001178,0.669619,-0.001689,0.742702,-215.894699,84.213997,100.893768
1150,9.583333,-0.001015,0.669587,-0.001866,0.742730,-215.895676,84.215790,100.894676
1151,9.591667,-0.000952,0.669618,-0.001819,0.742702,-215.895630,84.216599,100.894508
1152,9.600000,-0.001042,0.669611,-0.001870,0.742709,-215.895721,84.216537,100.894928
1153,9.608333,-0.001022,0.669615,-0.001766,0.742706,-215.895966,84.217735,100.895477
1154,9.616667,-0.001222,0.669593,-0.001867,0.742725,-215.896423,84.216316,100.896278
1155,9.625000,-0.001137,0.669608,-0.001995,0.742711,-215.894440,84.215530,100.894638
