Format Version,1.25,Take Name,Take 2025-11-27 05.52.33 PM,Take Notes,,Capture Frame Rate,120.000000,Export Frame Rate,120.000000,Capture Start Time,2025-11-27 05.52.34.836 PM,Capture Start Frame,346637,Total Frames in Take,950,Total Exported Frames,950,Rotation Type,Quaternion,Length Units,Centimeters,Coordinate Space,Global

,Type,Rigid Body,Rigid Body,Rigid Body,Rigid Body,Rigid Body,Rigid Body,Rigid Body
,Name,SEE_medium,SEE_medium,SEE_medium,SEE_medium,SEE_medium,SEE_medium,SEE_medium
,ID,99D1A06ACB9411F031C44B617C101E92,99D1A06ACB9411F031C44B617C101E92,99D1A06ACB9411F031C44B617C101E92,99D1A06ACB9411F031C44B617C101E92,99D1A06ACB9411F031C44B617C101E92,99D1A06ACB9411F031C44B617C101E92,99D1A06ACB9411F031C44B617C101E92
,Parent,,,,,,,
,,Rotation,Rotation,Rotation,Rotation,Position,Position,Position
Frame,Time (Seconds),X,Y,Z,W,X,Y,Z
0,0.000000,-0.001723,-0.023872,-0.002947,-0.999709,-215.677673,90.164635,84.436752
1,0.008333,-0.001604,-0.023481,-0.003494,-0.999717,-215.699036,90.163506,84.439705
2,0.016667,-0.001752,-0.023481,-0.003891,-0.999715,-215.717224,90.161858,84.438812
3,0.025000,-0.001912,-0.023889,-0.003915,-0.999705,-215.730316,90.163765,84.440575
4,0.033333,-0.001992,-0.024186,-0.004073,-0.999697,-215.737839,90.167580,84.444221
5,0.041667,-0.001669,-0.024194,-0.004466,-0.999696,-215.746979,90.171700,84.447060
6,0.050000,-0.001248,-0.023826,-0.004856,-0.999704,-215.763779,90.173546,84.444717
7,0.058333,-0.001361,-0.023367,-0.005218,-0.999713,-215.780975,90.168800,84.444115
8,0.066667,-0.001768,-0.023026,-0.005743,-0.999717,-215.792465,90.164490,84.441254
9,0.075000,-0.001940,-0.023169,-0.005815,-0.999713,-215.802811,90.164268,84.440781
10,0.083333,-0.002163,-0.023432,-0.006052,-0.999705,-215.807083,90.164833,84.439400
11,0.091667,-0.002224,-0.023472,-0.006138,-0.999703,-215.808350,90.164879,84.439964
12,0.100000,-0.001950,-0.023061,-0.006157,-0.999713,-215.808273,90.162903,84.441650
13,0.108333,-0.001813,-0.022990,-0.006333,-0.999714,-215.812210,90.160980,84.438034
14,0.116667,-0.001608,-0.023090,-0.006461,-0.999711,-215.818924,90.159775,84.435272
15,0.125000,-0.001683,-0.023268,-0.006588,-0.999706,-215.824478,90.158989,84.432068
16,0.133333,-0.001387,-0.023611,-0.006727,-0.999698,-215.836197,90.164505,84.426895
17,0.141667,-0.001197,-0.023734,-0.006927,-0.999694,-215.847961,90.165627,84.423431
18,0.150000,-0.001154,-0.023578,-0.007229,-0.999695,-215.856720,90.163979,84.422234
19,0.158333,-0.001483,-0.023423,-0.007054,-0.999700,-215.858047,90.161072,84.424706
20,0.166667,-0.001742,-0.023412,-0.007077,-0.999699,-215.854218,90.159462,84.427162
21,0.175000,-0.001893,-0.023490,-0.006953,-0.999698,-215.849548,90.161194,84.428139
22,0.183333,-0.001686,-0.023564,-0.007001,-0.999696,-215.848618,90.163406,84.429100
23,0.191667,-0.001386,-0.023641,-0.007063,-0.999695,-215.849609,90.163742,84.429459
24,0.200000,-0.001366,-0.023702,-0.007036,-0.999693,-215.852737,90.163582,84.432976
25,0.208333,-0.001551,-0.023639,-0.007162,-0.999694,-215.850647,90.161690,84.438110
26,0.216667,-0.001910,-0.023689,-0.007032,-0.999693,-215.846542,90.162086,84.441170
27,0.225000,-0.001840,-0.023566,-0.006955,-0.999696,-215.842773,90.162025,84.439812
28,0.233333,-0.001805,-0.023657,-0.006917,-0.999695,-215.840179,90.162323,84.439941
29,0.241667,-0.001692,-0.023705,-0.006965,-0.999693,-215.840729,90.162918,84.441620
30,0.250000,-0.001807,-0.023733,-0.006993,-0.999692,-215.838882,90.162209,84.443359
31,0.258333,-0.001727,-0.023854,-0.007094,-0.999689,-215.840118,90.162628,84.445480
32,0.266667,-0.001575,-0.023781,-0.007169,-0.999690,-215.842270,90.162422,84.443214
33,0.275000,-0.001648,-0.023828,-0.007098,-0.999690,-215.845200,90.162811,84.442314
34,0.283333,-0.001561,-0.023875,-0.007213,-0.999688,-215.848633,90.162437,84.442810
35,0.291667,-0.001655,-0.023952,-0.007316,-0.999685,-215.850021,90.162148,84.444954
36,0.300000,-0.001739,-0.023885,-0.007183,-0.999687,-215.851410,90.162323,84.447113
37,0.308333,-0.001825,-0.023843,-0.007118,-0.999689,-215.852264,90.161568,84.446457
38,0.316667,-0.001765,-0.023912,-0.007254,-0.999686,-215.853424,90.161583,84.447929
39,0.325000,-0.001681,-0.023907,-0.007215,-0.999687,-215.855148,90.162453,84.448784
40,0.333333,-0.001620,-0.023859,-0.007452,-0.999686,-215.854980,90.160721,84.448204
41,0.341667,-0.001776,-0.023878,-0.007417,-0.999686,-215.854568,90.160988,84.449356
42,0.350000,-0.001713,-0.023932,-0.007529,-0.999684,-215.853882,90.160500,84.449135
43,0.358333,-0.001760,-0.023913,-0.007342,-0.999686,-215.852905,90.161713,84.449135
44,0.366667,-0.001813,-0.023919,-0.007220,-0.999686,-215.852264,90.162186,84.448067
45,0.375000,-0.001641,-0.023885,-0.007293,-0.999687,-215.852020,90.161896,84.446297
46,0.383333,-0.001638,-0.023850,-0.007234,-0.999688,-215.852051,90.161545,84.445320
47,0.391667,-0.001528,-0.023858,-0.007394,-0.999687,-215.853638,90.160606,84.442749
48,0.400000,-0.001704,-0.023905,-0.007408,-0.999685,-215.854828,90.160950,84.441353
49,0.408333,-0.001708,-0.023800,-0.007187,-0.999689,-215.855225,90.162247,84.439293
50,0.416667,-0.001611,-0.023781,-0.007201,-0.999690,-215.856354,90.161766,84.438820
51,0.425000,-0.001620,-0.023915,-0.007399,-0.999685,-215.860321,90.161751,84.440071
52,0.433333,-0.001508,-0.023858,-0.007594,-0.999685,-215.863922,90.160759,84.438469
53,0.441667,-0.001588,-0.023825,-0.007594,-0.999686,-215.866089,90.160141,84.438713
54,0.450000,-0.001561,-0.023771,-0.007706,-0.999686,-215.870148,90.160767,84.439262
55,0.458333,-0.001629,-0.023820,-0.007778,-0.999685,-215.870911,90.160660,84.440056
56,0.466667,-0.001739,-0.023810,-0.007811,-0.999684,-215.870804,90.160019,84.440079
57,0.475000,-0.001745,-0.023715,-0.007873,-0.999686,-215.870758,90.158684,84.440414
58,0.483333,-0.001814,-0.023750,-0.007838,-0.999686,-215.869827,90.158951,84.442535
59,0.491667,-0.001745,-0.023729,-0.007675,-0.999687,-215.870041,90.160400,84.440544
60,0.500000,-0.001737,-0.023778,-0.007719,-0.999686,-215.870758,90.161163,84.440544
61,0.508333,-0.001690,-0.023819,-0.007798,-0.999684,-215.869186,90.161278,84.441086
62,0.516667,-0.001783,-0.023837,-0.007628,-0.999685,-215.869064,90.161995,84.440491
63,0.525000,-0.001702,-0.023857,-0.007703,-0.999684,-215.868256,90.160835,84.439697
64,0.533333,-0.001598,-0.023873,-0.007752,-0.999684,-215.868347,90.160797,84.439064
65,0.541667,-0.001616,-0.023922,-0.007696,-0.999683,-215.868790,90.160416,84.438118
66,0.550000,-0.001611,-0.023840,-0.007672,-0.999685,-215.869690,90.160652,84.434540
67,0.558333,-0.001610,-0.023791,-0.007693,-0.999686,-215.870285,90.160866,84.434494
68,0.566667,-0.001565,-0.023895,-0.007607,-0.999684,-215.870926,90.161018,84.434586
69,0.575000,-0.001595,-0.023751,-0.007612,-0.999688,-215.870743,90.161423,84.432808
70,0.583333,-0.001625,-0.023777,-0.007740,-0.999686,-215.872055,90.161530,84.433388
71,0.591667,-0.001724,-0.023711,-0.007769,-0.999687,-215.872116,90.161896,84.432449
72,0.600000,-0.001729,-0.023839,-0.007697,-0.999685,-215.871353,90.160431,84.432587
73,0.608333,-0.001640,-0.023860,-0.007784,-0.999684,-215.870041,90.160194,84.434227
74,0.616667,-0.001618,-0.023848,-0.007741,-0.999684,-215.869324,90.160683,84.434380
75,0.625000,-0.001646,-0.023852,-0.007792,-0.999684,-215.868896,90.161064,84.434715
76,0.633333,-0.001590,-0.023890,-0.007801,-0.999683,-215.867477,90.160103,84.435036
77,0.641667,-0.001619,-0.023894,-0.007680,-0.999684,-215.867523,90.161011,84.434532
78,0.650000,-0.001683,-0.023850,-0.007670,-0.999685,-215.866684,90.160545,84.434219
79,0.658333,-0.001744,-0.023820,-0.007597,-0.999686,-215.866379,90.161133,84.433144
80,0.666667,-0.001796,-0.023835,-0.007543,-0.999686,-215.866119,90.160889,84.432632
81,0.675000,-0.001701,-0.023779,-0.007616,-0.999687,-215.866394,90.160927,84.432037
82,0.683333,-0.001655,-0.023878,-0.007669,-0.999684,-215.867783,90.161499,84.432129
83,0.691667,-0.001633,-0.023799,-0.007649,-0.999686,-215.868118,90.161278,84.430862
84,0.700000,-0.001684,-0.023828,-0.007684,-0.999685,-215.868805,90.160683,84.431107
85,0.708333,-0.001666,-0.023842,-0.007696,-0.999685,-215.869690,90.161339,84.431404
86,0.716667,-0.001562,-0.023896,-0.007830,-0.999683,-215.869659,90.160881,84.430771
87,0.725000,-0.001642,-0.023886,-0.007822,-0.999683,-215.871399,90.161873,84.431831
88,0.733333,-0.001691,-0.023742,-0.007775,-0.999686,-215.872116,90.162300,84.430847
89,0.741667,-0.001702,-0.023753,-0.007848,-0.999686,-215.872650,90.161964,84.431351
90,0.750000,-0.001683,-0.023836,-0.007908,-0.999683,-215.872360,90.160866,84.433350
91,0.758333,-0.001660,-0.023815,-0.007828,-0.999684,-215.871780,90.160904,84.433167
92,0.766667,-0.001680,-0.023826,-0.007863,-0.999684,-215.871948,90.160698,84.433952
93,0.775000,-0.001627,-0.023741,-0.007996,-0.999685,-215.870331,90.160538,84.434311
94,0.783333,-0.001546,-0.023802,-0.008010,-0.999683,-215.870209,90.161255,84.435577
95,0.791667,-0.001601,-0.023844,-0.007800,-0.999684,-215.870071,90.161095,84.435242
96,0.800000,-0.001624,-0.023767,-0.007878,-0.999685,-215.868835,90.159950,84.434929
97,0.808333,-0.001638,-0.023802,-0.007853,-0.999685,-215.869568,90.160751,84.435539
98,0.816667,-0.001667,-0.023781,-0.007827,-0.999685,-215.869522,90.160164,84.433586
99,0.825000,-0.001685,-0.023818,-0.007780,-0.999685,-215.870575,90.160927,84.434822
100,0.833333,-0.001727,-0.023822,-0.007716,-0.999685,-215.871048,90.161858,84.434189
101,0.841667,-0.001678,-0.023834,-0.007751,-0.999684,-215.870590,90.160431,84.433144
102,0.850000,-0.001609,-0.023889,-0.007773,-0.999683,-215.871170,90.160088,84.434311
103,0.858333,-0.001598,-0.023890,-0.007858,-0.999682,-215.870972,90.160110,84.433037
104,0.866667,-0.001685,-0.023841,-0.007796,-0.999684,-215.872314,90.161041,84.431465
105,0.875000,-0.001623,-0.023749,-0.007783,-0.999686,-215.872055,90.160461,84.431213
106,0.883333,-0.001667,-0.023772,-0.007874,-0.999685,-215.871521,90.160179,84.431374
107,0.891667,-0.001642,-0.023842,-0.007875,-0.999683,-215.871399,90.159714,84.432922
108,0.900000,-0.001683,-0.023803,-0.007874,-0.999684,-215.870956,90.160492,84.431572
109,0.908333,-0.001651,-0.023895,-0.007920,-0.999682,-215.871338,90.159409,84.432999
110,0.916667,-0.001592,-0.023781,-0.007926,-0.999684,-215.870926,90.160301,84.433197
111,0.925000,-0.001683,-0.023726,-0.007809,-0.999687,-215.870529,90.160789,84.433640
112,0.933333,-0.001738,-0.023829,-0.007779,-0.999684,-215.870834,90.160629,84.434486
113,0.941667,-0.001734,-0.023869,-0.007724,-0.999684,-215.871246,90.160774,84.435516
114,0.950000,-0.001724,-0.023791,-0.007811,-0.999685,-215.870911,90.160263,84.436020
115,0.958333,-0.001672,-0.023757,-0.007798,-0.999686,-215.871613,90.159973,84.434929
116,0.966667,-0.001657,-0.023805,-0.007842,-0.999685,-215.872787,90.160057,84.435150
117,0.975000,-0.001615,-0.023776,-0.007870,-0.999685,-215.872864,90.160149,84.434937
118,0.983333,-0.001688,-0.023830,-0.007703,-0.999685,-215.873932,90.161140,84.434769
119,0.991667,-0.001578,-0.023786,-0.007926,-0.999684,-215.874222,90.160477,84.434097
120,1.000000,-0.001626,-0.023749,-0.007886,-0.999686,-215.875031,90.161018,84.432236
121,1.008333,-0.001540,-0.023770,-0.007929,-0.999685,-215.875153,90.159492,84.432571
122,1.016667,-0.001602,-0.023766,-0.008012,-0.999684,-215.874893,90.159271,84.432167
123,1.025000,-0.001702,-0.023716,-0.007934,-0.999686,-215.874557,90.160027,84.431450
124,1.033333,-0.001752,-0.023719,-0.007852,-0.999686,-215.874939,90.160789,84.431549
125,1.041667,-0.001711,-0.023784,-0.007913,-0.999684,-215.874405,90.159927,84.431282
126,1.050000,-0.001746,-0.023799,-0.007816,-0.999685,-215.874268,90.160942,84.431549
127,1.058333,-0.001665,-0.023740,-0.007865,-0.999686,-215.874100,90.160812,84.431061
128,1.066667,-0.001621,-0.023820,-0.007781,-0.999685,-215.873367,90.159981,84.431763
129,1.075000,-0.001657,-0.023832,-0.007663,-0.999685,-215.873047,90.160355,84.431175
130,1.083333,-0.001622,-0.023809,-0.007817,-0.999685,-215.872375,90.159935,84.431953
131,1.091667,-0.001723,-0.023807,-0.007871,-0.999684,-215.870926,90.159592,84.433350
132,1.100000,-0.001659,-0.023767,-0.007889,-0.999685,-215.871399,90.160522,84.432487
133,1.108333,-0.001700,-0.023798,-0.007746,-0.999685,-215.871719,90.160423,84.432243
134,1.116667,-0.001695,-0.023785,-0.007712,-0.999686,-215.872604,90.160393,84.431976
135,1.125000,-0.001616,-0.023793,-0.007772,-0.999685,-215.873199,90.159790,84.432510
136,1.133333,-0.001654,-0.023761,-0.007713,-0.999687,-215.874893,90.161102,84.431038
137,1.141667,-0.001582,-0.023776,-0.007825,-0.999685,-215.876480,90.160255,84.429893
138,1.150000,-0.001633,-0.023790,-0.007838,-0.999685,-215.876556,90.160103,84.430725
139,1.158333,-0.001583,-0.023730,-0.007915,-0.999686,-215.877396,90.159538,84.430847
140,1.166667,-0.001611,-0.023731,-0.007990,-0.999685,-215.877625,90.159035,84.430603
141,1.175000,-0.001645,-0.023698,-0.008050,-0.999685,-215.877701,90.158829,84.429817
142,1.183333,-0.001563,-0.023711,-0.007838,-0.999687,-215.877502,90.159195,84.429741
143,1.191667,-0.001738,-0.023800,-0.007701,-0.999686,-215.875961,90.159874,84.429970
144,1.200000,-0.001667,-0.023802,-0.007718,-0.999686,-215.874817,90.160141,84.430458
145,1.208333,-0.001655,-0.023803,-0.007777,-0.999685,-215.874725,90.160439,84.431305
146,1.216667,-0.001654,-0.023791,-0.007772,-0.999685,-215.874771,90.160095,84.431656
147,1.225000,-0.001688,-0.023812,-0.007802,-0.999685,-215.872711,90.159302,84.433235
148,1.233333,-0.001669,-0.023881,-0.007948,-0.999682,-215.871689,90.158943,84.435043
149,1.241667,-0.001744,-0.023838,-0.007888,-0.999683,-215.870361,90.159515,84.433151
150,1.250000,-0.001737,-0.023863,-0.007651,-0.999684,-215.870285,90.160469,84.431610
151,1.258333,-0.001709,-0.023865,-0.007617,-0.999685,-215.871185,90.160286,84.431580
152,1.266667,-0.001624,-0.023800,-0.007811,-0.999685,-215.871521,90.158722,84.431160
153,1.275000,-0.001655,-0.023833,-0.007667,-0.999685,-215.872223,90.158234,84.431206
154,1.283333,-0.001745,-0.023810,-0.007732,-0.999685,-215.871338,90.158409,84.430389
155,1.291667,-0.001818,-0.023776,-0.007577,-0.999687,-215.871338,90.160583,84.430801
156,1.300000,-0.001772,-0.023762,-0.007702,-0.999686,-215.871521,90.159286,84.429939
157,1.308333,-0.001674,-0.023797,-0.007770,-0.999685,-215.873383,90.160789,84.431213
158,1.316667,-0.001676,-0.023807,-0.007799,-0.999685,-215.873932,90.160912,84.430527
159,1.325000,-0.001678,-0.023745,-0.007798,-0.999686,-215.874359,90.160439,84.430458
160,1.333333,-0.001681,-0.023736,-0.007824,-0.999686,-215.874527,90.159927,84.431068
161,1.341667,-0.001744,-0.023812,-0.007728,-0.999685,-215.874313,90.159462,84.432373
162,1.350000,-0.001777,-0.023737,-0.007806,-0.999686,-215.874786,90.160301,84.432755
163,1.358333,-0.001818,-0.023767,-0.007959,-0.999684,-215.874023,90.159760,84.433281
164,1.366667,-0.001753,-0.023796,-0.007864,-0.999684,-215.873688,90.159698,84.433403
165,1.375000,-0.001684,-0.023793,-0.007701,-0.999686,-215.872696,90.159431,84.433975
166,1.383333,-0.001622,-0.023801,-0.007547,-0.999687,-215.872192,90.160263,84.432793
167,1.391667,-0.001597,-0.023862,-0.007671,-0.999685,-215.872238,90.158768,84.432777
168,1.400000,-0.001525,-0.023802,-0.007633,-0.999686,-215.872162,90.159775,84.432732
169,1.408333,-0.001575,-0.023734,-0.007687,-0.999688,-215.871857,90.159775,84.431923
170,1.416667,-0.001597,-0.023790,-0.007989,-0.999684,-215.871735,90.158813,84.433571
171,1.425000,-0.001657,-0.023792,-0.007766,-0.999685,-215.871597,90.160500,84.432777
172,1.433333,-0.001685,-0.023867,-0.007804,-0.999683,-215.872070,90.160294,84.432068
173,1.441667,-0.001671,-0.023800,-0.007621,-0.999686,-215.872269,90.160034,84.430695
174,1.450000,-0.001557,-0.023854,-0.007735,-0.999684,-215.872665,90.158501,84.431145
175,1.458333,-0.001639,-0.023863,-0.007682,-0.999684,-215.872437,90.159073,84.432289
176,1.466667,-0.001648,-0.023837,-0.007718,-0.999685,-215.872223,90.159760,84.431931
177,1.475000,-0.001775,-0.023813,-0.007710,-0.999685,-215.872787,90.160606,84.432014
178,1.483333,-0.001791,-0.023769,-0.007753,-0.999686,-215.872192,90.160202,84.430916
179,1.491667,-0.001654,-0.023831,-0.007825,-0.999684,-215.873077,90.159363,84.431877
180,1.500000,-0.001739,-0.023789,-0.007791,-0.999685,-215.872452,90.159393,84.431686
181,1.508333,-0.001774,-0.023751,-0.007514,-0.999688,-215.873032,90.159935,84.430054
182,1.516667,-0.001765,-0.023823,-0.007679,-0.999685,-215.871933,90.159264,84.430916
183,1.525000,-0.001642,-0.023819,-0.007828,-0.999684,-215.871429,90.159317,84.432404
184,1.533333,-0.001656,-0.023866,-0.007780,-0.999684,-215.871292,90.159653,84.433708
185,1.541667,-0.001651,-0.023864,-0.007795,-0.999683,-215.871078,90.159988,84.432777
186,1.550000,-0.001676,-0.023922,-0.007741,-0.999682,-215.871094,90.159637,84.432053
187,1.558333,-0.001670,-0.023885,-0.007620,-0.999684,-215.871353,90.160027,84.431824
188,1.566667,-0.001704,-0.023815,-0.007553,-0.999686,-215.871048,90.159653,84.430931
189,1.575000,-0.001693,-0.023802,-0.007529,-0.999687,-215.871506,90.159569,84.430824
190,1.583333,-0.001704,-0.023741,-0.007689,-0.999687,-215.871643,90.159492,84.431160
191,1.591667,-0.001763,-0.023820,-0.007715,-0.999685,-215.870911,90.159119,84.431549
192,1.600000,-0.001786,-0.023829,-0.007698,-0.999685,-215.871124,90.159950,84.432205
193,1.608333,-0.001741,-0.023756,-0.007753,-0.999686,-215.870789,90.159660,84.431450
194,1.616667,-0.001635,-0.023810,-0.007811,-0.999685,-215.871719,90.160034,84.432243
195,1.625000,-0.001691,-0.023836,-0.007725,-0.999685,-215.871124,90.159599,84.432098
196,1.633333,-0.001592,-0.023817,-0.007678,-0.999686,-215.870850,90.159660,84.432106
197,1.641667,-0.001633,-0.023792,-0.007621,-0.999687,-215.871780,90.161049,84.432678
198,1.650000,-0.001600,-0.023759,-0.007725,-0.999687,-215.871292,90.160149,84.431480
199,1.658333,-0.001613,-0.023812,-0.007696,-0.999686,-215.871780,90.160805,84.432220
200,1.666667,-0.001641,-0.023822,-0.007639,-0.999686,-215.871262,90.160889,84.432755
201,1.675000,-0.001578,-0.023832,-0.007732,-0.999685,-215.871292,90.160141,84.432198
202,1.683333,-0.001716,-0.023803,-0.007649,-0.999686,-215.870697,90.160194,84.431786
203,1.691667,-0.001629,-0.023867,-0.007653,-0.999685,-215.870850,90.159592,84.431984
204,1.700000,-0.001662,-0.023942,-0.007683,-0.999682,-215.870911,90.159988,84.433426
205,1.708333,-0.001658,-0.023842,-0.007702,-0.999685,-215.870712,90.160683,84.432968
206,1.716667,-0.001739,-0.023835,-0.007610,-0.999686,-215.870544,90.160858,84.432755
207,1.725000,-0.001713,-0.023907,-0.007638,-0.999684,-215.870850,90.159630,84.432915
208,1.733333,-0.001578,-0.023871,-0.007742,-0.999684,-215.870407,90.158981,84.433907
209,1.741667,-0.001615,-0.023845,-0.007691,-0.999685,-215.871002,90.159805,84.433189
210,1.750000,-0.001609,-0.023784,-0.007686,-0.999686,-215.870758,90.159454,84.432632
211,1.758333,-0.001623,-0.023805,-0.007832,-0.999685,-215.871170,90.159264,84.433525
212,1.766667,-0.001700,-0.023855,-0.007736,-0.999684,-215.872192,90.160385,84.433678
213,1.775000,-0.001722,-0.023847,-0.007740,-0.999684,-215.871887,90.160149,84.434540
214,1.783333,-0.001652,-0.023856,-0.007812,-0.999684,-215.871170,90.159554,84.434830
215,1.791667,-0.001648,-0.023851,-0.007730,-0.999684,-215.871399,90.160301,84.434395
216,1.800000,-0.001666,-0.023858,-0.007694,-0.999684,-215.871567,90.160034,84.434723
217,1.808333,-0.001599,-0.023864,-0.007832,-0.999683,-215.870529,90.158379,84.434402
218,1.816667,-0.001637,-0.023869,-0.007761,-0.999684,-215.871262,90.159378,84.435539
219,1.825000,-0.001769,-0.023836,-0.007704,-0.999685,-215.871017,90.160217,84.435883
220,1.833333,-0.001794,-0.023839,-0.007713,-0.999684,-215.870163,90.159470,84.434669
221,1.841667,-0.001678,-0.023869,-0.007795,-0.999683,-215.870712,90.158508,84.434975
222,1.850000,-0.001630,-0.023862,-0.007712,-0.999684,-215.871262,90.159538,84.434250
223,1.858333,-0.001585,-0.023877,-0.007698,-0.999684,-215.871078,90.159462,84.435127
224,1.866667,-0.001622,-0.023906,-0.007793,-0.999683,-215.870911,90.159042,84.436081
225,1.875000,-0.001606,-0.023869,-0.007901,-0.999683,-215.870422,90.159904,84.436867
226,1.883333,-0.001505,-0.023840,-0.007719,-0.999685,-215.870804,90.160873,84.436501
227,1.891667,-0.001574,-0.023816,-0.007642,-0.999686,-215.871017,90.161247,84.435753
228,1.900000,-0.001600,-0.023826,-0.007671,-0.999685,-215.871765,90.160515,84.436127
229,1.908333,-0.001559,-0.023843,-0.007791,-0.999684,-215.872101,90.159607,84.435715
230,1.916667,-0.001539,-0.023854,-0.007780,-0.999684,-215.871689,90.159317,84.436867
231,1.925000,-0.001747,-0.023788,-0.007701,-0.999686,-215.871857,90.159927,84.437737
232,1.933333,-0.001746,-0.023790,-0.007777,-0.999685,-215.871399,90.159172,84.437386
233,1.941667,-0.001669,-0.023866,-0.007757,-0.999684,-215.871613,90.159592,84.438667
234,1.950000,-0.001724,-0.023840,-0.007752,-0.999684,-215.871017,90.160271,84.438667
235,1.958333,-0.001771,-0.023865,-0.007606,-0.999685,-215.870041,90.159515,84.439407
236,1.966667,-0.001791,-0.023900,-0.007662,-0.999683,-215.869385,90.158394,84.441467
237,1.975000,-0.001979,-0.023973,-0.007687,-0.999681,-215.868164,90.157471,84.443893
238,1.983333,-0.001998,-0.023947,-0.007594,-0.999682,-215.867233,90.157112,84.444580
239,1.991667,-0.001934,-0.023933,-0.007516,-0.999683,-215.866547,90.158295,84.443298
240,2.000000,-0.001991,-0.023997,-0.007614,-0.999681,-215.865250,90.157379,84.443375
241,2.008333,-0.001724,-0.023968,-0.007709,-0.999681,-215.865402,90.156532,84.442078
242,2.016667,-0.001810,-0.023922,-0.007521,-0.999684,-215.866058,90.157104,84.439018
243,2.025000,-0.001784,-0.023909,-0.007504,-0.999684,-215.867096,90.158180,84.437126
244,2.033333,-0.001677,-0.023914,-0.007678,-0.999683,-215.865738,90.156326,84.437988
245,2.041667,-0.001937,-0.024028,-0.007498,-0.999681,-215.864212,90.156433,84.442024
246,2.050000,-0.002092,-0.024100,-0.007412,-0.999680,-215.861725,90.157028,84.449959
247,2.058333,-0.002377,-0.024169,-0.007317,-0.999678,-215.857956,90.156578,84.457794
248,2.066667,-0.003412,-0.024508,-0.005807,-0.999677,-215.858368,90.165665,84.467056
249,2.075000,-0.003140,-0.024222,-0.006921,-0.999678,-215.851334,90.159180,84.472504
250,2.083333,-0.004174,-0.024787,-0.005602,-0.999668,-215.852493,90.166649,84.486946
251,2.091667,-0.004692,-0.024679,-0.005293,-0.999670,-215.849304,90.167145,84.497086
252,2.100000,-0.005291,-0.024500,-0.005119,-0.999673,-215.844131,90.167473,84.510033
253,2.108333,-0.006039,-0.024525,-0.005036,-0.999668,-215.838409,90.165794,84.526268
254,2.116667,-0.006740,-0.024457,-0.004989,-0.999666,-215.833359,90.167091,84.545067
255,2.125000,-0.007401,-0.024495,-0.005076,-0.999660,-215.830612,90.168816,84.567329
256,2.133333,-0.008212,-0.024403,-0.005220,-0.999655,-215.829559,90.169319,84.595108
257,2.141667,-0.009232,-0.024355,-0.005233,-0.999647,-215.826721,90.169640,84.623688
258,2.150000,-0.010564,-0.024327,-0.005217,-0.999635,-215.816071,90.166351,84.653198
259,2.158333,-0.011733,-0.024064,-0.004861,-0.999630,-215.798050,90.163506,84.682442
260,2.166667,-0.012657,-0.023971,-0.004300,-0.999623,-215.782211,90.162643,84.710403
261,2.175000,-0.013283,-0.023940,-0.003863,-0.999618,-215.772537,90.162621,84.729111
262,2.183333,-0.013574,-0.023969,-0.003668,-0.999614,-215.767807,90.163353,84.736809
263,2.191667,-0.013782,-0.024065,-0.003543,-0.999609,-215.763565,90.162666,84.743584
264,2.200000,-0.014144,-0.024105,-0.003442,-0.999603,-215.760086,90.162117,84.751221
265,2.208333,-0.014476,-0.024155,-0.003417,-0.999598,-215.757889,90.162766,84.759537
266,2.216667,-0.014587,-0.024164,-0.003238,-0.999596,-215.752716,90.160027,84.765358
267,2.225000,-0.014872,-0.024175,-0.003055,-0.999592,-215.747162,90.159554,84.771225
268,2.233333,-0.015113,-0.024157,-0.002896,-0.999590,-215.738983,90.158928,84.775970
269,2.241667,-0.015214,-0.024125,-0.002555,-0.999590,-215.732025,90.158752,84.779945
270,2.250000,-0.015379,-0.024118,-0.002351,-0.999588,-215.724014,90.160942,84.787132
271,2.258333,-0.015575,-0.024190,-0.002288,-0.999583,-215.717651,90.160728,84.795799
272,2.266667,-0.015863,-0.024139,-0.002461,-0.999580,-215.715027,90.162193,84.806290
273,2.275000,-0.016215,-0.024054,-0.002506,-0.999576,-215.717102,90.164078,84.818306
274,2.283333,-0.016650,-0.023971,-0.002365,-0.999571,-215.719528,90.163597,84.829086
275,2.291667,-0.017034,-0.023829,-0.002450,-0.999568,-215.721161,90.163795,84.839531
276,2.300000,-0.017342,-0.023724,-0.002724,-0.999564,-215.722794,90.162666,84.849403
277,2.308333,-0.017640,-0.023647,-0.002743,-0.999561,-215.724564,90.161888,84.857925
278,2.316667,-0.017686,-0.023602,-0.002677,-0.999561,-215.725235,90.162216,84.861961
279,2.325000,-0.017651,-0.023556,-0.002709,-0.999563,-215.727112,90.163307,84.862450
280,2.333333,-0.017574,-0.023552,-0.002711,-0.999564,-215.727661,90.163345,84.857834
281,2.341667,-0.017282,-0.023686,-0.002804,-0.999566,-215.728027,90.164261,84.848007
282,2.350000,-0.016618,-0.023904,-0.002897,-0.999572,-215.728668,90.163467,84.830627
283,2.358333,-0.015546,-0.024103,-0.003153,-0.999584,-215.734985,90.162369,84.798843
284,2.366667,-0.014464,-0.024233,-0.003194,-0.999597,-215.746658,90.162064,84.763168
285,2.375000,-0.013440,-0.024225,-0.003757,-0.999609,-215.757507,90.162292,84.727257
286,2.383333,-0.012838,-0.024040,-0.003829,-0.999621,-215.768188,90.163925,84.702522
287,2.391667,-0.013877,-0.023973,-0.004189,-0.999608,-215.779404,90.165337,84.715096
288,2.400000,-0.015931,-0.023897,-0.004399,-0.999578,-215.786102,90.176346,84.752861
289,2.408333,-0.016633,-0.023995,-0.004170,-0.999565,-215.781616,90.205292,84.779015
290,2.416667,-0.015738,-0.024252,-0.003829,-0.999575,-215.767380,90.253647,84.788124
291,2.425000,-0.014162,-0.024143,-0.003265,-0.999603,-215.754395,90.309456,84.800301
292,2.433333,-0.014119,-0.024238,-0.003041,-0.999602,-215.749664,90.356865,84.809647
293,2.441667,-0.013536,-0.023987,-0.003611,-0.999614,-215.759491,90.411667,84.819000
294,2.450000,-0.013899,-0.023898,-0.003830,-0.999610,-215.764877,90.463074,84.828506
295,2.458333,-0.014672,-0.023892,-0.003855,-0.999600,-215.760880,90.509834,84.838936
296,2.466667,-0.016149,-0.023692,-0.002020,-0.999587,-215.760925,90.573654,84.843597
297,2.475000,-0.016430,-0.023359,-0.001935,-0.999590,-215.760498,90.637413,84.846291
298,2.483333,-0.014746,-0.024141,-0.004209,-0.999591,-215.756439,90.681824,84.867958
299,2.491667,-0.013816,-0.024765,-0.004544,-0.999588,-215.748627,90.729263,84.888855
300,2.500000,-0.013151,-0.024986,-0.004444,-0.999591,-215.747696,90.781921,84.897438
301,2.508333,-0.012879,-0.024933,-0.004412,-0.999596,-215.750412,90.835167,84.902451
302,2.516667,-0.012678,-0.024927,-0.004421,-0.999599,-215.753006,90.884933,84.911118
303,2.525000,-0.012320,-0.024849,-0.003916,-0.999608,-215.756821,90.941010,84.916977
304,2.533333,-0.012058,-0.024656,-0.003676,-0.999617,-215.757294,91.001930,84.922035
305,2.541667,-0.011530,-0.025190,-0.003194,-0.999611,-215.756180,91.074631,84.936165
306,2.550000,-0.011687,-0.025018,-0.001815,-0.999617,-215.752762,91.153183,84.934952
307,2.558333,-0.011526,-0.024682,-0.001682,-0.999628,-215.747406,91.223557,84.931656
308,2.566667,-0.011213,-0.024676,-0.002713,-0.999629,-215.743668,91.281784,84.931801
309,2.575000,-0.011068,-0.024724,-0.003189,-0.999628,-215.740677,91.332428,84.934135
310,2.583333,-0.011334,-0.024754,-0.002841,-0.999625,-215.736771,91.377319,84.938553
311,2.591667,-0.011274,-0.024753,-0.002598,-0.999627,-215.735077,91.420891,84.946426
312,2.600000,-0.010839,-0.024592,-0.002523,-0.999636,-215.734482,91.465607,84.953262
313,2.608333,-0.010166,-0.024741,-0.002643,-0.999639,-215.731903,91.513130,84.960152
314,2.616667,-0.009687,-0.024947,-0.002753,-0.999638,-215.728577,91.562943,84.968880
315,2.625000,-0.009117,-0.025278,-0.002797,-0.999635,-215.722534,91.614143,84.977005
316,2.633333,-0.008701,-0.025384,-0.003059,-0.999635,-215.719299,91.667351,84.986511
317,2.641667,-0.008272,-0.025532,-0.003417,-0.999634,-215.716202,91.717735,84.992699
318,2.650000,-0.008161,-0.025478,-0.003920,-0.999634,-215.714218,91.769203,85.000389
319,2.658333,-0.009009,-0.025181,-0.002192,-0.999640,-215.716980,91.831947,84.999374
320,2.666667,-0.009418,-0.024660,-0.002021,-0.999650,-215.718430,91.892166,84.994637
321,2.675000,-0.008603,-0.024355,-0.002140,-0.999664,-215.716858,91.949997,84.995392
322,2.683333,-0.006101,-0.024109,-0.002589,-0.999687,-215.716934,92.016434,84.996872
323,2.691667,-0.004513,-0.024245,-0.002986,-0.999691,-215.715927,92.076752,84.996216
324,2.700000,-0.003594,-0.024326,-0.003404,-0.999692,-215.712112,92.133049,84.992714
325,2.708333,-0.002980,-0.024287,-0.003634,-0.999694,-215.708374,92.188637,84.986206
326,2.716667,-0.003360,-0.024563,-0.003362,-0.999687,-215.705658,92.231766,84.980377
327,2.725000,-0.003106,-0.024588,-0.003534,-0.999687,-215.706512,92.281708,84.972900
328,2.733333,-0.002969,-0.024706,-0.003671,-0.999684,-215.705536,92.337296,84.969238
329,2.741667,-0.002438,-0.024874,-0.004052,-0.999679,-215.700027,92.389938,84.969940
330,2.750000,-0.001247,-0.024467,-0.002872,-0.999696,-215.704102,92.464813,84.964577
331,2.758333,-0.000520,-0.024249,-0.003014,-0.999701,-215.702362,92.523003,84.959740
332,2.766667,-0.001009,-0.024618,-0.002661,-0.999693,-215.692490,92.557236,84.959053
333,2.775000,-0.000730,-0.024665,-0.002779,-0.999692,-215.689987,92.594757,84.962219
334,2.783333,-0.000429,-0.024664,-0.002789,-0.999692,-215.690399,92.631371,84.964767
335,2.791667,0.000055,-0.024476,-0.003009,-0.999696,-215.691116,92.668648,84.966148
336,2.800000,0.000221,-0.024451,-0.003087,-0.999696,-215.690308,92.706360,84.968002
337,2.808333,0.000706,-0.024433,-0.003208,-0.999696,-215.687683,92.745720,84.964615
338,2.816667,0.001457,-0.024469,-0.003292,-0.999694,-215.684296,92.786186,84.960335
339,2.825000,0.002585,-0.024591,-0.003496,-0.999688,-215.678833,92.828941,84.954796
340,2.833333,0.003656,-0.024713,-0.003403,-0.999682,-215.674927,92.875191,84.951180
341,2.841667,0.004312,-0.024803,-0.003286,-0.999678,-215.671112,92.911377,84.946770
342,2.850000,0.005038,-0.024856,-0.003217,-0.999673,-215.669083,92.948235,84.944359
343,2.858333,0.005935,-0.024875,-0.003246,-0.999668,-215.671036,92.984924,84.938087
344,2.866667,0.007420,-0.024633,-0.003518,-0.999663,-215.673569,93.023224,84.937752
345,2.875000,0.006691,-0.024442,-0.001765,-0.999677,-215.677307,93.069336,84.932480
346,2.883333,0.007208,-0.024303,-0.001206,-0.999678,-215.674255,93.110512,84.935982
347,2.891667,0.007489,-0.024441,-0.001492,-0.999672,-215.669128,93.140022,84.937424
348,2.900000,0.007451,-0.024724,-0.002362,-0.999664,-215.665985,93.170753,84.941139
349,2.908333,0.007761,-0.024778,-0.002715,-0.999659,-215.660995,93.199959,84.942604
350,2.916667,0.008094,-0.025062,-0.003021,-0.999649,-215.658981,93.222946,84.946350
351,2.925000,0.007815,-0.024977,-0.003066,-0.999653,-215.656738,93.235413,84.944763
352,2.933333,0.007821,-0.024794,-0.003299,-0.999657,-215.659088,93.253723,84.943924
353,2.941667,0.007732,-0.024697,-0.003228,-0.999660,-215.655945,93.270836,84.948502
354,2.950000,0.008037,-0.024770,-0.003350,-0.999655,-215.651917,93.291901,84.952148
355,2.958333,0.008349,-0.024944,-0.003329,-0.999648,-215.647369,93.317375,84.953484
356,2.966667,0.007926,-0.025436,-0.002989,-0.999641,-215.639633,93.337708,84.950165
357,2.975000,0.008276,-0.025559,-0.002839,-0.999635,-215.634247,93.367073,84.948410
358,2.983333,0.008649,-0.025642,-0.002775,-0.999630,-215.629990,93.394066,84.945404
359,2.991667,0.008954,-0.025672,-0.002796,-0.999626,-215.626907,93.418358,84.942665
360,3.000000,0.008756,-0.025730,-0.002740,-0.999627,-215.624359,93.437729,84.941376
361,3.008333,0.008656,-0.025704,-0.002795,-0.999628,-215.621613,93.452698,84.940361
362,3.016667,0.008573,-0.025751,-0.002829,-0.999628,-215.619705,93.467804,84.939919
363,3.025000,0.008595,-0.025739,-0.002999,-0.999627,-215.617584,93.483200,84.940079
364,3.033333,0.008431,-0.025786,-0.003042,-0.999627,-215.615662,93.499802,84.940269
365,3.041667,0.008595,-0.025770,-0.003185,-0.999626,-215.614456,93.521881,84.939690
366,3.050000,0.009768,-0.025602,-0.003465,-0.999619,-215.615128,93.551399,84.937080
367,3.058333,0.010011,-0.025670,-0.003499,-0.999614,-215.610291,93.580612,84.937515
368,3.066667,0.009522,-0.025341,-0.001576,-0.999632,-215.610626,93.623787,84.926849
369,3.075000,0.009619,-0.025064,-0.001290,-0.999639,-215.607574,93.654732,84.916199
370,3.083333,0.009836,-0.025195,-0.001558,-0.999633,-215.603561,93.676239,84.912994
371,3.091667,0.010430,-0.025680,-0.001669,-0.999614,-215.596725,93.699226,84.924927
372,3.100000,0.010685,-0.025778,-0.001599,-0.999609,-215.593307,93.716820,84.926598
373,3.108333,0.010825,-0.025796,-0.001784,-0.999607,-215.591614,93.735245,84.926186
374,3.116667,0.010578,-0.025768,-0.002447,-0.999609,-215.591522,93.757805,84.925110
375,3.125000,0.010455,-0.025808,-0.002577,-0.999609,-215.590805,93.775436,84.925941
376,3.133333,0.010741,-0.025822,-0.002785,-0.999605,-215.590317,93.791145,84.925301
377,3.141667,0.010722,-0.025883,-0.002954,-0.999603,-215.590240,93.805435,84.924644
378,3.150000,0.010414,-0.025625,-0.003213,-0.999612,-215.592667,93.815353,84.913963
379,3.158333,0.009982,-0.025520,-0.003066,-0.999620,-215.589645,93.825294,84.912537
380,3.166667,0.008954,-0.025764,-0.002652,-0.999624,-215.579193,93.835701,84.912712
381,3.175000,0.009192,-0.025827,-0.002468,-0.999621,-215.568405,93.866783,84.910843
382,3.183333,0.010221,-0.026048,-0.002781,-0.999605,-215.549255,93.920311,84.906548
383,3.191667,0.011664,-0.026586,-0.002940,-0.999574,-215.526611,93.985077,84.897942
384,3.200000,0.013129,-0.027049,-0.003291,-0.999542,-215.502899,94.059166,84.890068
385,3.208333,0.015246,-0.027015,-0.004022,-0.999511,-215.488022,94.133423,84.883095
386,3.216667,0.016520,-0.027299,-0.004252,-0.999482,-215.471268,94.191246,84.875015
387,3.225000,0.017669,-0.027628,-0.004035,-0.999454,-215.454346,94.240753,84.869156
388,3.233333,0.017459,-0.027540,-0.002045,-0.999466,-215.440369,94.295204,84.855804
389,3.241667,0.018116,-0.027753,-0.001217,-0.999450,-215.422012,94.347473,84.857651
390,3.250000,0.017309,-0.028355,-0.001381,-0.999447,-215.409042,94.388542,84.851517
391,3.258333,0.017512,-0.028519,-0.001670,-0.999438,-215.408279,94.429512,84.844406
392,3.266667,0.018271,-0.028464,-0.002060,-0.999426,-215.412949,94.462730,84.838211
393,3.275000,0.018987,-0.028030,-0.002282,-0.999424,-215.424179,94.488304,84.823578
394,3.283333,0.020217,-0.027549,-0.002733,-0.999412,-215.434677,94.517067,84.817200
395,3.291667,0.020824,-0.027550,-0.002941,-0.999399,-215.436905,94.536758,84.811714
396,3.300000,0.021161,-0.027739,-0.003119,-0.999386,-215.435333,94.550674,84.808578
397,3.308333,0.021385,-0.027905,-0.003206,-0.999377,-215.434433,94.563118,84.805321
398,3.316667,0.021637,-0.027932,-0.003245,-0.999370,-215.434845,94.573563,84.801826
399,3.325000,0.021769,-0.027949,-0.003261,-0.999367,-215.437363,94.583099,84.800819
400,3.333333,0.021836,-0.027913,-0.003263,-0.999366,-215.438461,94.589035,84.800087
401,3.341667,0.021849,-0.027885,-0.003258,-0.999367,-215.440994,94.594528,84.800087
402,3.350000,0.021898,-0.027860,-0.003350,-0.999366,-215.442032,94.595901,84.799812
403,3.358333,0.021847,-0.027891,-0.003313,-0.999367,-215.441483,94.593147,84.802170
404,3.366667,0.021698,-0.027911,-0.003117,-0.999370,-215.440781,94.587837,84.803864
405,3.375000,0.021581,-0.027808,-0.003102,-0.999376,-215.440948,94.583298,84.806374
406,3.383333,0.021574,-0.027723,-0.003139,-0.999378,-215.440887,94.581879,84.808708
407,3.391667,0.021477,-0.027782,-0.003048,-0.999379,-215.440277,94.583801,84.808273
408,3.400000,0.021656,-0.027800,-0.003177,-0.999374,-215.440063,94.589386,84.809914
409,3.408333,0.021760,-0.027812,-0.003215,-0.999371,-215.438110,94.591644,84.809639
410,3.416667,0.021849,-0.027852,-0.003325,-0.999368,-215.435837,94.590050,84.807518
411,3.425000,0.021873,-0.027928,-0.003323,-0.999365,-215.435608,94.586952,84.807709
412,3.433333,0.021766,-0.027897,-0.003207,-0.999369,-215.435669,94.584160,84.806808
413,3.441667,0.021637,-0.027819,-0.003276,-0.999373,-215.437439,94.584778,84.806450
414,3.450000,0.021535,-0.027850,-0.003296,-0.999375,-215.438416,94.587112,84.805878
415,3.458333,0.021508,-0.027798,-0.003179,-0.999377,-215.439194,94.590309,84.803574
416,3.466667,0.021663,-0.027829,-0.003185,-0.999373,-215.440033,94.591850,84.802155
417,3.475000,0.021818,-0.027892,-0.003297,-0.999367,-215.439423,94.589363,84.800346
418,3.483333,0.021749,-0.027941,-0.003243,-0.999368,-215.440948,94.588478,84.801033
419,3.491667,0.021768,-0.027979,-0.003239,-0.999366,-215.440460,94.585739,84.800842
420,3.500000,0.021638,-0.027954,-0.003211,-0.999370,-215.440704,94.585785,84.800789
421,3.508333,0.021518,-0.027907,-0.003304,-0.999373,-215.440750,94.587952,84.802109
422,3.516667,0.021507,-0.027920,-0.003280,-0.999373,-215.439514,94.588760,84.801140
423,3.525000,0.021527,-0.027996,-0.003279,-0.999371,-215.438156,94.589653,84.802979
424,3.533333,0.021578,-0.027938,-0.003374,-0.999371,-215.436371,94.589409,84.803360
425,3.541667,0.021690,-0.028006,-0.003344,-0.999367,-215.435150,94.586769,84.803352
426,3.550000,0.021611,-0.027950,-0.003377,-0.999370,-215.434265,94.585022,84.803482
427,3.558333,0.021617,-0.027961,-0.003266,-0.999370,-215.434982,94.585709,84.803329
428,3.566667,0.021558,-0.027978,-0.003294,-0.999371,-215.436249,94.589226,84.803391
429,3.575000,0.021589,-0.027958,-0.003320,-0.999370,-215.435669,94.590118,84.802025
430,3.583333,0.021598,-0.028060,-0.003391,-0.999367,-215.435913,94.589417,84.801453
431,3.591667,0.021666,-0.028067,-0.003347,-0.999366,-215.436554,94.589699,84.800171
432,3.600000,0.021734,-0.027979,-0.003223,-0.999367,-215.437500,94.587479,84.797142
433,3.608333,0.021537,-0.028048,-0.003295,-0.999369,-215.439423,94.587608,84.797989
434,3.616667,0.021606,-0.027974,-0.003365,-0.999369,-215.440125,94.588676,84.796410
435,3.625000,0.021569,-0.027966,-0.003344,-0.999371,-215.440781,94.589699,84.795883
436,3.633333,0.021721,-0.028020,-0.003342,-0.999366,-215.440018,94.589142,84.795212
437,3.641667,0.021706,-0.028014,-0.003386,-0.999366,-215.440414,94.589310,84.795341
438,3.650000,0.021656,-0.028051,-0.003312,-0.999366,-215.440964,94.588928,84.796463
439,3.658333,0.021620,-0.028033,-0.003332,-0.999368,-215.439529,94.587708,84.796486
440,3.666667,0.021637,-0.028045,-0.003270,-0.999367,-215.438873,94.586830,84.797302
441,3.675000,0.021550,-0.027993,-0.003180,-0.999371,-215.438873,94.588089,84.797638
442,3.683333,0.021586,-0.028052,-0.003357,-0.999368,-215.438004,94.588875,84.799362
443,3.691667,0.021591,-0.028046,-0.003429,-0.999368,-215.437668,94.589142,84.800507
444,3.700000,0.021609,-0.028012,-0.003461,-0.999368,-215.436600,94.588493,84.800163
445,3.708333,0.021631,-0.028031,-0.003326,-0.999367,-215.436691,94.587547,84.800217
446,3.716667,0.021606,-0.028039,-0.003235,-0.999368,-215.436798,94.586952,84.799965
447,3.725000,0.021529,-0.028047,-0.003217,-0.999370,-215.437012,94.587875,84.799927
448,3.733333,0.021467,-0.028023,-0.003170,-0.999372,-215.436584,94.588577,84.799179
449,3.741667,0.021594,-0.027998,-0.003287,-0.999369,-215.437225,94.589249,84.797852
450,3.750000,0.021574,-0.028052,-0.003282,-0.999368,-215.438110,94.590431,84.797958
451,3.758333,0.021688,-0.028050,-0.003380,-0.999366,-215.437775,94.588959,84.795868
452,3.766667,0.021620,-0.028065,-0.003313,-0.999367,-215.437363,94.588844,84.796593
453,3.775000,0.021572,-0.028000,-0.003289,-0.999370,-215.437149,94.588448,84.795227
454,3.783333,0.021580,-0.028104,-0.003415,-0.999366,-215.436722,94.588348,84.796280
455,3.791667,0.021571,-0.028107,-0.003449,-0.999366,-215.436203,94.588699,84.797081
456,3.800000,0.021653,-0.028043,-0.003334,-0.999367,-215.436050,94.589279,84.796890
457,3.808333,0.021597,-0.028072,-0.003282,-0.999367,-215.435974,94.589256,84.797699
458,3.816667,0.021466,-0.028047,-0.003205,-0.999371,-215.435104,94.588951,84.797958
459,3.825000,0.021557,-0.028027,-0.003330,-0.999369,-215.435287,94.588310,84.799889
460,3.833333,0.021535,-0.028039,-0.003363,-0.999369,-215.434891,94.587479,84.801491
461,3.841667,0.021588,-0.027991,-0.003271,-0.999370,-215.434647,94.588310,84.800964
462,3.850000,0.021572,-0.028032,-0.003178,-0.999369,-215.435028,94.588791,84.802490
463,3.858333,0.021682,-0.027967,-0.003309,-0.999368,-215.434814,94.587860,84.801933
464,3.866667,0.021604,-0.028032,-0.003198,-0.999368,-215.435501,94.588814,84.802834
465,3.875000,0.021643,-0.027967,-0.003287,-0.999369,-215.436035,94.590271,84.803314
466,3.883333,0.021745,-0.027947,-0.003350,-0.999367,-215.437057,94.592438,84.802856
467,3.891667,0.021794,-0.027978,-0.003295,-0.999366,-215.439102,94.596359,84.804070
468,3.900000,0.021886,-0.027963,-0.003239,-0.999364,-215.441040,94.601837,84.804131
469,3.908333,0.022042,-0.027878,-0.003408,-0.999363,-215.443939,94.609512,84.806046
470,3.916667,0.022356,-0.027928,-0.003464,-0.999354,-215.448380,94.617661,84.807777
471,3.925000,0.022537,-0.027919,-0.003500,-0.999350,-215.453812,94.625946,84.810959
472,3.933333,0.022759,-0.027824,-0.003536,-0.999348,-215.459793,94.634094,84.818802
473,3.941667,0.023637,-0.028172,-0.004712,-0.999312,-215.466522,94.633453,84.836899
474,3.950000,0.024084,-0.028501,-0.004891,-0.999292,-215.474869,94.631378,84.857162
475,3.958333,0.024465,-0.028412,-0.004752,-0.999286,-215.487625,94.627312,84.876015
476,3.966667,0.024568,-0.028092,-0.004827,-0.999292,-215.503952,94.618469,84.899429
477,3.975000,0.024679,-0.027898,-0.005053,-0.999293,-215.524292,94.605568,84.926643
478,3.983333,0.023980,-0.027908,-0.003527,-0.999317,-215.553741,94.590294,84.958496
479,3.991667,0.023595,-0.027477,-0.002820,-0.999340,-215.582062,94.563652,84.985580
480,4.000000,0.023142,-0.026520,-0.002816,-0.999376,-215.615326,94.536263,85.015144
481,4.008333,0.022726,-0.025837,-0.003128,-0.999403,-215.656372,94.513306,85.043495
482,4.016667,0.022944,-0.025021,-0.003207,-0.999418,-215.706924,94.499519,85.072144
483,4.025000,0.022594,-0.024261,-0.003222,-0.999445,-215.758179,94.485359,85.104912
484,4.033333,0.022188,-0.023158,-0.003178,-0.999481,-215.813354,94.462341,85.144356
485,4.041667,0.021782,-0.022077,-0.002554,-0.999516,-215.866425,94.432114,85.177628
486,4.050000,0.021547,-0.020721,-0.002223,-0.999551,-215.919708,94.410408,85.209740
487,4.058333,0.021444,-0.019501,-0.001709,-0.999578,-215.979095,94.385414,85.248573
488,4.066667,0.021545,-0.018685,-0.001390,-0.999592,-216.049286,94.355362,85.290192
489,4.075000,0.021555,-0.019100,-0.001471,-0.999584,-216.122192,94.331268,85.339409
490,4.083333,0.021663,-0.018481,-0.001791,-0.999593,-216.191650,94.314041,85.382935
491,4.091667,0.021817,-0.017305,-0.001880,-0.999610,-216.266205,94.294479,85.431000
492,4.100000,0.023594,-0.016479,-0.003704,-0.999579,-216.331223,94.262215,85.490379
493,4.108333,0.024680,-0.015870,-0.003999,-0.999561,-216.400406,94.243927,85.539421
494,4.116667,0.025222,-0.014614,-0.003690,-0.999568,-216.476181,94.226707,85.583138
495,4.125000,0.025864,-0.013528,-0.003136,-0.999569,-216.560699,94.201317,85.625252
496,4.133333,0.025943,-0.012006,-0.003520,-0.999585,-216.645294,94.179047,85.658104
497,4.141667,0.025287,-0.010502,-0.004258,-0.999616,-216.727829,94.164642,85.702995
498,4.150000,0.025276,-0.009502,-0.004643,-0.999625,-216.820816,94.156357,85.770042
499,4.158333,0.025217,-0.009128,-0.004049,-0.999632,-216.899567,94.148827,85.829315
500,4.166667,0.025732,-0.007567,-0.004078,-0.999632,-216.988281,94.143967,85.877708
501,4.175000,0.025880,-0.006237,-0.003861,-0.999638,-217.078568,94.139954,85.922676
502,4.183333,0.026941,-0.005143,-0.003631,-0.999617,-217.171600,94.139122,85.967812
503,4.191667,0.027837,-0.003127,-0.003606,-0.999601,-217.261627,94.148026,86.021820
504,4.200000,0.028450,-0.001467,-0.004017,-0.999586,-217.349915,94.162956,86.074905
505,4.208333,0.030214,-0.001030,-0.004037,-0.999535,-217.437225,94.179169,86.135498
506,4.216667,0.031792,-0.000483,-0.001998,-0.999492,-217.532867,94.210312,86.180580
507,4.225000,0.033357,0.001270,-0.001727,-0.999441,-217.631989,94.238647,86.223465
508,4.233333,0.033272,0.003261,-0.002416,-0.999438,-217.735794,94.263817,86.280891
509,4.241667,0.033871,0.004945,-0.002531,-0.999411,-217.838501,94.281097,86.332169
510,4.250000,0.035197,0.006618,-0.001862,-0.999357,-217.932648,94.297966,86.377075
511,4.258333,0.037328,0.007922,-0.001472,-0.999271,-218.031052,94.321205,86.426910
512,4.266667,0.040084,0.007905,-0.002462,-0.999162,-218.132660,94.336601,86.470932
513,4.275000,0.041036,0.008967,-0.001748,-0.999116,-218.246796,94.363533,86.521790
514,4.283333,0.041536,0.010669,-0.001684,-0.999079,-218.350937,94.371170,86.561958
515,4.291667,0.041396,0.011974,-0.001854,-0.999069,-218.460815,94.367126,86.599541
516,4.300000,0.041594,0.013776,-0.001610,-0.999038,-218.562393,94.367325,86.640877
517,4.308333,0.042433,0.014858,-0.001504,-0.998988,-218.665741,94.365242,86.672943
518,4.316667,0.043283,0.016479,-0.001842,-0.998925,-218.774673,94.362396,86.712769
519,4.325000,0.044368,0.017787,-0.003317,-0.998851,-218.894165,94.333946,86.762062
520,4.333333,0.044154,0.019124,-0.002987,-0.998837,-218.996780,94.308647,86.798317
521,4.341667,0.044037,0.020202,-0.002078,-0.998823,-219.110657,94.298134,86.838684
522,4.350000,0.044749,0.021613,-0.001553,-0.998763,-219.228195,94.275841,86.867691
523,4.358333,0.044686,0.023520,-0.001495,-0.998723,-219.340698,94.248451,86.892342
524,4.366667,0.044104,0.025672,-0.001190,-0.998696,-219.461960,94.231186,86.926041
525,4.375000,0.044049,0.027147,-0.001063,-0.998660,-219.577713,94.203896,86.958679
526,4.383333,0.044020,0.028244,-0.001037,-0.998631,-219.689590,94.176712,86.993309
527,4.391667,0.044991,0.029578,-0.000718,-0.998549,-219.799805,94.158188,87.019608
528,4.400000,0.045840,0.030666,-0.001349,-0.998477,-219.919281,94.119820,87.041870
529,4.408333,0.045133,0.032431,-0.001791,-0.998453,-220.041061,94.081139,87.079399
530,4.416667,0.043836,0.033274,-0.000994,-0.998484,-220.162415,94.055916,87.126541
531,4.425000,0.043563,0.035144,-0.001056,-0.998432,-220.267395,94.031868,87.156769
532,4.433333,0.043764,0.037065,-0.001575,-0.998353,-220.383102,94.007477,87.183464
533,4.441667,0.044469,0.038414,-0.001648,-0.998271,-220.500046,93.977196,87.209938
534,4.450000,0.045574,0.040259,-0.001462,-0.998148,-220.611160,93.957672,87.236473
535,4.458333,0.045898,0.042263,-0.001510,-0.998051,-220.734070,93.936981,87.261620
536,4.466667,0.046144,0.044106,-0.000702,-0.997960,-220.857742,93.905617,87.284378
537,4.475000,0.046609,0.044923,-0.001268,-0.997902,-220.979004,93.868240,87.314041
538,4.483333,0.045973,0.046153,-0.000808,-0.997876,-221.110184,93.827835,87.348389
539,4.491667,0.044755,0.047221,-0.000041,-0.997881,-221.239014,93.798340,87.375526
540,4.500000,0.044860,0.049189,0.000813,-0.997781,-221.366806,93.771774,87.401100
541,4.508333,0.045241,0.051369,0.000917,-0.997654,-221.503372,93.744904,87.424759
542,4.516667,0.045914,0.053093,-0.000378,-0.997534,-221.636703,93.714638,87.434814
543,4.525000,0.046583,0.055610,0.000178,-0.997365,-221.766251,93.689934,87.449348
544,4.533333,0.046456,0.057099,0.000584,-0.997287,-221.905045,93.661240,87.464584
545,4.541667,0.046341,0.058151,0.000951,-0.997231,-222.044785,93.628456,87.482643
546,4.550000,0.045933,0.060120,0.001447,-0.997133,-222.179596,93.598953,87.503448
547,4.558333,0.046241,0.061532,0.001070,-0.997033,-222.318146,93.559662,87.531097
548,4.566667,0.046003,0.063297,0.000904,-0.996934,-222.453445,93.523338,87.556038
549,4.575000,0.045047,0.064771,0.001621,-0.996882,-222.592163,93.495323,87.579636
550,4.583333,0.045653,0.066675,0.001326,-0.996729,-222.731110,93.466347,87.597069
551,4.591667,0.045455,0.068678,0.001100,-0.996602,-222.866058,93.442451,87.612000
552,4.600000,0.045698,0.070134,0.000920,-0.996490,-223.007706,93.418686,87.629539
553,4.608333,0.045665,0.071732,0.000800,-0.996378,-223.145538,93.391785,87.640213
554,4.616667,0.045422,0.074120,0.001735,-0.996213,-223.276016,93.362335,87.658226
555,4.625000,0.045344,0.075965,0.001968,-0.996077,-223.412750,93.325424,87.673218
556,4.633333,0.044937,0.077473,0.001833,-0.995980,-223.554184,93.287964,87.679962
557,4.641667,0.045476,0.078798,0.001552,-0.995852,-223.694778,93.255768,87.693748
558,4.650000,0.045699,0.080455,0.000539,-0.995710,-223.831680,93.233498,87.705681
559,4.658333,0.045519,0.081941,0.001309,-0.995596,-223.961853,93.216064,87.716896
560,4.666667,0.045544,0.083298,0.001901,-0.995482,-224.083191,93.194366,87.724075
561,4.675000,0.045058,0.084419,0.001550,-0.995410,-224.209717,93.164307,87.722580
562,4.683333,0.044706,0.085863,0.001918,-0.995302,-224.337677,93.138031,87.722237
563,4.691667,0.044545,0.087655,0.001455,-0.995153,-224.468613,93.104156,87.724670
564,4.700000,0.044924,0.089478,0.001966,-0.994973,-224.600250,93.070427,87.729111
565,4.708333,0.045295,0.091235,0.002431,-0.994796,-224.732803,93.033424,87.735947
566,4.716667,0.045599,0.092484,0.002379,-0.994667,-224.869293,92.989021,87.744675
567,4.725000,0.045140,0.094171,0.002710,-0.994529,-224.999832,92.947128,87.748680
568,4.733333,0.043808,0.096007,0.002404,-0.994413,-225.137711,92.902733,87.745331
569,4.741667,0.043250,0.097801,0.002725,-0.994262,-225.280411,92.857368,87.747276
570,4.750000,0.042318,0.099638,0.002831,-0.994119,-225.419235,92.817123,87.758904
571,4.758333,0.042160,0.101010,0.002866,-0.993988,-225.561020,92.785332,87.768829
572,4.766667,0.040809,0.102325,0.004989,-0.993901,-225.703049,92.770760,87.766838
573,4.775000,0.040145,0.104439,0.005707,-0.993704,-225.841705,92.744812,87.761131
574,4.783333,0.039615,0.106330,0.005913,-0.993524,-225.980804,92.705742,87.760635
575,4.791667,0.038297,0.108382,0.005849,-0.993354,-226.116730,92.666527,87.759926
576,4.800000,0.038181,0.110293,0.005770,-0.993149,-226.261383,92.629532,87.756958
577,4.808333,0.037760,0.112163,0.005670,-0.992956,-226.400253,92.593552,87.739426
578,4.816667,0.038154,0.113904,0.005507,-0.992744,-226.532104,92.555153,87.729576
579,4.825000,0.038729,0.115940,0.005736,-0.992484,-226.660294,92.519630,87.724197
580,4.833333,0.038278,0.117346,0.005479,-0.992338,-226.786850,92.484467,87.709579
581,4.841667,0.037542,0.118388,0.005787,-0.992241,-226.915649,92.451653,87.689568
582,4.850000,0.037362,0.120083,0.005967,-0.992043,-227.035767,92.428680,87.675331
583,4.858333,0.037231,0.121879,0.005733,-0.991830,-227.139969,92.408813,87.659859
584,4.866667,0.037884,0.123311,0.005483,-0.991630,-227.251175,92.381943,87.638626
585,4.875000,0.038417,0.124479,0.005306,-0.991464,-227.357056,92.358932,87.616661
586,4.883333,0.038662,0.125037,0.004671,-0.991387,-227.457733,92.333786,87.594444
587,4.891667,0.039614,0.126207,0.004936,-0.991200,-227.560852,92.307579,87.580940
588,4.900000,0.039998,0.127456,0.005495,-0.991022,-227.659103,92.279541,87.566139
589,4.908333,0.039438,0.129019,0.005710,-0.990841,-227.756409,92.253006,87.542923
590,4.916667,0.038855,0.130093,0.005458,-0.990725,-227.858948,92.220528,87.513054
591,4.925000,0.038236,0.131019,0.005586,-0.990627,-227.955383,92.183456,87.485382
592,4.933333,0.037232,0.132561,0.005596,-0.990460,-228.045685,92.148247,87.464378
593,4.941667,0.036536,0.134000,0.004901,-0.990296,-228.136993,92.107811,87.447029
594,4.950000,0.035930,0.135249,0.004664,-0.990149,-228.230499,92.059418,87.425766
595,4.958333,0.035619,0.136517,0.004631,-0.989986,-228.321838,92.016479,87.398071
596,4.966667,0.035682,0.137303,0.004517,-0.989876,-228.413696,91.981735,87.371819
597,4.975000,0.035385,0.138638,0.004492,-0.989701,-228.500870,91.948051,87.347908
598,4.983333,0.034799,0.139969,0.005111,-0.989531,-228.585983,91.910828,87.327126
599,4.991667,0.034231,0.140842,0.005182,-0.989427,-228.666229,91.872131,87.308113
600,5.000000,0.032800,0.141954,0.005118,-0.989316,-228.748276,91.839371,87.283775
601,5.008333,0.031661,0.143122,0.004649,-0.989188,-228.833603,91.809921,87.262932
602,5.016667,0.030357,0.144111,0.004399,-0.989086,-228.919952,91.775421,87.251709
603,5.025000,0.029908,0.144897,0.003523,-0.988988,-229.003937,91.742744,87.251350
604,5.033333,0.029878,0.145741,0.002895,-0.988867,-229.088165,91.725952,87.248161
605,5.041667,0.029500,0.146819,0.002733,-0.988720,-229.172043,91.710533,87.235252
606,5.050000,0.029516,0.147878,0.003453,-0.988559,-229.257370,91.695312,87.213593
607,5.058333,0.030121,0.148624,0.004090,-0.988427,-229.348969,91.677704,87.189125
608,5.066667,0.029937,0.149781,0.005067,-0.988253,-229.434586,91.669174,87.172546
609,5.075000,0.029814,0.151344,0.004889,-0.988019,-229.515961,91.651115,87.158676
610,5.083333,0.029435,0.152281,0.005596,-0.987883,-229.608017,91.633362,87.147255
611,5.091667,0.029049,0.153276,0.005802,-0.987740,-229.697540,91.611877,87.134842
612,5.100000,0.028957,0.153977,0.005357,-0.987636,-229.788544,91.595993,87.121712
613,5.108333,0.028513,0.155310,0.004464,-0.987444,-229.876083,91.581573,87.109390
614,5.116667,0.028698,0.156627,0.004193,-0.987232,-229.964233,91.570419,87.097046
615,5.125000,0.028755,0.157615,0.003220,-0.987077,-230.055267,91.560104,87.080879
616,5.133333,0.028516,0.158861,0.002855,-0.986885,-230.142029,91.548141,87.063507
617,5.141667,0.028155,0.159859,0.003028,-0.986734,-230.227585,91.530174,87.042099
618,5.150000,0.028602,0.160871,0.004177,-0.986552,-230.321884,91.508575,87.022278
619,5.158333,0.029168,0.161863,0.005290,-0.986368,-230.407715,91.487144,87.001343
620,5.166667,0.029456,0.163094,0.005922,-0.986153,-230.491425,91.473572,86.986412
621,5.175000,0.029689,0.164032,0.005826,-0.985991,-230.578278,91.464821,86.968269
622,5.183333,0.028745,0.165059,0.006794,-0.985841,-230.666107,91.469749,86.946762
623,5.191667,0.028518,0.166044,0.006820,-0.985682,-230.753967,91.463943,86.923721
624,5.200000,0.028568,0.167269,0.006314,-0.985477,-230.831223,91.451027,86.905273
625,5.208333,0.028146,0.168930,0.005866,-0.985209,-230.906204,91.437378,86.890015
626,5.216667,0.028052,0.169996,0.005371,-0.985031,-230.986618,91.424232,86.873886
627,5.225000,0.028450,0.170720,0.004924,-0.984897,-231.068115,91.412888,86.864128
628,5.233333,0.028575,0.171449,0.004763,-0.984767,-231.147263,91.396942,86.845856
629,5.241667,0.028903,0.172650,0.005008,-0.984546,-231.223816,91.383453,86.825439
630,5.250000,0.029120,0.173669,0.004948,-0.984361,-231.302292,91.362015,86.805145
631,5.258333,0.029291,0.174421,0.005347,-0.984221,-231.382111,91.342102,86.788582
632,5.266667,0.029005,0.175344,0.006038,-0.984061,-231.462234,91.325340,86.772766
633,5.275000,0.028681,0.176096,0.006151,-0.983936,-231.542999,91.307076,86.750000
634,5.283333,0.028334,0.177127,0.006222,-0.983760,-231.623962,91.288963,86.731308
635,5.291667,0.028116,0.178169,0.005856,-0.983581,-231.702454,91.269974,86.713821
636,5.300000,0.028215,0.179154,0.005655,-0.983400,-231.780792,91.256020,86.697296
637,5.308333,0.027960,0.180340,0.005510,-0.983191,-231.848389,91.240234,86.676285
638,5.316667,0.027575,0.181200,0.005342,-0.983045,-231.914566,91.224602,86.655273
639,5.325000,0.027422,0.181653,0.004838,-0.982969,-231.984024,91.207069,86.636993
640,5.333333,0.027425,0.182080,0.004768,-0.982890,-232.053665,91.186661,86.621078
641,5.341667,0.027305,0.183204,0.004910,-0.982683,-232.119370,91.163795,86.601723
642,5.350000,0.026898,0.184415,0.005585,-0.982465,-232.182617,91.139511,86.575851
643,5.358333,0.027248,0.185231,0.006064,-0.982299,-232.241730,91.122589,86.556564
644,5.366667,0.027401,0.185736,0.006223,-0.982198,-232.303574,91.109070,86.540520
645,5.375000,0.027313,0.186361,0.006326,-0.982081,-232.367661,91.098610,86.523781
646,5.383333,0.027140,0.187253,0.006161,-0.981917,-232.434326,91.088158,86.506065
647,5.391667,0.027050,0.188069,0.005878,-0.981766,-232.499405,91.067787,86.487488
648,5.400000,0.027344,0.188769,0.005557,-0.981625,-232.572098,91.039810,86.464180
649,5.408333,0.027149,0.189912,0.005260,-0.981412,-232.645920,91.005524,86.436920
650,5.416667,0.026823,0.191094,0.004978,-0.981193,-232.730133,90.962326,86.399117
651,5.425000,0.026485,0.191925,0.004745,-0.981041,-232.817215,90.911560,86.358940
652,5.433333,0.025745,0.192841,0.005117,-0.980879,-232.913513,90.849663,86.315628
653,5.441667,0.025448,0.194083,0.005240,-0.980641,-233.013657,90.792526,86.274879
654,5.450000,0.025182,0.195564,0.005526,-0.980352,-233.117813,90.743759,86.236214
655,5.458333,0.024871,0.196667,0.005551,-0.980139,-233.227509,90.703896,86.188690
656,5.466667,0.024330,0.197926,0.005542,-0.979899,-233.338501,90.671989,86.142868
657,5.475000,0.024249,0.199664,0.005693,-0.979548,-233.457230,90.644577,86.093269
658,5.483333,0.024289,0.201218,0.005315,-0.979231,-233.576279,90.622780,86.035683
659,5.491667,0.024147,0.202886,0.004699,-0.978893,-233.694763,90.604820,85.980469
660,5.500000,0.023862,0.204459,0.004618,-0.978573,-233.815979,90.584747,85.925652
661,5.508333,0.023613,0.206110,0.003941,-0.978236,-233.944534,90.561516,85.865952
662,5.516667,0.023995,0.207707,0.003628,-0.977890,-234.071854,90.545593,85.813080
663,5.525000,0.022700,0.209369,0.005706,-0.977557,-234.199402,90.544991,85.756554
664,5.533333,0.021973,0.211172,0.006197,-0.977182,-234.326385,90.547684,85.694832
665,5.541667,0.021593,0.213636,0.005587,-0.976659,-234.447510,90.554665,85.638947
666,5.550000,0.021369,0.215401,0.005315,-0.976277,-234.556870,90.564476,85.592148
667,5.558333,0.020652,0.216337,0.005375,-0.976085,-234.664490,90.564796,85.548111
668,5.566667,0.020380,0.217725,0.005139,-0.975784,-234.760666,90.556534,85.505623
669,5.575000,0.020190,0.219001,0.005121,-0.975502,-234.848450,90.545319,85.462547
670,5.583333,0.020064,0.219732,0.005088,-0.975341,-234.934814,90.537277,85.417046
671,5.591667,0.020173,0.220739,0.005021,-0.975111,-235.012436,90.537849,85.377686
672,5.600000,0.021143,0.221986,0.004933,-0.974808,-235.085556,90.550766,85.347488
673,5.608333,0.020832,0.222962,0.004972,-0.974592,-235.158371,90.560631,85.310188
674,5.616667,0.019712,0.223506,0.006576,-0.974481,-235.230759,90.578842,85.266785
675,5.625000,0.019406,0.224466,0.007212,-0.974262,-235.300354,90.578117,85.223404
676,5.633333,0.019688,0.225497,0.007195,-0.974018,-235.366013,90.569130,85.189224
677,5.641667,0.019378,0.226453,0.006873,-0.973805,-235.427124,90.560112,85.156624
678,5.650000,0.019155,0.227012,0.006660,-0.973681,-235.485046,90.556564,85.132805
679,5.658333,0.019184,0.227465,0.006666,-0.973575,-235.531235,90.560379,85.113487
680,5.666667,0.018589,0.227926,0.005392,-0.973486,-235.575699,90.575172,85.090240
681,5.675000,0.019037,0.228998,0.006629,-0.973218,-235.618423,90.575897,85.072678
682,5.683333,0.019672,0.229621,0.007483,-0.973053,-235.661697,90.574524,85.047226
683,5.691667,0.019882,0.229998,0.007393,-0.972960,-235.702988,90.566612,85.027893
684,5.700000,0.020015,0.230404,0.006731,-0.972866,-235.740540,90.557945,85.010353
685,5.708333,0.019811,0.230916,0.006019,-0.972754,-235.778564,90.552757,84.991402
686,5.716667,0.019665,0.231346,0.005746,-0.972656,-235.810760,90.553116,84.975555
687,5.725000,0.019513,0.231708,0.006030,-0.972571,-235.829681,90.557991,84.965088
688,5.733333,0.019575,0.231991,0.006796,-0.972497,-235.834473,90.566101,84.957001
689,5.741667,0.019760,0.232207,0.007820,-0.972434,-235.832794,90.570404,84.948502
690,5.750000,0.019863,0.232363,0.008814,-0.972386,-235.830765,90.567139,84.940491
691,5.758333,0.020103,0.232600,0.009631,-0.972317,-235.826782,90.554878,84.934563
692,5.766667,0.021111,0.233272,0.009575,-0.972135,-235.817261,90.527161,84.928688
693,5.775000,0.022060,0.233592,0.009690,-0.972036,-235.803391,90.486389,84.921127
694,5.783333,0.021415,0.233136,0.011236,-0.972143,-235.781189,90.467087,84.927406
695,5.791667,0.020709,0.232530,0.012473,-0.972289,-235.757233,90.460327,84.948021
696,5.800000,0.020007,0.231687,0.013500,-0.972491,-235.736389,90.460464,84.980476
697,5.808333,0.018544,0.231032,0.014415,-0.972663,-235.718460,90.456467,85.012352
698,5.816667,0.017225,0.230248,0.015342,-0.972859,-235.706879,90.450470,85.052818
699,5.825000,0.016018,0.229403,0.016222,-0.973064,-235.705109,90.445930,85.094513
700,5.833333,0.014293,0.228640,0.016730,-0.973262,-235.708527,90.431862,85.140572
701,5.841667,0.012415,0.228150,0.017408,-0.973391,-235.718719,90.417130,85.189217
702,5.850000,0.010048,0.227550,0.017897,-0.973550,-235.728165,90.401115,85.243919
703,5.858333,0.007206,0.226743,0.018460,-0.973753,-235.741455,90.385803,85.308983
704,5.866667,0.004991,0.225920,0.018390,-0.973960,-235.757019,90.370850,85.385735
705,5.875000,0.000936,0.224950,0.018816,-0.974188,-235.782913,90.370781,85.467583
706,5.883333,-0.002321,0.224045,0.018866,-0.974393,-235.804459,90.369675,85.535011
707,5.891667,-0.005061,0.223090,0.018817,-0.974603,-235.819672,90.361710,85.582321
708,5.900000,-0.006537,0.221899,0.018638,-0.974870,-235.828735,90.355553,85.609917
709,5.908333,-0.006716,0.220400,0.018393,-0.975213,-235.832184,90.354691,85.616661
710,5.916667,-0.006468,0.219331,0.018431,-0.975455,-235.832001,90.355179,85.614090
711,5.925000,-0.005802,0.218751,0.018915,-0.975580,-235.820679,90.353912,85.601959
712,5.933333,-0.005203,0.219001,0.019369,-0.975519,-235.804077,90.353828,85.584328
713,5.941667,-0.004172,0.219621,0.020028,-0.975371,-235.781891,90.355125,85.556152
714,5.950000,-0.002684,0.220536,0.020640,-0.975157,-235.757019,90.353081,85.520546
715,5.958333,-0.000436,0.221630,0.021793,-0.974887,-235.726410,90.353401,85.475342
716,5.966667,0.002118,0.223591,0.021635,-0.974441,-235.704208,90.353546,85.429764
717,5.975000,0.003132,0.225433,0.022237,-0.974000,-235.694458,90.361198,85.387115
718,5.983333,0.004228,0.227013,0.022263,-0.973628,-235.686707,90.364166,85.358475
719,5.991667,0.004757,0.228138,0.022213,-0.973364,-235.682175,90.367523,85.345970
720,6.000000,0.005247,0.228929,0.021865,-0.973183,-235.687607,90.372505,85.344788
721,6.008333,0.004780,0.228987,0.021612,-0.973178,-235.693314,90.373947,85.354858
722,6.016667,0.004051,0.228836,0.021411,-0.973221,-235.704727,90.375046,85.381920
723,6.025000,0.002466,0.228701,0.020632,-0.973275,-235.724182,90.379631,85.416069
724,6.033333,0.001582,0.228256,0.019657,-0.973401,-235.747955,90.373726,85.459229
725,6.041667,-0.000878,0.227992,0.019909,-0.973459,-235.767960,90.375099,85.503036
726,6.050000,-0.002964,0.228210,0.020201,-0.973398,-235.773117,90.369263,85.534813
727,6.058333,-0.004529,0.228461,0.020805,-0.973320,-235.765869,90.360992,85.559830
728,6.066667,-0.005398,0.228843,0.021881,-0.973202,-235.739685,90.352966,85.576866
729,6.075000,-0.005333,0.229078,0.023163,-0.973118,-235.703613,90.347496,85.580330
730,6.083333,-0.005064,0.229180,0.024298,-0.973068,-235.669189,90.352158,85.582054
731,6.091667,-0.005050,0.229194,0.024928,-0.973048,-235.647614,90.357071,85.585327
732,6.100000,-0.004951,0.228723,0.025068,-0.973156,-235.643860,90.359039,85.592499
733,6.108333,-0.004841,0.227708,0.024455,-0.973410,-235.656387,90.358803,85.603539
734,6.116667,-0.005039,0.226777,0.023620,-0.973647,-235.676071,90.360489,85.612778
735,6.125000,-0.005204,0.226254,0.022946,-0.973784,-235.693527,90.359825,85.617844
736,6.133333,-0.005492,0.225837,0.022744,-0.973884,-235.699646,90.354683,85.613129
737,6.141667,-0.005397,0.225612,0.023420,-0.973921,-235.693832,90.350449,85.599777
738,6.150000,-0.004871,0.225399,0.023739,-0.973965,-235.679672,90.351280,85.583771
739,6.158333,-0.004449,0.225145,0.023789,-0.974025,-235.674408,90.356964,85.569298
740,6.166667,-0.003785,0.224619,0.023472,-0.974157,-235.683273,90.359207,85.560799
741,6.175000,-0.003492,0.224036,0.022690,-0.974311,-235.703690,90.358948,85.555786
742,6.183333,-0.003447,0.223685,0.021905,-0.974409,-235.723236,90.358704,85.551384
743,6.191667,-0.003251,0.223613,0.021605,-0.974433,-235.726379,90.356400,85.537643
744,6.200000,-0.002818,0.223828,0.021870,-0.974379,-235.725830,90.358673,85.517815
745,6.208333,-0.002165,0.223721,0.021610,-0.974411,-235.734009,90.360550,85.504433
746,6.216667,-0.001838,0.223825,0.021167,-0.974398,-235.749191,90.364563,85.492500
747,6.225000,-0.001308,0.224037,0.020753,-0.974359,-235.761520,90.364731,85.473457
748,6.233333,-0.000691,0.224295,0.020766,-0.974300,-235.765152,90.365891,85.458527
749,6.241667,-0.000444,0.224204,0.020760,-0.974321,-235.762115,90.368912,85.456696
750,6.250000,-0.000208,0.224017,0.020604,-0.974367,-235.760666,90.373543,85.466896
751,6.258333,-0.000441,0.223737,0.020733,-0.974429,-235.759521,90.375725,85.482216
752,6.266667,-0.000717,0.223711,0.020961,-0.974430,-235.752945,90.372215,85.488731
753,6.275000,-0.001290,0.223729,0.021278,-0.974418,-235.747559,90.368919,85.498314
754,6.283333,-0.001955,0.223738,0.021425,-0.974412,-235.745529,90.363708,85.505959
755,6.291667,-0.002440,0.223796,0.021405,-0.974398,-235.745529,90.361633,85.510735
756,6.300000,-0.002421,0.223827,0.021400,-0.974391,-235.742828,90.359406,85.510948
757,6.308333,-0.002460,0.223854,0.021414,-0.974384,-235.742065,90.361618,85.510025
758,6.316667,-0.002245,0.223877,0.021331,-0.974381,-235.741165,90.361496,85.508133
759,6.325000,-0.002082,0.223830,0.021321,-0.974393,-235.741165,90.361809,85.504761
760,6.333333,-0.001967,0.223867,0.021062,-0.974390,-235.744217,90.361870,85.501083
761,6.341667,-0.002026,0.223981,0.020898,-0.974367,-235.746719,90.363029,85.496773
762,6.350000,-0.001769,0.223950,0.020807,-0.974377,-235.750748,90.363953,85.491226
763,6.358333,-0.001370,0.223986,0.020740,-0.974371,-235.755630,90.363739,85.483139
764,6.366667,-0.001059,0.224090,0.020693,-0.974348,-235.762711,90.364365,85.474648
765,6.375000,-0.000932,0.224082,0.020710,-0.974350,-235.764648,90.365471,85.472855
766,6.383333,-0.000915,0.224071,0.020697,-0.974353,-235.762070,90.366203,85.475838
767,6.391667,-0.001099,0.223936,0.020718,-0.974383,-235.761902,90.368225,85.478554
768,6.400000,-0.001070,0.223993,0.020736,-0.974370,-235.762527,90.365181,85.478798
769,6.408333,-0.001308,0.224070,0.020809,-0.974350,-235.764069,90.363937,85.475937
770,6.416667,-0.001078,0.224135,0.020609,-0.974339,-235.766724,90.365143,85.475578
771,6.425000,-0.001171,0.224087,0.020599,-0.974351,-235.761765,90.365334,85.475784
772,6.433333,-0.001222,0.223984,0.020621,-0.974374,-235.759552,90.365685,85.479446
773,6.441667,-0.001360,0.224008,0.020617,-0.974368,-235.757568,90.364578,85.481606
774,6.450000,-0.001186,0.224039,0.020600,-0.974362,-235.757477,90.364021,85.482567
775,6.458333,-0.001300,0.224068,0.020616,-0.974355,-235.757233,90.364540,85.480568
776,6.466667,-0.001271,0.224022,0.020742,-0.974362,-235.755447,90.365257,85.480705
777,6.475000,-0.001294,0.224013,0.020654,-0.974366,-235.754257,90.365143,85.482491
778,6.483333,-0.001260,0.223906,0.020639,-0.974391,-235.753418,90.364960,85.484787
779,6.491667,-0.001256,0.223930,0.020589,-0.974387,-235.754272,90.364853,85.485184
780,6.500000,-0.001266,0.223995,0.020590,-0.974372,-235.756424,90.365181,85.484085
781,6.508333,-0.001311,0.224051,0.020590,-0.974359,-235.758835,90.364609,85.481033
782,6.516667,-0.001140,0.224048,0.020624,-0.974359,-235.762070,90.364563,85.477623
783,6.525000,-0.001053,0.224020,0.020530,-0.974368,-235.762497,90.364616,85.477791
784,6.533333,-0.001144,0.223999,0.020573,-0.974371,-235.761932,90.365562,85.478798
785,6.541667,-0.001177,0.223975,0.020628,-0.974376,-235.762878,90.363594,85.478241
786,6.550000,-0.001612,0.223671,0.020647,-0.974445,-235.760803,90.359154,85.485268
787,6.558333,-0.001838,0.223643,0.020675,-0.974450,-235.758041,90.359612,85.486557
788,6.566667,-0.001748,0.223895,0.021046,-0.974384,-235.754745,90.357620,85.491783
789,6.575000,-0.001687,0.224317,0.020993,-0.974289,-235.749939,90.358154,85.496071
790,6.583333,-0.001116,0.224390,0.021084,-0.974271,-235.746292,90.369705,85.505470
791,6.591667,-0.001720,0.224179,0.020707,-0.974327,-235.736664,90.369072,85.515747
792,6.600000,-0.001641,0.224134,0.020602,-0.974339,-235.729507,90.371338,85.519043
793,6.608333,-0.001457,0.224094,0.020585,-0.974349,-235.725998,90.372574,85.521057
794,6.616667,-0.001338,0.224012,0.020441,-0.974371,-235.725433,90.374420,85.520508
795,6.625000,-0.001313,0.224109,0.020697,-0.974343,-235.726547,90.375076,85.520103
796,6.633333,-0.001080,0.224416,0.020601,-0.974275,-235.733109,90.377029,85.508759
797,6.641667,-0.000497,0.224486,0.020557,-0.974260,-235.738892,90.380867,85.501877
798,6.650000,-0.000239,0.224317,0.020635,-0.974298,-235.741348,90.379692,85.499664
799,6.658333,-0.000058,0.224271,0.020719,-0.974307,-235.744766,90.377441,85.497704
800,6.666667,-0.000178,0.224213,0.020841,-0.974317,-235.748978,90.375153,85.497818
801,6.675000,-0.000333,0.224208,0.020897,-0.974317,-235.751205,90.371658,85.499229
802,6.683333,-0.001002,0.225064,0.020289,-0.974132,-235.744736,90.374809,85.507271
803,6.691667,-0.001607,0.224747,0.019198,-0.974227,-235.747787,90.381317,85.502831
804,6.700000,-0.001188,0.223953,0.020100,-0.974392,-235.753723,90.376648,85.495087
805,6.708333,-0.000720,0.223460,0.020734,-0.974492,-235.757706,90.372849,85.491768
806,6.716667,-0.000481,0.223440,0.020926,-0.974493,-235.756653,90.371582,85.489975
807,6.725000,-0.001206,0.223310,0.020541,-0.974530,-235.751556,90.364159,85.487839
808,6.733333,-0.001577,0.223466,0.020262,-0.974500,-235.751556,90.359917,85.484299
809,6.741667,-0.001620,0.223814,0.020534,-0.974414,-235.753876,90.360733,85.482216
810,6.750000,-0.001568,0.223993,0.020470,-0.974374,-235.755188,90.361633,85.481125
811,6.758333,-0.001525,0.223926,0.020626,-0.974387,-235.755371,90.363045,85.480484
812,6.766667,-0.001362,0.224018,0.020625,-0.974366,-235.754944,90.364212,85.481331
813,6.775000,-0.001289,0.224083,0.020613,-0.974351,-235.756424,90.364601,85.480011
814,6.783333,-0.001283,0.224081,0.020684,-0.974350,-235.758255,90.364655,85.480103
815,6.791667,-0.001183,0.224084,0.020654,-0.974350,-235.759811,90.364899,85.480026
816,6.800000,-0.001242,0.224015,0.020662,-0.974366,-235.761475,90.365242,85.480492
817,6.808333,-0.001205,0.224050,0.020533,-0.974361,-235.764069,90.365204,85.479607
818,6.816667,-0.001195,0.224044,0.020559,-0.974362,-235.765244,90.362755,85.477539
819,6.825000,-0.001272,0.224036,0.020588,-0.974362,-235.766464,90.363708,85.476479
820,6.833333,-0.001284,0.224004,0.020621,-0.974369,-235.767395,90.363869,85.476776
821,6.841667,-0.001361,0.223994,0.020789,-0.974368,-235.766083,90.363991,85.476723
822,6.850000,-0.001463,0.224017,0.020680,-0.974365,-235.764832,90.363541,85.476669
823,6.858333,-0.001457,0.223997,0.020583,-0.974371,-235.763504,90.364441,85.476677
824,6.866667,-0.001581,0.223934,0.020420,-0.974389,-235.760406,90.362755,85.477661
825,6.875000,-0.001613,0.223989,0.020118,-0.974383,-235.758560,90.363983,85.481636
826,6.883333,-0.001652,0.223914,0.019956,-0.974403,-235.754135,90.362968,85.483971
827,6.891667,-0.002042,0.223753,0.019973,-0.974439,-235.748749,90.361618,85.484573
828,6.900000,-0.002211,0.223713,0.019825,-0.974451,-235.742493,90.363914,85.486427
829,6.908333,-0.002897,0.223957,0.019549,-0.974399,-235.742264,90.365250,85.488617
830,6.916667,-0.004202,0.224374,0.019019,-0.974309,-235.740738,90.360634,85.492424
831,6.925000,-0.005911,0.225018,0.018714,-0.974157,-235.739044,90.356369,85.494217
832,6.933333,-0.007798,0.225572,0.018775,-0.974015,-235.738190,90.344139,85.495377
833,6.941667,-0.004042,0.226319,0.018650,-0.973866,-235.738724,90.373161,85.517952
834,6.950000,-0.003185,0.226429,0.018683,-0.973843,-235.741882,90.374580,85.519440
835,6.958333,-0.002611,0.225973,0.019644,-0.973932,-235.748215,90.371407,85.510292
836,6.966667,-0.002048,0.225532,0.020485,-0.974018,-235.756592,90.368256,85.502327
837,6.975000,-0.001538,0.225197,0.021057,-0.974084,-235.764893,90.365463,85.496597
838,6.983333,-0.001325,0.224917,0.021376,-0.974142,-235.769150,90.361732,85.491920
839,6.991667,-0.001146,0.224899,0.021426,-0.974146,-235.771011,90.361359,85.491142
840,7.000000,-0.001253,0.224957,0.021311,-0.974135,-235.768936,90.362617,85.491936
841,7.008333,-0.001503,0.225089,0.021156,-0.974107,-235.766388,90.364670,85.492683
842,7.016667,-0.001696,0.225218,0.020991,-0.974081,-235.763123,90.364388,85.493721
843,7.025000,-0.001656,0.225195,0.020773,-0.974091,-235.759216,90.365479,85.495392
844,7.033333,-0.001677,0.225197,0.020775,-0.974090,-235.756989,90.366058,85.497955
845,7.041667,-0.001676,0.225240,0.020882,-0.974078,-235.754303,90.366386,85.499153
846,7.050000,-0.001877,0.225141,0.021084,-0.974096,-235.753464,90.365685,85.499367
847,7.058333,-0.001806,0.225112,0.020995,-0.974105,-235.753769,90.365746,85.500839
848,7.066667,-0.001839,0.225012,0.021001,-0.974128,-235.753967,90.365112,85.500893
849,7.075000,-0.001879,0.225067,0.021086,-0.974113,-235.754944,90.364044,85.501869
850,7.083333,-0.001825,0.224989,0.020994,-0.974133,-235.755966,90.363197,85.501450
851,7.091667,-0.001826,0.225006,0.021004,-0.974129,-235.758163,90.363518,85.501335
852,7.100000,-0.001839,0.225025,0.021042,-0.974124,-235.760620,90.363617,85.500511
853,7.108333,-0.001801,0.224998,0.021063,-0.974130,-235.762711,90.364059,85.499214
854,7.116667,-0.001567,0.225079,0.021025,-0.974113,-235.765335,90.364487,85.499008
855,7.125000,-0.001597,0.225079,0.021026,-0.974112,-235.766312,90.363274,85.496559
856,7.133333,-0.001519,0.225138,0.021051,-0.974098,-235.767990,90.364639,85.497124
857,7.141667,-0.001597,0.225117,0.020943,-0.974105,-235.768097,90.363052,85.495064
858,7.150000,-0.001142,0.225235,0.020688,-0.974084,-235.767914,90.365242,85.498161
859,7.158333,-0.001448,0.225360,0.019956,-0.974070,-235.764313,90.358871,85.498489
860,7.166667,-0.001513,0.225449,0.019472,-0.974059,-235.760681,90.356735,85.497108
861,7.175000,-0.002770,0.225538,0.018981,-0.974046,-235.755997,90.341003,85.489807
862,7.183333,-0.004427,0.225536,0.018262,-0.974054,-235.753586,90.322014,85.481796
863,7.191667,-0.005550,0.225328,0.017889,-0.974103,-235.748123,90.310867,85.476212
864,7.200000,-0.006214,0.225172,0.017904,-0.974135,-235.745331,90.304932,85.474892
865,7.208333,-0.006066,0.224950,0.018148,-0.974182,-235.745575,90.307434,85.478333
866,7.216667,-0.003852,0.224811,0.018558,-0.974218,-235.749939,90.328369,85.498413
867,7.225000,-0.002537,0.224567,0.019064,-0.974269,-235.752457,90.340088,85.507195
868,7.233333,-0.001250,0.224341,0.019728,-0.974310,-235.756927,90.353081,85.518036
869,7.241667,-0.000309,0.224076,0.020254,-0.974361,-235.762817,90.366188,85.527512
870,7.250000,0.000285,0.223820,0.020646,-0.974412,-235.765656,90.373253,85.532883
871,7.258333,0.000677,0.223775,0.020842,-0.974418,-235.768707,90.376404,85.535805
872,7.266667,0.004937,0.222948,0.023010,-0.974546,-235.775330,90.427795,85.562202
873,7.275000,0.004349,0.222333,0.022730,-0.974696,-235.776169,90.418930,85.563766
874,7.283333,0.004347,0.221966,0.022062,-0.974795,-235.773758,90.409958,85.561813
875,7.291667,0.004067,0.221837,0.021675,-0.974834,-235.769775,90.401588,85.556976
876,7.300000,0.003589,0.221847,0.021503,-0.974838,-235.766525,90.397438,85.553322
877,7.308333,0.002803,0.222002,0.021329,-0.974809,-235.761856,90.392410,85.548096
878,7.316667,0.002306,0.222158,0.021290,-0.974775,-235.757950,90.388290,85.546104
879,7.325000,0.001519,0.222326,0.021127,-0.974742,-235.755341,90.381477,85.541496
880,7.333333,0.000696,0.222588,0.020502,-0.974697,-235.754150,90.371712,85.536095
881,7.341667,0.000119,0.222758,0.020107,-0.974667,-235.754852,90.366425,85.534431
882,7.350000,-0.000341,0.222812,0.019984,-0.974657,-235.753967,90.361267,85.533203
883,7.358333,-0.000471,0.222815,0.019958,-0.974656,-235.752457,90.359131,85.532822
884,7.366667,-0.000419,0.222728,0.020116,-0.974673,-235.750290,90.358994,85.531120
885,7.375000,-0.000232,0.222716,0.020178,-0.974674,-235.748672,90.359085,85.530678
886,7.383333,-0.000083,0.222583,0.020395,-0.974701,-235.747269,90.358376,85.529137
887,7.391667,-0.000013,0.222484,0.020299,-0.974725,-235.746353,90.359085,85.527031
888,7.400000,-0.000033,0.222604,0.020029,-0.974703,-235.744522,90.359932,85.526695
889,7.408333,-0.000123,0.222772,0.019957,-0.974666,-235.740585,90.361458,85.526672
890,7.416667,-0.000235,0.222837,0.019839,-0.974654,-235.738037,90.362137,85.525497
891,7.425000,-0.000367,0.223005,0.020066,-0.974611,-235.735672,90.362564,85.525635
892,7.433333,-0.000287,0.223131,0.020102,-0.974581,-235.733490,90.363098,85.524384
893,7.441667,-0.000328,0.223138,0.020003,-0.974582,-235.731476,90.363335,85.523415
894,7.450000,-0.000276,0.223120,0.020069,-0.974584,-235.728760,90.363182,85.521202
895,7.458333,-0.000268,0.223082,0.020067,-0.974593,-235.726624,90.363426,85.521484
896,7.466667,-0.000212,0.223049,0.020105,-0.974600,-235.724136,90.362793,85.521523
897,7.475000,-0.000188,0.223246,0.020086,-0.974555,-235.718872,90.363358,85.524261
898,7.483333,-0.000173,0.223249,0.020142,-0.974553,-235.716843,90.363480,85.525032
899,7.491667,-0.000164,0.223141,0.020392,-0.974573,-235.715561,90.363998,85.525764
900,7.500000,-0.000057,0.223184,0.020304,-0.974565,-235.714081,90.363907,85.527893
901,7.508333,-0.000150,0.223068,0.020301,-0.974591,-235.714294,90.364609,85.529396
902,7.516667,-0.000108,0.223051,0.020334,-0.974595,-235.714294,90.364639,85.531090
903,7.525000,0.001991,0.223599,0.020021,-0.974474,-235.723022,90.380951,85.530960
904,7.533333,0.003558,0.224048,0.019978,-0.974367,-235.728119,90.392700,85.525803
905,7.541667,0.004440,0.223980,0.019794,-0.974383,-235.721466,90.400246,85.516304
906,7.550000,0.005436,0.223477,0.019614,-0.974497,-235.710434,90.409386,85.505280
907,7.558333,0.005010,0.223331,0.019971,-0.974525,-235.706299,90.407990,85.502480
908,7.566667,0.004313,0.223454,0.020443,-0.974490,-235.704971,90.404839,85.501465
909,7.575000,0.003379,0.223381,0.020635,-0.974507,-235.704391,90.401260,85.499176
910,7.583333,0.002719,0.223474,0.020973,-0.974481,-235.705322,90.397392,85.497841
911,7.591667,0.001986,0.223451,0.021038,-0.974486,-235.707520,90.392433,85.497322
912,7.600000,0.001411,0.223563,0.021214,-0.974458,-235.710098,90.386192,85.499405
913,7.608333,0.000610,0.223684,0.021187,-0.974431,-235.713959,90.379700,85.501274
914,7.616667,-0.000274,0.223892,0.021600,-0.974375,-235.717804,90.373276,85.503860
915,7.625000,-0.000789,0.224097,0.021879,-0.974321,-235.719879,90.372162,85.504623
916,7.633333,-0.000915,0.224133,0.021997,-0.974310,-235.720108,90.371620,85.503929
917,7.641667,-0.001016,0.224031,0.022097,-0.974331,-235.719437,90.371269,85.502617
918,7.650000,-0.001034,0.224006,0.022154,-0.974335,-235.718231,90.371979,85.501999
919,7.658333,-0.001001,0.223932,0.022437,-0.974346,-235.717529,90.373535,85.501068
920,7.666667,-0.001030,0.223857,0.022688,-0.974357,-235.715790,90.372955,85.499573
921,7.675000,-0.000876,0.223749,0.022716,-0.974382,-235.715149,90.372871,85.499367
922,7.683333,-0.000781,0.223677,0.022776,-0.974397,-235.714478,90.372437,85.498901
923,7.691667,-0.000844,0.223685,0.023016,-0.974389,-235.714127,90.374191,85.497536
924,7.700000,-0.000827,0.223637,0.023006,-0.974401,-235.714264,90.373978,85.496346
925,7.708333,-0.000919,0.223601,0.023162,-0.974405,-235.714462,90.374359,85.495544
926,7.716667,-0.000871,0.223633,0.023263,-0.974395,-235.715195,90.374252,85.494431
927,7.725000,-0.001549,0.223936,0.023965,-0.974308,-235.713318,90.380768,85.489326
928,7.733333,-0.001544,0.224012,0.023925,-0.974292,-235.712143,90.380585,85.488503
929,7.741667,-0.001415,0.224981,0.023892,-0.974069,-235.703613,90.379601,85.496758
930,7.750000,-0.001576,0.225462,0.023723,-0.973962,-235.699158,90.380943,85.501152
931,7.758333,-0.001769,0.225837,0.023445,-0.973881,-235.696655,90.382500,85.504486
932,7.766667,-0.002017,0.226035,0.022902,-0.973848,-235.693771,90.384796,85.507423
933,7.775000,-0.002122,0.226312,0.022711,-0.973788,-235.690735,90.385986,85.510643
934,7.783333,-0.002256,0.226475,0.022716,-0.973749,-235.689621,90.387650,85.513016
935,7.791667,-0.002102,0.226278,0.022944,-0.973790,-235.690643,90.385567,85.513962
936,7.800000,-0.001935,0.225964,0.023330,-0.973854,-235.692566,90.384827,85.511322
937,7.808333,-0.001735,0.225663,0.023442,-0.973922,-235.694794,90.382690,85.508385
938,7.816667,-0.002649,0.225833,0.021879,-0.973917,-235.696991,90.393257,85.510979
939,7.825000,-0.002905,0.225911,0.021435,-0.973908,-235.699081,90.395264,85.513374
940,7.833333,-0.002808,0.225773,0.021529,-0.973938,-235.701508,90.392792,85.513077
941,7.841667,-0.002772,0.225938,0.021635,-0.973898,-235.702560,90.392075,85.513649
942,7.850000,-0.002872,0.225917,0.021565,-0.973904,-235.704208,90.392952,85.513016
943,7.858333,-0.002927,0.225990,0.021488,-0.973888,-235.704468,90.392616,85.512817
944,7.866667,-0.002903,0.225903,0.021664,-0.973905,-235.705856,90.391922,85.510704
945,7.875000,-0.002743,0.225917,0.021714,-0.973901,-235.706039,90.391144,85.509476
946,7.883333,-0.002702,0.225861,0.021644,-0.973915,-235.705734,90.391785,85.508041
947,7.891667,-0.002819,0.225936,0.021797,-0.973894,-235.704834,90.391632,85.507637
948,7.900000,-0.002653,0.225902,0.021727,-0.973904,-235.704041,90.390099,85.507431
949,7.908333,-0.002696,0.225782,0.021847,-0.973929,-235.705429,90.391891,85.505501
