Format Version,1.25,Take Name,G4 SL Take 2025-11-28_01,Take Notes,,Capture Frame Rate,120.000000,Export Frame Rate,120.000000,Capture Start Time,2025-11-28 11.30.12.200 AM,Capture Start Frame,30483,Total Frames in Take,1194,Total Exported Frames,1194,Rotation Type,Quaternion,Length Units,Centimeters,Coordinate Space,Global

,Type,Rigid Body,Rigid Body,Rigid Body,Rigid Body,Rigid Body,Rigid Body,Rigid Body
,Name,SEE_small,SEE_small,SEE_small,SEE_small,SEE_small,SEE_small,SEE_small
,ID,E70901BFC9E711F031C44B617C101B92,E70901BFC9E711F031C44B617C101B92,E70901BFC9E711F031C44B617C101B92,E70901BFC9E711F031C44B617C101B92,E70901BFC9E711F031C44B617C101B92,E70901BFC9E711F031C44B617C101B92,E70901BFC9E711F031C44B617C101B92
,Parent,,,,,,,
,,Rotation,Rotation,Rotation,Rotation,Position,Position,Position
Frame,Time (Seconds),X,Y,Z,W,X,Y,Z
0,0.000000,-0.000614,0.663887,-0.000001,0.747832,-216.946152,84.249176,87.371185
1,0.008333,-0.000559,0.663846,0.000001,0.747869,-216.945557,84.250198,87.370758
2,0.016667,-0.000549,0.663763,0.000151,0.747942,-216.945862,84.250397,87.371056
3,0.025000,-0.000670,0.663734,0.000205,0.747968,-216.945023,84.250343,87.371239
4,0.033333,-0.000564,0.663832,0.000077,0.747882,-216.944702,84.250366,87.370941
5,0.041667,-0.000588,0.663838,0.000061,0.747876,-216.943939,84.249046,87.369408
6,0.050000,-0.000481,0.663763,0.000212,0.747943,-216.943665,84.249870,87.370628
7,0.058333,-0.000408,0.663784,0.000265,0.747925,-216.943832,84.250900,87.370583
8,0.066667,-0.000620,0.663851,0.000270,0.747865,-216.943283,84.250076,87.369270
9,0.075000,-0.000507,0.663702,0.000371,0.747997,-216.943619,84.249794,87.370171
10,0.083333,-0.000529,0.663824,0.000323,0.747888,-216.943329,84.249687,87.370232
11,0.091667,-0.000262,0.663866,0.000407,0.747851,-216.942978,84.251480,87.369949
12,0.100000,-0.000462,0.663785,0.000333,0.747923,-216.943436,84.250336,87.371429
13,0.108333,-0.000455,0.663858,0.000283,0.747858,-216.944550,84.250107,87.370331
14,0.116667,-0.000414,0.663881,0.000264,0.747838,-216.943817,84.250595,87.370430
15,0.125000,-0.000409,0.663870,0.000217,0.747848,-216.942947,84.249893,87.369553
16,0.133333,-0.000468,0.663842,0.000211,0.747872,-216.942947,84.250519,87.369858
17,0.141667,-0.000513,0.663854,0.000239,0.747862,-216.941742,84.252686,87.368279
18,0.150000,-0.000660,0.663977,-0.000135,0.747752,-216.939072,84.254997,87.367363
19,0.158333,-0.000661,0.663688,-0.000321,0.748009,-216.936188,84.256508,87.364517
20,0.166667,-0.000813,0.663792,-0.000614,0.747917,-216.932922,84.257912,87.360344
21,0.175000,-0.000751,0.663841,-0.000984,0.747872,-216.928482,84.261879,87.356110
22,0.183333,-0.000912,0.663905,-0.001159,0.747815,-216.922623,84.264359,87.351540
23,0.191667,-0.001258,0.663912,-0.001751,0.747808,-216.917831,84.268311,87.345055
24,0.200000,-0.001476,0.663908,-0.002406,0.747809,-216.912506,84.274033,87.339363
25,0.208333,-0.001798,0.663846,-0.003135,0.747860,-216.905334,84.279488,87.333885
26,0.216667,-0.002056,0.663747,-0.003891,0.747944,-216.897964,84.284424,87.326225
27,0.225000,-0.002093,0.663909,-0.004208,0.747799,-216.892883,84.285126,87.325264
28,0.233333,-0.001936,0.664185,-0.003921,0.747555,-216.892120,84.282722,87.328087
29,0.241667,-0.001771,0.664250,-0.003715,0.747500,-216.892593,84.282806,87.329025
30,0.250000,-0.001703,0.664223,-0.003825,0.747523,-216.891266,84.284050,87.327347
31,0.258333,-0.001896,0.664315,-0.004075,0.747439,-216.889954,84.285507,87.328667
32,0.266667,-0.002002,0.664342,-0.004111,0.747415,-216.889481,84.284561,87.327904
33,0.275000,-0.001974,0.664412,-0.004117,0.747353,-216.889099,84.284531,87.328621
34,0.283333,-0.001973,0.664460,-0.004140,0.747310,-216.887024,84.284660,87.329193
35,0.291667,-0.002195,0.664447,-0.004182,0.747320,-216.885681,84.283905,87.330475
36,0.300000,-0.002079,0.664717,-0.003980,0.747082,-216.884277,84.283714,87.332108
37,0.308333,-0.002118,0.665045,-0.003777,0.746790,-216.882996,84.282364,87.333008
38,0.316667,-0.002144,0.665483,-0.003707,0.746401,-216.878937,84.279762,87.338943
39,0.325000,-0.001676,0.666113,-0.003101,0.745842,-216.874863,84.278351,87.342514
40,0.333333,-0.001570,0.667017,-0.002690,0.745036,-216.866394,84.274254,87.350052
41,0.341667,-0.001533,0.667809,-0.002430,0.744327,-216.859146,84.270920,87.354195
42,0.350000,-0.001429,0.668878,-0.002273,0.743368,-216.851715,84.269310,87.361458
43,0.358333,-0.001174,0.669625,-0.002138,0.742696,-216.845016,84.268814,87.365227
44,0.366667,-0.000820,0.670679,-0.001799,0.741745,-216.837234,84.267174,87.371140
45,0.375000,-0.000624,0.671307,-0.001549,0.741178,-216.832397,84.261795,87.372765
46,0.383333,-0.000545,0.672270,-0.001570,0.740305,-216.826675,84.259659,87.377220
47,0.391667,-0.000563,0.673071,-0.001872,0.739576,-216.819717,84.259407,87.381073
48,0.400000,-0.000708,0.673226,-0.001763,0.739434,-216.817902,84.258743,87.383080
49,0.408333,-0.000636,0.673424,-0.001426,0.739255,-216.818954,84.256821,87.383911
50,0.416667,-0.000437,0.673342,-0.001367,0.739330,-216.819290,84.256401,87.383881
51,0.425000,-0.000572,0.673359,-0.001402,0.739314,-216.820648,84.256638,87.384262
52,0.433333,-0.000623,0.673310,-0.001509,0.739358,-216.820862,84.257469,87.383797
53,0.441667,-0.000504,0.673272,-0.001363,0.739394,-216.821884,84.256897,87.382164
54,0.450000,-0.000730,0.673219,-0.001495,0.739441,-216.821335,84.258118,87.383102
55,0.458333,-0.000776,0.673267,-0.001535,0.739398,-216.822098,84.258080,87.383141
56,0.466667,-0.000628,0.673184,-0.001419,0.739474,-216.822983,84.258209,87.382088
57,0.475000,-0.000590,0.673266,-0.001558,0.739398,-216.822006,84.259117,87.382904
58,0.483333,-0.000706,0.673165,-0.001584,0.739490,-216.824463,84.259285,87.382217
59,0.491667,-0.000601,0.673290,-0.001595,0.739376,-216.821701,84.259949,87.383492
60,0.500000,-0.000713,0.673246,-0.001537,0.739416,-216.824844,84.259575,87.382248
61,0.508333,-0.000647,0.673350,-0.001681,0.739322,-216.824173,84.259613,87.383453
62,0.516667,-0.000640,0.673348,-0.001324,0.739324,-216.826050,84.258499,87.382980
63,0.525000,-0.000819,0.673275,-0.001310,0.739390,-216.827896,84.257858,87.383018
64,0.533333,-0.000904,0.673366,-0.001265,0.739308,-216.828674,84.258133,87.381989
65,0.541667,-0.000883,0.673205,-0.000890,0.739455,-216.832443,84.260292,87.381897
66,0.550000,-0.000895,0.673349,-0.000972,0.739323,-216.835205,84.261711,87.383286
67,0.558333,-0.000975,0.673372,-0.000960,0.739302,-216.836731,84.261101,87.381805
68,0.566667,-0.001140,0.673435,-0.000954,0.739245,-216.835434,84.260956,87.382278
69,0.575000,-0.000953,0.673485,-0.000920,0.739200,-216.835144,84.261452,87.382660
70,0.583333,-0.000864,0.673405,-0.001016,0.739273,-216.834122,84.261063,87.381989
71,0.591667,-0.000946,0.673381,-0.000823,0.739295,-216.835068,84.260147,87.382370
72,0.600000,-0.000989,0.673406,-0.000852,0.739272,-216.836838,84.260086,87.382355
73,0.608333,-0.001171,0.673582,-0.000910,0.739111,-216.837860,84.257996,87.383804
74,0.616667,-0.000881,0.673443,-0.000771,0.739238,-216.836243,84.260712,87.383240
75,0.625000,-0.000748,0.673521,-0.000781,0.739168,-216.836029,84.261635,87.383202
76,0.633333,-0.000888,0.673412,-0.000880,0.739266,-216.838043,84.260887,87.382866
77,0.641667,-0.000963,0.673471,-0.000693,0.739213,-216.840179,84.260208,87.385544
78,0.650000,-0.001181,0.673522,-0.000723,0.739166,-216.839478,84.258858,87.382767
79,0.658333,-0.001047,0.673558,-0.000765,0.739133,-216.838333,84.258881,87.383614
80,0.666667,-0.000778,0.673540,-0.000808,0.739150,-216.837830,84.258263,87.383476
81,0.675000,-0.000876,0.673540,-0.000795,0.739150,-216.839188,84.258690,87.384018
82,0.683333,-0.001152,0.673397,-0.000692,0.739280,-216.838287,84.258827,87.383560
83,0.691667,-0.001044,0.673538,-0.000731,0.739151,-216.838333,84.258690,87.383011
84,0.700000,-0.001056,0.673594,-0.000820,0.739100,-216.838196,84.258682,87.384079
85,0.708333,-0.000965,0.673562,-0.000870,0.739130,-216.838974,84.258896,87.383667
86,0.716667,-0.001201,0.673338,-0.000813,0.739333,-216.839844,84.261230,87.383118
87,0.725000,-0.001208,0.673550,-0.000826,0.739140,-216.839890,84.260109,87.382744
88,0.733333,-0.001036,0.673586,-0.000842,0.739108,-216.838791,84.259811,87.381691
89,0.741667,-0.001082,0.673546,-0.000766,0.739144,-216.839478,84.258865,87.383041
90,0.750000,-0.000955,0.673464,-0.000457,0.739219,-216.840103,84.260056,87.384056
91,0.758333,-0.001020,0.673473,-0.000399,0.739211,-216.838699,84.259041,87.384087
92,0.766667,-0.001244,0.673497,-0.000848,0.739188,-216.838318,84.259018,87.384308
93,0.775000,-0.001132,0.673494,-0.000948,0.739191,-216.838791,84.259979,87.383339
94,0.783333,-0.001046,0.673439,-0.000609,0.739242,-216.839813,84.260719,87.385490
95,0.791667,-0.000959,0.673454,-0.000425,0.739229,-216.838104,84.260147,87.383774
96,0.800000,-0.001028,0.673448,-0.000566,0.739234,-216.837616,84.259262,87.383583
97,0.808333,-0.000798,0.673475,-0.000545,0.739210,-216.838028,84.260788,87.385216
98,0.816667,-0.000810,0.673408,-0.000342,0.739270,-216.838242,84.260300,87.383980
99,0.825000,-0.001047,0.673523,-0.000487,0.739165,-216.838760,84.258499,87.384506
100,0.833333,-0.001139,0.673503,-0.000849,0.739183,-216.838959,84.259346,87.383003
101,0.841667,-0.001035,0.673474,-0.000736,0.739210,-216.838333,84.259918,87.384453
102,0.850000,-0.001038,0.673464,-0.000593,0.739219,-216.839127,84.261391,87.384331
103,0.858333,-0.001393,0.673452,-0.000506,0.739230,-216.841461,84.260612,87.386009
104,0.866667,-0.001333,0.673375,-0.000333,0.739300,-216.842346,84.261040,87.385551
105,0.875000,-0.001207,0.673352,-0.000127,0.739321,-216.844101,84.261009,87.384438
106,0.883333,-0.001383,0.673345,-0.000081,0.739327,-216.844513,84.261612,87.384689
107,0.891667,-0.001495,0.673415,-0.000077,0.739263,-216.844727,84.261269,87.385086
108,0.900000,-0.001483,0.673452,-0.000155,0.739230,-216.844528,84.261047,87.385841
109,0.908333,-0.001364,0.673441,-0.000274,0.739239,-216.844803,84.261765,87.386726
110,0.916667,-0.001301,0.673424,-0.000261,0.739256,-216.844254,84.261711,87.385483
111,0.925000,-0.001311,0.673425,-0.000192,0.739254,-216.843201,84.260979,87.386330
112,0.933333,-0.001410,0.673414,-0.000271,0.739264,-216.843414,84.261101,87.385193
113,0.941667,-0.001231,0.673419,-0.000221,0.739260,-216.843597,84.261787,87.385605
114,0.950000,-0.001163,0.673383,-0.000186,0.739293,-216.843445,84.261932,87.385109
115,0.958333,-0.001286,0.673404,-0.000154,0.739273,-216.842896,84.261032,87.384735
116,0.966667,-0.001376,0.673390,-0.000064,0.739286,-216.842865,84.259758,87.384918
117,0.975000,-0.001428,0.673400,-0.000076,0.739277,-216.843231,84.260124,87.385925
118,0.983333,-0.001204,0.673382,-0.000201,0.739294,-216.843369,84.261681,87.385437
119,0.991667,-0.001212,0.673439,-0.000228,0.739242,-216.843002,84.261909,87.385315
120,1.000000,-0.001323,0.673293,-0.000188,0.739374,-216.842819,84.261063,87.385269
121,1.008333,-0.001308,0.673388,-0.000045,0.739288,-216.843842,84.261681,87.384628
122,1.016667,-0.001342,0.673360,-0.000096,0.739314,-216.844101,84.260132,87.386017
123,1.025000,-0.001494,0.673427,-0.000126,0.739252,-216.843170,84.260101,87.385834
124,1.033333,-0.001500,0.673308,-0.000172,0.739361,-216.843246,84.260551,87.385506
125,1.041667,-0.001515,0.673382,-0.000246,0.739293,-216.843719,84.261192,87.384827
126,1.050000,-0.001172,0.673409,-0.000229,0.739269,-216.844894,84.261497,87.385551
127,1.058333,-0.001137,0.673394,-0.000246,0.739283,-216.843750,84.262711,87.386169
128,1.066667,-0.001292,0.673326,-0.000282,0.739344,-216.843414,84.261772,87.386299
129,1.075000,-0.001478,0.673401,-0.000160,0.739276,-216.843994,84.260979,87.385071
130,1.083333,-0.001399,0.673370,-0.000234,0.739304,-216.843719,84.261475,87.385216
131,1.091667,-0.001239,0.673436,-0.000165,0.739245,-216.843170,84.261459,87.385849
132,1.100000,-0.001466,0.673274,-0.000135,0.739391,-216.842621,84.259354,87.384132
133,1.108333,-0.001515,0.673344,-0.000209,0.739328,-216.842178,84.259499,87.384323
134,1.116667,-0.001401,0.673406,-0.000233,0.739272,-216.843872,84.261200,87.385696
135,1.125000,-0.001279,0.673367,-0.000105,0.739307,-216.844589,84.262001,87.385620
136,1.133333,-0.001329,0.673362,-0.000226,0.739312,-216.843719,84.261200,87.384415
137,1.141667,-0.001256,0.673411,-0.000144,0.739267,-216.843552,84.259781,87.384171
138,1.150000,-0.001351,0.673375,-0.000203,0.739300,-216.843414,84.259659,87.383728
139,1.158333,-0.001393,0.673391,-0.000297,0.739285,-216.843872,84.260666,87.384430
140,1.166667,-0.001375,0.673414,-0.000172,0.739264,-216.843933,84.260216,87.383873
141,1.175000,-0.001445,0.673408,-0.000013,0.739270,-216.844131,84.260490,87.385078
142,1.183333,-0.001518,0.673386,-0.000154,0.739289,-216.843658,84.260818,87.383888
143,1.191667,-0.001416,0.673375,-0.000155,0.739300,-216.843994,84.260330,87.384537
144,1.200000,-0.001364,0.673461,-0.000050,0.739222,-216.843719,84.259232,87.384445
145,1.208333,-0.001490,0.673389,-0.000077,0.739287,-216.843506,84.260376,87.383659
146,1.216667,-0.001385,0.673383,-0.000167,0.739293,-216.843704,84.260689,87.383873
147,1.225000,-0.001359,0.673417,-0.000206,0.739262,-216.844254,84.261261,87.382500
148,1.233333,-0.001496,0.673390,-0.000276,0.739286,-216.844727,84.260712,87.383804
149,1.241667,-0.001516,0.673355,-0.000294,0.739318,-216.844650,84.261040,87.383583
150,1.250000,-0.001434,0.673365,-0.000100,0.739309,-216.845444,84.260941,87.384193
151,1.258333,-0.001263,0.673411,-0.000080,0.739267,-216.845947,84.261063,87.384727
152,1.266667,-0.001263,0.673389,-0.000107,0.739287,-216.845825,84.260536,87.384377
153,1.275000,-0.001362,0.673396,-0.000240,0.739281,-216.845993,84.260849,87.384933
154,1.283333,-0.001380,0.673437,-0.000126,0.739244,-216.846848,84.259949,87.384827
155,1.291667,-0.001495,0.673372,-0.000251,0.739303,-216.845535,84.260513,87.384323
156,1.300000,-0.001639,0.673459,-0.000272,0.739223,-216.846054,84.259079,87.385773
157,1.308333,-0.001543,0.673422,-0.000137,0.739257,-216.845734,84.259827,87.386169
158,1.316667,-0.001593,0.673386,-0.000281,0.739289,-216.844513,84.261177,87.385262
159,1.325000,-0.001671,0.673398,-0.000387,0.739278,-216.845123,84.261230,87.386169
160,1.333333,-0.001548,0.673404,-0.000316,0.739273,-216.845230,84.260033,87.386238
161,1.341667,-0.001402,0.673403,-0.000323,0.739274,-216.844009,84.258629,87.385582
162,1.350000,-0.001587,0.673368,-0.000228,0.739306,-216.843750,84.258018,87.385361
163,1.358333,-0.001628,0.673458,-0.000150,0.739224,-216.844223,84.259277,87.385429
164,1.366667,-0.001469,0.673443,-0.000196,0.739238,-216.844528,84.259453,87.384773
165,1.375000,-0.001389,0.673387,-0.000230,0.739288,-216.844910,84.260880,87.385910
166,1.383333,-0.001293,0.673402,-0.000208,0.739276,-216.845398,84.262199,87.386909
167,1.391667,-0.001381,0.673408,-0.000127,0.739270,-216.845917,84.261826,87.386520
168,1.400000,-0.001316,0.673422,0.000023,0.739258,-216.846039,84.261040,87.386307
169,1.408333,-0.001381,0.673427,-0.000034,0.739252,-216.845886,84.259209,87.384628
170,1.416667,-0.001436,0.673355,-0.000053,0.739318,-216.845535,84.260139,87.385109
171,1.425000,-0.001451,0.673370,-0.000180,0.739304,-216.845123,84.260506,87.385727
172,1.433333,-0.001494,0.673330,-0.000216,0.739341,-216.845123,84.259048,87.385071
173,1.441667,-0.001491,0.673434,-0.000312,0.739245,-216.845200,84.259758,87.385986
174,1.450000,-0.001321,0.673374,-0.000227,0.739301,-216.845490,84.260254,87.385269
175,1.458333,-0.001338,0.673401,-0.000192,0.739277,-216.845184,84.260216,87.386070
176,1.466667,-0.001279,0.673478,-0.000160,0.739206,-216.844986,84.261307,87.385231
177,1.475000,-0.001511,0.673449,-0.000202,0.739232,-216.845184,84.261108,87.386116
178,1.483333,-0.001443,0.673402,-0.000112,0.739275,-216.844696,84.259293,87.384949
179,1.491667,-0.001323,0.673353,-0.000107,0.739320,-216.843582,84.260216,87.384155
180,1.500000,-0.001125,0.673343,0.000021,0.739330,-216.843323,84.260765,87.384468
181,1.508333,-0.001318,0.673319,-0.000009,0.739351,-216.843658,84.260521,87.385506
182,1.516667,-0.001403,0.673376,-0.000146,0.739299,-216.843384,84.261803,87.385094
183,1.525000,-0.001415,0.673373,-0.000121,0.739301,-216.842224,84.260841,87.385193
184,1.533333,-0.001125,0.673437,-0.000005,0.739244,-216.842270,84.260353,87.384857
185,1.541667,-0.001278,0.673475,-0.000095,0.739209,-216.842438,84.259705,87.386665
186,1.550000,-0.001409,0.673402,-0.000264,0.739275,-216.842026,84.259293,87.386414
187,1.558333,-0.001320,0.673422,-0.000164,0.739257,-216.842468,84.259026,87.385429
188,1.566667,-0.001116,0.673421,-0.000066,0.739259,-216.842072,84.258781,87.384666
189,1.575000,-0.001275,0.673414,-0.000053,0.739265,-216.842178,84.258667,87.385620
190,1.583333,-0.001395,0.673390,-0.000081,0.739286,-216.842682,84.259972,87.385490
191,1.591667,-0.001589,0.673398,-0.000111,0.739278,-216.843231,84.260284,87.386497
192,1.600000,-0.001395,0.673372,-0.000024,0.739303,-216.843063,84.259903,87.385780
193,1.608333,-0.001424,0.673414,-0.000084,0.739265,-216.843079,84.259193,87.386406
194,1.616667,-0.001308,0.673491,-0.000073,0.739195,-216.842651,84.259758,87.386665
195,1.625000,-0.001395,0.673422,-0.000002,0.739257,-216.842743,84.259483,87.385315
196,1.633333,-0.001333,0.673398,-0.000026,0.739279,-216.843414,84.260872,87.385498
197,1.641667,-0.001360,0.673356,-0.000043,0.739317,-216.843872,84.260765,87.386482
198,1.650000,-0.001380,0.673401,-0.000164,0.739276,-216.843719,84.259972,87.386024
199,1.658333,-0.001145,0.673461,-0.000104,0.739222,-216.845184,84.259705,87.385971
200,1.666667,-0.001383,0.673517,-0.000169,0.739170,-216.845108,84.259621,87.386108
201,1.675000,-0.001433,0.673412,-0.000221,0.739266,-216.844986,84.260353,87.386444
202,1.683333,-0.001581,0.673331,-0.000249,0.739340,-216.844589,84.260162,87.385361
203,1.691667,-0.001352,0.673362,-0.000191,0.739312,-216.845108,84.260262,87.385818
204,1.700000,-0.001251,0.673377,-0.000225,0.739298,-216.845184,84.260147,87.385529
205,1.708333,-0.001229,0.673450,-0.000049,0.739232,-216.845612,84.259781,87.385956
206,1.716667,-0.001369,0.673450,-0.000120,0.739231,-216.846085,84.260254,87.386414
207,1.725000,-0.001326,0.673457,-0.000014,0.739225,-216.844940,84.260689,87.385750
208,1.733333,-0.001288,0.673443,-0.000090,0.739238,-216.844223,84.261337,87.386093
209,1.741667,-0.001168,0.673393,-0.000024,0.739284,-216.843842,84.260712,87.385490
210,1.750000,-0.001233,0.673418,-0.000187,0.739261,-216.844559,84.260643,87.386620
211,1.758333,-0.001161,0.673409,-0.000085,0.739269,-216.844818,84.259949,87.386253
212,1.766667,-0.001391,0.673377,-0.000089,0.739298,-216.843582,84.259293,87.386261
213,1.775000,-0.001241,0.673359,0.000116,0.739315,-216.843552,84.259697,87.385750
214,1.783333,-0.001174,0.673352,0.000106,0.739321,-216.843628,84.260063,87.385948
215,1.791667,-0.001167,0.673463,0.000028,0.739220,-216.844147,84.259827,87.385674
216,1.800000,-0.001200,0.673434,0.000036,0.739246,-216.844681,84.259964,87.386444
217,1.808333,-0.001353,0.673376,0.000088,0.739299,-216.844269,84.259346,87.386276
218,1.816667,-0.001356,0.673394,-0.000106,0.739283,-216.844055,84.260460,87.386047
219,1.825000,-0.001508,0.673362,-0.000173,0.739311,-216.844147,84.260262,87.386909
220,1.833333,-0.001605,0.673449,-0.000268,0.739232,-216.844604,84.259293,87.385902
221,1.841667,-0.001550,0.673436,-0.000139,0.739244,-216.844360,84.259941,87.384758
222,1.850000,-0.001659,0.673428,-0.000189,0.739251,-216.843842,84.259430,87.386215
223,1.858333,-0.001365,0.673440,-0.000142,0.739240,-216.843872,84.261208,87.385574
224,1.866667,-0.001305,0.673349,-0.000183,0.739324,-216.842987,84.260658,87.384979
225,1.875000,-0.001380,0.673369,-0.000261,0.739306,-216.842743,84.260803,87.385406
226,1.883333,-0.001552,0.673379,-0.000126,0.739296,-216.843536,84.259201,87.385483
227,1.891667,-0.001386,0.673477,0.000117,0.739206,-216.844147,84.259323,87.385857
228,1.900000,-0.001200,0.673414,0.000047,0.739264,-216.843842,84.259552,87.384949
229,1.908333,-0.001393,0.673363,-0.000092,0.739311,-216.843292,84.258675,87.385361
230,1.916667,-0.001393,0.673380,-0.000110,0.739295,-216.842819,84.258514,87.385162
231,1.925000,-0.001245,0.673390,-0.000128,0.739286,-216.843323,84.259727,87.385811
232,1.933333,-0.001314,0.673447,0.000075,0.739235,-216.843201,84.258286,87.385490
233,1.941667,-0.001505,0.673365,-0.000011,0.739309,-216.843552,84.260574,87.385384
234,1.950000,-0.001418,0.673359,-0.000135,0.739314,-216.842743,84.260918,87.385475
235,1.958333,-0.001295,0.673436,-0.000080,0.739244,-216.844589,84.258629,87.385788
236,1.966667,-0.001507,0.673472,-0.000160,0.739211,-216.844147,84.259079,87.386299
237,1.975000,-0.001420,0.673413,-0.000158,0.739265,-216.844131,84.258919,87.385712
238,1.983333,-0.001220,0.673422,-0.000138,0.739257,-216.843887,84.259544,87.385048
239,1.991667,-0.001306,0.673382,-0.000153,0.739294,-216.843674,84.258904,87.385712
240,2.000000,-0.001265,0.673440,0.000012,0.739241,-216.844208,84.258263,87.385162
241,2.008333,-0.001117,0.673483,-0.000037,0.739202,-216.843750,84.259880,87.385193
242,2.016667,-0.001170,0.673446,0.000012,0.739236,-216.843964,84.259834,87.385254
243,2.025000,-0.001098,0.673395,-0.000010,0.739282,-216.842606,84.260849,87.384636
244,2.033333,-0.001273,0.673311,-0.000138,0.739358,-216.842728,84.260880,87.385780
245,2.041667,-0.001369,0.673350,-0.000359,0.739323,-216.842773,84.258438,87.386642
246,2.050000,-0.001040,0.673487,-0.000009,0.739198,-216.843277,84.259232,87.386307
247,2.058333,-0.001154,0.673434,0.000064,0.739247,-216.842834,84.260399,87.385651
248,2.066667,-0.001150,0.673380,-0.000059,0.739296,-216.842514,84.261604,87.386284
249,2.075000,-0.001253,0.673403,-0.000272,0.739274,-216.842819,84.261566,87.386215
250,2.083333,-0.001462,0.673399,-0.000298,0.739278,-216.843597,84.260971,87.387947
251,2.091667,-0.001324,0.673376,-0.000143,0.739299,-216.843292,84.259262,87.385521
252,2.100000,-0.001305,0.673408,-0.000194,0.739270,-216.843201,84.259346,87.385902
253,2.108333,-0.001602,0.673402,-0.000054,0.739275,-216.843536,84.258659,87.385826
254,2.116667,-0.001388,0.673483,-0.000086,0.739201,-216.843994,84.258789,87.386414
255,2.125000,-0.001230,0.673402,-0.000072,0.739276,-216.843597,84.258537,87.385490
256,2.133333,-0.001235,0.673499,-0.000040,0.739187,-216.843933,84.258560,87.385254
257,2.141667,-0.001429,0.673409,-0.000070,0.739268,-216.843918,84.259293,87.385780
258,2.150000,-0.001475,0.673375,-0.000232,0.739300,-216.843582,84.259293,87.385574
259,2.158333,-0.001467,0.673324,-0.000244,0.739346,-216.843170,84.259598,87.385887
260,2.166667,-0.001416,0.673420,-0.000231,0.739258,-216.843201,84.259613,87.385483
261,2.175000,-0.001456,0.673405,-0.000129,0.739273,-216.842239,84.260017,87.384750
262,2.183333,-0.001449,0.673368,-0.000101,0.739306,-216.842697,84.258881,87.384056
263,2.191667,-0.001372,0.673354,-0.000064,0.739319,-216.843384,84.259422,87.385155
264,2.200000,-0.001292,0.673392,-0.000080,0.739284,-216.842178,84.259857,87.385483
265,2.208333,-0.001146,0.673423,-0.000086,0.739256,-216.842789,84.260666,87.385651
266,2.216667,-0.001099,0.673376,-0.000099,0.739300,-216.842514,84.259384,87.385353
267,2.225000,-0.001252,0.673351,-0.000145,0.739322,-216.842789,84.259789,87.386192
268,2.233333,-0.001264,0.673401,-0.000086,0.739276,-216.842575,84.260872,87.385490
269,2.241667,-0.001324,0.673501,-0.000124,0.739185,-216.843704,84.260262,87.386124
270,2.250000,-0.001494,0.673406,-0.000106,0.739272,-216.843674,84.258255,87.385597
271,2.258333,-0.001240,0.673381,-0.000194,0.739294,-216.843918,84.260414,87.385330
272,2.266667,-0.001278,0.673451,-0.000189,0.739231,-216.844269,84.260391,87.385735
273,2.275000,-0.001362,0.673430,-0.000071,0.739250,-216.844131,84.259285,87.385277
274,2.283333,-0.001472,0.673417,-0.000009,0.739262,-216.844437,84.260307,87.387634
275,2.291667,-0.001207,0.673330,-0.000138,0.739341,-216.843231,84.260872,87.387230
276,2.300000,-0.001312,0.673354,-0.000109,0.739319,-216.842026,84.259277,87.386856
277,2.308333,-0.001292,0.673377,-0.000071,0.739298,-216.842529,84.258614,87.388519
278,2.316667,-0.001070,0.673443,0.000074,0.739238,-216.841675,84.258179,87.389191
279,2.325000,-0.001154,0.673438,-0.000108,0.739243,-216.840607,84.259171,87.389450
280,2.333333,-0.001241,0.673512,-0.000198,0.739175,-216.840271,84.258385,87.390762
281,2.341667,-0.001118,0.673354,-0.000152,0.739319,-216.838531,84.257141,87.392197
282,2.350000,-0.001039,0.673352,0.000052,0.739322,-216.838577,84.255486,87.397011
283,2.358333,-0.000609,0.673392,0.000159,0.739285,-216.838379,84.253494,87.401878
284,2.366667,0.000760,0.674559,0.000389,0.738220,-216.848114,84.258026,87.420601
285,2.375000,0.000126,0.673577,0.000707,0.739116,-216.841766,84.251282,87.415977
286,2.383333,0.001136,0.674593,0.000483,0.738189,-216.845566,84.256523,87.431244
287,2.391667,0.001297,0.674673,0.000523,0.738115,-216.845291,84.256454,87.436798
288,2.400000,0.001628,0.674714,0.000821,0.738077,-216.843994,84.253433,87.442085
289,2.408333,0.001794,0.674693,0.001085,0.738095,-216.841507,84.251976,87.449936
290,2.416667,0.002466,0.674805,0.001350,0.737991,-216.839645,84.253098,87.461357
291,2.425000,0.003126,0.674749,0.001960,0.738038,-216.836502,84.248528,87.473030
292,2.433333,0.004009,0.674878,0.002608,0.737914,-216.832520,84.244354,87.490425
293,2.441667,0.004557,0.674891,0.003249,0.737896,-216.829498,84.239166,87.507141
294,2.450000,0.004522,0.674546,0.004270,0.738207,-216.827255,84.230835,87.523277
295,2.458333,0.005119,0.674597,0.005094,0.738151,-216.827225,84.225624,87.537727
296,2.466667,0.005921,0.674496,0.005645,0.738233,-216.828461,84.221283,87.550018
297,2.475000,0.006226,0.674409,0.005874,0.738308,-216.828568,84.218369,87.560516
298,2.483333,0.006644,0.674343,0.005951,0.738364,-216.827698,84.218338,87.572708
299,2.491667,0.006796,0.674341,0.006168,0.738363,-216.827011,84.215363,87.580658
300,2.500000,0.007127,0.674236,0.006374,0.738454,-216.826843,84.212936,87.589729
301,2.508333,0.007613,0.674087,0.006613,0.738583,-216.827576,84.210953,87.598724
302,2.516667,0.007789,0.673988,0.006846,0.738670,-216.829437,84.208305,87.606453
303,2.525000,0.008212,0.673963,0.007336,0.738683,-216.828949,84.206749,87.610748
304,2.533333,0.008428,0.673954,0.007455,0.738688,-216.827347,84.205696,87.616989
305,2.541667,0.009601,0.674799,0.007290,0.737903,-216.833954,84.210640,87.629356
306,2.550000,0.010133,0.674746,0.007611,0.737941,-216.837433,84.209404,87.636688
307,2.558333,0.010326,0.674839,0.007824,0.737851,-216.836411,84.208176,87.639252
308,2.566667,0.010865,0.674743,0.008101,0.737929,-216.837311,84.204285,87.647377
309,2.575000,0.011165,0.674697,0.008396,0.737963,-216.836899,84.201157,87.653023
310,2.583333,0.011322,0.674582,0.008465,0.738065,-216.837280,84.200302,87.661888
311,2.591667,0.011563,0.674473,0.008902,0.738155,-216.838074,84.198936,87.668579
312,2.600000,0.011552,0.674493,0.008958,0.738136,-216.838745,84.197334,87.674271
313,2.608333,0.011496,0.674354,0.008871,0.738266,-216.837738,84.196564,87.680939
314,2.616667,0.011788,0.674390,0.008988,0.738226,-216.835571,84.196289,87.684708
315,2.625000,0.011999,0.674431,0.008955,0.738186,-216.834442,84.195656,87.688980
316,2.633333,0.012228,0.674392,0.008832,0.738219,-216.832779,84.195862,87.687317
317,2.641667,0.012160,0.674373,0.008881,0.738237,-216.830856,84.196838,87.683212
318,2.650000,0.011863,0.674448,0.008624,0.738177,-216.828613,84.200333,87.673744
319,2.658333,0.011807,0.674519,0.008522,0.738114,-216.828079,84.202934,87.659088
320,2.666667,0.010067,0.673903,0.008115,0.738707,-216.821701,84.201340,87.625008
321,2.675000,0.010194,0.674949,0.007224,0.737759,-216.829422,84.215309,87.604538
322,2.683333,0.008004,0.674465,0.006321,0.738236,-216.825775,84.216423,87.575981
323,2.691667,0.006811,0.674447,0.005968,0.738267,-216.826385,84.219353,87.563469
324,2.700000,0.006514,0.674182,0.006119,0.738512,-216.828491,84.228455,87.564064
325,2.708333,0.008448,0.674674,0.006368,0.738040,-216.834641,84.259239,87.579865
326,2.716667,0.009544,0.675036,0.007008,0.737690,-216.828323,84.300880,87.594025
327,2.725000,0.009210,0.675273,0.007240,0.737475,-216.822739,84.344635,87.603806
328,2.733333,0.008482,0.675259,0.006323,0.737505,-216.818405,84.397362,87.615753
329,2.741667,0.008139,0.675108,0.005655,0.737652,-216.813065,84.449364,87.629906
330,2.750000,0.007912,0.674887,0.006072,0.737854,-216.810028,84.506683,87.644936
331,2.758333,0.008183,0.674710,0.007061,0.738004,-216.805908,84.561714,87.657928
332,2.766667,0.007946,0.674571,0.007561,0.738128,-216.800644,84.622009,87.671860
333,2.775000,0.007761,0.674880,0.007491,0.737849,-216.796295,84.681137,87.687210
334,2.783333,0.010129,0.674940,0.007017,0.737769,-216.798309,84.758263,87.700279
335,2.791667,0.009640,0.674884,0.006310,0.737834,-216.797455,84.820328,87.711052
336,2.800000,0.007603,0.674772,0.005311,0.737968,-216.797348,84.872818,87.718964
337,2.808333,0.006530,0.674608,0.004943,0.738131,-216.795975,84.918251,87.728058
338,2.816667,0.006338,0.674478,0.004912,0.738252,-216.793243,84.963158,87.737007
339,2.825000,0.006708,0.674457,0.005435,0.738264,-216.788742,85.018990,87.749580
340,2.833333,0.006865,0.674106,0.007710,0.738563,-216.790649,85.092400,87.761772
341,2.841667,0.006182,0.673950,0.007433,0.738714,-216.786621,85.163673,87.772751
342,2.850000,0.005103,0.674206,0.005686,0.738504,-216.779663,85.234695,87.785233
343,2.858333,0.003768,0.674308,0.004258,0.738429,-216.775162,85.299706,87.793968
344,2.866667,0.005294,0.674246,0.002830,0.738482,-216.774017,85.374352,87.797615
345,2.875000,0.005797,0.674102,0.002501,0.738612,-216.772797,85.432541,87.805397
346,2.883333,0.006118,0.675181,0.002680,0.737622,-216.777924,85.482635,87.822243
347,2.891667,0.006491,0.675486,0.002709,0.737339,-216.779617,85.528534,87.830887
348,2.900000,0.006572,0.675437,0.002803,0.737383,-216.775162,85.573837,87.836617
349,2.908333,0.006470,0.675462,0.003139,0.737360,-216.769119,85.623802,87.844231
350,2.916667,0.006028,0.675446,0.005590,0.737364,-216.760330,85.687111,87.851501
351,2.925000,0.004753,0.675402,0.005335,0.737415,-216.751862,85.743584,87.863922
352,2.933333,0.002976,0.675325,0.004224,0.737502,-216.745667,85.795120,87.874252
353,2.941667,0.001249,0.675288,0.003056,0.737547,-216.739517,85.844704,87.881859
354,2.950000,0.000369,0.675357,0.002092,0.737488,-216.736740,85.896011,87.891510
355,2.958333,0.004401,0.674801,0.000872,0.737986,-216.740067,85.972580,87.890388
356,2.966667,0.005552,0.674549,0.000703,0.738209,-216.737198,86.029938,87.889679
357,2.975000,0.005079,0.675534,0.001027,0.737311,-216.738815,86.079445,87.903656
358,2.983333,0.003999,0.675547,0.000683,0.737306,-216.732025,86.134399,87.908455
359,2.991667,0.002896,0.675580,0.000640,0.737281,-216.722519,86.190590,87.911797
360,3.000000,0.001764,0.675532,0.000131,0.737329,-216.710419,86.252144,87.918327
361,3.008333,0.000618,0.675580,-0.000136,0.737286,-216.700928,86.312881,87.920540
362,3.016667,-0.000594,0.675633,-0.000438,0.737237,-216.696976,86.370979,87.926323
363,3.025000,-0.001332,0.675552,-0.000634,0.737311,-216.697861,86.427597,87.932777
364,3.033333,-0.001315,0.675720,-0.001054,0.737157,-216.693375,86.485641,87.934143
365,3.041667,-0.001761,0.675966,-0.001833,0.736928,-216.692352,86.546043,87.942085
366,3.050000,-0.004051,0.675950,-0.003999,0.736926,-216.689896,86.609909,87.949402
367,3.058333,-0.002642,0.676033,-0.005172,0.736848,-216.687637,86.679550,87.950851
368,3.066667,-0.002650,0.676046,-0.005084,0.736837,-216.679565,86.730995,87.952568
369,3.075000,-0.002981,0.675941,-0.004244,0.736938,-216.673401,86.774178,87.958488
370,3.083333,-0.003166,0.675938,-0.003520,0.736943,-216.669083,86.812042,87.962181
371,3.091667,-0.003575,0.675865,-0.003162,0.737010,-216.667145,86.849030,87.966850
372,3.100000,-0.003984,0.675744,-0.003059,0.737120,-216.667908,86.888542,87.970955
373,3.108333,-0.004700,0.675684,-0.003489,0.737169,-216.667984,86.931381,87.973335
374,3.116667,-0.005263,0.675889,-0.004443,0.736971,-216.665298,86.979126,87.980240
375,3.125000,-0.006184,0.675966,-0.005613,0.736886,-216.660904,87.026253,87.985268
376,3.133333,-0.007172,0.675984,-0.006422,0.736853,-216.655640,87.066879,87.987587
377,3.141667,-0.007454,0.675936,-0.006609,0.736893,-216.648056,87.106117,87.989838
378,3.150000,-0.007604,0.675885,-0.006515,0.736939,-216.640762,87.143883,87.992165
379,3.158333,-0.008110,0.675925,-0.006892,0.736893,-216.638489,87.182388,87.991516
380,3.166667,-0.008301,0.675774,-0.007123,0.737028,-216.638443,87.214699,87.992630
381,3.175000,-0.008226,0.675868,-0.007052,0.736943,-216.636368,87.244377,87.992920
382,3.183333,-0.008422,0.675821,-0.006990,0.736984,-216.636490,87.273163,87.997345
383,3.191667,-0.008931,0.675815,-0.006692,0.736987,-216.634506,87.301140,88.000999
384,3.200000,-0.006835,0.675657,-0.007292,0.737148,-216.635162,87.343910,87.999954
385,3.208333,-0.006620,0.675565,-0.007937,0.737228,-216.632370,87.371185,88.001266
386,3.216667,-0.007242,0.675449,-0.007980,0.737328,-216.629501,87.388809,88.003273
387,3.225000,-0.007888,0.675418,-0.007919,0.737350,-216.626694,87.403244,88.006203
388,3.233333,-0.008404,0.675456,-0.008331,0.737306,-216.624237,87.420479,88.008591
389,3.241667,-0.008889,0.675491,-0.008844,0.737262,-216.622284,87.440559,88.011482
390,3.250000,-0.009460,0.675463,-0.009134,0.737277,-216.619705,87.465652,88.015678
391,3.258333,-0.010383,0.675454,-0.009634,0.737266,-216.613480,87.493553,88.016357
392,3.266667,-0.011159,0.675419,-0.010129,0.737280,-216.609787,87.527290,88.019318
393,3.275000,-0.011582,0.675369,-0.010603,0.737313,-216.605331,87.559822,88.018814
394,3.283333,-0.012045,0.675272,-0.010841,0.737391,-216.600342,87.591209,88.021042
395,3.291667,-0.012209,0.675153,-0.010748,0.737499,-216.598770,87.616432,88.023026
396,3.300000,-0.012326,0.675152,-0.010098,0.737507,-216.598755,87.632957,88.024010
397,3.308333,-0.011907,0.675108,-0.009732,0.737558,-216.596695,87.647781,88.022888
398,3.316667,-0.011761,0.675023,-0.009387,0.737643,-216.595795,87.660942,88.022980
399,3.325000,-0.011649,0.675060,-0.009263,0.737613,-216.596863,87.680061,88.029045
400,3.333333,-0.011540,0.675014,-0.009014,0.737660,-216.595215,87.701843,88.028511
401,3.341667,-0.011425,0.675224,-0.009243,0.737466,-216.592224,87.725258,88.030174
402,3.350000,-0.011214,0.675373,-0.008309,0.737345,-216.592621,87.751190,88.031784
403,3.358333,-0.011259,0.675561,-0.008252,0.737172,-216.592697,87.777054,88.033745
404,3.366667,-0.011533,0.675627,-0.008811,0.737101,-216.590027,87.800545,88.033646
405,3.375000,-0.010691,0.677014,-0.009609,0.735830,-216.593460,87.830292,88.044662
406,3.383333,-0.011294,0.676251,-0.009808,0.736520,-216.587830,87.846657,88.032379
407,3.391667,-0.012705,0.675902,-0.009780,0.736817,-216.584534,87.856270,88.031860
408,3.400000,-0.011787,0.677333,-0.010297,0.735510,-216.589874,87.882904,88.047997
409,3.408333,-0.008522,0.677458,-0.010895,0.735431,-216.591232,87.923935,88.043373
410,3.416667,-0.008207,0.677234,-0.011439,0.735633,-216.586014,87.946945,88.039253
411,3.425000,-0.009304,0.677268,-0.012093,0.735578,-216.581314,87.961830,88.040817
412,3.433333,-0.009983,0.677317,-0.012646,0.735515,-216.577484,87.977898,88.039932
413,3.441667,-0.010412,0.677300,-0.012915,0.735520,-216.574173,87.990288,88.038979
414,3.450000,-0.010338,0.677419,-0.012754,0.735414,-216.567963,87.999664,88.038948
415,3.458333,-0.009821,0.677487,-0.012235,0.735367,-216.556137,88.013779,88.037788
416,3.466667,-0.010271,0.677264,-0.011853,0.735573,-216.542007,88.049683,88.044106
417,3.475000,-0.010876,0.677213,-0.011319,0.735619,-216.521500,88.106064,88.053024
418,3.483333,-0.010409,0.677672,-0.008997,0.735236,-216.507965,88.181007,88.059464
419,3.491667,-0.011725,0.678009,-0.009628,0.734897,-216.485596,88.255623,88.062195
420,3.500000,-0.014143,0.678552,-0.012068,0.734317,-216.463882,88.326797,88.064125
421,3.508333,-0.015711,0.678553,-0.014695,0.734236,-216.440460,88.389214,88.064438
422,3.516667,-0.016126,0.678438,-0.014532,0.734337,-216.414459,88.451065,88.070335
423,3.525000,-0.016325,0.678552,-0.013909,0.734239,-216.393402,88.499992,88.071815
424,3.533333,-0.016854,0.678549,-0.013928,0.734229,-216.388367,88.541344,88.073494
425,3.541667,-0.017898,0.678529,-0.014646,0.734210,-216.394089,88.583984,88.073990
426,3.550000,-0.015892,0.677901,-0.015866,0.734810,-216.409424,88.653412,88.066917
427,3.558333,-0.016586,0.677750,-0.016571,0.734918,-216.415451,88.697525,88.064926
428,3.566667,-0.017745,0.677668,-0.016670,0.734965,-216.419098,88.726334,88.066696
429,3.575000,-0.018918,0.677878,-0.016615,0.734743,-216.417023,88.748070,88.068199
430,3.583333,-0.018913,0.678094,-0.014720,0.734584,-216.417435,88.776848,88.065475
431,3.591667,-0.018817,0.678208,-0.014152,0.734493,-216.419037,88.796631,88.067719
432,3.600000,-0.019047,0.678013,-0.014412,0.734662,-216.421127,88.807770,88.069138
433,3.608333,-0.019302,0.677920,-0.014875,0.734731,-216.424606,88.817474,88.067604
434,3.616667,-0.018873,0.678576,-0.015470,0.734124,-216.431641,88.835236,88.070969
435,3.625000,-0.018876,0.678558,-0.015602,0.734139,-216.433044,88.845024,88.073631
436,3.633333,-0.018907,0.678554,-0.015571,0.734142,-216.431305,88.850891,88.071602
437,3.641667,-0.019055,0.678515,-0.015605,0.734174,-216.429443,88.855423,88.070702
438,3.650000,-0.019018,0.678455,-0.015217,0.734238,-216.429306,88.857857,88.073273
439,3.658333,-0.018960,0.678501,-0.015336,0.734195,-216.428375,88.853111,88.072182
440,3.666667,-0.018717,0.678415,-0.015230,0.734282,-216.428619,88.847092,88.075050
441,3.675000,-0.018750,0.678579,-0.015394,0.734127,-216.426926,88.843735,88.075157
442,3.683333,-0.018661,0.678587,-0.015267,0.734124,-216.424088,88.845055,88.076431
443,3.691667,-0.018532,0.678449,-0.014931,0.734262,-216.422134,88.850639,88.078285
444,3.700000,-0.018624,0.678547,-0.014839,0.734171,-216.421967,88.856323,88.075790
445,3.708333,-0.018980,0.678516,-0.015171,0.734184,-216.422150,88.854637,88.075905
446,3.716667,-0.018914,0.678389,-0.015209,0.734302,-216.422440,88.851128,88.077751
447,3.725000,-0.018776,0.678506,-0.015253,0.734197,-216.422989,88.847588,88.077866
448,3.733333,-0.018570,0.678614,-0.015253,0.734102,-216.424942,88.846230,88.077454
449,3.741667,-0.018540,0.678577,-0.015284,0.734136,-216.426086,88.847443,88.076462
450,3.750000,-0.018811,0.678518,-0.015265,0.734184,-216.426987,88.850517,88.074425
451,3.758333,-0.018949,0.678540,-0.015415,0.734157,-216.429260,88.851913,88.073227
452,3.766667,-0.019002,0.678532,-0.015593,0.734159,-216.431244,88.850380,88.073273
453,3.775000,-0.018864,0.678567,-0.015651,0.734129,-216.431290,88.848534,88.073547
454,3.783333,-0.018685,0.678551,-0.015433,0.734154,-216.431946,88.846344,88.075912
455,3.791667,-0.018618,0.678481,-0.015094,0.734227,-216.430313,88.847466,88.076378
456,3.800000,-0.018825,0.678445,-0.015108,0.734254,-216.429688,88.851723,88.073524
457,3.808333,-0.018943,0.678346,-0.015444,0.734336,-216.428925,88.852394,88.077080
458,3.816667,-0.018810,0.678478,-0.015437,0.734218,-216.427872,88.850517,88.076736
459,3.825000,-0.018941,0.678409,-0.015453,0.734277,-216.425781,88.847542,88.075844
460,3.833333,-0.018850,0.678552,-0.015283,0.734152,-216.424484,88.846382,88.073624
461,3.841667,-0.018759,0.678565,-0.015308,0.734142,-216.424057,88.847229,88.077408
462,3.850000,-0.018687,0.678512,-0.015271,0.734193,-216.423111,88.847580,88.076042
463,3.858333,-0.018715,0.678475,-0.015195,0.734227,-216.422363,88.848129,88.076035
464,3.866667,-0.018534,0.678540,-0.015246,0.734171,-216.423157,88.850174,88.076508
465,3.875000,-0.018790,0.678518,-0.015368,0.734182,-216.425140,88.849869,88.073357
466,3.883333,-0.018784,0.678483,-0.015488,0.734213,-216.426376,88.847458,88.074478
467,3.891667,-0.018610,0.678481,-0.015297,0.734223,-216.427521,88.845924,88.074509
468,3.900000,-0.018405,0.678569,-0.015078,0.734151,-216.429810,88.847527,88.075386
469,3.908333,-0.018645,0.678501,-0.015237,0.734204,-216.430115,88.847610,88.074600
470,3.916667,-0.018707,0.678479,-0.015258,0.734223,-216.431244,88.848465,88.074081
471,3.925000,-0.018855,0.678557,-0.015418,0.734144,-216.431732,88.848221,88.071281
472,3.933333,-0.018845,0.678451,-0.015430,0.734242,-216.432663,88.847580,88.072571
473,3.941667,-0.018738,0.678476,-0.015208,0.734226,-216.431671,88.847710,88.073891
474,3.950000,-0.018856,0.678584,-0.015346,0.734120,-216.429184,88.847816,88.071945
475,3.958333,-0.018826,0.678586,-0.015473,0.734117,-216.428452,88.848427,88.073280
476,3.966667,-0.018906,0.678537,-0.015507,0.734159,-216.427063,88.849182,88.072914
477,3.975000,-0.018738,0.678529,-0.015294,0.734176,-216.426926,88.849541,88.076401
478,3.983333,-0.018653,0.678464,-0.015313,0.734237,-216.425751,88.848526,88.076836
479,3.991667,-0.018627,0.678519,-0.015418,0.734185,-216.425781,88.847084,88.076843
480,4.000000,-0.018715,0.678491,-0.015258,0.734212,-216.425110,88.845757,88.076393
481,4.008333,-0.018557,0.678480,-0.015158,0.734228,-216.425659,88.846275,88.076469
482,4.016667,-0.018615,0.678554,-0.015116,0.734159,-216.426086,88.847778,88.076904
483,4.025000,-0.018664,0.678519,-0.015311,0.734187,-216.426010,88.848122,88.075432
484,4.033333,-0.018827,0.678531,-0.015561,0.734165,-216.426987,88.848198,88.075600
485,4.041667,-0.018943,0.678585,-0.015389,0.734116,-216.428497,88.848976,88.072540
486,4.050000,-0.018770,0.678467,-0.015256,0.734232,-216.429214,88.847870,88.074455
487,4.058333,-0.018895,0.678579,-0.015241,0.734127,-216.429321,88.848694,88.072762
488,4.066667,-0.018978,0.678502,-0.015482,0.734190,-216.429718,88.848587,88.071823
489,4.075000,-0.018874,0.678482,-0.015237,0.734217,-216.430878,88.849472,88.071465
490,4.083333,-0.018876,0.678409,-0.015039,0.734288,-216.430634,88.849953,88.075050
491,4.091667,-0.018804,0.678503,-0.015446,0.734194,-216.429688,88.849678,88.072113
492,4.100000,-0.018813,0.678489,-0.015548,0.734205,-216.429993,88.847961,88.075218
493,4.108333,-0.018906,0.678575,-0.015616,0.734122,-216.428848,88.846786,88.073143
494,4.116667,-0.018804,0.678454,-0.015357,0.734241,-216.427612,88.847923,88.074203
495,4.125000,-0.018615,0.678451,-0.014964,0.734257,-216.426605,88.849541,88.077118
496,4.133333,-0.018618,0.678527,-0.015116,0.734184,-216.426224,88.850220,88.077148
497,4.141667,-0.018726,0.678537,-0.015265,0.734169,-216.425064,88.847900,88.076439
498,4.150000,-0.018682,0.678577,-0.015396,0.734130,-216.425705,88.847054,88.076698
499,4.158333,-0.018577,0.678567,-0.015351,0.734143,-216.425415,88.847649,88.076569
500,4.166667,-0.018555,0.678561,-0.015347,0.734149,-216.425674,88.847878,88.076225
501,4.175000,-0.018750,0.678441,-0.015417,0.734254,-216.425247,88.847298,88.075668
502,4.183333,-0.018597,0.678506,-0.015407,0.734198,-216.426712,88.848175,88.076096
503,4.191667,-0.018568,0.678533,-0.015321,0.734175,-216.426880,88.848206,88.075066
504,4.200000,-0.018677,0.678572,-0.015509,0.734133,-216.427399,88.849411,88.071785
505,4.208333,-0.018629,0.678543,-0.015457,0.734162,-216.428925,88.849312,88.074104
506,4.216667,-0.018676,0.678537,-0.015225,0.734171,-216.429565,88.847496,88.073967
507,4.225000,-0.018582,0.678552,-0.015121,0.734161,-216.429977,88.850304,88.074593
508,4.233333,-0.018762,0.678469,-0.015284,0.734230,-216.429230,88.850594,88.072922
509,4.241667,-0.018823,0.678554,-0.015130,0.734154,-216.428925,88.851242,88.073868
510,4.250000,-0.018738,0.678471,-0.015384,0.734227,-216.428955,88.848602,88.076187
511,4.258333,-0.018739,0.678557,-0.015562,0.734144,-216.428635,88.848694,88.073357
512,4.266667,-0.018743,0.678522,-0.015415,0.734179,-216.427917,88.847969,88.075851
513,4.275000,-0.018663,0.678434,-0.015371,0.734264,-216.425919,88.847183,88.075729
514,4.283333,-0.018688,0.678461,-0.015265,0.734240,-216.425415,88.847961,88.077087
515,4.291667,-0.018557,0.678538,-0.015185,0.734174,-216.424850,88.848053,88.076599
516,4.300000,-0.018620,0.678581,-0.015227,0.734132,-216.424606,88.848694,88.075371
517,4.308333,-0.018617,0.678581,-0.015156,0.734134,-216.425278,88.848618,88.076851
518,4.316667,-0.018775,0.678534,-0.015103,0.734174,-216.425842,88.847511,88.076401
519,4.325000,-0.018631,0.678583,-0.015161,0.734131,-216.426056,88.848587,88.076851
520,4.333333,-0.018626,0.678462,-0.015049,0.734246,-216.426514,88.849586,88.075340
521,4.341667,-0.018570,0.678445,-0.015046,0.734262,-216.427155,88.849075,88.075691
522,4.350000,-0.018463,0.678533,-0.015007,0.734184,-216.427261,88.848305,88.075516
523,4.358333,-0.018727,0.678571,-0.015301,0.734137,-216.426773,88.850250,88.073814
524,4.366667,-0.018722,0.678504,-0.015355,0.734198,-216.428116,88.851128,88.076958
525,4.375000,-0.018817,0.678482,-0.015365,0.734215,-216.427826,88.857285,88.078133
526,4.383333,-0.018939,0.678529,-0.015462,0.734167,-216.427094,88.861313,88.079628
527,4.391667,-0.018974,0.678513,-0.015344,0.734183,-216.426636,88.868423,88.083344
528,4.400000,-0.018799,0.678543,-0.015268,0.734162,-216.426376,88.877937,88.088676
529,4.408333,-0.018926,0.678539,-0.015317,0.734160,-216.426117,88.886223,88.093719
530,4.416667,-0.018746,0.678623,-0.015684,0.734080,-216.424530,88.896553,88.101585
531,4.425000,-0.018597,0.678802,-0.015848,0.733915,-216.422485,88.905251,88.110802
532,4.433333,-0.018888,0.678773,-0.015955,0.733932,-216.419571,88.912277,88.119385
533,4.441667,-0.019288,0.678725,-0.016316,0.733958,-216.417007,88.923157,88.130722
534,4.450000,-0.019532,0.678656,-0.016558,0.734010,-216.413300,88.934845,88.144073
535,4.458333,-0.019652,0.678738,-0.016715,0.733928,-216.410782,88.946396,88.158897
536,4.466667,-0.020426,0.678454,-0.017582,0.734149,-216.408752,88.960770,88.177521
537,4.475000,-0.021008,0.678251,-0.018690,0.734293,-216.402985,88.967499,88.197533
538,4.483333,-0.021408,0.678070,-0.019583,0.734425,-216.395477,88.971428,88.214836
539,4.491667,-0.021898,0.678100,-0.020064,0.734369,-216.387848,88.970856,88.234100
540,4.500000,-0.022307,0.677913,-0.020302,0.734523,-216.380951,88.968376,88.254150
541,4.508333,-0.022371,0.677803,-0.020543,0.734616,-216.375275,88.968590,88.275757
542,4.516667,-0.022590,0.677594,-0.020830,0.734794,-216.367157,88.966522,88.294975
543,4.525000,-0.022776,0.677790,-0.020902,0.734606,-216.356842,88.962723,88.317383
544,4.533333,-0.021640,0.678027,-0.019898,0.734449,-216.340851,88.947289,88.345497
545,4.541667,-0.020344,0.678374,-0.018834,0.734194,-216.320984,88.925461,88.376549
546,4.550000,-0.019473,0.678785,-0.018528,0.733845,-216.300125,88.900452,88.409485
547,4.558333,-0.020553,0.679361,-0.018384,0.733286,-216.275330,88.864182,88.450775
548,4.566667,-0.021886,0.679033,-0.018120,0.733557,-216.242310,88.824837,88.483086
549,4.575000,-0.021926,0.679121,-0.017945,0.733479,-216.200851,88.787636,88.519455
550,4.583333,-0.020888,0.679928,-0.017498,0.732773,-216.152695,88.746117,88.560570
551,4.591667,-0.020549,0.680420,-0.017444,0.732326,-216.103546,88.698158,88.602875
552,4.600000,-0.019491,0.680332,-0.017358,0.732440,-216.057587,88.640366,88.643227
553,4.608333,-0.017689,0.680412,-0.016354,0.732434,-216.006714,88.574532,88.684998
554,4.616667,-0.015409,0.681370,-0.015163,0.731620,-215.954880,88.517685,88.736931
555,4.625000,-0.014025,0.682321,-0.013725,0.730790,-215.913559,88.447754,88.792839
556,4.633333,-0.014849,0.682284,-0.012107,0.730836,-215.864594,88.358368,88.838188
557,4.641667,-0.014954,0.682140,-0.010802,0.730989,-215.818832,88.262718,88.890686
558,4.650000,-0.013837,0.682498,-0.011186,0.730671,-215.780304,88.183090,88.934097
559,4.658333,-0.012462,0.682649,-0.011265,0.730553,-215.730118,88.108360,88.991859
560,4.666667,-0.012453,0.684558,-0.010680,0.728774,-215.683319,88.034706,89.068069
561,4.675000,-0.012652,0.685183,-0.010273,0.728189,-215.642166,87.970612,89.119003
562,4.683333,-0.011264,0.685661,-0.009747,0.727769,-215.594482,87.915504,89.176674
563,4.691667,-0.008891,0.686157,-0.009166,0.727342,-215.539429,87.869087,89.240341
564,4.700000,-0.009214,0.685575,-0.009131,0.727886,-215.492111,87.828438,89.293411
565,4.708333,-0.008399,0.686578,-0.009288,0.726948,-215.455978,87.810112,89.358612
566,4.716667,-0.008394,0.687064,-0.009339,0.726488,-215.409225,87.793495,89.426437
567,4.725000,-0.010238,0.686947,-0.009028,0.726579,-215.361969,87.760307,89.492828
568,4.733333,-0.011524,0.687026,-0.008804,0.726488,-215.318939,87.733467,89.550766
569,4.741667,-0.011881,0.687545,-0.009198,0.725986,-215.268066,87.723717,89.623085
570,4.750000,-0.012252,0.687691,-0.010243,0.725828,-215.219543,87.730865,89.694519
571,4.758333,-0.012183,0.687613,-0.010693,0.725896,-215.175659,87.746788,89.766823
572,4.766667,-0.011660,0.688288,-0.009608,0.725280,-215.120865,87.761406,89.838417
573,4.775000,-0.012003,0.688839,-0.009100,0.724758,-215.064148,87.779175,89.911415
574,4.783333,-0.012914,0.688641,-0.010179,0.724916,-215.011627,87.808380,89.984222
575,4.791667,-0.012489,0.690334,-0.011119,0.723298,-214.960739,87.848679,90.074501
576,4.800000,-0.013443,0.691432,-0.011456,0.722226,-214.902252,87.883690,90.153152
577,4.808333,-0.015141,0.691287,-0.012326,0.722317,-214.849213,87.924980,90.227028
578,4.816667,-0.016171,0.691297,-0.013787,0.722259,-214.788361,87.969322,90.310074
579,4.825000,-0.016662,0.691910,-0.014455,0.721646,-214.727234,88.017448,90.392097
580,4.833333,-0.016791,0.692100,-0.014657,0.721457,-214.673111,88.075127,90.469971
581,4.841667,-0.018668,0.692136,-0.016059,0.721347,-214.604736,88.141602,90.559372
582,4.850000,-0.020581,0.692533,-0.016445,0.720905,-214.535767,88.208069,90.642075
583,4.858333,-0.022715,0.692676,-0.017638,0.720675,-214.481934,88.270477,90.711967
584,4.866667,-0.024204,0.692707,-0.018553,0.720574,-214.428741,88.335075,90.789543
585,4.875000,-0.024205,0.694416,-0.019827,0.718893,-214.372284,88.394516,90.886444
586,4.883333,-0.026914,0.694367,-0.022104,0.718777,-214.305420,88.452393,90.961143
587,4.891667,-0.027407,0.695562,-0.023371,0.717562,-214.254425,88.510269,91.037994
588,4.900000,-0.027587,0.695701,-0.022714,0.717442,-214.185928,88.556030,91.110245
589,4.908333,-0.027791,0.695805,-0.022098,0.717352,-214.122192,88.591019,91.183014
590,4.916667,-0.029923,0.696040,-0.023700,0.716988,-214.065170,88.630661,91.238808
591,4.925000,-0.031098,0.696536,-0.024639,0.716424,-214.000198,88.667206,91.301392
592,4.933333,-0.033682,0.696871,-0.024313,0.715993,-213.934677,88.680664,91.372429
593,4.941667,-0.034837,0.696926,-0.024200,0.715887,-213.863663,88.701424,91.436928
594,4.950000,-0.035614,0.697328,-0.025333,0.715418,-213.805527,88.727753,91.494431
595,4.958333,-0.035021,0.697919,-0.025827,0.714853,-213.743805,88.751099,91.552879
596,4.966667,-0.033611,0.697985,-0.025037,0.714885,-213.681793,88.766106,91.610130
597,4.975000,-0.034215,0.698511,-0.025359,0.714330,-213.619064,88.775543,91.668427
598,4.983333,-0.036470,0.699005,-0.025986,0.713713,-213.555099,88.779404,91.722237
599,4.991667,-0.037607,0.699117,-0.026707,0.713517,-213.499191,88.778816,91.766373
600,5.000000,-0.037600,0.699562,-0.027789,0.713041,-213.437149,88.775566,91.813599
601,5.008333,-0.036953,0.699963,-0.028284,0.712661,-213.369583,88.770096,91.862503
602,5.016667,-0.035925,0.700485,-0.027742,0.712222,-213.312241,88.764915,91.900612
603,5.025000,-0.034456,0.702634,-0.026923,0.710207,-213.261246,88.762321,91.961098
604,5.033333,-0.034946,0.702611,-0.026049,0.710238,-213.195160,88.742302,92.004654
605,5.041667,-0.034722,0.702659,-0.025992,0.710204,-213.128357,88.725082,92.045830
606,5.050000,-0.035972,0.703661,-0.026447,0.709132,-213.065170,88.699562,92.088890
607,5.058333,-0.036030,0.704464,-0.026072,0.708345,-213.000031,88.664711,92.128044
608,5.066667,-0.035576,0.704781,-0.025751,0.708064,-212.926605,88.629845,92.165489
609,5.075000,-0.034639,0.704860,-0.026044,0.708022,-212.861588,88.593567,92.202255
610,5.083333,-0.034659,0.705658,-0.026292,0.707216,-212.796066,88.557465,92.234016
611,5.091667,-0.034580,0.706300,-0.027194,0.706544,-212.732071,88.531990,92.267807
612,5.100000,-0.033711,0.706676,-0.026794,0.706226,-212.669754,88.504616,92.300972
613,5.108333,-0.032908,0.706570,-0.025731,0.706409,-212.597961,88.467979,92.327950
614,5.116667,-0.033203,0.707673,-0.024868,0.705321,-212.530655,88.429504,92.374916
615,5.125000,-0.034178,0.708420,-0.024546,0.704536,-212.464279,88.392792,92.412781
616,5.133333,-0.034501,0.708711,-0.024750,0.704220,-212.400314,88.364258,92.443619
617,5.141667,-0.034713,0.708690,-0.025150,0.704217,-212.319946,88.335953,92.483284
618,5.150000,-0.035540,0.709097,-0.024684,0.703782,-212.250687,88.306854,92.520615
619,5.158333,-0.033408,0.710271,-0.024761,0.702699,-212.201569,88.305511,92.554169
620,5.166667,-0.032951,0.710841,-0.025071,0.702133,-212.134720,88.295959,92.591492
621,5.175000,-0.032925,0.711385,-0.025041,0.701584,-212.060089,88.280815,92.636749
622,5.183333,-0.033156,0.711200,-0.024547,0.701778,-211.988617,88.256027,92.663170
623,5.191667,-0.032843,0.712462,-0.023209,0.700558,-211.928314,88.224815,92.707275
624,5.200000,-0.033224,0.713018,-0.022576,0.699994,-211.855316,88.193581,92.747444
625,5.208333,-0.033429,0.713288,-0.022610,0.699708,-211.780685,88.175468,92.789841
626,5.216667,-0.033549,0.713336,-0.022850,0.699646,-211.716507,88.165871,92.825089
627,5.225000,-0.033671,0.714290,-0.022843,0.698666,-211.653305,88.155579,92.862663
628,5.233333,-0.032141,0.714973,-0.022190,0.698061,-211.579926,88.134995,92.902527
629,5.241667,-0.031336,0.715247,-0.022855,0.697795,-211.508057,88.111595,92.931572
630,5.250000,-0.031989,0.715510,-0.024515,0.697439,-211.436417,88.097839,92.965874
631,5.258333,-0.033581,0.715864,-0.025137,0.696979,-211.348969,88.087646,92.999313
632,5.266667,-0.033885,0.716398,-0.025043,0.696418,-211.278061,88.079643,93.030586
633,5.275000,-0.034083,0.717115,-0.023640,0.695720,-211.201096,88.057373,93.074158
634,5.283333,-0.034629,0.716930,-0.022208,0.695930,-211.117859,88.028481,93.107674
635,5.291667,-0.034264,0.717601,-0.020586,0.695307,-211.039597,88.005127,93.139709
636,5.300000,-0.033957,0.718269,-0.020724,0.694627,-210.971039,87.987808,93.168297
637,5.308333,-0.035031,0.718772,-0.022689,0.693992,-210.898560,87.975220,93.207703
638,5.316667,-0.035651,0.718984,-0.023715,0.693706,-210.813095,87.955681,93.248169
639,5.325000,-0.033919,0.718987,-0.024127,0.693776,-210.737534,87.941505,93.266853
640,5.333333,-0.032333,0.719715,-0.024256,0.693092,-210.666840,87.928558,93.296898
641,5.341667,-0.031263,0.720252,-0.023871,0.692597,-210.587830,87.917885,93.335899
642,5.350000,-0.030820,0.721216,-0.022794,0.691648,-210.515594,87.898598,93.381439
643,5.358333,-0.031323,0.722058,-0.020955,0.690805,-210.437820,87.877739,93.409851
644,5.366667,-0.033423,0.722514,-0.020536,0.690242,-210.363815,87.860718,93.438843
645,5.375000,-0.035732,0.722587,-0.021185,0.690031,-210.274475,87.848869,93.472740
646,5.383333,-0.036334,0.722651,-0.022323,0.689897,-210.197708,87.836433,93.505737
647,5.391667,-0.035929,0.723473,-0.023527,0.689016,-210.124451,87.827675,93.542473
648,5.400000,-0.034755,0.724245,-0.023834,0.688253,-210.050797,87.817955,93.571663
649,5.408333,-0.033421,0.724826,-0.022881,0.687740,-209.977386,87.803825,93.597908
650,5.416667,-0.032777,0.725203,-0.022303,0.687393,-209.896667,87.793602,93.630508
651,5.425000,-0.032955,0.725566,-0.022571,0.686993,-209.816605,87.785713,93.662636
652,5.433333,-0.033770,0.727012,-0.022526,0.685424,-209.748383,87.773735,93.705139
653,5.441667,-0.034643,0.727630,-0.022537,0.684723,-209.669632,87.754913,93.743324
654,5.450000,-0.035609,0.727727,-0.022897,0.684559,-209.592789,87.732903,93.772469
655,5.458333,-0.036182,0.727623,-0.022760,0.684644,-209.510635,87.707146,93.800720
656,5.466667,-0.035829,0.728204,-0.021685,0.684079,-209.432343,87.681732,93.822144
657,5.475000,-0.035578,0.729200,-0.021418,0.683040,-209.353119,87.667068,93.855957
658,5.483333,-0.035299,0.729648,-0.022396,0.682544,-209.272797,87.661591,93.889313
659,5.491667,-0.034950,0.729882,-0.023108,0.682288,-209.198090,87.657288,93.920197
660,5.500000,-0.034194,0.730539,-0.023206,0.681619,-209.114594,87.649727,93.954536
661,5.508333,-0.033852,0.731131,-0.022849,0.681013,-209.042191,87.633286,93.979515
662,5.516667,-0.034130,0.731989,-0.021770,0.680113,-208.970947,87.600113,94.015106
663,5.525000,-0.035414,0.732110,-0.021502,0.679925,-208.889084,87.568542,94.045189
664,5.533333,-0.036206,0.732518,-0.021936,0.679430,-208.796387,87.545738,94.080017
665,5.541667,-0.036173,0.733230,-0.021837,0.678667,-208.724884,87.538132,94.101898
666,5.550000,-0.036109,0.733821,-0.021719,0.678035,-208.655731,87.531265,94.122116
667,5.558333,-0.035765,0.734411,-0.021230,0.677430,-208.569412,87.518562,94.151627
668,5.566667,-0.035346,0.734984,-0.020729,0.676845,-208.486389,87.501686,94.181831
669,5.575000,-0.034822,0.735399,-0.020964,0.676415,-208.417480,87.490891,94.203033
670,5.583333,-0.033869,0.736228,-0.021544,0.675542,-208.341568,87.486435,94.232246
671,5.591667,-0.032518,0.737045,-0.021560,0.674717,-208.257980,87.473068,94.261642
672,5.600000,-0.031964,0.737810,-0.020395,0.673943,-208.174438,87.445480,94.295761
673,5.608333,-0.033836,0.738114,-0.020658,0.673510,-208.098053,87.421188,94.315414
674,5.616667,-0.036003,0.738722,-0.020606,0.672732,-208.013580,87.402267,94.342117
675,5.625000,-0.036930,0.739069,-0.020351,0.672309,-207.926346,87.384537,94.373993
676,5.633333,-0.035334,0.739472,-0.020328,0.671953,-207.852051,87.368454,94.397812
677,5.641667,-0.034120,0.740117,-0.020926,0.671286,-207.771988,87.361458,94.425179
678,5.650000,-0.033716,0.740940,-0.020952,0.670397,-207.692245,87.355949,94.449249
679,5.658333,-0.033817,0.741613,-0.020864,0.669650,-207.608276,87.352417,94.475807
680,5.666667,-0.033950,0.742007,-0.020849,0.669207,-207.527252,87.347427,94.500816
681,5.675000,-0.033989,0.742317,-0.021259,0.668848,-207.443329,87.334579,94.532005
682,5.683333,-0.034204,0.743344,-0.020397,0.667723,-207.361343,87.305237,94.559464
683,5.691667,-0.034513,0.743998,-0.019513,0.667005,-207.285233,87.274521,94.581184
684,5.700000,-0.035019,0.744550,-0.019525,0.666362,-207.204269,87.261131,94.606384
685,5.708333,-0.035863,0.744761,-0.019672,0.666077,-207.115143,87.250771,94.630074
686,5.716667,-0.035610,0.744551,-0.019099,0.666341,-207.023865,87.237526,94.652008
687,5.725000,-0.034870,0.745187,-0.018177,0.665695,-206.948380,87.228447,94.674095
688,5.733333,-0.034886,0.746105,-0.017890,0.664673,-206.868195,87.223282,94.697945
689,5.741667,-0.035662,0.746263,-0.018709,0.664432,-206.784088,87.214890,94.721977
690,5.750000,-0.036499,0.746480,-0.020322,0.664095,-206.702972,87.203606,94.741776
691,5.758333,-0.035259,0.746651,-0.021629,0.663929,-206.616379,87.198334,94.760254
692,5.766667,-0.035903,0.747467,-0.020829,0.663000,-206.535049,87.178894,94.780907
693,5.775000,-0.036601,0.747547,-0.018454,0.662943,-206.452347,87.154625,94.801514
694,5.783333,-0.036454,0.747609,-0.016180,0.662941,-206.363266,87.137794,94.826729
695,5.791667,-0.036561,0.748738,-0.016453,0.661653,-206.267090,87.135178,94.859886
696,5.800000,-0.037230,0.749438,-0.018239,0.660775,-206.187820,87.136375,94.883057
697,5.808333,-0.038474,0.749926,-0.020094,0.660096,-206.113739,87.130096,94.897331
698,5.816667,-0.037954,0.750338,-0.019427,0.659678,-206.024429,87.109047,94.917603
699,5.825000,-0.036774,0.750707,-0.018992,0.659337,-205.935364,87.091377,94.938919
700,5.833333,-0.035774,0.751181,-0.019346,0.658842,-205.852127,87.086502,94.959267
701,5.841667,-0.035159,0.752217,-0.019244,0.657696,-205.767014,87.080978,94.969185
702,5.850000,-0.035271,0.754011,-0.019204,0.655633,-205.677673,87.073769,95.002075
703,5.858333,-0.037429,0.754078,-0.018956,0.655444,-205.593613,87.045082,95.018921
704,5.866667,-0.038992,0.753704,-0.018292,0.655801,-205.514069,87.008270,95.034859
705,5.875000,-0.038530,0.754308,-0.018198,0.655137,-205.425186,87.000221,95.057564
706,5.883333,-0.037187,0.755569,-0.017871,0.653769,-205.334259,87.001625,95.079399
707,5.891667,-0.036615,0.756101,-0.017857,0.653186,-205.250473,86.999359,95.096016
708,5.900000,-0.036689,0.756178,-0.018154,0.653084,-205.171783,86.990234,95.108612
709,5.908333,-0.036103,0.756782,-0.018353,0.652412,-205.084564,86.972969,95.128220
710,5.916667,-0.036120,0.757442,-0.018786,0.651632,-204.996780,86.951904,95.149445
711,5.925000,-0.036018,0.757987,-0.019518,0.650982,-204.917068,86.946144,95.164474
712,5.933333,-0.036015,0.758429,-0.020053,0.650451,-204.830673,86.947861,95.182465
713,5.941667,-0.037265,0.758763,-0.019778,0.649999,-204.736160,86.939720,95.202225
714,5.950000,-0.037592,0.759378,-0.018276,0.649306,-204.639786,86.920830,95.217720
715,5.958333,-0.036322,0.759843,-0.016351,0.648885,-204.559250,86.891716,95.233925
716,5.966667,-0.036332,0.760756,-0.015963,0.647823,-204.472092,86.873634,95.248268
717,5.975000,-0.037663,0.760817,-0.015626,0.647684,-204.380463,86.858185,95.263153
718,5.983333,-0.037747,0.761157,-0.016143,0.647267,-204.289001,86.850075,95.280174
719,5.991667,-0.037115,0.761668,-0.016648,0.646690,-204.204483,86.842003,95.300697
720,6.000000,-0.036457,0.762270,-0.017039,0.646007,-204.121826,86.835548,95.319839
721,6.008333,-0.036385,0.762784,-0.017875,0.645381,-204.040985,86.825806,95.334427
722,6.016667,-0.036815,0.763032,-0.019135,0.645028,-203.955597,86.815254,95.352295
723,6.025000,-0.037085,0.763965,-0.019901,0.643883,-203.868195,86.806686,95.380219
724,6.033333,-0.037463,0.764520,-0.019684,0.643209,-203.779785,86.794090,95.399323
725,6.041667,-0.036972,0.765162,-0.018349,0.642513,-203.691513,86.785568,95.415428
726,6.050000,-0.035725,0.765741,-0.016595,0.641941,-203.610107,86.768929,95.431290
727,6.058333,-0.036135,0.766624,-0.016071,0.640877,-203.513855,86.752548,95.447861
728,6.066667,-0.037517,0.767055,-0.016335,0.640275,-203.420563,86.735214,95.462868
729,6.075000,-0.039195,0.767287,-0.017797,0.639858,-203.332138,86.724869,95.471153
730,6.083333,-0.037279,0.768337,-0.017500,0.638719,-203.242035,86.721848,95.485336
731,6.091667,-0.036008,0.769108,-0.016924,0.637879,-203.150436,86.712639,95.498169
732,6.100000,-0.036855,0.769501,-0.017649,0.637337,-203.060944,86.704582,95.506973
733,6.108333,-0.038198,0.769375,-0.018677,0.637381,-202.978699,86.689636,95.513214
734,6.116667,-0.039410,0.769851,-0.019541,0.636705,-202.886246,86.670914,95.525139
735,6.125000,-0.039292,0.770344,-0.018514,0.636147,-202.794510,86.642166,95.534988
736,6.133333,-0.038734,0.770865,-0.017236,0.635587,-202.708893,86.623314,95.541397
737,6.141667,-0.037311,0.771181,-0.016124,0.635317,-202.624985,86.614563,95.544922
738,6.150000,-0.036701,0.772154,-0.016373,0.634164,-202.541473,86.616577,95.547905
739,6.158333,-0.036837,0.773037,-0.016915,0.633064,-202.452118,86.619743,95.558617
740,6.166667,-0.037079,0.773430,-0.017016,0.632568,-202.375198,86.610786,95.562836
741,6.175000,-0.037064,0.773644,-0.016266,0.632326,-202.300781,86.597885,95.558426
742,6.183333,-0.037288,0.774118,-0.015996,0.631740,-202.223343,86.591736,95.552544
743,6.191667,-0.038791,0.774168,-0.016472,0.631575,-202.154572,86.592094,95.548927
744,6.200000,-0.040410,0.774724,-0.017701,0.630758,-202.081085,86.597130,95.547226
745,6.208333,-0.039714,0.775401,-0.018198,0.629957,-202.007812,86.598572,95.546692
746,6.216667,-0.039026,0.775634,-0.018514,0.629704,-201.947311,86.597435,95.544014
747,6.225000,-0.039499,0.775855,-0.018365,0.629405,-201.879761,86.594315,95.538033
748,6.233333,-0.039950,0.776258,-0.018214,0.628885,-201.812241,86.597046,95.533546
749,6.241667,-0.040112,0.776838,-0.017451,0.628180,-201.745651,86.594093,95.522972
750,6.250000,-0.040758,0.777283,-0.016858,0.627603,-201.679321,86.582588,95.509415
751,6.258333,-0.041634,0.777553,-0.016870,0.627210,-201.614456,86.564507,95.496658
752,6.266667,-0.042732,0.777689,-0.017012,0.626965,-201.559036,86.541023,95.487038
753,6.275000,-0.043586,0.777829,-0.017052,0.626731,-201.509048,86.516624,95.477150
754,6.283333,-0.043073,0.778005,-0.016238,0.626570,-201.457184,86.489685,95.466171
755,6.291667,-0.040904,0.778734,-0.015256,0.625833,-201.395065,86.471901,95.457878
756,6.300000,-0.038237,0.779705,-0.014296,0.624816,-201.334854,86.457863,95.452408
757,6.308333,-0.037042,0.780297,-0.014631,0.624140,-201.284378,86.441574,95.442490
758,6.316667,-0.036995,0.780584,-0.015465,0.623764,-201.237320,86.423721,95.429237
759,6.325000,-0.037820,0.780898,-0.016482,0.623294,-201.186584,86.401825,95.414299
760,6.333333,-0.037712,0.781453,-0.016938,0.622593,-201.131439,86.370331,95.393234
761,6.341667,-0.036909,0.781756,-0.016807,0.622264,-201.084427,86.329048,95.375832
762,6.350000,-0.035744,0.782005,-0.016079,0.622039,-201.037384,86.280624,95.354462
763,6.358333,-0.036358,0.781942,-0.015766,0.622091,-200.990326,86.232285,95.326523
764,6.366667,-0.037428,0.782007,-0.015182,0.621960,-200.947220,86.193123,95.303223
765,6.375000,-0.038370,0.781900,-0.014623,0.622050,-200.905014,86.161942,95.281067
766,6.383333,-0.038117,0.782379,-0.013534,0.621488,-200.860077,86.133430,95.263931
767,6.391667,-0.035873,0.783202,-0.011663,0.620622,-200.810913,86.097725,95.252831
768,6.400000,-0.034059,0.783952,-0.011374,0.619782,-200.764374,86.063591,95.243774
769,6.408333,-0.033302,0.784349,-0.012455,0.619300,-200.721054,86.024467,95.229080
770,6.416667,-0.033842,0.784780,-0.014099,0.618690,-200.677231,85.982422,95.210907
771,6.425000,-0.032765,0.785307,-0.014414,0.618070,-200.628845,85.929146,95.191658
772,6.433333,-0.030687,0.785709,-0.013852,0.617680,-200.580902,85.870590,95.171524
773,6.441667,-0.029570,0.785786,-0.013650,0.617641,-200.535995,85.819817,95.153625
774,6.450000,-0.030183,0.785557,-0.012848,0.617919,-200.484985,85.762543,95.135254
775,6.458333,-0.031389,0.785808,-0.012393,0.617549,-200.429321,85.706734,95.126244
776,6.466667,-0.031474,0.786176,-0.011133,0.617100,-200.377533,85.647156,95.117973
777,6.475000,-0.031166,0.786551,-0.010167,0.616654,-200.326065,85.594810,95.109329
778,6.483333,-0.030713,0.786956,-0.009958,0.616164,-200.274368,85.550568,95.102379
779,6.491667,-0.029502,0.787205,-0.010301,0.615900,-200.221375,85.524483,95.091942
780,6.500000,-0.028571,0.787484,-0.010478,0.615583,-200.176819,85.508385,95.086227
781,6.508333,-0.027183,0.787703,-0.010556,0.615365,-200.130371,85.492012,95.079781
782,6.516667,-0.026519,0.787966,-0.011209,0.615046,-200.085358,85.475723,95.074783
783,6.525000,-0.026780,0.788332,-0.011829,0.614553,-200.031525,85.466164,95.073822
784,6.533333,-0.026014,0.788891,-0.011446,0.613875,-199.970764,85.455978,95.072899
785,6.541667,-0.026883,0.789207,-0.011713,0.613426,-199.910721,85.452492,95.074615
786,6.550000,-0.028044,0.789460,-0.012363,0.613036,-199.855759,85.449776,95.078941
787,6.558333,-0.028522,0.789640,-0.013193,0.612765,-199.800476,85.453636,95.079239
788,6.566667,-0.029222,0.790030,-0.013789,0.612216,-199.748154,85.458511,95.081139
789,6.575000,-0.029273,0.790325,-0.013272,0.611844,-199.700897,85.463310,95.080360
790,6.583333,-0.030381,0.790533,-0.012240,0.611543,-199.645126,85.473267,95.085236
791,6.591667,-0.031748,0.790832,-0.011667,0.611098,-199.584381,85.489899,95.094398
792,6.600000,-0.033076,0.791194,-0.011409,0.610564,-199.522598,85.511826,95.099983
793,6.608333,-0.033830,0.791548,-0.012062,0.610050,-199.459091,85.541473,95.111336
794,6.616667,-0.032783,0.791790,-0.012207,0.609791,-199.399933,85.568451,95.119911
795,6.625000,-0.031106,0.792198,-0.012320,0.609346,-199.351837,85.587326,95.125710
796,6.633333,-0.030404,0.792455,-0.012664,0.609041,-199.309464,85.603317,95.128571
797,6.641667,-0.030672,0.792825,-0.013187,0.608534,-199.257477,85.613419,95.135078
798,6.650000,-0.031986,0.793158,-0.013889,0.608017,-199.199646,85.621475,95.139359
799,6.658333,-0.034153,0.793415,-0.014842,0.607541,-199.137863,85.629478,95.137527
800,6.666667,-0.035820,0.793696,-0.015745,0.607055,-199.074799,85.635086,95.140472
801,6.675000,-0.036558,0.793687,-0.016641,0.606998,-199.016541,85.644264,95.137352
802,6.683333,-0.037368,0.793897,-0.017593,0.606648,-198.958786,85.654404,95.133057
803,6.691667,-0.038740,0.794229,-0.019296,0.606075,-198.905060,85.665169,95.132736
804,6.700000,-0.040621,0.794546,-0.020784,0.605488,-198.854416,85.671532,95.138420
805,6.708333,-0.042372,0.794976,-0.021708,0.604770,-198.800903,85.671768,95.142677
806,6.716667,-0.037643,0.795294,-0.017165,0.604811,-198.737671,85.633804,95.152733
807,6.725000,-0.034808,0.795656,-0.013952,0.604587,-198.688095,85.601273,95.144135
808,6.733333,-0.033904,0.795951,-0.012646,0.604279,-198.636520,85.583237,95.133324
809,6.741667,-0.033863,0.796058,-0.012993,0.604132,-198.585587,85.579124,95.127792
810,6.750000,-0.033350,0.796287,-0.013367,0.603851,-198.539276,85.577675,95.124420
811,6.758333,-0.033377,0.796717,-0.013574,0.603277,-198.491287,85.579842,95.122185
812,6.766667,-0.033781,0.796975,-0.013394,0.602918,-198.442093,85.576393,95.120911
813,6.775000,-0.034621,0.797205,-0.013176,0.602571,-198.392456,85.563263,95.118851
814,6.783333,-0.036479,0.797342,-0.012414,0.602296,-198.341934,85.536179,95.108795
815,6.791667,-0.038534,0.797481,-0.012526,0.601982,-198.290344,85.503113,95.093956
816,6.800000,-0.039223,0.797703,-0.013582,0.601621,-198.246643,85.481560,95.082054
817,6.808333,-0.039369,0.797709,-0.014784,0.601575,-198.203598,85.465767,95.074020
818,6.816667,-0.038687,0.797736,-0.015488,0.601565,-198.161911,85.456100,95.064819
819,6.825000,-0.037261,0.798095,-0.015445,0.601180,-198.118561,85.448265,95.055573
820,6.833333,-0.035909,0.798513,-0.015125,0.600716,-198.079910,85.442467,95.045860
821,6.841667,-0.034606,0.798854,-0.014437,0.600356,-198.040146,85.437302,95.033783
822,6.850000,-0.033548,0.799569,-0.013778,0.599478,-197.999878,85.431198,95.025856
823,6.858333,-0.032842,0.800173,-0.012797,0.598732,-197.956314,85.418198,95.018494
824,6.866667,-0.033450,0.800515,-0.012007,0.598258,-197.912399,85.402733,95.006142
825,6.875000,-0.034566,0.800737,-0.011473,0.597907,-197.872894,85.387833,94.993454
826,6.883333,-0.035248,0.800945,-0.011064,0.597597,-197.838821,85.378487,94.982697
827,6.891667,-0.035255,0.801007,-0.010848,0.597518,-197.813110,85.374931,94.973457
828,6.900000,-0.034703,0.801164,-0.010766,0.597341,-197.792252,85.373756,94.966148
829,6.908333,-0.034344,0.801364,-0.010845,0.597091,-197.776718,85.370926,94.960892
830,6.916667,-0.034233,0.801396,-0.010918,0.597054,-197.766464,85.368637,94.956276
831,6.925000,-0.034087,0.801474,-0.010842,0.596959,-197.758179,85.367783,94.953636
832,6.933333,-0.034179,0.801438,-0.011016,0.596999,-197.753479,85.365555,94.952049
833,6.941667,-0.034219,0.801407,-0.011224,0.597035,-197.751114,85.361603,94.952736
834,6.950000,-0.033945,0.801537,-0.011077,0.596879,-197.747314,85.352013,94.954239
835,6.958333,-0.033784,0.801481,-0.011211,0.596960,-197.740509,85.334709,94.955544
836,6.966667,-0.033335,0.801567,-0.011326,0.596867,-197.728622,85.307869,94.956024
837,6.975000,-0.032391,0.801698,-0.011104,0.596748,-197.713669,85.271797,94.955994
838,6.983333,-0.032130,0.801639,-0.011373,0.596836,-197.694305,85.234505,94.948532
839,6.991667,-0.031883,0.801670,-0.011557,0.596805,-197.671692,85.209045,94.943581
840,7.000000,-0.033237,0.801826,-0.011454,0.596523,-197.639191,85.186699,94.934174
841,7.008333,-0.034310,0.801959,-0.011232,0.596287,-197.597580,85.169373,94.917564
842,7.016667,-0.034301,0.802309,-0.011572,0.595810,-197.549698,85.155830,94.896233
843,7.025000,-0.033637,0.802515,-0.012184,0.595558,-197.496765,85.132339,94.875328
844,7.033333,-0.030530,0.802970,-0.011061,0.595135,-197.428406,85.088593,94.847420
845,7.041667,-0.027833,0.803887,-0.009080,0.594061,-197.355118,85.038635,94.819138
846,7.050000,-0.028464,0.804570,-0.009680,0.593096,-197.280090,84.982376,94.786247
847,7.058333,-0.028876,0.805109,-0.010474,0.592330,-197.206146,84.908913,94.747368
848,7.066667,-0.028382,0.805874,-0.010343,0.591317,-197.125351,84.831818,94.695610
849,7.075000,-0.028298,0.806235,-0.009267,0.590845,-197.035919,84.770042,94.642433
850,7.083333,-0.029340,0.806351,-0.008442,0.590649,-196.939529,84.737595,94.595428
851,7.091667,-0.030189,0.807022,-0.008078,0.589694,-196.846191,84.732582,94.549767
852,7.100000,-0.030315,0.807745,-0.008391,0.588692,-196.750778,84.726868,94.508682
853,7.108333,-0.029760,0.808438,-0.008376,0.587769,-196.655670,84.721451,94.471260
854,7.116667,-0.028134,0.809059,-0.008248,0.586996,-196.557251,84.716621,94.428024
855,7.125000,-0.028901,0.809788,-0.010102,0.585923,-196.454102,84.723541,94.376251
856,7.133333,-0.028312,0.810539,-0.010593,0.584904,-196.362061,84.725098,94.332642
857,7.141667,-0.026719,0.811124,-0.009430,0.584187,-196.273651,84.731125,94.294060
858,7.150000,-0.026305,0.811779,-0.009281,0.583299,-196.186615,84.746040,94.258957
859,7.158333,-0.025401,0.812462,-0.008655,0.582396,-196.100998,84.756035,94.221130
860,7.166667,-0.024913,0.812889,-0.007645,0.581835,-196.027237,84.752167,94.190147
861,7.175000,-0.025363,0.813432,-0.006595,0.581070,-195.963394,84.735909,94.169151
862,7.183333,-0.028355,0.813380,-0.006098,0.581010,-195.908386,84.717300,94.137505
863,7.191667,-0.030680,0.813272,-0.005814,0.581045,-195.854095,84.705101,94.107437
864,7.200000,-0.030840,0.813614,-0.006266,0.580553,-195.806244,84.707680,94.085327
865,7.208333,-0.030730,0.813933,-0.007173,0.580102,-195.766693,84.722343,94.067162
866,7.216667,-0.030226,0.814127,-0.007585,0.579850,-195.734650,84.736771,94.054207
867,7.225000,-0.029327,0.814344,-0.007364,0.579594,-195.711212,84.744919,94.042656
868,7.233333,-0.028762,0.814428,-0.006801,0.579511,-195.694275,84.744347,94.031540
869,7.241667,-0.028359,0.814584,-0.006468,0.579315,-195.681076,84.737137,94.023460
870,7.250000,-0.028542,0.814554,-0.006432,0.579349,-195.672028,84.725723,94.018578
871,7.258333,-0.028847,0.814561,-0.006569,0.579323,-195.670944,84.717178,94.018082
872,7.266667,-0.029392,0.814501,-0.006943,0.579375,-195.675537,84.713074,94.018898
873,7.275000,-0.029769,0.814427,-0.007450,0.579453,-195.685059,84.716530,94.023079
874,7.283333,-0.029849,0.814405,-0.007738,0.579477,-195.698318,84.725853,94.031853
875,7.291667,-0.029791,0.814416,-0.008059,0.579461,-195.718033,84.733742,94.041672
876,7.300000,-0.029428,0.814486,-0.008382,0.579376,-195.736511,84.739487,94.050179
877,7.308333,-0.028923,0.814385,-0.008548,0.579541,-195.757217,84.739616,94.060478
878,7.316667,-0.028344,0.814402,-0.008773,0.579542,-195.775253,84.733490,94.069252
879,7.325000,-0.028062,0.814236,-0.008665,0.579791,-195.791962,84.724167,94.076767
880,7.333333,-0.027553,0.814322,-0.008612,0.579696,-195.795425,84.718315,94.079620
881,7.341667,-0.028364,0.814229,-0.008472,0.579788,-195.798187,84.707680,94.080063
882,7.350000,-0.028212,0.814702,-0.008836,0.579125,-195.791763,84.691803,94.078918
883,7.358333,-0.028203,0.814917,-0.009503,0.578814,-195.788406,84.662788,94.076347
884,7.366667,-0.028260,0.815317,-0.010516,0.578229,-195.781357,84.607178,94.067139
885,7.375000,-0.028435,0.815548,-0.010858,0.577889,-195.779907,84.529533,94.064430
886,7.383333,-0.027645,0.815582,-0.008524,0.577918,-195.774246,84.477982,94.093376
887,7.391667,-0.025561,0.816222,-0.006226,0.577139,-195.743851,84.438858,94.120087
888,7.400000,-0.019844,0.817694,-0.002824,0.575304,-195.696930,84.385674,94.156288
889,7.408333,-0.015280,0.817973,0.000081,0.575054,-195.670990,84.336021,94.196365
890,7.416667,-0.011722,0.817637,0.002152,0.575610,-195.649796,84.294853,94.241440
891,7.425000,-0.010968,0.817432,0.002510,0.575915,-195.631714,84.277336,94.274147
892,7.433333,-0.011119,0.817425,0.002611,0.575922,-195.619110,84.279594,94.286224
893,7.441667,-0.011012,0.817463,0.003078,0.575868,-195.618530,84.282074,94.286766
894,7.450000,-0.011256,0.817619,0.002946,0.575643,-195.630295,84.286324,94.274399
895,7.458333,-0.011879,0.817651,0.002446,0.575587,-195.647949,84.292130,94.257347
896,7.466667,-0.011876,0.817644,0.002200,0.575597,-195.657059,84.296761,94.240219
897,7.475000,-0.011612,0.817558,0.002200,0.575726,-195.656967,84.300156,94.236092
898,7.483333,-0.011502,0.817510,0.002142,0.575796,-195.658752,84.299568,94.241714
899,7.491667,-0.011711,0.817493,0.001776,0.575816,-195.660812,84.298225,94.247749
900,7.500000,-0.011507,0.817462,0.001885,0.575865,-195.661469,84.295525,94.252617
901,7.508333,-0.011346,0.817441,0.002218,0.575896,-195.664688,84.294304,94.256416
902,7.516667,-0.011518,0.817482,0.002330,0.575835,-195.664124,84.295425,94.254723
903,7.525000,-0.011639,0.817521,0.002146,0.575777,-195.661957,84.295815,94.251144
904,7.533333,-0.011716,0.817535,0.001998,0.575757,-195.661423,84.297600,94.249863
905,7.541667,-0.011623,0.817498,0.001990,0.575810,-195.660675,84.297508,94.248352
906,7.550000,-0.011551,0.817530,0.002017,0.575767,-195.659637,84.296814,94.249123
907,7.558333,-0.011429,0.817580,0.002222,0.575697,-195.659775,84.295265,94.249176
908,7.566667,-0.011555,0.817549,0.002250,0.575739,-195.661011,84.294861,94.251259
909,7.575000,-0.011360,0.817544,0.002415,0.575749,-195.661026,84.294006,94.253174
910,7.583333,-0.011543,0.817496,0.002238,0.575814,-195.660141,84.293976,94.250023
911,7.591667,-0.011608,0.817520,0.002261,0.575778,-195.660065,84.294052,94.248238
912,7.600000,-0.011688,0.817485,0.002277,0.575826,-195.659668,84.293617,94.249512
913,7.608333,-0.011830,0.817450,0.002153,0.575875,-195.660202,84.293251,94.250923
914,7.616667,-0.011563,0.817501,0.002287,0.575807,-195.661423,84.293213,94.252029
915,7.625000,-0.011487,0.817554,0.002261,0.575733,-195.662811,84.293533,94.253731
916,7.633333,-0.011516,0.817482,0.002166,0.575835,-195.662949,84.294006,94.252106
917,7.641667,-0.011527,0.817487,0.002237,0.575828,-195.663376,84.293839,94.252869
918,7.650000,-0.011358,0.817558,0.002393,0.575729,-195.664108,84.294167,94.254196
919,7.658333,-0.011397,0.817559,0.002244,0.575728,-195.664474,84.294060,94.254509
920,7.666667,-0.011415,0.817484,0.002194,0.575834,-195.663635,84.294853,94.253761
921,7.675000,-0.011439,0.817539,0.002242,0.575755,-195.662720,84.295479,94.254494
922,7.683333,-0.011579,0.817557,0.002179,0.575727,-195.664154,84.294907,94.254158
923,7.691667,-0.011373,0.817538,0.002438,0.575757,-195.662674,84.293869,94.252594
924,7.700000,-0.011319,0.817542,0.002527,0.575751,-195.662445,84.294250,94.252502
925,7.708333,-0.011365,0.817552,0.002544,0.575737,-195.662781,84.294182,94.252602
926,7.716667,-0.011282,0.817553,0.002561,0.575737,-195.661758,84.294197,94.251732
927,7.725000,-0.011253,0.817571,0.002616,0.575713,-195.661972,84.294327,94.252144
928,7.733333,-0.011164,0.817522,0.002497,0.575784,-195.661545,84.294159,94.250908
929,7.741667,-0.011412,0.817566,0.002210,0.575717,-195.662613,84.294365,94.251884
930,7.750000,-0.011511,0.817549,0.002151,0.575741,-195.662430,84.293701,94.251884
931,7.758333,-0.011681,0.817540,0.002166,0.575750,-195.662460,84.293251,94.252373
932,7.766667,-0.011581,0.817466,0.002275,0.575855,-195.662415,84.293686,94.251595
933,7.775000,-0.011317,0.817566,0.002480,0.575719,-195.663269,84.293381,94.252174
934,7.783333,-0.011362,0.817562,0.002365,0.575724,-195.663773,84.294685,94.252937
935,7.791667,-0.011293,0.817559,0.002443,0.575729,-195.663376,84.294212,94.253204
936,7.800000,-0.011323,0.817538,0.002362,0.575759,-195.663757,84.293449,94.253479
937,7.808333,-0.011283,0.817518,0.002302,0.575788,-195.663879,84.293137,94.253448
938,7.816667,-0.011547,0.817521,0.002085,0.575779,-195.664444,84.294174,94.254196
939,7.825000,-0.011475,0.817543,0.002230,0.575750,-195.664520,84.294281,94.253738
940,7.833333,-0.011189,0.817546,0.002483,0.575750,-195.664154,84.293518,94.252693
941,7.841667,-0.011208,0.817572,0.002471,0.575711,-195.663528,84.293755,94.252838
942,7.850000,-0.011313,0.817512,0.002473,0.575796,-195.662994,84.293350,94.252106
943,7.858333,-0.011365,0.817527,0.002399,0.575773,-195.662064,84.292847,94.251770
944,7.866667,-0.011361,0.817544,0.002343,0.575750,-195.660721,84.293106,94.252373
945,7.875000,-0.011417,0.817515,0.002372,0.575789,-195.660751,84.293610,94.252090
946,7.883333,-0.011549,0.817489,0.002314,0.575823,-195.662079,84.294273,94.252113
947,7.891667,-0.011425,0.817478,0.002293,0.575842,-195.661636,84.294281,94.251251
948,7.900000,-0.011329,0.817525,0.002387,0.575777,-195.661331,84.293930,94.251343
949,7.908333,-0.011364,0.817542,0.002356,0.575752,-195.662811,84.293434,94.251236
950,7.916667,-0.011573,0.817515,0.002164,0.575787,-195.662567,84.294090,94.252022
951,7.925000,-0.011514,0.817527,0.002210,0.575770,-195.663345,84.294128,94.252762
952,7.933333,-0.011314,0.817546,0.002335,0.575748,-195.663696,84.293213,94.252411
953,7.941667,-0.011422,0.817558,0.002273,0.575728,-195.663528,84.292366,94.252205
954,7.950000,-0.011321,0.817518,0.002327,0.575787,-195.663086,84.294029,94.252892
955,7.958333,-0.011490,0.817515,0.002300,0.575788,-195.663971,84.293945,94.252945
956,7.966667,-0.011431,0.817532,0.002387,0.575765,-195.664032,84.293869,94.253288
957,7.975000,-0.011464,0.817533,0.002402,0.575762,-195.663544,84.293541,94.252594
958,7.983333,-0.011529,0.817516,0.002319,0.575786,-195.662659,84.293541,94.252892
959,7.991667,-0.011463,0.817551,0.002268,0.575738,-195.663223,84.293045,94.251251
960,8.000000,-0.011388,0.817550,0.002295,0.575741,-195.663055,84.293381,94.251694
961,8.008333,-0.011480,0.817532,0.002146,0.575764,-195.662445,84.293556,94.252136
962,8.016667,-0.011509,0.817556,0.002109,0.575730,-195.662399,84.293816,94.252060
963,8.025000,-0.011503,0.817527,0.002069,0.575772,-195.662048,84.294548,94.253098
964,8.033333,-0.011537,0.817509,0.002125,0.575797,-195.662140,84.294876,94.252708
965,8.041667,-0.011523,0.817495,0.002382,0.575816,-195.661621,84.294754,94.252403
966,8.050000,-0.011718,0.817526,0.002282,0.575768,-195.662048,84.293930,94.252617
967,8.058333,-0.011721,0.817530,0.002219,0.575763,-195.662491,84.293129,94.252243
968,8.066667,-0.011617,0.817526,0.002279,0.575769,-195.662216,84.294319,94.251945
969,8.075000,-0.011560,0.817537,0.002290,0.575755,-195.661987,84.294693,94.253006
970,8.083333,-0.011546,0.817532,0.002296,0.575763,-195.662384,84.294380,94.252899
971,8.091667,-0.011426,0.817519,0.002290,0.575783,-195.662109,84.294540,94.253189
972,8.100000,-0.011442,0.817529,0.002159,0.575769,-195.663742,84.295525,94.253983
973,8.108333,-0.011425,0.817536,0.002167,0.575761,-195.663422,84.295349,94.253944
974,8.116667,-0.011464,0.817556,0.002238,0.575730,-195.662277,84.295151,94.253853
975,8.125000,-0.011566,0.817538,0.002183,0.575754,-195.662094,84.295494,94.253418
976,8.133333,-0.011485,0.817519,0.002201,0.575783,-195.661865,84.295227,94.253227
977,8.141667,-0.011480,0.817552,0.002265,0.575736,-195.661026,84.294922,94.252876
978,8.150000,-0.011479,0.817518,0.002258,0.575784,-195.660934,84.295525,94.252815
979,8.158333,-0.011365,0.817555,0.002394,0.575734,-195.660233,84.295952,94.253311
980,8.166667,-0.011430,0.817567,0.002397,0.575715,-195.659439,84.296104,94.251770
981,8.175000,-0.011418,0.817533,0.002466,0.575763,-195.659653,84.295441,94.251656
982,8.183333,-0.011360,0.817554,0.002493,0.575734,-195.659012,84.295044,94.251335
983,8.191667,-0.011514,0.817538,0.002487,0.575754,-195.658951,84.295525,94.251015
984,8.200000,-0.011597,0.817500,0.002511,0.575806,-195.658966,84.295204,94.250809
985,8.208333,-0.011558,0.817488,0.002522,0.575825,-195.657990,84.296555,94.250534
986,8.216667,-0.011459,0.817544,0.002394,0.575747,-195.657455,84.297234,94.250381
987,8.225000,-0.011536,0.817521,0.002257,0.575779,-195.657593,84.297333,94.250145
988,8.233333,-0.011427,0.817553,0.002447,0.575735,-195.657990,84.298203,94.251640
989,8.241667,-0.011427,0.817488,0.002493,0.575827,-195.657028,84.298943,94.250938
990,8.250000,-0.011531,0.817497,0.002425,0.575812,-195.657227,84.299232,94.251060
991,8.258333,-0.011604,0.817531,0.002369,0.575763,-195.657333,84.298859,94.250092
992,8.266667,-0.011842,0.817507,0.002264,0.575793,-195.656631,84.300369,94.249817
993,8.275000,-0.011728,0.817499,0.002412,0.575805,-195.655899,84.301117,94.250687
994,8.283333,-0.011847,0.817513,0.002556,0.575783,-195.656036,84.302826,94.251060
995,8.291667,-0.011875,0.817521,0.002530,0.575770,-195.655930,84.303482,94.249031
996,8.300000,-0.011802,0.817514,0.002559,0.575782,-195.654709,84.303635,94.248825
997,8.308333,-0.011565,0.817492,0.002628,0.575817,-195.653854,84.305099,94.248238
998,8.316667,-0.011771,0.817515,0.002571,0.575781,-195.654922,84.306267,94.249329
999,8.325000,-0.011670,0.817577,0.002748,0.575695,-195.656342,84.307266,94.249832
1000,8.333333,-0.011502,0.817510,0.003017,0.575792,-195.656326,84.307831,94.249649
1001,8.341667,-0.011651,0.817494,0.002860,0.575813,-195.656723,84.308067,94.250259
1002,8.350000,-0.011668,0.817453,0.002919,0.575870,-195.657593,84.309204,94.251274
1003,8.358333,-0.011693,0.817515,0.002771,0.575782,-195.657745,84.309906,94.252312
1004,8.366667,-0.011715,0.817489,0.002741,0.575818,-195.659515,84.309555,94.253159
1005,8.375000,-0.011784,0.817494,0.002754,0.575810,-195.661163,84.310219,94.253990
1006,8.383333,-0.011696,0.817469,0.002793,0.575848,-195.661789,84.311256,94.254555
1007,8.391667,-0.011663,0.817494,0.002759,0.575812,-195.661575,84.311035,94.255692
1008,8.400000,-0.011667,0.817494,0.002721,0.575813,-195.662399,84.310432,94.256172
1009,8.408333,-0.011634,0.817521,0.002862,0.575774,-195.662109,84.311691,94.256233
1010,8.416667,-0.011657,0.817546,0.002845,0.575738,-195.661591,84.312103,94.255638
1011,8.425000,-0.011776,0.817500,0.002623,0.575802,-195.662628,84.311943,94.256592
1012,8.433333,-0.011733,0.817491,0.002641,0.575816,-195.660446,84.312012,94.255325
1013,8.441667,-0.011888,0.817461,0.002653,0.575856,-195.659500,84.312920,94.255455
1014,8.450000,-0.011717,0.817456,0.002837,0.575865,-195.658691,84.312355,94.254158
1015,8.458333,-0.011622,0.817459,0.002768,0.575863,-195.658051,84.311348,94.253548
1016,8.466667,-0.011674,0.817483,0.002750,0.575828,-195.658356,84.310745,94.253433
1017,8.475000,-0.011766,0.817442,0.002684,0.575884,-195.658463,84.311356,94.252136
1018,8.483333,-0.011568,0.817501,0.002805,0.575803,-195.658905,84.312286,94.252693
1019,8.491667,-0.011528,0.817505,0.002846,0.575800,-195.659439,84.312943,94.253593
1020,8.500000,-0.011734,0.817510,0.002689,0.575789,-195.660751,84.313019,94.253265
1021,8.508333,-0.011943,0.817475,0.002614,0.575835,-195.661652,84.313637,94.253731
1022,8.516667,-0.011653,0.817482,0.002901,0.575829,-195.661636,84.312988,94.254433
1023,8.525000,-0.011679,0.817529,0.002856,0.575762,-195.662872,84.314003,94.255280
1024,8.533333,-0.011549,0.817552,0.002849,0.575732,-195.662811,84.314400,94.255638
1025,8.541667,-0.011647,0.817515,0.002813,0.575782,-195.663208,84.314125,94.256630
1026,8.550000,-0.011609,0.817471,0.002861,0.575846,-195.661911,84.312386,94.255463
1027,8.558333,-0.011814,0.817499,0.002697,0.575802,-195.662140,84.312653,94.255524
1028,8.566667,-0.011579,0.817525,0.002897,0.575769,-195.661087,84.312798,94.254974
1029,8.575000,-0.011598,0.817508,0.002959,0.575792,-195.660904,84.312111,94.254974
1030,8.583333,-0.011835,0.817509,0.002893,0.575787,-195.660324,84.313423,94.254990
1031,8.591667,-0.011799,0.817508,0.002901,0.575790,-195.658905,84.313293,94.256271
1032,8.600000,-0.011733,0.817509,0.002833,0.575790,-195.659058,84.311218,94.254402
1033,8.608333,-0.011675,0.817449,0.002833,0.575876,-195.658768,84.312119,94.253418
1034,8.616667,-0.011744,0.817476,0.002819,0.575836,-195.658417,84.313057,94.253639
1035,8.625000,-0.011725,0.817486,0.002781,0.575822,-195.658401,84.312508,94.254738
1036,8.633333,-0.011743,0.817513,0.002589,0.575785,-195.659119,84.312508,94.252968
1037,8.641667,-0.011743,0.817480,0.002740,0.575830,-195.659531,84.313560,94.253418
1038,8.650000,-0.011806,0.817468,0.002837,0.575847,-195.659714,84.312561,94.253716
1039,8.658333,-0.011758,0.817490,0.002819,0.575816,-195.660645,84.312561,94.254166
1040,8.666667,-0.011707,0.817501,0.002814,0.575802,-195.661041,84.313896,94.254913
1041,8.675000,-0.011617,0.817522,0.002849,0.575774,-195.662064,84.314369,94.254852
1042,8.683333,-0.011537,0.817505,0.002711,0.575800,-195.662186,84.313156,94.254982
1043,8.691667,-0.011641,0.817524,0.002692,0.575771,-195.662384,84.312996,94.255981
1044,8.700000,-0.011802,0.817539,0.002620,0.575747,-195.662674,84.313789,94.256302
1045,8.708333,-0.011809,0.817514,0.002735,0.575782,-195.662262,84.313889,94.256882
1046,8.716667,-0.011815,0.817485,0.002730,0.575822,-195.661301,84.312370,94.256554
1047,8.725000,-0.011737,0.817503,0.002705,0.575799,-195.660278,84.312073,94.256119
1048,8.733333,-0.011885,0.817510,0.002634,0.575786,-195.660110,84.314316,94.255638
1049,8.741667,-0.011716,0.817503,0.002662,0.575799,-195.659256,84.312889,94.255753
1050,8.750000,-0.011947,0.817455,0.002526,0.575864,-195.658951,84.312950,94.255417
1051,8.758333,-0.011792,0.817446,0.002733,0.575878,-195.658386,84.312622,94.253990
1052,8.766667,-0.011731,0.817492,0.002737,0.575814,-195.657883,84.313217,94.253944
1053,8.775000,-0.011709,0.817492,0.002754,0.575815,-195.657532,84.313728,94.253616
1054,8.783333,-0.011832,0.817461,0.002688,0.575856,-195.658096,84.312904,94.253357
1055,8.791667,-0.011768,0.817452,0.002840,0.575869,-195.659561,84.311401,94.252983
1056,8.800000,-0.011838,0.817478,0.002852,0.575831,-195.659912,84.312340,94.252922
1057,8.808333,-0.011736,0.817506,0.002975,0.575793,-195.659912,84.312508,94.253418
1058,8.816667,-0.011743,0.817511,0.003011,0.575786,-195.660706,84.313354,94.253502
1059,8.825000,-0.011740,0.817487,0.002906,0.575820,-195.661026,84.314041,94.254143
1060,8.833333,-0.011756,0.817509,0.002747,0.575789,-195.661652,84.313271,94.254623
1061,8.841667,-0.011736,0.817502,0.002627,0.575800,-195.661926,84.313187,94.254471
1062,8.850000,-0.011767,0.817448,0.002676,0.575877,-195.662109,84.313118,94.255028
1063,8.858333,-0.011590,0.817496,0.002734,0.575811,-195.661682,84.313393,94.254807
1064,8.866667,-0.011813,0.817461,0.002611,0.575858,-195.660995,84.314095,94.255188
1065,8.875000,-0.011793,0.817480,0.002669,0.575830,-195.661026,84.312469,94.255913
1066,8.883333,-0.011873,0.817466,0.002774,0.575849,-195.660553,84.312874,94.255653
1067,8.891667,-0.012057,0.817486,0.002641,0.575816,-195.660278,84.313042,94.255951
1068,8.900000,-0.011924,0.817466,0.002741,0.575847,-195.659729,84.312820,94.255882
1069,8.908333,-0.011866,0.817476,0.002770,0.575833,-195.659225,84.313034,94.255043
1070,8.916667,-0.011775,0.817482,0.002681,0.575828,-195.659546,84.313202,94.255157
1071,8.925000,-0.011812,0.817485,0.002580,0.575824,-195.659622,84.313301,94.255013
1072,8.933333,-0.011608,0.817467,0.002701,0.575852,-195.659592,84.314003,94.254463
1073,8.941667,-0.011322,0.817504,0.002758,0.575805,-195.660095,84.314156,94.255295
1074,8.950000,-0.011658,0.817483,0.002569,0.575828,-195.661087,84.315216,94.254021
1075,8.958333,-0.011798,0.817479,0.002722,0.575831,-195.660690,84.313766,94.254097
1076,8.966667,-0.011846,0.817485,0.002838,0.575820,-195.661041,84.312805,94.253983
1077,8.975000,-0.011852,0.817445,0.002831,0.575878,-195.660995,84.312019,94.253563
1078,8.983333,-0.011833,0.817455,0.002697,0.575865,-195.661194,84.312759,94.254700
1079,8.991667,-0.011646,0.817510,0.002786,0.575790,-195.661133,84.312294,94.254738
1080,9.000000,-0.011454,0.817499,0.002883,0.575808,-195.660721,84.313118,94.254776
1081,9.008333,-0.011732,0.817485,0.002795,0.575823,-195.661057,84.313423,94.255272
1082,9.016667,-0.011868,0.817496,0.002627,0.575806,-195.660904,84.312546,94.255409
1083,9.025000,-0.011702,0.817473,0.002765,0.575842,-195.660538,84.311584,94.254890
1084,9.033333,-0.011635,0.817498,0.002856,0.575807,-195.660553,84.312279,94.255692
1085,9.041667,-0.011641,0.817513,0.002735,0.575785,-195.659943,84.312454,94.255981
1086,9.050000,-0.011553,0.817476,0.002633,0.575840,-195.659790,84.312561,94.255562
1087,9.058333,-0.011444,0.817484,0.002722,0.575830,-195.659210,84.312744,94.255249
1088,9.066667,-0.011639,0.817468,0.002694,0.575849,-195.660080,84.313690,94.255508
1089,9.075000,-0.011741,0.817518,0.002669,0.575777,-195.659775,84.313171,94.254807
1090,9.083333,-0.011771,0.817495,0.002688,0.575810,-195.660553,84.312912,94.253876
1091,9.091667,-0.011812,0.817491,0.002659,0.575814,-195.660645,84.312202,94.253914
1092,9.100000,-0.011757,0.817472,0.002755,0.575842,-195.661072,84.312363,94.254257
1093,9.108333,-0.011693,0.817496,0.002901,0.575808,-195.661026,84.313217,94.254494
1094,9.116667,-0.011486,0.817503,0.003149,0.575801,-195.660873,84.312752,94.254288
1095,9.125000,-0.011631,0.817516,0.003069,0.575780,-195.661301,84.312943,94.254303
1096,9.133333,-0.011743,0.817481,0.002792,0.575829,-195.662094,84.313889,94.254791
1097,9.141667,-0.011722,0.817514,0.002646,0.575783,-195.661987,84.313805,94.255203
1098,9.150000,-0.011603,0.817506,0.002718,0.575797,-195.661423,84.313606,94.254997
1099,9.158333,-0.011831,0.817473,0.002600,0.575839,-195.662231,84.314308,94.255356
1100,9.166667,-0.011701,0.817469,0.002766,0.575847,-195.661453,84.313438,94.256165
1101,9.175000,-0.011869,0.817494,0.002781,0.575808,-195.661087,84.313766,94.256363
1102,9.183333,-0.011781,0.817482,0.002912,0.575827,-195.660217,84.313423,94.255348
1103,9.191667,-0.011618,0.817470,0.002900,0.575847,-195.660233,84.313332,94.254822
1104,9.200000,-0.011661,0.817508,0.002803,0.575793,-195.660156,84.313309,94.256668
1105,9.208333,-0.011775,0.817451,0.002661,0.575871,-195.660416,84.313446,94.256134
1106,9.216667,-0.011711,0.817508,0.002762,0.575791,-195.659988,84.313362,94.254349
1107,9.225000,-0.011600,0.817494,0.002829,0.575814,-195.660980,84.314095,94.254303
1108,9.233333,-0.011585,0.817517,0.002869,0.575780,-195.661148,84.314774,94.253883
1109,9.241667,-0.011733,0.817470,0.002783,0.575845,-195.661682,84.314911,94.254013
1110,9.250000,-0.011835,0.817506,0.002614,0.575793,-195.661453,84.313675,94.254654
1111,9.258333,-0.011689,0.817501,0.002754,0.575803,-195.661850,84.313042,94.253967
1112,9.266667,-0.011672,0.817507,0.002825,0.575793,-195.662613,84.313164,94.254509
1113,9.275000,-0.011435,0.817505,0.002925,0.575800,-195.663757,84.313080,94.254654
1114,9.283333,-0.011216,0.817478,0.002908,0.575843,-195.664032,84.313957,94.254707
1115,9.291667,-0.011015,0.817488,0.002998,0.575832,-195.663940,84.312561,94.254578
1116,9.300000,-0.011157,0.817472,0.002808,0.575853,-195.663376,84.312424,94.255577
1117,9.308333,-0.011341,0.817411,0.002868,0.575937,-195.662827,84.313148,94.257736
1118,9.316667,-0.011359,0.817446,0.002788,0.575886,-195.661850,84.312317,94.255562
1119,9.325000,-0.011621,0.817461,0.002662,0.575860,-195.662094,84.312164,94.255402
1120,9.333333,-0.011475,0.817491,0.002808,0.575820,-195.661316,84.311447,94.254593
1121,9.341667,-0.011427,0.817479,0.003082,0.575836,-195.662155,84.312424,94.255577
1122,9.350000,-0.011303,0.817519,0.003312,0.575781,-195.662918,84.313622,94.255814
1123,9.358333,-0.011226,0.817530,0.003268,0.575767,-195.663040,84.314560,94.255760
1124,9.366667,-0.011315,0.817500,0.003218,0.575808,-195.663193,84.314468,94.254402
1125,9.375000,-0.011311,0.817494,0.003186,0.575817,-195.662964,84.313271,94.254189
1126,9.383333,-0.011392,0.817533,0.003059,0.575761,-195.663086,84.312256,94.253799
1127,9.391667,-0.011440,0.817439,0.003035,0.575894,-195.662903,84.311523,94.252800
1128,9.400000,-0.011469,0.817520,0.003104,0.575777,-195.663162,84.310699,94.252815
1129,9.408333,-0.011463,0.817452,0.003233,0.575874,-195.662598,84.311485,94.253197
1130,9.416667,-0.011569,0.817473,0.003180,0.575843,-195.663666,84.312675,94.253342
1131,9.425000,-0.011578,0.817431,0.003108,0.575901,-195.663254,84.312782,94.253792
1132,9.433333,-0.011542,0.817460,0.003071,0.575861,-195.662659,84.311745,94.252518
1133,9.441667,-0.011493,0.817492,0.003023,0.575817,-195.663086,84.311752,94.253998
1134,9.450000,-0.011609,0.817445,0.002972,0.575882,-195.663376,84.312157,94.255081
1135,9.458333,-0.011615,0.817444,0.002994,0.575884,-195.662521,84.312599,94.256462
1136,9.466667,-0.011569,0.817464,0.002924,0.575856,-195.661942,84.313255,94.256958
1137,9.475000,-0.011550,0.817483,0.002947,0.575830,-195.662643,84.313713,94.257126
1138,9.483333,-0.011452,0.817493,0.003088,0.575816,-195.662231,84.312828,94.255669
1139,9.491667,-0.011544,0.817454,0.002938,0.575871,-195.660706,84.312943,94.255707
1140,9.500000,-0.011488,0.817481,0.003075,0.575832,-195.660751,84.312485,94.256119
1141,9.508333,-0.011727,0.817458,0.002985,0.575861,-195.661301,84.313026,94.255524
1142,9.516667,-0.011691,0.817506,0.003032,0.575793,-195.661438,84.313705,94.254845
1143,9.525000,-0.011664,0.817453,0.003030,0.575869,-195.660583,84.313187,94.253174
1144,9.533333,-0.011360,0.817498,0.003164,0.575810,-195.661255,84.312164,94.253479
1145,9.541667,-0.011596,0.817462,0.003082,0.575858,-195.662750,84.312737,94.252769
1146,9.550000,-0.011377,0.817518,0.003285,0.575781,-195.661835,84.312805,94.252647
1147,9.558333,-0.011328,0.817509,0.003151,0.575796,-195.662415,84.313370,94.252266
1148,9.566667,-0.011372,0.817510,0.003134,0.575793,-195.663177,84.313911,94.253548
1149,9.575000,-0.011364,0.817447,0.003118,0.575884,-195.663269,84.314133,94.253075
1150,9.583333,-0.011372,0.817516,0.003157,0.575786,-195.662750,84.313499,94.252792
1151,9.591667,-0.011593,0.817484,0.003052,0.575826,-195.662704,84.312820,94.253334
1152,9.600000,-0.011518,0.817459,0.003023,0.575864,-195.662277,84.312271,94.254555
1153,9.608333,-0.011627,0.817443,0.003142,0.575884,-195.662659,84.313171,94.256889
1154,9.616667,-0.011628,0.817463,0.003110,0.575855,-195.662460,84.312706,94.256439
1155,9.625000,-0.011604,0.817432,0.003155,0.575900,-195.662643,84.312210,94.255959
1156,9.633333,-0.011702,0.817409,0.003007,0.575931,-195.662888,84.313202,94.256950
1157,9.641667,-0.011570,0.817421,0.003098,0.575917,-195.662277,84.313782,94.258087
1158,9.650000,-0.011401,0.817435,0.003192,0.575899,-195.661957,84.313873,94.256569
1159,9.658333,-0.011274,0.817449,0.003281,0.575882,-195.661850,84.312645,94.255394
1160,9.666667,-0.011329,0.817487,0.003349,0.575827,-195.662888,84.311371,94.254509
1161,9.675000,-0.011446,0.817470,0.003257,0.575848,-195.662552,84.311157,94.253784
1162,9.683333,-0.011587,0.817446,0.003117,0.575880,-195.662415,84.312393,94.253021
1163,9.691667,-0.011548,0.817492,0.003104,0.575816,-195.662384,84.312347,94.254158
1164,9.700000,-0.011606,0.817429,0.002994,0.575905,-195.662933,84.313042,94.253761
1165,9.708333,-0.011497,0.817433,0.003045,0.575901,-195.663422,84.312340,94.252739
1166,9.716667,-0.011369,0.817422,0.003249,0.575918,-195.664200,84.312508,94.251442
1167,9.725000,-0.011227,0.817459,0.003295,0.575868,-195.664017,84.310928,94.251350
1168,9.733333,-0.011457,0.817428,0.003141,0.575909,-195.663803,84.311951,94.253082
1169,9.741667,-0.011387,0.817461,0.003154,0.575863,-195.664032,84.311188,94.254105
1170,9.750000,-0.011375,0.817471,0.003207,0.575848,-195.663986,84.311234,94.254829
1171,9.758333,-0.011352,0.817456,0.003255,0.575870,-195.664536,84.312042,94.255707
1172,9.766667,-0.011205,0.817493,0.003387,0.575820,-195.664948,84.312386,94.255623
1173,9.775000,-0.011352,0.817474,0.003043,0.575846,-195.663864,84.311958,94.255554
1174,9.783333,-0.011132,0.817482,0.003081,0.575839,-195.663162,84.310715,94.255898
1175,9.791667,-0.011513,0.817444,0.002889,0.575886,-195.664001,84.310234,94.255074
1176,9.800000,-0.011329,0.817430,0.003268,0.575907,-195.663315,84.310928,94.255074
1177,9.808333,-0.011181,0.817475,0.003513,0.575845,-195.663437,84.311340,94.254364
1178,9.816667,-0.011404,0.817501,0.003238,0.575806,-195.664093,84.312317,94.254074
1179,9.825000,-0.011426,0.817494,0.003184,0.575814,-195.665314,84.311867,94.254875
1180,9.833333,-0.011587,0.817455,0.003078,0.575867,-195.665146,84.312828,94.254616
1181,9.841667,-0.011371,0.817481,0.003198,0.575834,-195.664505,84.311325,94.254097
1182,9.850000,-0.011466,0.817475,0.003250,0.575841,-195.665466,84.311554,94.253525
1183,9.858333,-0.011473,0.817416,0.003257,0.575924,-195.665329,84.312714,94.253471
1184,9.866667,-0.011350,0.817448,0.003274,0.575881,-195.664886,84.312027,94.253876
1185,9.875000,-0.011356,0.817456,0.003223,0.575871,-195.664352,84.311981,94.253723
1186,9.883333,-0.011348,0.817452,0.003161,0.575877,-195.664536,84.312340,94.254570
1187,9.891667,-0.011397,0.817463,0.003124,0.575859,-195.665237,84.312340,94.254944
1188,9.900000,-0.011304,0.817448,0.003271,0.575882,-195.664673,84.311401,94.254845
1189,9.908333,-0.011370,0.817469,0.003228,0.575852,-195.664566,84.312073,94.255318
1190,9.916667,-0.011349,0.817448,0.003139,0.575882,-195.665359,84.313271,94.255318
1191,9.925000,-0.011368,0.817481,0.003063,0.575835,-195.665222,84.313789,94.254211
1192,9.933333,-0.011140,0.817524,0.003185,0.575778,-195.665359,84.312439,94.254593
1193,9.941667,-0.011403,0.817466,0.003110,0.575856,-195.665771,84.311371,94.253990
