Format Version,1.25,Take Name,G4 ML Take 2025-11-28_00_018,Take Notes,,Capture Frame Rate,120.000000,Export Frame Rate,120.000000,Capture Start Time,2025-11-28 01.06.08.398 PM,Capture Start Frame,721212,Total Frames in Take,1177,Total Exported Frames,1177,Rotation Type,Quaternion,Length Units,Centimeters,Coordinate Space,Global

,Type,Rigid Body,Rigid Body,Rigid Body,Rigid Body,Rigid Body,Rigid Body,Rigid Body
,Name,SEE_medium,SEE_medium,SEE_medium,SEE_medium,SEE_medium,SEE_medium,SEE_medium
,ID,99D1A06ACB9411F031C44B617C101E92,99D1A06ACB9411F031C44B617C101E92,99D1A06ACB9411F031C44B617C101E92,99D1A06ACB9411F031C44B617C101E92,99D1A06ACB9411F031C44B617C101E92,99D1A06ACB9411F031C44B617C101E92,99D1A06ACB9411F031C44B617C101E92
,Parent,,,,,,,
,,Rotation,Rotation,Rotation,Rotation,Position,Position,Position
Frame,Time (Seconds),X,Y,Z,W,X,Y,Z
0,0.000000,-0.001973,-0.727472,0.003902,-0.686123,-215.001984,90.031136,83.672089
1,0.008333,-0.001979,-0.727505,0.004146,-0.686087,-215.000824,90.030678,83.673119
2,0.016667,-0.001774,-0.727611,0.004095,-0.685976,-214.998077,90.032890,83.670464
3,0.025000,-0.001735,-0.727584,0.003557,-0.686008,-215.002792,90.035034,83.671860
4,0.033333,-0.001599,-0.727559,0.003733,-0.686033,-214.998367,90.034538,83.670387
5,0.041667,-0.001792,-0.727631,0.003774,-0.685956,-214.999054,90.033432,83.669373
6,0.050000,-0.001824,-0.727629,0.003850,-0.685958,-214.999390,90.031670,83.667137
7,0.058333,-0.001801,-0.727664,0.003922,-0.685920,-215.000336,90.031090,83.667168
8,0.066667,-0.001735,-0.727673,0.003891,-0.685911,-215.000992,90.030952,83.667404
9,0.075000,-0.001491,-0.727732,0.003668,-0.685850,-215.001099,90.035362,83.665649
10,0.083333,-0.001685,-0.727547,0.003591,-0.686046,-215.003799,90.035896,83.670662
11,0.091667,-0.001603,-0.727447,0.003448,-0.686153,-215.002869,90.035233,83.673241
12,0.100000,-0.001528,-0.727560,0.003604,-0.686032,-214.999359,90.033607,83.671089
13,0.108333,-0.001637,-0.727592,0.003461,-0.685999,-215.004318,90.033783,83.670601
14,0.116667,-0.001516,-0.727593,0.003686,-0.685998,-215.000626,90.032974,83.668625
15,0.125000,-0.001908,-0.727545,0.003938,-0.686046,-215.003418,90.030373,83.671066
16,0.133333,-0.001667,-0.727640,0.003871,-0.685946,-215.000488,90.033165,83.667412
17,0.141667,-0.001581,-0.727555,0.003580,-0.686038,-215.004349,90.034691,83.670380
18,0.150000,-0.001571,-0.727490,0.003249,-0.686109,-215.002960,90.036385,83.672104
19,0.158333,-0.001480,-0.727444,0.003222,-0.686158,-215.001465,90.035057,83.674599
20,0.166667,-0.001687,-0.727563,0.003694,-0.686029,-214.998322,90.033569,83.671043
21,0.175000,-0.001842,-0.727653,0.003974,-0.685932,-215.000824,90.030655,83.667595
22,0.183333,-0.001596,-0.727742,0.003419,-0.685841,-215.003464,90.036766,83.665428
23,0.191667,-0.001431,-0.727553,0.003354,-0.686041,-215.005737,90.036217,83.670563
24,0.200000,-0.001411,-0.727596,0.003155,-0.685997,-215.002487,90.038910,83.668282
25,0.208333,-0.001869,-0.727489,0.003771,-0.686107,-215.003754,90.031876,83.671532
26,0.216667,-0.001813,-0.727630,0.003746,-0.685958,-215.001556,90.031425,83.666336
27,0.225000,-0.001760,-0.727589,0.003485,-0.686002,-215.005585,90.032784,83.668442
28,0.233333,-0.001626,-0.727569,0.003605,-0.686023,-215.001587,90.033348,83.666847
29,0.241667,-0.001606,-0.727641,0.003926,-0.685945,-215.001892,90.030983,83.666214
30,0.250000,-0.001734,-0.727679,0.003987,-0.685904,-215.002304,90.031609,83.664955
31,0.258333,-0.001775,-0.727574,0.004209,-0.686014,-215.005035,90.028748,83.668999
32,0.266667,-0.001642,-0.727635,0.004032,-0.685951,-215.002014,90.031837,83.668083
33,0.275000,-0.001733,-0.727685,0.004036,-0.685897,-215.002441,90.032196,83.665878
34,0.283333,-0.001424,-0.727750,0.003393,-0.685833,-215.004303,90.036400,83.664780
35,0.291667,-0.001518,-0.727645,0.003575,-0.685942,-215.001816,90.032738,83.667984
36,0.300000,-0.001511,-0.727745,0.003251,-0.685839,-215.002106,90.035629,83.665077
37,0.308333,-0.001498,-0.727715,0.003243,-0.685870,-215.003159,90.037010,83.665428
38,0.316667,-0.001560,-0.727691,0.003299,-0.685895,-215.003342,90.036171,83.664719
39,0.325000,-0.001683,-0.727539,0.003396,-0.686055,-215.005371,90.034065,83.669136
40,0.333333,-0.001566,-0.727587,0.003835,-0.686003,-215.001266,90.033897,83.667854
41,0.341667,-0.001537,-0.727696,0.003486,-0.685890,-215.002869,90.037224,83.663979
42,0.350000,-0.001702,-0.727517,0.003543,-0.686078,-215.006592,90.034569,83.668808
43,0.358333,-0.001264,-0.727632,0.003451,-0.685958,-215.003540,90.037872,83.666245
44,0.366667,-0.001656,-0.727559,0.003574,-0.686033,-215.007401,90.035286,83.670784
45,0.375000,-0.001471,-0.727661,0.003497,-0.685927,-215.004608,90.037582,83.667099
46,0.383333,-0.001453,-0.727690,0.003529,-0.685895,-215.004654,90.036789,83.665398
47,0.391667,-0.001559,-0.727660,0.003744,-0.685926,-215.003326,90.032486,83.665642
48,0.400000,-0.001456,-0.727731,0.003426,-0.685853,-215.004471,90.035995,83.664261
49,0.408333,-0.001642,-0.727551,0.003319,-0.686044,-215.007446,90.034348,83.669456
50,0.416667,-0.001495,-0.727575,0.003622,-0.686017,-215.003540,90.035080,83.669197
51,0.425000,-0.001791,-0.727516,0.003986,-0.686076,-215.006378,90.030739,83.670113
52,0.433333,-0.001625,-0.727703,0.004126,-0.685878,-215.003998,90.031952,83.666107
53,0.441667,-0.001665,-0.727700,0.004161,-0.685881,-215.004822,90.031036,83.665192
54,0.450000,-0.002092,-0.727536,0.004134,-0.686054,-215.007065,90.028801,83.669502
55,0.458333,-0.001587,-0.727663,0.003549,-0.685924,-215.003632,90.035095,83.666542
56,0.466667,-0.001725,-0.727469,0.003715,-0.686128,-215.004913,90.031181,83.672829
57,0.475000,-0.001583,-0.727565,0.003748,-0.686027,-215.001678,90.032593,83.670135
58,0.483333,-0.001738,-0.727534,0.003905,-0.686058,-215.003342,90.029335,83.671318
59,0.491667,-0.001362,-0.727699,0.003367,-0.685887,-215.001328,90.037834,83.665947
60,0.500000,-0.001560,-0.727562,0.003800,-0.686029,-215.000656,90.033974,83.667221
61,0.508333,-0.001411,-0.727646,0.003385,-0.685943,-215.001389,90.036736,83.665306
62,0.516667,-0.001613,-0.727532,0.003590,-0.686063,-214.998962,90.033676,83.667145
63,0.525000,-0.001593,-0.727670,0.003361,-0.685917,-215.000107,90.036026,83.666031
64,0.533333,-0.001413,-0.727645,0.003233,-0.685945,-215.000961,90.037796,83.665657
65,0.541667,-0.001430,-0.727639,0.003272,-0.685951,-215.000885,90.037231,83.665703
66,0.550000,-0.001491,-0.727628,0.003314,-0.685962,-215.002411,90.037086,83.665810
67,0.558333,-0.001674,-0.727617,0.003799,-0.685971,-215.001083,90.033257,83.666077
68,0.566667,-0.001678,-0.727605,0.003618,-0.685984,-215.005081,90.034782,83.669266
69,0.575000,-0.001250,-0.727636,0.003433,-0.685954,-215.003616,90.038460,83.667801
70,0.583333,-0.001444,-0.727630,0.003376,-0.685960,-215.003296,90.039444,83.667366
71,0.591667,-0.001250,-0.727629,0.003342,-0.685962,-215.004181,90.037392,83.667412
72,0.600000,-0.001353,-0.727676,0.003372,-0.685912,-215.003891,90.037117,83.666626
73,0.608333,-0.001569,-0.727568,0.003541,-0.686025,-215.005356,90.034714,83.670273
74,0.616667,-0.001664,-0.727500,0.003438,-0.686097,-215.002869,90.034973,83.671204
75,0.625000,-0.001307,-0.727638,0.003222,-0.685952,-215.000183,90.037552,83.668083
76,0.633333,-0.001436,-0.727621,0.003706,-0.685968,-215.000015,90.033630,83.668037
77,0.641667,-0.001649,-0.727648,0.003833,-0.685938,-214.999573,90.032722,83.665306
78,0.650000,-0.001680,-0.727633,0.003782,-0.685955,-214.999268,90.032356,83.666405
79,0.658333,-0.001626,-0.727632,0.003851,-0.685955,-214.998886,90.029854,83.666008
80,0.666667,-0.001748,-0.727678,0.003905,-0.685906,-214.997818,90.030411,83.665871
81,0.675000,-0.001652,-0.727712,0.003313,-0.685873,-214.999481,90.035378,83.664261
82,0.683333,-0.001664,-0.727563,0.003557,-0.686029,-214.998535,90.033226,83.667488
83,0.691667,-0.001427,-0.727629,0.003195,-0.685962,-215.001328,90.037521,83.666962
84,0.700000,-0.001545,-0.727530,0.003629,-0.686065,-215.000778,90.035103,83.667969
85,0.708333,-0.001435,-0.727626,0.003530,-0.685963,-215.001770,90.037369,83.665779
86,0.716667,-0.001376,-0.727639,0.003255,-0.685951,-215.002960,90.036873,83.665260
87,0.725000,-0.001816,-0.727497,0.003773,-0.686098,-215.004257,90.031532,83.670204
88,0.733333,-0.001722,-0.727598,0.003874,-0.685990,-215.000870,90.032608,83.667061
89,0.741667,-0.001745,-0.727700,0.003994,-0.685882,-215.001602,90.031822,83.664093
90,0.750000,-0.001897,-0.727556,0.004077,-0.686034,-215.004425,90.029144,83.669647
91,0.758333,-0.001441,-0.727632,0.003427,-0.685958,-215.001923,90.036888,83.666931
92,0.766667,-0.001563,-0.727600,0.003704,-0.685990,-215.000732,90.032928,83.668007
93,0.775000,-0.001686,-0.727569,0.003381,-0.686024,-215.004044,90.034576,83.670334
94,0.783333,-0.001321,-0.727641,0.003279,-0.685949,-214.999573,90.038109,83.667450
95,0.791667,-0.001434,-0.727628,0.003390,-0.685962,-215.000412,90.038353,83.666740
96,0.800000,-0.001653,-0.727626,0.003928,-0.685961,-214.999252,90.032837,83.665375
97,0.808333,-0.001563,-0.727708,0.003666,-0.685876,-214.999969,90.035789,83.663872
98,0.816667,-0.001471,-0.727631,0.003437,-0.685958,-215.001053,90.036133,83.664673
99,0.825000,-0.001592,-0.727587,0.003698,-0.686003,-214.998871,90.033089,83.665207
100,0.833333,-0.001892,-0.727518,0.003843,-0.686075,-215.002182,90.029648,83.669250
101,0.841667,-0.001692,-0.727652,0.003909,-0.685933,-214.999084,90.030609,83.665939
102,0.850000,-0.001629,-0.727653,0.004081,-0.685931,-215.000015,90.029984,83.664406
103,0.858333,-0.001684,-0.727700,0.004053,-0.685881,-215.001099,90.030663,83.663795
104,0.866667,-0.001469,-0.727723,0.003607,-0.685861,-215.002960,90.034256,83.662453
105,0.875000,-0.001760,-0.727597,0.003780,-0.685993,-215.002411,90.032272,83.665367
106,0.883333,-0.001446,-0.727673,0.003348,-0.685914,-215.002777,90.036171,83.663765
107,0.891667,-0.001669,-0.727586,0.003771,-0.686004,-215.002182,90.032196,83.666702
108,0.900000,-0.001737,-0.727600,0.003485,-0.685991,-215.004730,90.032494,83.668037
109,0.908333,-0.001385,-0.727698,0.003345,-0.685888,-215.001205,90.036186,83.665710
110,0.916667,-0.001658,-0.727585,0.003334,-0.686008,-215.004654,90.035698,83.668022
111,0.925000,-0.001690,-0.727576,0.003624,-0.686016,-215.000732,90.033676,83.666801
112,0.933333,-0.001526,-0.727693,0.003451,-0.685892,-215.001770,90.035500,83.663475
113,0.941667,-0.001517,-0.727689,0.003288,-0.685898,-215.001221,90.036354,83.662254
114,0.950000,-0.001681,-0.727226,0.003340,-0.686388,-215.002411,90.033150,83.666473
115,0.958333,-0.001942,-0.726790,0.003605,-0.686848,-214.998215,90.031036,83.668282
116,0.966667,-0.001725,-0.726417,0.003723,-0.687242,-214.994400,90.031982,83.662971
117,0.975000,-0.002183,-0.725843,0.003744,-0.687846,-214.997772,90.031433,83.664993
118,0.983333,-0.002165,-0.725366,0.003800,-0.688349,-214.996811,90.029976,83.664597
119,0.991667,-0.002321,-0.725293,0.003942,-0.688425,-214.996811,90.031815,83.667953
120,1.000000,-0.002225,-0.725241,0.003955,-0.688481,-214.996841,90.033531,83.668549
121,1.008333,-0.002111,-0.725275,0.003863,-0.688445,-214.997452,90.032249,83.667313
122,1.016667,-0.002122,-0.725311,0.003977,-0.688406,-214.999344,90.030693,83.667465
123,1.025000,-0.002140,-0.725366,0.004108,-0.688348,-215.001175,90.029411,83.667747
124,1.033333,-0.002115,-0.725268,0.004018,-0.688452,-215.004898,90.030563,83.668983
125,1.041667,-0.001995,-0.725233,0.003914,-0.688489,-215.005920,90.031944,83.668526
126,1.050000,-0.001875,-0.725233,0.003983,-0.688489,-215.005844,90.031586,83.668831
127,1.058333,-0.001878,-0.725254,0.003939,-0.688468,-215.006088,90.031540,83.669022
128,1.066667,-0.001896,-0.725241,0.003906,-0.688481,-215.007324,90.031158,83.666634
129,1.075000,-0.001870,-0.725286,0.003928,-0.688434,-215.008789,90.031120,83.667305
130,1.083333,-0.001781,-0.725254,0.003937,-0.688468,-215.011185,90.030724,83.665398
131,1.091667,-0.001875,-0.725219,0.003999,-0.688504,-215.011246,90.031754,83.666580
132,1.100000,-0.001459,-0.725264,0.003310,-0.688461,-215.012878,90.037453,83.667206
133,1.108333,-0.001401,-0.725113,0.003077,-0.688622,-215.011520,90.038559,83.666840
134,1.116667,-0.001425,-0.725110,0.003016,-0.688625,-215.013641,90.038948,83.667282
135,1.125000,-0.001279,-0.725169,0.003089,-0.688563,-215.018494,90.040283,83.666374
136,1.133333,-0.001277,-0.725203,0.003128,-0.688527,-215.022110,90.039993,83.666801
137,1.141667,-0.001718,-0.725089,0.003267,-0.688645,-215.029388,90.033699,83.668365
138,1.150000,-0.001852,-0.725127,0.003246,-0.688605,-215.032104,90.031296,83.667145
139,1.158333,-0.001697,-0.725157,0.003187,-0.688574,-215.036591,90.030457,83.668121
140,1.166667,-0.001641,-0.725207,0.003167,-0.688522,-215.037231,90.029839,83.667755
141,1.175000,-0.001746,-0.725209,0.003153,-0.688519,-215.041061,90.029976,83.668030
142,1.183333,-0.001571,-0.725223,0.003162,-0.688506,-215.043518,90.030434,83.667358
143,1.191667,-0.000904,-0.725307,0.002814,-0.688420,-215.042160,90.037651,83.662994
144,1.200000,-0.000886,-0.725288,0.002742,-0.688439,-215.044922,90.040047,83.664825
145,1.208333,-0.001366,-0.725224,0.003146,-0.688505,-215.045670,90.035690,83.668991
146,1.216667,-0.000798,-0.725335,0.003044,-0.688389,-215.039917,90.039360,83.666916
147,1.225000,-0.001426,-0.725225,0.003302,-0.688503,-215.043503,90.033684,83.668587
148,1.233333,-0.001682,-0.725224,0.003372,-0.688503,-215.043686,90.031494,83.667694
149,1.241667,-0.001770,-0.725209,0.003194,-0.688519,-215.044495,90.031609,83.667656
150,1.250000,-0.001481,-0.725284,0.003215,-0.688441,-215.043137,90.031265,83.667183
151,1.258333,-0.001718,-0.725213,0.003240,-0.688514,-215.042450,90.029732,83.667252
152,1.266667,-0.001669,-0.725246,0.003318,-0.688479,-215.042328,90.030167,83.666618
153,1.275000,-0.001626,-0.725259,0.003294,-0.688466,-215.042236,90.030128,83.667374
154,1.283333,-0.001583,-0.725226,0.003268,-0.688501,-215.042236,90.030914,83.668068
155,1.291667,-0.001476,-0.725262,0.003484,-0.688462,-215.042572,90.030975,83.668129
156,1.300000,-0.001459,-0.725261,0.003471,-0.688464,-215.043732,90.032196,83.669815
157,1.308333,-0.001559,-0.725264,0.003378,-0.688461,-215.042999,90.032318,83.669762
158,1.316667,-0.001624,-0.725266,0.003207,-0.688459,-215.041931,90.031799,83.669106
159,1.325000,-0.001624,-0.725267,0.003063,-0.688459,-215.041946,90.030739,83.668671
160,1.333333,-0.001617,-0.725282,0.003046,-0.688444,-215.042374,90.030952,83.668350
161,1.341667,-0.001520,-0.725265,0.003187,-0.688461,-215.042374,90.030991,83.669189
162,1.350000,-0.001690,-0.725247,0.003368,-0.688479,-215.041641,90.031517,83.669334
163,1.358333,-0.001593,-0.725248,0.003315,-0.688478,-215.041351,90.030937,83.669502
164,1.366667,-0.001607,-0.725259,0.003184,-0.688466,-215.041443,90.031441,83.668747
165,1.375000,-0.001454,-0.725238,0.003214,-0.688489,-215.041275,90.030624,83.669601
166,1.383333,-0.001459,-0.725240,0.003230,-0.688487,-215.041260,90.031738,83.670273
167,1.391667,-0.001417,-0.725293,0.003413,-0.688430,-215.040848,90.031342,83.669136
168,1.400000,-0.001591,-0.725261,0.003400,-0.688464,-215.042023,90.031876,83.670006
169,1.408333,-0.001613,-0.725232,0.003378,-0.688495,-215.041565,90.031769,83.669083
170,1.416667,-0.001479,-0.725250,0.003386,-0.688476,-215.041809,90.032074,83.669579
171,1.425000,-0.001530,-0.725252,0.003226,-0.688474,-215.042114,90.031067,83.669792
172,1.433333,-0.001506,-0.725291,0.003165,-0.688433,-215.042801,90.031830,83.669090
173,1.441667,-0.001524,-0.725304,0.003231,-0.688420,-215.043640,90.031471,83.669693
174,1.450000,-0.001605,-0.725284,0.003413,-0.688439,-215.042206,90.031410,83.669365
175,1.458333,-0.001482,-0.725298,0.003450,-0.688425,-215.043457,90.031631,83.669632
176,1.466667,-0.001661,-0.725283,0.003486,-0.688440,-215.043945,90.031013,83.669037
177,1.475000,-0.001504,-0.725322,0.003321,-0.688401,-215.043427,90.030640,83.668587
178,1.483333,-0.001440,-0.725274,0.003399,-0.688451,-215.043884,90.030533,83.670929
179,1.491667,-0.001413,-0.725258,0.003333,-0.688467,-215.043716,90.032051,83.670197
180,1.500000,-0.001512,-0.725226,0.003335,-0.688501,-215.044327,90.032646,83.671150
181,1.508333,-0.001338,-0.725277,0.003251,-0.688448,-215.044113,90.032761,83.671013
182,1.516667,-0.001530,-0.725275,0.003253,-0.688450,-215.043518,90.031937,83.670784
183,1.525000,-0.001531,-0.725284,0.003167,-0.688440,-215.043549,90.030922,83.670700
184,1.533333,-0.001586,-0.725308,0.003165,-0.688415,-215.043686,90.030800,83.669205
185,1.541667,-0.001358,-0.725301,0.003187,-0.688423,-215.044266,90.030632,83.670235
186,1.550000,-0.001422,-0.725265,0.003301,-0.688461,-215.043762,90.032066,83.670715
187,1.558333,-0.001509,-0.725302,0.003303,-0.688421,-215.044220,90.031479,83.670631
188,1.566667,-0.001663,-0.725243,0.003183,-0.688483,-215.044067,90.031532,83.668259
189,1.575000,-0.001518,-0.725308,0.003165,-0.688416,-215.044586,90.030739,83.667114
190,1.583333,-0.001582,-0.725291,0.003093,-0.688433,-215.044815,90.029823,83.669052
191,1.591667,-0.001585,-0.725283,0.003183,-0.688442,-215.044235,90.031120,83.669586
192,1.600000,-0.001578,-0.725282,0.003215,-0.688442,-215.044739,90.031921,83.670418
193,1.608333,-0.000936,-0.725379,0.002960,-0.688342,-215.042160,90.037430,83.666870
194,1.616667,-0.001335,-0.725281,0.003194,-0.688444,-215.045197,90.033249,83.667679
195,1.625000,-0.001465,-0.725305,0.003373,-0.688418,-215.045303,90.031364,83.669518
196,1.633333,-0.001468,-0.725336,0.003304,-0.688385,-215.045212,90.030052,83.668312
197,1.641667,-0.001415,-0.725361,0.003268,-0.688359,-215.046143,90.029663,83.669006
198,1.650000,-0.001481,-0.725292,0.003259,-0.688432,-215.044708,90.031158,83.669548
199,1.658333,-0.001493,-0.725271,0.003268,-0.688454,-215.044098,90.031487,83.669075
200,1.666667,-0.001423,-0.725299,0.003174,-0.688425,-215.044983,90.031471,83.669258
201,1.675000,-0.001595,-0.725376,0.003287,-0.688343,-215.045685,90.031143,83.667480
202,1.683333,-0.001624,-0.725342,0.003360,-0.688379,-215.046005,90.029907,83.668076
203,1.691667,-0.001483,-0.725313,0.003413,-0.688409,-215.045593,90.029755,83.668365
204,1.700000,-0.001644,-0.725316,0.003363,-0.688406,-215.044449,90.029839,83.667206
205,1.708333,-0.001445,-0.725351,0.003197,-0.688370,-215.045746,90.030060,83.667252
206,1.716667,-0.001422,-0.725301,0.003290,-0.688423,-215.044067,90.029694,83.666908
207,1.725000,-0.001587,-0.725314,0.003207,-0.688408,-215.044495,90.030891,83.667267
208,1.733333,-0.001610,-0.725330,0.003267,-0.688392,-215.042587,90.032318,83.667038
209,1.741667,-0.001556,-0.725320,0.003309,-0.688402,-215.043182,90.031342,83.666588
210,1.750000,-0.001604,-0.725324,0.003406,-0.688397,-215.042526,90.030792,83.667259
211,1.758333,-0.001627,-0.725243,0.003279,-0.688483,-215.040588,90.030891,83.665497
212,1.766667,-0.001602,-0.725290,0.003345,-0.688433,-215.040283,90.030533,83.667473
213,1.775000,-0.001548,-0.725345,0.003251,-0.688376,-215.040207,90.031731,83.665520
214,1.783333,-0.001517,-0.725295,0.003235,-0.688429,-215.039536,90.031158,83.665863
215,1.791667,-0.001686,-0.725269,0.003065,-0.688456,-215.038223,90.030991,83.665588
216,1.800000,-0.001584,-0.725272,0.003111,-0.688454,-215.038300,90.029564,83.666801
217,1.808333,-0.001522,-0.725300,0.003126,-0.688424,-215.039444,90.030739,83.666267
218,1.816667,-0.001589,-0.725285,0.003239,-0.688439,-215.039352,90.033264,83.667084
219,1.825000,-0.001505,-0.725273,0.003411,-0.688451,-215.039612,90.033165,83.667847
220,1.833333,-0.001596,-0.725299,0.003420,-0.688423,-215.040756,90.033524,83.667198
221,1.841667,-0.001437,-0.725284,0.003454,-0.688440,-215.041855,90.032310,83.665977
222,1.850000,-0.001451,-0.725303,0.003322,-0.688420,-215.042160,90.032112,83.667366
223,1.858333,-0.001462,-0.725282,0.003203,-0.688443,-215.042297,90.031342,83.666763
224,1.866667,-0.001506,-0.725330,0.003169,-0.688393,-215.042877,90.031502,83.666649
225,1.875000,-0.001582,-0.725306,0.003273,-0.688417,-215.042587,90.030861,83.666458
226,1.883333,-0.001437,-0.725308,0.003306,-0.688415,-215.042374,90.030876,83.666443
227,1.891667,-0.001441,-0.725337,0.003171,-0.688385,-215.043015,90.030693,83.667419
228,1.900000,-0.001562,-0.725305,0.003232,-0.688418,-215.042297,90.031693,83.667336
229,1.908333,-0.001564,-0.725293,0.003196,-0.688431,-215.043121,90.031487,83.667801
230,1.916667,-0.001415,-0.725300,0.003301,-0.688423,-215.041855,90.030792,83.666588
231,1.925000,-0.001457,-0.725323,0.003212,-0.688400,-215.041489,90.031433,83.666191
232,1.933333,-0.001634,-0.725304,0.003236,-0.688419,-215.041397,90.031059,83.666977
233,1.941667,-0.001703,-0.725275,0.003211,-0.688450,-215.040894,90.030586,83.667030
234,1.950000,-0.001556,-0.725289,0.003166,-0.688435,-215.040833,90.031181,83.667641
235,1.958333,-0.001434,-0.725281,0.003100,-0.688445,-215.040680,90.031372,83.667603
236,1.966667,-0.001576,-0.725275,0.003136,-0.688451,-215.040848,90.031578,83.668365
237,1.975000,-0.001517,-0.725292,0.003089,-0.688433,-215.040894,90.031906,83.668823
238,1.983333,-0.001450,-0.725262,0.003110,-0.688465,-215.041260,90.032372,83.668991
239,1.991667,-0.001429,-0.725249,0.003072,-0.688479,-215.041641,90.032646,83.669403
240,2.000000,-0.001418,-0.725244,0.003086,-0.688484,-215.040833,90.031113,83.668312
241,2.008333,-0.001494,-0.725264,0.003118,-0.688462,-215.040726,90.030602,83.669006
242,2.016667,-0.001597,-0.725276,0.003117,-0.688450,-215.040802,90.030716,83.667732
243,2.025000,-0.001617,-0.725282,0.003089,-0.688443,-215.040375,90.030670,83.667587
244,2.033333,-0.001597,-0.725268,0.003118,-0.688458,-215.040329,90.031525,83.667854
245,2.041667,-0.001524,-0.725281,0.003183,-0.688444,-215.040726,90.031380,83.666908
246,2.050000,-0.001489,-0.725343,0.003139,-0.688379,-215.040710,90.031906,83.667328
247,2.058333,-0.001403,-0.725327,0.003268,-0.688396,-215.040283,90.031792,83.666054
248,2.066667,-0.001326,-0.725336,0.003342,-0.688386,-215.039825,90.030220,83.666817
249,2.075000,-0.001473,-0.725347,0.003294,-0.688374,-215.040176,90.032104,83.667549
250,2.083333,-0.001427,-0.725337,0.003227,-0.688385,-215.042358,90.032463,83.666862
251,2.091667,-0.001319,-0.725299,0.003050,-0.688426,-215.044998,90.032532,83.667900
252,2.100000,-0.000800,-0.725409,0.002812,-0.688312,-215.042374,90.037552,83.664703
253,2.108333,-0.000663,-0.725394,0.002658,-0.688329,-215.043991,90.038376,83.665741
254,2.116667,-0.000570,-0.725458,0.002764,-0.688261,-215.043610,90.039322,83.664619
255,2.125000,-0.001039,-0.725328,0.003058,-0.688396,-215.046783,90.033485,83.668159
256,2.133333,-0.001179,-0.725277,0.003070,-0.688449,-215.047333,90.032455,83.669983
257,2.141667,-0.000797,-0.725396,0.002955,-0.688325,-215.042923,90.038132,83.667030
258,2.150000,-0.000689,-0.725443,0.002794,-0.688276,-215.045074,90.039597,83.665779
259,2.158333,-0.001233,-0.725292,0.003001,-0.688434,-215.047745,90.034752,83.669434
260,2.166667,-0.001230,-0.725338,0.003160,-0.688384,-215.047379,90.032608,83.669075
261,2.175000,-0.001377,-0.725335,0.003164,-0.688388,-215.047836,90.032578,83.669647
262,2.183333,-0.001348,-0.725326,0.003070,-0.688397,-215.047424,90.031937,83.669052
263,2.191667,-0.001435,-0.725322,0.003024,-0.688402,-215.047195,90.030571,83.668594
264,2.200000,-0.001404,-0.725335,0.003105,-0.688388,-215.046600,90.030060,83.668488
265,2.208333,-0.001343,-0.725336,0.003150,-0.688386,-215.046875,90.030121,83.669350
266,2.216667,-0.000769,-0.725441,0.002865,-0.688278,-215.043594,90.036949,83.667358
267,2.225000,-0.000555,-0.725408,0.002821,-0.688313,-215.044861,90.039360,83.666573
268,2.233333,-0.001124,-0.725305,0.003054,-0.688420,-215.047272,90.034103,83.669968
269,2.241667,-0.001340,-0.725313,0.003040,-0.688411,-215.047119,90.032310,83.669800
270,2.250000,-0.001267,-0.725299,0.002988,-0.688426,-215.046616,90.031250,83.669121
271,2.258333,-0.001267,-0.725353,0.003076,-0.688369,-215.046066,90.029472,83.668762
272,2.266667,-0.001430,-0.725381,0.002971,-0.688340,-215.045959,90.029739,83.668480
273,2.275000,-0.001423,-0.725364,0.002974,-0.688358,-215.046692,90.029839,83.669693
274,2.283333,-0.001339,-0.725338,0.003025,-0.688385,-215.046661,90.030441,83.669624
275,2.291667,-0.001280,-0.725340,0.003094,-0.688383,-215.047455,90.031776,83.671066
276,2.300000,-0.001354,-0.725289,0.003122,-0.688436,-215.046829,90.031410,83.670677
277,2.308333,-0.001022,-0.725284,0.003633,-0.688439,-215.047623,90.034142,83.669235
278,2.316667,-0.000456,-0.725482,0.003286,-0.688234,-215.044708,90.040466,83.668343
279,2.325000,-0.001069,-0.725364,0.003240,-0.688358,-215.047241,90.034691,83.669624
280,2.333333,-0.000817,-0.725448,0.002768,-0.688271,-215.043884,90.037140,83.667404
281,2.341667,-0.001132,-0.725335,0.002906,-0.688389,-215.046814,90.032585,83.669487
282,2.350000,-0.001318,-0.725331,0.003114,-0.688392,-215.047241,90.031311,83.669594
283,2.358333,-0.000752,-0.725479,0.002765,-0.688239,-215.043518,90.037323,83.666061
284,2.366667,-0.001261,-0.725352,0.002954,-0.688371,-215.046722,90.034294,83.668938
285,2.375000,-0.001216,-0.725302,0.003024,-0.688424,-215.046600,90.032387,83.669754
286,2.383333,-0.001264,-0.725321,0.003030,-0.688403,-215.046265,90.032402,83.670296
287,2.391667,-0.001285,-0.725330,0.002985,-0.688394,-215.046646,90.032829,83.670227
288,2.400000,-0.000701,-0.725386,0.002697,-0.688336,-215.042465,90.038048,83.668259
289,2.408333,-0.001067,-0.725269,0.002879,-0.688458,-215.047104,90.032997,83.669922
290,2.416667,-0.001237,-0.725287,0.002946,-0.688439,-215.047760,90.031860,83.671425
291,2.425000,-0.001215,-0.725309,0.003000,-0.688416,-215.047104,90.030739,83.670830
292,2.433333,-0.001244,-0.725306,0.003150,-0.688418,-215.047379,90.030983,83.671021
293,2.441667,-0.001296,-0.725300,0.003026,-0.688425,-215.048935,90.032639,83.670990
294,2.450000,-0.001300,-0.725313,0.003139,-0.688411,-215.048950,90.033188,83.670723
295,2.458333,-0.001405,-0.725321,0.003171,-0.688402,-215.048401,90.032753,83.671143
296,2.466667,-0.000715,-0.725446,0.002920,-0.688272,-215.045090,90.038071,83.666817
297,2.475000,-0.001209,-0.725340,0.003064,-0.688383,-215.048981,90.030861,83.669670
298,2.483333,-0.000810,-0.725492,0.002682,-0.688225,-215.044662,90.036667,83.665421
299,2.491667,-0.001195,-0.725349,0.002910,-0.688374,-215.048721,90.031326,83.669075
300,2.500000,-0.000761,-0.725464,0.002589,-0.688255,-215.045517,90.038620,83.667038
301,2.508333,-0.000591,-0.725476,0.002647,-0.688243,-215.045547,90.039093,83.665169
302,2.516667,-0.001032,-0.725337,0.002907,-0.688387,-215.049240,90.033791,83.669075
303,2.525000,-0.000718,-0.725424,0.002783,-0.688296,-215.044815,90.036362,83.666245
304,2.533333,-0.001158,-0.725335,0.003005,-0.688389,-215.049622,90.030830,83.668808
305,2.541667,-0.001270,-0.725371,0.003063,-0.688350,-215.049606,90.029945,83.669594
306,2.550000,-0.000807,-0.725498,0.002615,-0.688218,-215.045624,90.036591,83.664856
307,2.558333,-0.001222,-0.725382,0.002795,-0.688340,-215.049072,90.032722,83.669754
308,2.566667,-0.001230,-0.725336,0.002957,-0.688388,-215.048645,90.032677,83.669411
309,2.575000,-0.000606,-0.725406,0.002809,-0.688315,-215.046066,90.037628,83.667160
310,2.583333,-0.001141,-0.725304,0.003150,-0.688420,-215.049103,90.031685,83.669556
311,2.591667,-0.001317,-0.725360,0.003173,-0.688361,-215.049026,90.029816,83.669762
312,2.600000,-0.001350,-0.725335,0.003072,-0.688388,-215.049667,90.031036,83.669334
313,2.608333,-0.000832,-0.725408,0.002791,-0.688313,-215.045547,90.038094,83.666901
314,2.616667,-0.000874,-0.725262,0.003652,-0.688463,-215.050980,90.037720,83.670242
315,2.625000,-0.000966,-0.725251,0.003880,-0.688473,-215.051361,90.037392,83.669357
316,2.633333,-0.001231,-0.725291,0.003525,-0.688433,-215.050339,90.032906,83.669487
317,2.641667,-0.000702,-0.725435,0.002748,-0.688285,-215.046219,90.037064,83.666534
318,2.650000,-0.000563,-0.725470,0.002572,-0.688248,-215.046143,90.037254,83.665695
319,2.658333,-0.000546,-0.725500,0.002564,-0.688217,-215.047455,90.037903,83.664703
320,2.666667,-0.000613,-0.725487,0.002690,-0.688230,-215.048126,90.039299,83.664474
321,2.675000,-0.000593,-0.725472,0.002907,-0.688245,-215.048340,90.039604,83.666176
322,2.683333,-0.000353,-0.725366,0.003330,-0.688355,-215.048477,90.041901,83.666298
323,2.691667,-0.000385,-0.725384,0.003268,-0.688336,-215.048218,90.041824,83.665451
324,2.700000,-0.000591,-0.725430,0.003098,-0.688289,-215.047836,90.041039,83.666962
325,2.708333,-0.000535,-0.725461,0.002873,-0.688257,-215.047272,90.040176,83.665756
326,2.716667,-0.000562,-0.725468,0.002704,-0.688250,-215.048401,90.039131,83.665314
327,2.725000,-0.001222,-0.725338,0.002969,-0.688385,-215.050323,90.031967,83.668678
328,2.733333,-0.000845,-0.725463,0.002940,-0.688255,-215.046188,90.037224,83.665970
329,2.741667,-0.000668,-0.725479,0.002893,-0.688238,-215.047806,90.039238,83.665565
330,2.750000,-0.000649,-0.725465,0.002903,-0.688253,-215.048340,90.039383,83.665077
331,2.758333,-0.001133,-0.725334,0.002923,-0.688390,-215.051239,90.032928,83.668640
332,2.766667,-0.000704,-0.725441,0.002674,-0.688279,-215.045761,90.037094,83.666542
333,2.775000,-0.000584,-0.725484,0.002719,-0.688233,-215.046783,90.038261,83.664619
334,2.783333,-0.000413,-0.725441,0.003209,-0.688276,-215.049149,90.042465,83.664688
335,2.791667,-0.000458,-0.725497,0.003072,-0.688219,-215.049316,90.042336,83.664337
336,2.800000,-0.000485,-0.725458,0.002784,-0.688261,-215.048843,90.040680,83.665619
337,2.808333,-0.000543,-0.725457,0.002628,-0.688262,-215.048386,90.039391,83.664398
338,2.816667,-0.000713,-0.725463,0.002546,-0.688256,-215.047836,90.038269,83.664650
339,2.825000,-0.000599,-0.725481,0.002615,-0.688236,-215.047531,90.036354,83.665154
340,2.833333,-0.000715,-0.725517,0.002794,-0.688199,-215.047501,90.036781,83.665077
341,2.841667,-0.000672,-0.725483,0.002768,-0.688234,-215.048126,90.037910,83.665550
342,2.850000,-0.000532,-0.725478,0.002675,-0.688240,-215.047668,90.039352,83.665863
343,2.858333,-0.000566,-0.725493,0.002804,-0.688224,-215.048172,90.039253,83.666344
344,2.866667,-0.001245,-0.725322,0.003105,-0.688401,-215.051575,90.033150,83.670151
345,2.875000,-0.001319,-0.725313,0.003103,-0.688411,-215.050674,90.031746,83.669891
346,2.883333,-0.001344,-0.725323,0.002970,-0.688401,-215.050415,90.030083,83.670822
347,2.891667,-0.001343,-0.725345,0.003136,-0.688377,-215.048950,90.029732,83.669632
348,2.900000,-0.001366,-0.725384,0.003204,-0.688336,-215.048508,90.029167,83.670929
349,2.908333,-0.001443,-0.725356,0.003229,-0.688365,-215.047379,90.029968,83.670380
350,2.916667,-0.001372,-0.725369,0.003364,-0.688351,-215.045685,90.029564,83.669800
351,2.925000,-0.001403,-0.725390,0.003343,-0.688329,-215.045258,90.030518,83.669838
352,2.933333,-0.001579,-0.725365,0.003381,-0.688355,-215.042664,90.031166,83.671227
353,2.941667,-0.001620,-0.725338,0.003465,-0.688382,-215.038940,90.030136,83.676193
354,2.950000,-0.001982,-0.725266,0.003232,-0.688459,-215.034012,90.032021,83.680878
355,2.958333,-0.001929,-0.725238,0.002948,-0.688489,-215.029953,90.030128,83.688126
356,2.966667,-0.002213,-0.725240,0.002735,-0.688487,-215.027100,90.029877,83.697418
357,2.975000,-0.002251,-0.725255,0.003364,-0.688469,-215.025833,90.036385,83.704338
358,2.983333,-0.002283,-0.725216,0.003604,-0.688509,-215.024734,90.039276,83.714165
359,2.991667,-0.002602,-0.725284,0.003177,-0.688438,-215.022354,90.037468,83.727219
360,3.000000,-0.003181,-0.725066,0.003853,-0.688661,-215.017151,90.027641,83.749657
361,3.008333,-0.003682,-0.725140,0.003788,-0.688582,-215.011856,90.028709,83.767845
362,3.016667,-0.004066,-0.725418,0.003915,-0.688285,-215.003387,90.028023,83.785103
363,3.025000,-0.004861,-0.725569,0.003901,-0.688121,-214.997391,90.028725,83.806480
364,3.033333,-0.005179,-0.725932,0.003383,-0.687739,-214.985275,90.037056,83.825851
365,3.041667,-0.005010,-0.725988,0.001758,-0.687687,-214.982025,90.052643,83.852516
366,3.050000,-0.005234,-0.725457,0.000724,-0.688247,-214.984863,90.060356,83.885124
367,3.058333,-0.006038,-0.725097,-0.000435,-0.688620,-214.992569,90.055634,83.914856
368,3.066667,-0.007208,-0.724986,-0.001850,-0.688723,-215.000031,90.049095,83.936157
369,3.075000,-0.007397,-0.725423,-0.003561,-0.688255,-215.013962,90.052399,83.945213
370,3.083333,-0.007476,-0.725445,-0.004367,-0.688226,-215.021011,90.055313,83.961456
371,3.091667,-0.007971,-0.725336,-0.004859,-0.688332,-215.024445,90.058418,83.979553
372,3.100000,-0.008240,-0.725288,-0.005118,-0.688378,-215.027908,90.061722,83.993988
373,3.108333,-0.009502,-0.725082,-0.005073,-0.688579,-215.035126,90.056145,84.014778
374,3.116667,-0.009996,-0.725274,-0.005023,-0.688369,-215.038940,90.055939,84.030548
375,3.125000,-0.010198,-0.725418,-0.005240,-0.688213,-215.040344,90.055099,84.040314
376,3.133333,-0.010041,-0.725482,-0.005579,-0.688145,-215.042236,90.055847,84.047745
377,3.141667,-0.009948,-0.725375,-0.005747,-0.688258,-215.046432,90.058685,84.058044
378,3.150000,-0.009715,-0.725290,-0.005946,-0.688349,-215.047699,90.065514,84.067696
379,3.158333,-0.009685,-0.725267,-0.006018,-0.688373,-215.048599,90.068771,84.074135
380,3.166667,-0.009919,-0.725326,-0.005997,-0.688308,-215.046906,90.068535,84.081779
381,3.175000,-0.010361,-0.725377,-0.006226,-0.688245,-215.046234,90.067848,84.092079
382,3.183333,-0.010537,-0.725437,-0.006533,-0.688177,-215.044830,90.067719,84.104958
383,3.191667,-0.010743,-0.725556,-0.006661,-0.688047,-215.044022,90.068710,84.118095
384,3.200000,-0.010705,-0.725601,-0.006854,-0.687998,-215.042831,90.068497,84.128746
385,3.208333,-0.010803,-0.725604,-0.006996,-0.687992,-215.041534,90.068855,84.139671
386,3.216667,-0.011163,-0.725272,-0.006575,-0.688341,-215.033173,90.065239,84.151657
387,3.225000,-0.011387,-0.725197,-0.006731,-0.688414,-215.030762,90.065964,84.157005
388,3.233333,-0.011430,-0.725170,-0.006688,-0.688443,-215.030289,90.065186,84.155746
389,3.241667,-0.011136,-0.725457,-0.007099,-0.688140,-215.038208,90.068192,84.139671
390,3.250000,-0.010779,-0.725535,-0.007063,-0.688065,-215.041702,90.069618,84.123474
391,3.258333,-0.010513,-0.725391,-0.007028,-0.688221,-215.044495,90.070084,84.099380
392,3.266667,-0.010352,-0.725274,-0.006854,-0.688349,-215.046738,90.069382,84.073654
393,3.275000,-0.010961,-0.725374,-0.006890,-0.688233,-215.041321,90.063530,84.046616
394,3.283333,-0.011784,-0.725494,-0.006928,-0.688093,-215.036194,90.059959,84.034828
395,3.291667,-0.012866,-0.725495,-0.007360,-0.688068,-215.032928,90.063530,84.050171
396,3.300000,-0.013334,-0.725503,-0.008487,-0.688037,-215.034012,90.086906,84.069649
397,3.308333,-0.014242,-0.725135,-0.008730,-0.688404,-215.022354,90.119438,84.110794
398,3.316667,-0.016411,-0.725339,-0.010414,-0.688117,-215.023178,90.182671,84.135902
399,3.325000,-0.016237,-0.725211,-0.010865,-0.688249,-215.023117,90.237564,84.139618
400,3.333333,-0.013302,-0.725112,-0.009270,-0.688441,-215.016342,90.280014,84.140732
401,3.341667,-0.014133,-0.725590,-0.007890,-0.687937,-215.005234,90.333054,84.145020
402,3.350000,-0.014990,-0.725776,-0.008044,-0.687721,-215.001755,90.371094,84.157791
403,3.358333,-0.015500,-0.725832,-0.008422,-0.687646,-214.999435,90.414505,84.170624
404,3.366667,-0.015800,-0.725923,-0.008669,-0.687540,-214.996964,90.467316,84.187576
405,3.375000,-0.015063,-0.726086,-0.009570,-0.687372,-215.002945,90.532616,84.200661
406,3.383333,-0.014083,-0.726074,-0.009791,-0.687402,-215.007431,90.591080,84.214386
407,3.391667,-0.013159,-0.725499,-0.009044,-0.688038,-215.003082,90.639023,84.235809
408,3.400000,-0.012697,-0.725508,-0.008987,-0.688038,-215.003922,90.684036,84.242615
409,3.408333,-0.011912,-0.725798,-0.009990,-0.687733,-214.998276,90.741554,84.241592
410,3.416667,-0.014294,-0.725868,-0.009666,-0.687617,-215.004150,90.791618,84.247871
411,3.425000,-0.014899,-0.725830,-0.008999,-0.687654,-214.999634,90.851570,84.244652
412,3.433333,-0.013482,-0.725742,-0.006644,-0.687803,-214.989471,90.932953,84.239494
413,3.441667,-0.012081,-0.725751,-0.005855,-0.687827,-214.978607,91.010162,84.245728
414,3.450000,-0.011857,-0.725767,-0.006118,-0.687811,-214.976959,91.074928,84.259026
415,3.458333,-0.010962,-0.726106,-0.006651,-0.687463,-214.981369,91.137749,84.261635
416,3.466667,-0.010788,-0.725931,-0.006772,-0.687649,-214.975281,91.187546,84.264740
417,3.475000,-0.010800,-0.725781,-0.007876,-0.687796,-214.979645,91.239182,84.272980
418,3.483333,-0.010857,-0.725745,-0.008117,-0.687830,-214.972397,91.286179,84.280861
419,3.491667,-0.010596,-0.725595,-0.007118,-0.688004,-214.960266,91.328278,84.289520
420,3.500000,-0.009249,-0.726061,-0.007023,-0.687532,-214.948135,91.386757,84.280159
421,3.508333,-0.008200,-0.726689,-0.007103,-0.686881,-214.956482,91.441490,84.273720
422,3.516667,-0.009105,-0.726494,-0.005688,-0.687088,-214.963364,91.514809,84.273300
423,3.525000,-0.009363,-0.726193,-0.004970,-0.687409,-214.959717,91.570030,84.275558
424,3.533333,-0.007944,-0.726017,-0.004657,-0.687616,-214.957642,91.599693,84.302063
425,3.541667,-0.007631,-0.726180,-0.004707,-0.687446,-214.949509,91.642075,84.315338
426,3.550000,-0.008225,-0.726312,-0.004844,-0.687299,-214.943054,91.690002,84.321045
427,3.558333,-0.008278,-0.726603,-0.005112,-0.686989,-214.936966,91.747108,84.320511
428,3.566667,-0.007505,-0.726614,-0.004695,-0.686989,-214.913391,91.808517,84.324173
429,3.575000,-0.007468,-0.726649,-0.004316,-0.686955,-214.909912,91.869316,84.324142
430,3.583333,-0.007458,-0.726387,-0.003654,-0.687236,-214.918518,91.919128,84.325371
431,3.591667,-0.006359,-0.726104,-0.002411,-0.687552,-214.921692,91.979889,84.319702
432,3.600000,-0.005258,-0.725979,-0.001291,-0.687696,-214.917892,92.032562,84.314919
433,3.608333,-0.005796,-0.726384,-0.000328,-0.687264,-214.909836,92.072906,84.304230
434,3.616667,-0.004544,-0.726638,-0.000837,-0.687005,-214.901306,92.138466,84.303040
435,3.625000,-0.003593,-0.726708,-0.000827,-0.686936,-214.897202,92.199867,84.302788
436,3.633333,-0.003016,-0.726657,-0.000261,-0.686994,-214.894516,92.255150,84.301186
437,3.641667,-0.002583,-0.726564,0.000316,-0.687094,-214.892273,92.305550,84.299881
438,3.650000,-0.002145,-0.726642,0.000098,-0.687013,-214.893311,92.357162,84.295563
439,3.658333,-0.001888,-0.726678,0.000449,-0.686976,-214.896896,92.403122,84.297043
440,3.666667,-0.001446,-0.727015,0.000518,-0.686620,-214.891907,92.446487,84.289261
441,3.675000,-0.000724,-0.727087,0.002060,-0.686542,-214.888672,92.495399,84.279808
442,3.683333,-0.000050,-0.727171,0.003744,-0.686446,-214.879395,92.544693,84.274521
443,3.691667,-0.000638,-0.726973,0.003353,-0.686658,-214.883209,92.576958,84.288826
444,3.700000,-0.001042,-0.726912,0.002411,-0.686726,-214.878082,92.610794,84.294907
445,3.708333,-0.000380,-0.727282,0.001064,-0.686338,-214.872055,92.658424,84.286407
446,3.716667,-0.000100,-0.727191,0.000648,-0.686434,-214.877823,92.700562,84.280403
447,3.725000,0.000240,-0.727111,0.001130,-0.686519,-214.882690,92.737068,84.275322
448,3.733333,0.001321,-0.726839,0.001577,-0.686805,-214.885162,92.779640,84.277641
449,3.741667,0.002040,-0.726863,0.001845,-0.686777,-214.885757,92.822739,84.272804
450,3.750000,0.002612,-0.726907,0.002504,-0.686727,-214.886765,92.860596,84.266167
451,3.758333,0.002216,-0.726716,0.003635,-0.686925,-214.891464,92.884842,84.268211
452,3.766667,0.002348,-0.726604,0.004548,-0.687037,-214.887497,92.911598,84.268806
453,3.775000,0.002648,-0.726579,0.005109,-0.687058,-214.884598,92.938240,84.267960
454,3.783333,0.003534,-0.726568,0.005276,-0.687065,-214.882843,92.970245,84.266922
455,3.791667,0.003990,-0.726502,0.005331,-0.687132,-214.881165,93.000015,84.268547
456,3.800000,0.004291,-0.726716,0.004730,-0.686908,-214.879471,93.031052,84.267693
457,3.808333,0.004183,-0.726802,0.004390,-0.686820,-214.878494,93.055290,84.267738
458,3.816667,0.005085,-0.727140,0.003757,-0.686460,-214.864929,93.087418,84.262009
459,3.825000,0.005253,-0.727348,0.003650,-0.686239,-214.864487,93.108780,84.262230
460,3.833333,0.005008,-0.727462,0.003581,-0.686120,-214.864304,93.128838,84.263824
461,3.841667,0.004218,-0.727126,0.004117,-0.686479,-214.854935,93.145676,84.269997
462,3.850000,0.004101,-0.727194,0.003802,-0.686409,-214.853714,93.172096,84.272675
463,3.858333,0.004051,-0.727201,0.003762,-0.686402,-214.855835,93.198082,84.274483
464,3.866667,0.003391,-0.727242,0.004440,-0.686359,-214.854599,93.220200,84.274742
465,3.875000,0.003017,-0.727324,0.004932,-0.686270,-214.853027,93.244965,84.271790
466,3.883333,0.002795,-0.727338,0.005719,-0.686250,-214.852234,93.268387,84.269264
467,3.891667,0.002941,-0.727372,0.006625,-0.686205,-214.850525,93.289024,84.269035
468,3.900000,0.003031,-0.727474,0.007103,-0.686092,-214.849136,93.307732,84.269012
469,3.908333,0.003432,-0.727508,0.007450,-0.686050,-214.846329,93.326981,84.268845
470,3.916667,0.002161,-0.727630,0.007441,-0.685926,-214.847946,93.357498,84.270866
471,3.925000,0.001441,-0.727555,0.007486,-0.686007,-214.845093,93.381004,84.270714
472,3.933333,0.001227,-0.727547,0.007188,-0.686019,-214.842651,93.396629,84.271011
473,3.941667,0.000166,-0.727787,0.007727,-0.685759,-214.851959,93.399124,84.264252
474,3.950000,0.000206,-0.727856,0.007988,-0.685684,-214.851669,93.414200,84.261047
475,3.958333,0.002056,-0.727955,0.007038,-0.685586,-214.840820,93.450951,84.258934
476,3.966667,0.005469,-0.727455,0.008943,-0.686075,-214.832718,93.482742,84.255653
477,3.975000,0.005142,-0.727579,0.009737,-0.685936,-214.827850,93.516350,84.257233
478,3.983333,0.006095,-0.727435,0.009588,-0.686083,-214.821808,93.530807,84.258820
479,3.991667,0.006022,-0.727709,0.008182,-0.685810,-214.817886,93.543152,84.254524
480,4.000000,0.005242,-0.727747,0.006847,-0.685792,-214.816208,93.552505,84.251015
481,4.008333,0.005054,-0.727789,0.005820,-0.685758,-214.812897,93.571182,84.248528
482,4.016667,0.005217,-0.727732,0.005428,-0.685821,-214.812134,93.590576,84.250694
483,4.025000,0.006225,-0.727599,0.007600,-0.685932,-214.815659,93.624649,84.253281
484,4.033333,0.005937,-0.727765,0.007997,-0.685755,-214.817520,93.656693,84.252014
485,4.041667,0.006453,-0.727881,0.007651,-0.685631,-214.816025,93.670372,84.254128
486,4.050000,0.005938,-0.728336,0.007030,-0.685158,-214.821075,93.690369,84.247475
487,4.058333,0.005518,-0.728564,0.006332,-0.684927,-214.817520,93.706116,84.246353
488,4.066667,0.005015,-0.728413,0.006575,-0.685088,-214.793701,93.719116,84.249023
489,4.075000,0.005154,-0.728746,0.006507,-0.684734,-214.775299,93.749878,84.245987
490,4.083333,0.005510,-0.728914,0.007379,-0.684544,-214.755829,93.796959,84.244667
491,4.091667,0.006440,-0.728889,0.007878,-0.684557,-214.728455,93.856094,84.237877
492,4.100000,0.007593,-0.728931,0.008636,-0.684491,-214.698624,93.931976,84.228424
493,4.108333,0.006757,-0.729527,0.008946,-0.683860,-214.674973,94.018875,84.211159
494,4.116667,0.006618,-0.729465,0.009535,-0.683919,-214.659454,94.088669,84.203812
495,4.125000,0.009634,-0.729432,0.010586,-0.683904,-214.648682,94.132248,84.196167
496,4.133333,0.010480,-0.729372,0.011673,-0.683937,-214.653564,94.164886,84.186180
497,4.141667,0.010673,-0.729272,0.012228,-0.684031,-214.660767,94.198975,84.177086
498,4.150000,0.011210,-0.729085,0.012607,-0.684215,-214.670273,94.240120,84.170280
499,4.158333,0.013030,-0.728956,0.012227,-0.684327,-214.676422,94.292343,84.166031
500,4.166667,0.014852,-0.728897,0.012237,-0.684353,-214.680618,94.335632,84.162971
501,4.175000,0.015803,-0.728882,0.012582,-0.684342,-214.680984,94.369934,84.157433
502,4.183333,0.016172,-0.728945,0.012801,-0.684262,-214.680557,94.391541,84.154198
503,4.191667,0.015979,-0.728949,0.013218,-0.684254,-214.679977,94.403229,84.151581
504,4.200000,0.015627,-0.728967,0.013526,-0.684237,-214.685089,94.411201,84.149048
505,4.208333,0.015418,-0.728925,0.013621,-0.684284,-214.690369,94.420464,84.147522
506,4.216667,0.015298,-0.728972,0.013940,-0.684231,-214.695114,94.428024,84.146973
507,4.225000,0.015319,-0.728990,0.014210,-0.684206,-214.696457,94.435036,84.145264
508,4.233333,0.015463,-0.728987,0.014225,-0.684205,-214.693451,94.440819,84.143814
509,4.241667,0.015531,-0.728980,0.014169,-0.684212,-214.691620,94.441101,84.144463
510,4.250000,0.015394,-0.728965,0.014018,-0.684234,-214.689545,94.437920,84.145370
511,4.258333,0.015378,-0.728945,0.013872,-0.684259,-214.689774,94.431404,84.146759
512,4.266667,0.015220,-0.728948,0.013836,-0.684260,-214.688919,94.427071,84.147644
513,4.275000,0.015183,-0.728946,0.013758,-0.684264,-214.686371,94.427460,84.146538
514,4.283333,0.015301,-0.728914,0.013808,-0.684295,-214.684540,94.430847,84.146751
515,4.291667,0.015456,-0.728951,0.013875,-0.684251,-214.681290,94.437370,84.145142
516,4.300000,0.015391,-0.728931,0.013961,-0.684271,-214.680786,94.439407,84.145462
517,4.308333,0.015468,-0.728888,0.014088,-0.684313,-214.681870,94.436356,84.146980
518,4.316667,0.015415,-0.728912,0.014084,-0.684289,-214.682556,94.432709,84.146492
519,4.325000,0.015322,-0.728918,0.013989,-0.684287,-214.684555,94.428474,84.146263
520,4.333333,0.015322,-0.728946,0.013812,-0.684261,-214.684586,94.429764,84.144592
521,4.341667,0.015416,-0.728960,0.013671,-0.684246,-214.686462,94.433563,84.144760
522,4.350000,0.015380,-0.728976,0.013832,-0.684227,-214.688354,94.436203,84.143539
523,4.358333,0.015285,-0.728953,0.013996,-0.684250,-214.690811,94.437378,84.143776
524,4.366667,0.015420,-0.728966,0.014027,-0.684233,-214.691971,94.435158,84.144951
525,4.375000,0.015366,-0.728969,0.014046,-0.684230,-214.692947,94.431396,84.145935
526,4.383333,0.015126,-0.728984,0.014026,-0.684220,-214.692444,94.429680,84.145416
527,4.391667,0.015266,-0.728962,0.013910,-0.684243,-214.690491,94.430649,84.144958
528,4.400000,0.015347,-0.728981,0.013823,-0.684222,-214.689667,94.435219,84.145615
529,4.408333,0.015318,-0.728932,0.013812,-0.684276,-214.688690,94.437042,84.145142
530,4.416667,0.015373,-0.728934,0.013873,-0.684270,-214.687866,94.435707,84.145874
531,4.425000,0.015510,-0.728968,0.014030,-0.684229,-214.686829,94.432358,84.146843
532,4.433333,0.015300,-0.728967,0.013963,-0.684236,-214.684586,94.431725,84.145508
533,4.441667,0.015276,-0.728940,0.013904,-0.684266,-214.682724,94.431007,84.146301
534,4.450000,0.015390,-0.728965,0.013830,-0.684238,-214.681534,94.432983,84.146568
535,4.458333,0.015483,-0.728894,0.013840,-0.684311,-214.681503,94.433685,84.145630
536,4.466667,0.015410,-0.728943,0.013845,-0.684261,-214.682800,94.434883,84.145660
537,4.475000,0.015378,-0.728952,0.013820,-0.684252,-214.683914,94.434021,84.146011
538,4.483333,0.015410,-0.728948,0.013862,-0.684255,-214.685226,94.432327,84.146317
539,4.491667,0.015437,-0.728959,0.013839,-0.684244,-214.687012,94.432274,84.145508
540,4.500000,0.015392,-0.728964,0.013845,-0.684239,-214.688904,94.432281,84.145561
541,4.508333,0.015378,-0.728983,0.013823,-0.684220,-214.690140,94.433578,84.144569
542,4.516667,0.015324,-0.728986,0.013951,-0.684215,-214.690948,94.434189,84.144684
543,4.525000,0.015278,-0.728986,0.014036,-0.684214,-214.691025,94.433937,84.145180
544,4.533333,0.015245,-0.728951,0.014042,-0.684252,-214.689514,94.433815,84.145126
545,4.541667,0.015396,-0.728965,0.013974,-0.684235,-214.688797,94.433029,84.144936
546,4.550000,0.015501,-0.728960,0.013894,-0.684240,-214.689056,94.431152,84.145119
547,4.558333,0.015321,-0.728998,0.013768,-0.684206,-214.687271,94.432358,84.143967
548,4.566667,0.015309,-0.728973,0.013866,-0.684231,-214.686630,94.433990,84.145798
549,4.575000,0.015428,-0.728961,0.014012,-0.684238,-214.685440,94.433952,84.144585
550,4.583333,0.015325,-0.728880,0.014100,-0.684325,-214.684799,94.433624,84.146706
551,4.591667,0.015477,-0.728888,0.013913,-0.684316,-214.683838,94.431801,84.146156
552,4.600000,0.015451,-0.728935,0.013795,-0.684270,-214.683487,94.432587,84.145157
553,4.608333,0.015301,-0.728939,0.013818,-0.684268,-214.684677,94.433327,84.145668
554,4.616667,0.015549,-0.728985,0.013943,-0.684211,-214.684631,94.432487,84.144768
555,4.625000,0.015418,-0.728977,0.013980,-0.684222,-214.685516,94.433144,84.144363
556,4.633333,0.015438,-0.728922,0.013950,-0.684281,-214.686325,94.433685,84.145180
557,4.641667,0.015357,-0.728919,0.013965,-0.684286,-214.686066,94.433258,84.144623
558,4.650000,0.015380,-0.728938,0.013910,-0.684266,-214.687820,94.430901,84.144142
559,4.658333,0.015218,-0.728960,0.013960,-0.684245,-214.687988,94.431267,84.144226
560,4.666667,0.015338,-0.728985,0.013922,-0.684216,-214.689178,94.431786,84.145226
561,4.675000,0.015275,-0.728952,0.013904,-0.684253,-214.689819,94.432602,84.145210
562,4.683333,0.015316,-0.728949,0.013900,-0.684256,-214.689941,94.432999,84.144585
563,4.691667,0.015224,-0.728943,0.013900,-0.684264,-214.689667,94.433006,84.145096
564,4.700000,0.015307,-0.728937,0.013991,-0.684267,-214.688110,94.432098,84.144066
565,4.708333,0.015471,-0.728922,0.013945,-0.684280,-214.687378,94.432121,84.146454
566,4.716667,0.015392,-0.728929,0.013905,-0.684275,-214.685913,94.434532,84.146156
567,4.725000,0.015323,-0.728922,0.013889,-0.684284,-214.685394,94.433388,84.146126
568,4.733333,0.015324,-0.728937,0.013848,-0.684270,-214.684174,94.434280,84.145485
569,4.741667,0.015329,-0.728934,0.013709,-0.684275,-214.684296,94.434868,84.145248
570,4.750000,0.015386,-0.728977,0.013876,-0.684224,-214.684631,94.433128,84.145859
571,4.758333,0.015400,-0.728949,0.013909,-0.684253,-214.684265,94.431656,84.144661
572,4.766667,0.015277,-0.728945,0.013850,-0.684262,-214.684708,94.432747,84.145813
573,4.775000,0.015372,-0.728946,0.013865,-0.684258,-214.684814,94.433502,84.144737
574,4.783333,0.015408,-0.728936,0.013844,-0.684268,-214.686279,94.433693,84.144417
575,4.791667,0.015402,-0.728893,0.013826,-0.684314,-214.687469,94.433914,84.145454
576,4.800000,0.015388,-0.728945,0.013804,-0.684260,-214.687134,94.433685,84.144135
577,4.808333,0.015297,-0.728931,0.013850,-0.684276,-214.688538,94.432610,84.144958
578,4.816667,0.015161,-0.728964,0.013869,-0.684243,-214.688400,94.433540,84.144196
579,4.825000,0.015198,-0.728938,0.013936,-0.684269,-214.688583,94.431786,84.145508
580,4.833333,0.015192,-0.728967,0.013991,-0.684237,-214.687485,94.431564,84.146378
581,4.841667,0.015238,-0.728989,0.013894,-0.684215,-214.687805,94.432686,84.145393
582,4.850000,0.015283,-0.728939,0.013830,-0.684268,-214.688324,94.432487,84.146202
583,4.858333,0.015337,-0.728961,0.013822,-0.684244,-214.686890,94.433289,84.145340
584,4.866667,0.015337,-0.728945,0.013824,-0.684261,-214.687271,94.432465,84.145744
585,4.875000,0.015357,-0.728952,0.013847,-0.684253,-214.686417,94.431870,84.145958
586,4.883333,0.015280,-0.728968,0.013787,-0.684239,-214.685410,94.432495,84.145271
587,4.891667,0.015196,-0.728968,0.013734,-0.684242,-214.685272,94.432350,84.146408
588,4.900000,0.015249,-0.728976,0.013698,-0.684233,-214.685104,94.433823,84.145653
589,4.908333,0.015396,-0.728974,0.013752,-0.684230,-214.686462,94.434776,84.146622
590,4.916667,0.015374,-0.728949,0.013875,-0.684255,-214.686722,94.436958,84.147156
591,4.925000,0.015406,-0.728961,0.014090,-0.684237,-214.686798,94.440704,84.148560
592,4.933333,0.015393,-0.728918,0.014225,-0.684280,-214.687973,94.445694,84.150314
593,4.941667,0.015418,-0.728900,0.014446,-0.684294,-214.689133,94.450882,84.152267
594,4.950000,0.015521,-0.728840,0.014817,-0.684348,-214.689392,94.460030,84.154816
595,4.958333,0.014839,-0.728959,0.015224,-0.684227,-214.690689,94.473091,84.162148
596,4.966667,0.014778,-0.729015,0.015770,-0.684156,-214.689896,94.481544,84.168663
597,4.975000,0.014360,-0.728562,0.016457,-0.684631,-214.681030,94.480881,84.184784
598,4.983333,0.014114,-0.728401,0.016582,-0.684805,-214.675949,94.485733,84.196579
599,4.991667,0.013908,-0.728361,0.016663,-0.684849,-214.671036,94.489899,84.211121
600,5.000000,0.014126,-0.728254,0.016707,-0.684958,-214.665176,94.496849,84.225540
601,5.008333,0.014076,-0.728246,0.016653,-0.684969,-214.660934,94.504890,84.239075
602,5.016667,0.013818,-0.728248,0.016720,-0.684970,-214.657593,94.511589,84.251366
603,5.025000,0.013608,-0.728387,0.016817,-0.684824,-214.653183,94.517151,84.263268
604,5.033333,0.013689,-0.728520,0.016878,-0.684680,-214.648178,94.520638,84.279572
605,5.041667,0.013604,-0.728677,0.016939,-0.684513,-214.642746,94.523628,84.297562
606,5.050000,0.013627,-0.728827,0.016729,-0.684358,-214.635086,94.526848,84.316948
607,5.058333,0.013524,-0.729185,0.016514,-0.683984,-214.624146,94.524803,84.341217
608,5.066667,0.013863,-0.729438,0.016396,-0.683710,-214.607651,94.521019,84.369148
609,5.075000,0.014158,-0.729555,0.016389,-0.683580,-214.590698,94.509598,84.398605
610,5.083333,0.014032,-0.729415,0.016649,-0.683725,-214.568085,94.490608,84.435555
611,5.091667,0.013550,-0.729302,0.017000,-0.683847,-214.542297,94.468239,84.472977
612,5.100000,0.012838,-0.729801,0.017482,-0.683316,-214.507156,94.438721,84.507378
613,5.108333,0.011762,-0.730489,0.017690,-0.682594,-214.469528,94.404198,84.542183
614,5.116667,0.010405,-0.730723,0.017885,-0.682360,-214.436600,94.365562,84.579323
615,5.125000,0.011666,-0.731284,0.017445,-0.681750,-214.389877,94.322739,84.622078
616,5.133333,0.012581,-0.732029,0.016792,-0.680950,-214.340729,94.276680,84.680428
617,5.141667,0.012343,-0.732368,0.015664,-0.680617,-214.289993,94.220695,84.743622
618,5.150000,0.011225,-0.732787,0.014565,-0.680209,-214.246246,94.166084,84.797722
619,5.158333,0.010694,-0.733450,0.014037,-0.679514,-214.201401,94.100075,84.857025
620,5.166667,0.010371,-0.733547,0.013095,-0.679433,-214.169266,94.046227,84.914848
621,5.175000,0.010168,-0.733872,0.011300,-0.679117,-214.135223,93.981529,84.983170
622,5.183333,0.008786,-0.733922,0.010452,-0.679097,-214.101242,93.898956,85.060432
623,5.191667,0.008097,-0.733911,0.009310,-0.679133,-214.046173,93.818619,85.130600
624,5.200000,0.008557,-0.734870,0.007565,-0.678112,-214.007141,93.759491,85.187836
625,5.208333,0.006428,-0.735389,0.006224,-0.677586,-213.974030,93.706497,85.243454
626,5.216667,0.004736,-0.735463,0.004958,-0.677530,-213.932373,93.647789,85.310516
627,5.225000,0.002907,-0.735698,0.004893,-0.677286,-213.884445,93.591209,85.384293
628,5.233333,0.003842,-0.736009,0.005053,-0.676942,-213.841461,93.535187,85.446602
629,5.241667,0.004173,-0.736393,0.005303,-0.676521,-213.798096,93.500557,85.506920
630,5.250000,0.004239,-0.736967,0.004625,-0.675900,-213.763000,93.486015,85.563354
631,5.258333,0.004307,-0.736984,0.005735,-0.675872,-213.718964,93.482216,85.621605
632,5.266667,0.005033,-0.737568,0.005942,-0.675228,-213.669922,93.472313,85.690506
633,5.275000,0.004944,-0.738290,0.005709,-0.674441,-213.624359,93.454018,85.754028
634,5.283333,0.005171,-0.738722,0.005302,-0.673970,-213.576080,93.437614,85.818634
635,5.291667,0.004706,-0.738317,0.006417,-0.674407,-213.515686,93.426849,85.892952
636,5.300000,0.004765,-0.738918,0.007113,-0.673741,-213.471848,93.432259,85.954865
637,5.308333,0.005089,-0.738976,0.008079,-0.673665,-213.410736,93.439690,86.013168
638,5.316667,0.006699,-0.739125,0.008736,-0.673479,-213.349960,93.456940,86.069183
639,5.325000,0.006450,-0.740126,0.009660,-0.672368,-213.297729,93.489388,86.132874
640,5.333333,0.008493,-0.740378,0.010847,-0.672050,-213.249710,93.504654,86.198700
641,5.341667,0.009920,-0.740537,0.011398,-0.671846,-213.186996,93.535912,86.257835
642,5.350000,0.010791,-0.741218,0.011796,-0.671074,-213.138763,93.574944,86.325371
643,5.358333,0.011604,-0.741889,0.012003,-0.670315,-213.090897,93.615234,86.391731
644,5.366667,0.011312,-0.742219,0.011833,-0.669957,-213.051895,93.655220,86.461327
645,5.375000,0.012452,-0.742392,0.011730,-0.669747,-213.006256,93.702682,86.530602
646,5.383333,0.014765,-0.743022,0.012758,-0.668983,-212.949997,93.763992,86.597725
647,5.391667,0.016222,-0.743289,0.014737,-0.668611,-212.887115,93.816444,86.664108
648,5.400000,0.017974,-0.743234,0.016566,-0.668585,-212.833191,93.871758,86.715408
649,5.408333,0.018980,-0.743370,0.018436,-0.668357,-212.787109,93.920929,86.765060
650,5.416667,0.020366,-0.744106,0.019867,-0.667455,-212.739853,93.965225,86.827820
651,5.425000,0.021699,-0.744936,0.020354,-0.666472,-212.675949,94.010025,86.889145
652,5.433333,0.022537,-0.745305,0.020569,-0.666025,-212.624191,94.052299,86.950478
653,5.441667,0.023542,-0.745782,0.020182,-0.665468,-212.573868,94.096893,87.005013
654,5.450000,0.023777,-0.746199,0.020862,-0.664971,-212.522461,94.131310,87.065048
655,5.458333,0.023952,-0.746400,0.022034,-0.664701,-212.464142,94.154945,87.124046
656,5.466667,0.023945,-0.746628,0.023292,-0.664403,-212.401917,94.178558,87.171844
657,5.475000,0.024046,-0.746812,0.025237,-0.664121,-212.334061,94.192383,87.218491
658,5.483333,0.024568,-0.747641,0.025804,-0.663146,-212.277191,94.205421,87.261009
659,5.491667,0.025257,-0.748042,0.025386,-0.662685,-212.217926,94.216812,87.302841
660,5.500000,0.025594,-0.748268,0.025022,-0.662430,-212.159103,94.224846,87.347099
661,5.508333,0.026143,-0.748516,0.025579,-0.662107,-212.095978,94.230087,87.406334
662,5.516667,0.027165,-0.749252,0.024864,-0.661260,-212.045456,94.245056,87.448105
663,5.525000,0.027069,-0.749146,0.025315,-0.661368,-211.985901,94.248253,87.497261
664,5.533333,0.026691,-0.749236,0.025148,-0.661288,-211.930115,94.246063,87.539833
665,5.541667,0.028826,-0.750262,0.024815,-0.660046,-211.871155,94.226685,87.593102
666,5.550000,0.029750,-0.750879,0.024676,-0.659308,-211.820404,94.214218,87.634636
667,5.558333,0.029288,-0.751132,0.025685,-0.659002,-211.770172,94.201057,87.675774
668,5.566667,0.028590,-0.751289,0.026645,-0.658815,-211.709717,94.182831,87.721596
669,5.575000,0.028507,-0.751583,0.026451,-0.658491,-211.657791,94.159958,87.760559
670,5.583333,0.028224,-0.751852,0.026304,-0.658202,-211.604004,94.137177,87.795319
671,5.591667,0.027708,-0.752773,0.026511,-0.657162,-211.539886,94.114304,87.826805
672,5.600000,0.029359,-0.752082,0.023872,-0.657982,-211.450119,94.100166,87.895653
673,5.608333,0.029021,-0.753244,0.024683,-0.656637,-211.417084,94.062546,87.921188
674,5.616667,0.028663,-0.754157,0.025399,-0.655577,-211.369370,94.024971,87.951431
675,5.625000,0.028172,-0.754850,0.025110,-0.654811,-211.312195,93.983566,87.980583
676,5.633333,0.027825,-0.755219,0.024131,-0.654438,-211.251312,93.951485,88.008018
677,5.641667,0.027466,-0.755506,0.023591,-0.654141,-211.186508,93.924568,88.036911
678,5.650000,0.027798,-0.755903,0.023758,-0.653662,-211.114853,93.892136,88.084923
679,5.658333,0.027786,-0.756574,0.023762,-0.652886,-211.053085,93.864426,88.125572
680,5.666667,0.027288,-0.756971,0.024424,-0.652421,-211.000534,93.832947,88.159798
681,5.675000,0.027329,-0.757632,0.024496,-0.651650,-210.936310,93.814240,88.191200
682,5.683333,0.027312,-0.758152,0.023136,-0.651094,-210.875793,93.802521,88.227478
683,5.691667,0.026905,-0.758244,0.021529,-0.651060,-210.817841,93.789841,88.258194
684,5.700000,0.027122,-0.758971,0.020773,-0.650228,-210.755783,93.776917,88.291901
685,5.708333,0.027123,-0.759352,0.020724,-0.649784,-210.691071,93.755341,88.332977
686,5.716667,0.026637,-0.759502,0.021492,-0.649605,-210.629578,93.723473,88.381668
687,5.725000,0.027402,-0.760206,0.022260,-0.648722,-210.560791,93.703766,88.415588
688,5.733333,0.028024,-0.760694,0.023022,-0.648097,-210.498901,93.678009,88.448761
689,5.741667,0.028153,-0.761145,0.022525,-0.647578,-210.442978,93.656715,88.487938
690,5.750000,0.027598,-0.761445,0.021875,-0.647272,-210.378052,93.638634,88.519760
691,5.758333,0.027331,-0.762302,0.021095,-0.646300,-210.318787,93.625465,88.551086
692,5.766667,0.027384,-0.762639,0.021748,-0.645878,-210.257477,93.611786,88.591866
693,5.775000,0.027600,-0.762694,0.022405,-0.645781,-210.198715,93.598579,88.627213
694,5.783333,0.028085,-0.763236,0.022689,-0.645110,-210.137360,93.591995,88.657204
695,5.791667,0.028764,-0.763279,0.022715,-0.645028,-210.065918,93.585999,88.688789
696,5.800000,0.029156,-0.763469,0.022354,-0.644799,-209.992813,93.575424,88.717583
697,5.808333,0.028445,-0.764524,0.021284,-0.643616,-209.932663,93.554459,88.748787
698,5.816667,0.028109,-0.765731,0.020797,-0.642210,-209.868530,93.528046,88.786003
699,5.825000,0.027763,-0.766380,0.020956,-0.641445,-209.802368,93.503197,88.826477
700,5.833333,0.028206,-0.766630,0.020975,-0.641126,-209.738342,93.485764,88.857155
701,5.841667,0.028318,-0.766850,0.021363,-0.640845,-209.670776,93.466393,88.889786
702,5.850000,0.028301,-0.767245,0.021229,-0.640378,-209.605698,93.455513,88.921577
703,5.858333,0.027985,-0.766640,0.021861,-0.641094,-209.529236,93.436279,88.962791
704,5.866667,0.028325,-0.767652,0.021404,-0.639883,-209.464020,93.430763,88.985641
705,5.875000,0.027840,-0.768579,0.021946,-0.638771,-209.388992,93.416237,89.018944
706,5.883333,0.027251,-0.769285,0.021828,-0.637951,-209.322495,93.390015,89.054398
707,5.891667,0.027112,-0.769872,0.021217,-0.637269,-209.255630,93.368713,89.083221
708,5.900000,0.026447,-0.770327,0.021306,-0.636745,-209.185028,93.345383,89.123329
709,5.908333,0.026843,-0.770817,0.020349,-0.636165,-209.115646,93.339447,89.156166
710,5.916667,0.027396,-0.770625,0.020302,-0.636376,-209.045868,93.327042,89.185715
711,5.925000,0.027724,-0.771313,0.020434,-0.635523,-208.972595,93.317947,89.217690
712,5.933333,0.027744,-0.771687,0.021104,-0.635047,-208.896332,93.301544,89.253983
713,5.941667,0.028473,-0.772887,0.020911,-0.633560,-208.842850,93.294144,89.268585
714,5.950000,0.028367,-0.773454,0.020587,-0.632882,-208.785202,93.279633,89.293640
715,5.958333,0.027848,-0.773409,0.021333,-0.632936,-208.700943,93.258194,89.332405
716,5.966667,0.026397,-0.773599,0.021528,-0.632759,-208.629089,93.234665,89.369278
717,5.975000,0.026102,-0.774156,0.020314,-0.632130,-208.564240,93.219048,89.395813
718,5.983333,0.027191,-0.775102,0.019032,-0.630963,-208.488983,93.211479,89.425430
719,5.991667,0.027532,-0.775225,0.019078,-0.630797,-208.413437,93.194649,89.464432
720,6.000000,0.028195,-0.775520,0.019138,-0.630402,-208.347443,93.189133,89.490906
721,6.008333,0.028807,-0.775619,0.019500,-0.630242,-208.281738,93.176025,89.522255
722,6.016667,0.028687,-0.776287,0.019174,-0.629435,-208.212204,93.155899,89.549721
723,6.025000,0.028384,-0.777098,0.017936,-0.628484,-208.136932,93.134842,89.570076
724,6.033333,0.027260,-0.777442,0.018116,-0.628102,-208.059692,93.108307,89.599258
725,6.041667,0.026690,-0.777988,0.019573,-0.627406,-207.989807,93.085190,89.636063
726,6.050000,0.027066,-0.778769,0.019925,-0.626411,-207.924835,93.076408,89.662674
727,6.058333,0.027526,-0.778847,0.020501,-0.626275,-207.844849,93.069115,89.685181
728,6.066667,0.026968,-0.779329,0.020617,-0.625695,-207.773834,93.057747,89.703583
729,6.075000,0.026893,-0.780114,0.020360,-0.624728,-207.704163,93.040672,89.724174
730,6.083333,0.026819,-0.780829,0.020046,-0.623847,-207.636688,93.019257,89.752403
731,6.091667,0.027223,-0.780896,0.020538,-0.623729,-207.562988,93.000061,89.788101
732,6.100000,0.028125,-0.781532,0.021015,-0.622877,-207.485931,92.988068,89.816841
733,6.108333,0.028757,-0.781948,0.020914,-0.622329,-207.413300,92.974998,89.840218
734,6.116667,0.028260,-0.782587,0.020941,-0.621547,-207.348282,92.964897,89.855469
735,6.125000,0.028957,-0.783272,0.020513,-0.620666,-207.281738,92.965279,89.870438
736,6.133333,0.028946,-0.783821,0.019715,-0.619999,-207.213303,92.951874,89.905869
737,6.141667,0.028658,-0.784202,0.018539,-0.619566,-207.137009,92.936707,89.937767
738,6.150000,0.028242,-0.784466,0.017755,-0.619274,-207.063110,92.921570,89.963287
739,6.158333,0.027969,-0.785413,0.017849,-0.618083,-206.981903,92.907593,89.986038
740,6.166667,0.027036,-0.785157,0.019361,-0.618404,-206.893753,92.879005,90.027168
741,6.175000,0.027015,-0.785438,0.019513,-0.618042,-206.817322,92.864410,90.043571
742,6.183333,0.026148,-0.785929,0.019670,-0.617450,-206.754974,92.842125,90.069878
743,6.191667,0.027083,-0.787010,0.019144,-0.616049,-206.678802,92.834648,90.089584
744,6.200000,0.027869,-0.787688,0.018036,-0.615179,-206.616669,92.824722,90.107620
745,6.208333,0.027712,-0.787879,0.017626,-0.614953,-206.548096,92.810875,90.131264
746,6.216667,0.027551,-0.788440,0.018090,-0.614229,-206.470184,92.802589,90.157135
747,6.225000,0.027062,-0.788963,0.018234,-0.613573,-206.391907,92.793121,90.184120
748,6.233333,0.026579,-0.789261,0.018852,-0.613193,-206.315735,92.778221,90.203979
749,6.241667,0.025813,-0.789779,0.018922,-0.612557,-206.241852,92.763535,90.217400
750,6.250000,0.024700,-0.790416,0.019226,-0.611770,-206.159561,92.742386,90.246597
751,6.258333,0.024222,-0.790915,0.018772,-0.611159,-206.084015,92.723312,90.271675
752,6.266667,0.026485,-0.791037,0.018423,-0.610917,-206.008835,92.694946,90.299438
753,6.275000,0.028128,-0.792006,0.019199,-0.609562,-205.939697,92.697174,90.311539
754,6.283333,0.028799,-0.792600,0.019328,-0.608755,-205.869766,92.701530,90.326439
755,6.291667,0.028799,-0.793042,0.019772,-0.608165,-205.797714,92.695671,90.353027
756,6.300000,0.028218,-0.793014,0.020463,-0.608205,-205.724152,92.674828,90.385490
757,6.308333,0.027491,-0.793549,0.019850,-0.607561,-205.648758,92.656883,90.413895
758,6.316667,0.027241,-0.794228,0.018748,-0.606720,-205.557709,92.648705,90.432259
759,6.325000,0.026984,-0.794964,0.017835,-0.605793,-205.483597,92.641342,90.445290
760,6.333333,0.026705,-0.795576,0.017390,-0.605015,-205.410721,92.634987,90.462158
761,6.341667,0.027237,-0.796066,0.017997,-0.604329,-205.332047,92.611244,90.484703
762,6.350000,0.026973,-0.796206,0.018244,-0.604149,-205.255264,92.598122,90.501884
763,6.358333,0.027875,-0.796555,0.017829,-0.603659,-205.183197,92.592773,90.516571
764,6.366667,0.028617,-0.797245,0.017615,-0.602720,-205.100464,92.585167,90.536026
765,6.375000,0.028560,-0.797837,0.017211,-0.601951,-205.015106,92.567146,90.556198
766,6.383333,0.028120,-0.798564,0.016983,-0.601013,-204.936905,92.549248,90.573639
767,6.391667,0.028163,-0.798913,0.016754,-0.600553,-204.865005,92.535065,90.593567
768,6.400000,0.027505,-0.799813,0.017682,-0.599358,-204.802780,92.516357,90.606834
769,6.408333,0.027538,-0.800225,0.018361,-0.598787,-204.729370,92.503799,90.621346
770,6.416667,0.028432,-0.800385,0.018336,-0.598531,-204.634506,92.496017,90.638939
771,6.425000,0.028570,-0.800717,0.018669,-0.598070,-204.539078,92.475334,90.653931
772,6.433333,0.028482,-0.801640,0.018170,-0.596852,-204.449585,92.462799,90.667107
773,6.441667,0.028404,-0.802265,0.017300,-0.596041,-204.381638,92.463654,90.681442
774,6.450000,0.028467,-0.802484,0.016843,-0.595756,-204.318207,92.464325,90.699493
775,6.458333,0.027490,-0.802926,0.017927,-0.595174,-204.239990,92.444458,90.718391
776,6.466667,0.026723,-0.803234,0.019044,-0.594759,-204.153778,92.421768,90.735641
777,6.475000,0.027631,-0.803727,0.018177,-0.594079,-204.061005,92.415581,90.753380
778,6.483333,0.028400,-0.804140,0.017151,-0.593513,-203.981750,92.406830,90.766731
779,6.491667,0.028818,-0.804788,0.016420,-0.592635,-203.909225,92.393394,90.784096
780,6.500000,0.028711,-0.805372,0.015750,-0.591865,-203.834656,92.380371,90.800713
781,6.508333,0.026768,-0.805925,0.016392,-0.591184,-203.764160,92.356834,90.812637
782,6.516667,0.025365,-0.806041,0.017202,-0.591065,-203.672379,92.335869,90.834366
783,6.525000,0.025680,-0.806509,0.017144,-0.590415,-203.574081,92.330544,90.849686
784,6.533333,0.026489,-0.807518,0.016573,-0.589015,-203.496048,92.324585,90.864334
785,6.541667,0.027346,-0.807701,0.017102,-0.588710,-203.422577,92.323280,90.879974
786,6.550000,0.027614,-0.808326,0.017130,-0.587837,-203.346558,92.324547,90.890625
787,6.558333,0.026518,-0.808964,0.017677,-0.586994,-203.276657,92.310280,90.898376
788,6.566667,0.028140,-0.809500,0.018428,-0.586155,-203.195953,92.288490,90.914047
789,6.575000,0.027883,-0.810034,0.017952,-0.585445,-203.116348,92.264801,90.938866
790,6.583333,0.027722,-0.809975,0.017269,-0.585555,-203.016281,92.252815,90.965591
791,6.591667,0.028101,-0.810510,0.016826,-0.584809,-202.929214,92.243347,90.989319
792,6.600000,0.029280,-0.811137,0.016141,-0.583900,-202.860947,92.235390,90.997040
793,6.608333,0.030000,-0.811610,0.015831,-0.583215,-202.786880,92.232552,91.008316
794,6.616667,0.028644,-0.812111,0.016613,-0.582563,-202.703476,92.207573,91.024559
795,6.625000,0.028395,-0.812847,0.016524,-0.581550,-202.620316,92.187675,91.036240
796,6.633333,0.028008,-0.813251,0.016278,-0.581011,-202.535934,92.168762,91.034805
797,6.641667,0.028702,-0.813396,0.015317,-0.580800,-202.445648,92.167397,91.041580
798,6.650000,0.029021,-0.813956,0.014893,-0.580010,-202.366989,92.157082,91.051712
799,6.658333,0.030017,-0.814511,0.017163,-0.579116,-202.290085,92.158226,91.059479
800,6.666667,0.028939,-0.814997,0.017968,-0.578463,-202.215912,92.125008,91.065750
801,6.675000,0.028209,-0.815340,0.017214,-0.578039,-202.140625,92.099014,91.071564
802,6.683333,0.028206,-0.815493,0.016075,-0.577855,-202.056244,92.090614,91.079430
803,6.691667,0.029315,-0.815940,0.014605,-0.577208,-201.980286,92.094696,91.081230
804,6.700000,0.030122,-0.816700,0.014560,-0.576091,-201.907990,92.095436,91.082970
805,6.708333,0.028663,-0.817327,0.015544,-0.575250,-201.848099,92.076233,91.077789
806,6.716667,0.028188,-0.817610,0.015350,-0.574877,-201.772095,92.067665,91.074799
807,6.725000,0.028860,-0.817953,0.014840,-0.574369,-201.693893,92.074806,91.075111
808,6.733333,0.028554,-0.818392,0.015196,-0.573749,-201.626129,92.075249,91.075478
809,6.741667,0.028962,-0.819288,0.015185,-0.572450,-201.566177,92.080719,91.065483
810,6.750000,0.030468,-0.819335,0.015722,-0.572289,-201.502396,92.069717,91.059547
811,6.758333,0.030116,-0.819654,0.016441,-0.571831,-201.454681,92.052391,91.046700
812,6.766667,0.029858,-0.819745,0.017613,-0.571678,-201.400970,92.048416,91.033478
813,6.775000,0.029741,-0.819997,0.018880,-0.571283,-201.343018,92.044235,91.025993
814,6.783333,0.030905,-0.820524,0.018165,-0.570487,-201.284927,92.058624,91.023682
815,6.791667,0.031319,-0.820693,0.017073,-0.570256,-201.225372,92.063919,91.027901
816,6.800000,0.030681,-0.821232,0.016041,-0.569543,-201.167007,92.049126,91.027634
817,6.808333,0.029778,-0.821738,0.015952,-0.568864,-201.117706,92.028084,91.019028
818,6.816667,0.028694,-0.822644,0.016667,-0.567587,-201.084061,91.994003,90.989098
819,6.825000,0.029131,-0.823030,0.016761,-0.567003,-201.030090,91.971535,90.966049
820,6.833333,0.030101,-0.822841,0.016417,-0.567236,-200.973297,91.963081,90.954491
821,6.841667,0.030398,-0.823016,0.016248,-0.566972,-200.923782,91.951965,90.945885
822,6.850000,0.030387,-0.823286,0.016231,-0.566581,-200.870438,91.931870,90.936905
823,6.858333,0.030065,-0.823683,0.015627,-0.566037,-200.821686,91.904251,90.920868
824,6.866667,0.028566,-0.824264,0.015567,-0.565271,-200.781586,91.856346,90.897842
825,6.875000,0.027685,-0.824829,0.015641,-0.564488,-200.739838,91.817169,90.891510
826,6.883333,0.027133,-0.825329,0.015871,-0.563777,-200.700592,91.781250,90.882751
827,6.891667,0.028215,-0.825302,0.014816,-0.563792,-200.647354,91.750320,90.877380
828,6.900000,0.028347,-0.825189,0.013595,-0.563982,-200.598267,91.723145,90.865067
829,6.908333,0.027896,-0.825068,0.013284,-0.564189,-200.553207,91.689774,90.850616
830,6.916667,0.026672,-0.825688,0.013576,-0.563332,-200.513977,91.656029,90.817978
831,6.925000,0.026061,-0.825860,0.014098,-0.563096,-200.476044,91.626968,90.802315
832,6.933333,0.025616,-0.826127,0.014373,-0.562718,-200.433273,91.593369,90.789429
833,6.941667,0.025015,-0.826891,0.014237,-0.561626,-200.395996,91.552193,90.773140
834,6.950000,0.025169,-0.827234,0.012383,-0.561157,-200.346451,91.516571,90.772919
835,6.958333,0.024700,-0.827497,0.011069,-0.560817,-200.304337,91.477974,90.767654
836,6.966667,0.023681,-0.827843,0.011165,-0.560348,-200.269836,91.427834,90.752411
837,6.975000,0.023169,-0.827884,0.011270,-0.560307,-200.231903,91.383438,90.741257
838,6.983333,0.023082,-0.827951,0.011797,-0.560201,-200.189346,91.332542,90.725258
839,6.991667,0.021963,-0.828320,0.011109,-0.559714,-200.139481,91.278206,90.718910
840,7.000000,0.021310,-0.828349,0.009780,-0.559721,-200.076218,91.234436,90.731598
841,7.008333,0.019981,-0.828436,0.009137,-0.559652,-200.020813,91.193298,90.738503
842,7.016667,0.017509,-0.829112,0.008852,-0.558738,-199.971008,91.145187,90.725914
843,7.025000,0.015893,-0.829628,0.008542,-0.558026,-199.918777,91.107582,90.716919
844,7.033333,0.015095,-0.830084,0.008562,-0.557369,-199.870743,91.077972,90.708206
845,7.041667,0.017511,-0.830614,0.008142,-0.556513,-199.824661,91.046272,90.698608
846,7.050000,0.019142,-0.830805,0.007668,-0.556181,-199.776138,91.032646,90.692551
847,7.058333,0.019875,-0.830791,0.009410,-0.556150,-199.730148,91.034897,90.692047
848,7.066667,0.020058,-0.830989,0.009969,-0.555837,-199.680450,91.034851,90.691841
849,7.075000,0.019873,-0.831219,0.008091,-0.555530,-199.632370,91.032776,90.702530
850,7.083333,0.018487,-0.831639,0.007274,-0.554960,-199.583328,91.012856,90.710625
851,7.091667,0.017744,-0.831832,0.007071,-0.554698,-199.529846,91.001595,90.715103
852,7.100000,0.018225,-0.832116,0.007664,-0.554248,-199.471786,91.000771,90.718788
853,7.108333,0.018813,-0.832495,0.008228,-0.553651,-199.423859,91.003036,90.718338
854,7.116667,0.019108,-0.832867,0.008797,-0.553073,-199.381409,91.009483,90.717781
855,7.125000,0.018953,-0.833239,0.008790,-0.552517,-199.332901,91.025719,90.724884
856,7.133333,0.019176,-0.833507,0.008732,-0.552107,-199.278183,91.045944,90.729073
857,7.141667,0.019458,-0.833733,0.008679,-0.551756,-199.227554,91.068230,90.732239
858,7.150000,0.019527,-0.834254,0.009245,-0.550957,-199.186768,91.087166,90.729904
859,7.158333,0.020672,-0.834769,0.009099,-0.550137,-199.133759,91.109451,90.723190
860,7.166667,0.021331,-0.834910,0.008902,-0.549901,-199.090027,91.118416,90.722412
861,7.175000,0.021769,-0.834273,0.009580,-0.550839,-199.024155,91.113434,90.733788
862,7.183333,0.021823,-0.834486,0.010123,-0.550504,-198.968246,91.110214,90.733047
863,7.191667,0.021886,-0.835245,0.010052,-0.549350,-198.918289,91.120300,90.727768
864,7.200000,0.021077,-0.835465,0.009631,-0.549056,-198.867325,91.136856,90.725044
865,7.208333,0.020909,-0.835826,0.009455,-0.548515,-198.812592,91.146454,90.725533
866,7.216667,0.020836,-0.836118,0.009145,-0.548078,-198.762405,91.148438,90.728394
867,7.225000,0.020200,-0.836650,0.009232,-0.547288,-198.727448,91.141609,90.722237
868,7.233333,0.019689,-0.836832,0.009143,-0.547029,-198.686081,91.136841,90.719215
869,7.241667,0.019579,-0.836967,0.009287,-0.546824,-198.637863,91.129143,90.717468
870,7.250000,0.021106,-0.837229,0.009515,-0.546362,-198.591187,91.110344,90.720390
871,7.258333,0.022496,-0.837350,0.009762,-0.546116,-198.527283,91.105156,90.724792
872,7.266667,0.021889,-0.837514,0.009614,-0.545893,-198.468948,91.097351,90.725464
873,7.275000,0.021680,-0.837932,0.009220,-0.545266,-198.413895,91.094284,90.718758
874,7.283333,0.021509,-0.838338,0.008864,-0.544654,-198.365265,91.090965,90.708389
875,7.291667,0.022141,-0.838263,0.008014,-0.544758,-198.323059,91.092850,90.710442
876,7.300000,0.023092,-0.838222,0.005191,-0.544815,-198.289932,91.113487,90.721542
877,7.308333,0.021834,-0.838544,0.006750,-0.544354,-198.238663,91.090233,90.707947
878,7.316667,0.021067,-0.839145,0.008520,-0.543433,-198.190460,91.062103,90.690514
879,7.325000,0.020905,-0.839693,0.009881,-0.542568,-198.145828,91.037369,90.675156
880,7.333333,0.020898,-0.839974,0.010340,-0.542126,-198.104279,91.019272,90.668167
881,7.341667,0.021224,-0.840338,0.009986,-0.541555,-198.071259,91.006264,90.653923
882,7.350000,0.021278,-0.840663,0.009613,-0.541054,-198.035645,90.996048,90.649017
883,7.358333,0.021293,-0.841019,0.009133,-0.540509,-197.994827,90.989609,90.643486
884,7.366667,0.020979,-0.841136,0.008668,-0.540348,-197.958450,90.981499,90.639755
885,7.375000,0.021572,-0.841255,0.007970,-0.540149,-197.923538,90.973602,90.634605
886,7.383333,0.022060,-0.841182,0.007181,-0.540254,-197.880859,90.968071,90.631859
887,7.391667,0.021347,-0.841099,0.007043,-0.540415,-197.844727,90.960297,90.622292
888,7.400000,0.020298,-0.841183,0.007371,-0.540320,-197.806137,90.941544,90.612900
889,7.408333,0.019781,-0.841509,0.007991,-0.539821,-197.767517,90.925095,90.608009
890,7.416667,0.019352,-0.842087,0.008321,-0.538931,-197.725113,90.902390,90.596214
891,7.425000,0.019363,-0.842107,0.007988,-0.538903,-197.685699,90.889206,90.598907
892,7.433333,0.019443,-0.842126,0.007649,-0.538876,-197.647369,90.870392,90.597847
893,7.441667,0.021142,-0.842312,0.007257,-0.538527,-197.599030,90.836266,90.587860
894,7.450000,0.020480,-0.843055,0.007620,-0.537384,-197.550735,90.784698,90.567505
895,7.458333,0.019201,-0.843521,0.007718,-0.536698,-197.494003,90.734634,90.548546
896,7.466667,0.018125,-0.843909,0.006920,-0.536136,-197.438400,90.688530,90.523979
897,7.475000,0.018032,-0.844209,0.005692,-0.535681,-197.380905,90.649292,90.497635
898,7.483333,0.017069,-0.844525,0.006350,-0.535207,-197.318665,90.582214,90.467087
899,7.491667,0.018166,-0.845253,0.005015,-0.534034,-197.238129,90.528793,90.427139
900,7.500000,0.016947,-0.845741,0.004879,-0.533302,-197.155746,90.475670,90.389397
901,7.508333,0.015393,-0.846211,0.005034,-0.532602,-197.062714,90.428749,90.346725
902,7.516667,0.016123,-0.846679,0.006652,-0.531819,-196.966843,90.386429,90.297989
903,7.525000,0.015498,-0.847365,0.004977,-0.530761,-196.873352,90.346817,90.257301
904,7.533333,0.015045,-0.847978,0.003433,-0.529807,-196.778259,90.324089,90.208946
905,7.541667,0.015108,-0.848804,0.003427,-0.528481,-196.679779,90.309616,90.161575
906,7.550000,0.015205,-0.849452,0.003924,-0.527432,-196.582275,90.297890,90.106133
907,7.558333,0.014900,-0.849977,0.004357,-0.526591,-196.483765,90.287834,90.054016
908,7.566667,0.014963,-0.850405,0.003735,-0.525903,-196.387451,90.280663,90.004601
909,7.575000,0.015371,-0.851293,0.004005,-0.524450,-196.295029,90.287094,89.954269
910,7.583333,0.014751,-0.851864,0.004030,-0.523540,-196.211624,90.295731,89.909973
911,7.591667,0.014477,-0.852253,0.003910,-0.522916,-196.132843,90.304794,89.871353
912,7.600000,0.014226,-0.852873,0.004287,-0.521908,-196.056900,90.313904,89.837563
913,7.608333,0.014139,-0.853412,0.004241,-0.521028,-195.994507,90.316391,89.806725
914,7.616667,0.014352,-0.853630,0.004011,-0.520666,-195.937088,90.305573,89.774033
915,7.625000,0.014133,-0.853884,0.004165,-0.520254,-195.879990,90.296349,89.735146
916,7.633333,0.013748,-0.854385,0.003950,-0.519443,-195.826599,90.286728,89.714493
917,7.641667,0.013991,-0.854759,0.001512,-0.518834,-195.786835,90.303963,89.703056
918,7.650000,0.014239,-0.854743,0.001100,-0.518855,-195.748856,90.317429,89.691406
919,7.658333,0.014259,-0.854808,0.001619,-0.518746,-195.717712,90.325378,89.674118
920,7.666667,0.014208,-0.854972,0.002285,-0.518474,-195.690536,90.328789,89.657333
921,7.675000,0.014040,-0.855016,0.002811,-0.518404,-195.673615,90.326500,89.645966
922,7.683333,0.013839,-0.855092,0.004367,-0.518272,-195.654541,90.309410,89.632263
923,7.691667,0.013559,-0.855223,0.006097,-0.518047,-195.649490,90.287285,89.616409
924,7.700000,0.013621,-0.855292,0.007262,-0.517916,-195.652176,90.269485,89.602234
925,7.708333,0.014701,-0.855284,0.008603,-0.517879,-195.665985,90.239212,89.590767
926,7.716667,0.016506,-0.855175,0.009349,-0.517992,-195.687836,90.176559,89.582268
927,7.725000,0.017908,-0.854885,0.009642,-0.518418,-195.716934,90.072510,89.584366
928,7.733333,0.017702,-0.854461,0.007702,-0.519156,-195.734512,90.049744,89.614891
929,7.741667,0.015988,-0.854218,0.005552,-0.519640,-195.765381,90.037125,89.663689
930,7.750000,0.014028,-0.854127,0.003991,-0.519859,-195.782730,90.052162,89.714073
931,7.758333,0.012696,-0.853987,0.003103,-0.520131,-195.785553,90.065544,89.760521
932,7.766667,0.011233,-0.853874,0.002682,-0.520351,-195.781113,90.066315,89.803772
933,7.775000,0.010919,-0.853890,0.001966,-0.520336,-195.772858,90.054688,89.857597
934,7.783333,0.009318,-0.853951,0.001433,-0.520269,-195.750427,90.045654,89.904343
935,7.791667,0.007114,-0.853924,0.000902,-0.520349,-195.714813,90.038620,89.952240
936,7.800000,0.004903,-0.853736,-0.000068,-0.520684,-195.677032,90.037491,90.002403
937,7.808333,0.003287,-0.853446,-0.001135,-0.521170,-195.646912,90.034363,90.049515
938,7.816667,0.002436,-0.852884,-0.001350,-0.522094,-195.638687,90.037033,90.094505
939,7.825000,0.002074,-0.852379,-0.001941,-0.522916,-195.643814,90.038231,90.132019
940,7.833333,0.002224,-0.851953,-0.002641,-0.523607,-195.648117,90.040596,90.155563
941,7.841667,0.002239,-0.851518,-0.003204,-0.524310,-195.645447,90.045441,90.158875
942,7.850000,0.002359,-0.851213,-0.003192,-0.524806,-195.634140,90.047501,90.149757
943,7.858333,0.002166,-0.851057,-0.002767,-0.525062,-195.620651,90.050446,90.131615
944,7.866667,0.002088,-0.850942,-0.002208,-0.525251,-195.619019,90.048805,90.110748
945,7.875000,0.002515,-0.850946,-0.001628,-0.525245,-195.631638,90.043106,90.090981
946,7.883333,0.003497,-0.851093,-0.001201,-0.525003,-195.657288,90.033226,90.070183
947,7.891667,0.004889,-0.851363,-0.001330,-0.524553,-195.696671,90.028763,90.047600
948,7.900000,0.005959,-0.851797,-0.001625,-0.523836,-195.719574,90.033195,90.028587
949,7.908333,0.006051,-0.852357,-0.001920,-0.522922,-195.725769,90.039284,90.023766
950,7.916667,0.005681,-0.852965,-0.002210,-0.521932,-195.719116,90.039459,90.023849
951,7.925000,0.005230,-0.853403,-0.002330,-0.521221,-195.707397,90.037308,90.021469
952,7.933333,0.004796,-0.853769,-0.002219,-0.520625,-195.708420,90.031555,90.018723
953,7.941667,0.004832,-0.854029,-0.002331,-0.520197,-195.717728,90.028656,90.019997
954,7.950000,0.004815,-0.854205,-0.002801,-0.519907,-195.721436,90.030067,90.030235
955,7.958333,0.005031,-0.854128,-0.002499,-0.520032,-195.725403,90.035782,90.042236
956,7.966667,0.005080,-0.854181,-0.002780,-0.519943,-195.724609,90.037598,90.039780
957,7.975000,0.004998,-0.854252,-0.003071,-0.519826,-195.725937,90.035942,90.035690
958,7.983333,0.005324,-0.854178,-0.002562,-0.519947,-195.726440,90.040245,90.033455
959,7.991667,0.005273,-0.854203,-0.002665,-0.519906,-195.724945,90.039047,90.036911
960,8.000000,0.004953,-0.854232,-0.003036,-0.519860,-195.723206,90.033615,90.038887
961,8.008333,0.004845,-0.854305,-0.003299,-0.519739,-195.719803,90.032249,90.034866
962,8.016667,0.004880,-0.854294,-0.003272,-0.519757,-195.719910,90.032982,90.032623
963,8.025000,0.004849,-0.854299,-0.003285,-0.519750,-195.719666,90.033188,90.032310
964,8.033333,0.004866,-0.854274,-0.003346,-0.519790,-195.719879,90.032249,90.035950
965,8.041667,0.004914,-0.854268,-0.003328,-0.519799,-195.719727,90.033165,90.035927
966,8.050000,0.004858,-0.854265,-0.003254,-0.519805,-195.720367,90.033432,90.032509
967,8.058333,0.004839,-0.854289,-0.003200,-0.519766,-195.721741,90.034325,90.033302
968,8.066667,0.004816,-0.854257,-0.003324,-0.519819,-195.722443,90.033356,90.035408
969,8.075000,0.004773,-0.854254,-0.003372,-0.519823,-195.723419,90.032486,90.035744
970,8.083333,0.004856,-0.854323,-0.003275,-0.519710,-195.723312,90.032616,90.034088
971,8.091667,0.004795,-0.854271,-0.003140,-0.519797,-195.724518,90.031998,90.034416
972,8.100000,0.004907,-0.854282,-0.003226,-0.519777,-195.725220,90.032921,90.038399
973,8.108333,0.004839,-0.854266,-0.003279,-0.519803,-195.725540,90.033653,90.035889
974,8.116667,0.005301,-0.854197,-0.002455,-0.519916,-195.728333,90.039268,90.037796
975,8.125000,0.005372,-0.854166,-0.002571,-0.519966,-195.728043,90.038528,90.039650
976,8.133333,0.005180,-0.854207,-0.002676,-0.519901,-195.725159,90.036499,90.037949
977,8.141667,0.005028,-0.854228,-0.003076,-0.519865,-195.724487,90.033417,90.036674
978,8.150000,0.004811,-0.854270,-0.003358,-0.519796,-195.722794,90.033066,90.035515
979,8.158333,0.004780,-0.854293,-0.003584,-0.519757,-195.722153,90.032349,90.035858
980,8.166667,0.004697,-0.854296,-0.003516,-0.519753,-195.720779,90.031158,90.033379
981,8.175000,0.004767,-0.854280,-0.003381,-0.519781,-195.720383,90.031227,90.034813
982,8.183333,0.004825,-0.854283,-0.003350,-0.519774,-195.721252,90.031662,90.034409
983,8.191667,0.004806,-0.854284,-0.003192,-0.519775,-195.721451,90.032478,90.033363
984,8.200000,0.004809,-0.854256,-0.003229,-0.519820,-195.722321,90.032631,90.034714
985,8.208333,0.004903,-0.854227,-0.003291,-0.519867,-195.722382,90.032425,90.033707
986,8.216667,0.004855,-0.854273,-0.003214,-0.519791,-195.724136,90.033554,90.034210
987,8.225000,0.004820,-0.854267,-0.003413,-0.519801,-195.724899,90.034035,90.035194
988,8.233333,0.004879,-0.854292,-0.003392,-0.519759,-195.724701,90.033791,90.035492
989,8.241667,0.004887,-0.854276,-0.003399,-0.519786,-195.725113,90.033264,90.035942
990,8.250000,0.004757,-0.854292,-0.003308,-0.519761,-195.725555,90.032860,90.035957
991,8.258333,0.004855,-0.854305,-0.003274,-0.519739,-195.725449,90.032722,90.036133
992,8.266667,0.005254,-0.854180,-0.002568,-0.519945,-195.727722,90.038467,90.038033
993,8.275000,0.005507,-0.854142,-0.002329,-0.520006,-195.727783,90.040710,90.039024
994,8.283333,0.005315,-0.854185,-0.002832,-0.519934,-195.727356,90.038475,90.038536
995,8.291667,0.004975,-0.854252,-0.003257,-0.519825,-195.724777,90.034340,90.035965
996,8.300000,0.004726,-0.854279,-0.003583,-0.519782,-195.723557,90.032578,90.036430
997,8.308333,0.004687,-0.854262,-0.003474,-0.519809,-195.721848,90.032196,90.034355
998,8.316667,0.005242,-0.854148,-0.002413,-0.519998,-195.724762,90.038506,90.037613
999,8.325000,0.005208,-0.854184,-0.002385,-0.519939,-195.724564,90.038177,90.037903
1000,8.333333,0.004976,-0.854217,-0.002795,-0.519886,-195.723145,90.036095,90.036560
1001,8.341667,0.005214,-0.854157,-0.002395,-0.519984,-195.724976,90.039558,90.037766
1002,8.350000,0.005457,-0.854149,-0.002559,-0.519993,-195.724319,90.038147,90.037857
1003,8.358333,0.005232,-0.854204,-0.002818,-0.519904,-195.723694,90.035095,90.036514
1004,8.366667,0.004768,-0.854261,-0.003149,-0.519813,-195.723129,90.031990,90.035019
1005,8.375000,0.005306,-0.854154,-0.002321,-0.519987,-195.725204,90.036804,90.036026
1006,8.383333,0.005251,-0.854165,-0.002398,-0.519970,-195.726395,90.037857,90.037987
1007,8.391667,0.005179,-0.854199,-0.002674,-0.519913,-195.725327,90.036484,90.037849
1008,8.400000,0.004995,-0.854231,-0.002888,-0.519862,-195.724869,90.035095,90.037003
1009,8.408333,0.004798,-0.854241,-0.003215,-0.519845,-195.723938,90.032730,90.035942
1010,8.416667,0.004806,-0.854238,-0.003422,-0.519849,-195.723755,90.032120,90.036766
1011,8.425000,0.005248,-0.854179,-0.002517,-0.519947,-195.727081,90.038406,90.038963
1012,8.433333,0.005263,-0.854169,-0.002513,-0.519962,-195.727036,90.039787,90.039650
1013,8.441667,0.005110,-0.854213,-0.002913,-0.519890,-195.725616,90.037743,90.040337
1014,8.450000,0.005016,-0.854255,-0.003072,-0.519820,-195.723480,90.035011,90.038231
1015,8.458333,0.004921,-0.854276,-0.003372,-0.519785,-195.722015,90.032036,90.037170
1016,8.466667,0.004860,-0.854305,-0.003343,-0.519739,-195.721039,90.031387,90.036255
1017,8.475000,0.004725,-0.854265,-0.003381,-0.519806,-195.720825,90.031639,90.036095
1018,8.483333,0.004797,-0.854262,-0.003347,-0.519809,-195.722092,90.033463,90.036865
1019,8.491667,0.004764,-0.854267,-0.003357,-0.519802,-195.721680,90.033119,90.035751
1020,8.500000,0.004724,-0.854274,-0.003339,-0.519791,-195.721954,90.032211,90.036453
1021,8.508333,0.004764,-0.854263,-0.003355,-0.519808,-195.722122,90.033165,90.036552
1022,8.516667,0.004861,-0.854269,-0.003343,-0.519797,-195.723038,90.033325,90.036514
1023,8.525000,0.004877,-0.854263,-0.003399,-0.519807,-195.723267,90.032646,90.036919
1024,8.533333,0.004831,-0.854278,-0.003348,-0.519784,-195.722809,90.031693,90.035454
1025,8.541667,0.005368,-0.854157,-0.002604,-0.519982,-195.725769,90.037498,90.037788
1026,8.550000,0.005338,-0.854145,-0.002515,-0.520002,-195.725708,90.037415,90.038498
1027,8.558333,0.005233,-0.854260,-0.002773,-0.519812,-195.725418,90.036324,90.038635
1028,8.566667,0.004881,-0.854261,-0.003128,-0.519812,-195.724625,90.035332,90.037979
1029,8.575000,0.004794,-0.854232,-0.003307,-0.519859,-195.723145,90.032837,90.036514
1030,8.583333,0.004719,-0.854280,-0.003326,-0.519782,-195.722610,90.033836,90.037331
1031,8.591667,0.004806,-0.854264,-0.003362,-0.519806,-195.721970,90.033379,90.037239
1032,8.600000,0.004775,-0.854259,-0.003462,-0.519814,-195.722580,90.033043,90.036736
1033,8.608333,0.004819,-0.854285,-0.003390,-0.519772,-195.722717,90.034035,90.037712
1034,8.616667,0.005382,-0.854164,-0.002536,-0.519970,-195.723755,90.037727,90.038437
1035,8.625000,0.005286,-0.854181,-0.002506,-0.519943,-195.724380,90.037872,90.039719
1036,8.633333,0.005049,-0.854206,-0.002943,-0.519902,-195.721985,90.036514,90.037437
1037,8.641667,0.004840,-0.854291,-0.003287,-0.519762,-195.721909,90.034119,90.037315
1038,8.650000,0.004814,-0.854305,-0.003501,-0.519738,-195.721786,90.033165,90.036507
1039,8.658333,0.004808,-0.854300,-0.003588,-0.519745,-195.721619,90.033272,90.036987
1040,8.666667,0.004714,-0.854273,-0.003517,-0.519790,-195.722885,90.033394,90.036926
1041,8.675000,0.004733,-0.854284,-0.003378,-0.519775,-195.722076,90.033371,90.036598
1042,8.683333,0.004781,-0.854242,-0.003195,-0.519844,-195.721893,90.031975,90.036835
1043,8.691667,0.004860,-0.854273,-0.003056,-0.519793,-195.722412,90.033142,90.036392
1044,8.700000,0.004814,-0.854272,-0.002995,-0.519795,-195.723206,90.033707,90.037109
1045,8.708333,0.004931,-0.854252,-0.003069,-0.519826,-195.723068,90.033730,90.037460
1046,8.716667,0.004863,-0.854264,-0.003103,-0.519808,-195.723450,90.035469,90.037170
1047,8.725000,0.004821,-0.854288,-0.003447,-0.519766,-195.723648,90.034256,90.038094
1048,8.733333,0.004860,-0.854273,-0.003559,-0.519790,-195.722626,90.033516,90.036926
1049,8.741667,0.005264,-0.854173,-0.002607,-0.519956,-195.725327,90.039368,90.039162
1050,8.750000,0.005321,-0.854192,-0.002466,-0.519925,-195.725449,90.039314,90.039963
1051,8.758333,0.005241,-0.854211,-0.002849,-0.519893,-195.723297,90.036430,90.039154
1052,8.766667,0.005405,-0.854177,-0.002611,-0.519948,-195.724808,90.039253,90.039963
1053,8.775000,0.005331,-0.854203,-0.002632,-0.519906,-195.723877,90.038834,90.039024
1054,8.783333,0.005124,-0.854251,-0.003015,-0.519826,-195.722946,90.035950,90.038322
1055,8.791667,0.005005,-0.854258,-0.003192,-0.519816,-195.721619,90.033134,90.037117
1056,8.800000,0.004727,-0.854284,-0.003349,-0.519775,-195.722183,90.031883,90.035446
1057,8.808333,0.004784,-0.854294,-0.003383,-0.519756,-195.722076,90.031853,90.036774
1058,8.816667,0.004946,-0.854280,-0.003304,-0.519779,-195.721893,90.032021,90.036201
1059,8.825000,0.004917,-0.854275,-0.003214,-0.519788,-195.723511,90.033081,90.036934
1060,8.833333,0.004940,-0.854230,-0.003053,-0.519863,-195.723114,90.034134,90.036011
1061,8.841667,0.004750,-0.854217,-0.003172,-0.519886,-195.723450,90.034286,90.036552
1062,8.850000,0.004709,-0.854241,-0.003311,-0.519845,-195.724121,90.033852,90.036972
1063,8.858333,0.004769,-0.854242,-0.003437,-0.519843,-195.723511,90.033684,90.035873
1064,8.866667,0.004756,-0.854243,-0.003435,-0.519840,-195.724075,90.033302,90.037033
1065,8.875000,0.004824,-0.854269,-0.003441,-0.519798,-195.723434,90.032402,90.037201
1066,8.883333,0.004854,-0.854282,-0.003332,-0.519776,-195.722427,90.031921,90.036514
1067,8.891667,0.004942,-0.854263,-0.003303,-0.519808,-195.722900,90.033142,90.036659
1068,8.900000,0.004974,-0.854255,-0.003184,-0.519820,-195.723038,90.033203,90.036942
1069,8.908333,0.004918,-0.854278,-0.003220,-0.519782,-195.722885,90.032616,90.036552
1070,8.916667,0.004766,-0.854258,-0.003263,-0.519817,-195.722122,90.032722,90.036507
1071,8.925000,0.004750,-0.854249,-0.003286,-0.519832,-195.722549,90.032036,90.035645
1072,8.933333,0.004761,-0.854242,-0.003249,-0.519844,-195.722488,90.032646,90.035339
1073,8.941667,0.004804,-0.854257,-0.003236,-0.519819,-195.723297,90.033051,90.034599
1074,8.950000,0.005300,-0.854182,-0.002570,-0.519941,-195.725769,90.037979,90.037498
1075,8.958333,0.005246,-0.854150,-0.002651,-0.519993,-195.725677,90.037384,90.037300
1076,8.966667,0.005042,-0.854239,-0.003038,-0.519847,-195.724731,90.034241,90.037308
1077,8.975000,0.004805,-0.854274,-0.003231,-0.519790,-195.723602,90.033157,90.036903
1078,8.983333,0.004842,-0.854286,-0.003387,-0.519770,-195.722977,90.031876,90.035347
1079,8.991667,0.004860,-0.854283,-0.003265,-0.519775,-195.724304,90.032043,90.035286
1080,9.000000,0.005327,-0.854167,-0.002514,-0.519965,-195.725952,90.037262,90.037415
1081,9.008333,0.005222,-0.854192,-0.002498,-0.519925,-195.726181,90.036957,90.040382
1082,9.016667,0.005149,-0.854203,-0.002847,-0.519907,-195.725494,90.036079,90.038475
1083,9.025000,0.004890,-0.854243,-0.003217,-0.519841,-195.724365,90.033630,90.037949
1084,9.033333,0.005385,-0.854111,-0.002449,-0.520057,-195.726776,90.038528,90.039612
1085,9.041667,0.005409,-0.854144,-0.002384,-0.520002,-195.725861,90.038254,90.039513
1086,9.050000,0.005045,-0.854186,-0.002845,-0.519935,-195.724854,90.035629,90.039154
1087,9.058333,0.004832,-0.854231,-0.003385,-0.519860,-195.722717,90.032234,90.036690
1088,9.066667,0.004654,-0.854298,-0.003493,-0.519751,-195.722565,90.031364,90.036308
1089,9.075000,0.004808,-0.854295,-0.003531,-0.519755,-195.721970,90.030975,90.036095
1090,9.083333,0.004832,-0.854281,-0.003331,-0.519779,-195.722061,90.031448,90.035728
1091,9.091667,0.004923,-0.854271,-0.003220,-0.519795,-195.723206,90.032593,90.036102
1092,9.100000,0.004907,-0.854222,-0.003303,-0.519876,-195.723022,90.032883,90.035973
1093,9.108333,0.004885,-0.854243,-0.003230,-0.519842,-195.723297,90.033379,90.036247
1094,9.116667,0.004850,-0.854244,-0.003260,-0.519839,-195.724228,90.033493,90.037117
1095,9.125000,0.004811,-0.854266,-0.003235,-0.519803,-195.723465,90.033249,90.036156
1096,9.133333,0.004860,-0.854270,-0.003184,-0.519797,-195.724228,90.033379,90.037575
1097,9.141667,0.004841,-0.854279,-0.003109,-0.519784,-195.722900,90.032852,90.036148
1098,9.150000,0.004853,-0.854267,-0.003246,-0.519802,-195.722717,90.031471,90.036133
1099,9.158333,0.004842,-0.854270,-0.003293,-0.519797,-195.722610,90.032219,90.036713
1100,9.166667,0.004934,-0.854235,-0.003392,-0.519852,-195.722672,90.032097,90.037117
1101,9.175000,0.004857,-0.854260,-0.003249,-0.519813,-195.722885,90.033180,90.037659
1102,9.183333,0.004842,-0.854268,-0.003270,-0.519800,-195.722610,90.034012,90.037254
1103,9.191667,0.005179,-0.854164,-0.002449,-0.519972,-195.725250,90.038643,90.039619
1104,9.200000,0.005276,-0.854171,-0.002526,-0.519959,-195.725327,90.039291,90.040337
1105,9.208333,0.005477,-0.854126,-0.002416,-0.520032,-195.725830,90.040115,90.038956
1106,9.216667,0.005264,-0.854178,-0.002857,-0.519946,-195.724960,90.037247,90.039642
1107,9.225000,0.005009,-0.854211,-0.003288,-0.519892,-195.722519,90.033768,90.037666
1108,9.233333,0.005329,-0.854163,-0.002700,-0.519970,-195.725677,90.037468,90.039566
1109,9.241667,0.005163,-0.854179,-0.002765,-0.519947,-195.724823,90.037834,90.038315
1110,9.250000,0.004941,-0.854211,-0.003189,-0.519893,-195.723877,90.034653,90.037781
1111,9.258333,0.004646,-0.854277,-0.003388,-0.519787,-195.722931,90.032227,90.036682
1112,9.266667,0.004683,-0.854264,-0.003464,-0.519807,-195.721558,90.031639,90.035820
1113,9.275000,0.005195,-0.854177,-0.002335,-0.519951,-195.725174,90.037659,90.038208
1114,9.283333,0.005391,-0.854171,-0.002346,-0.519959,-195.724335,90.037346,90.037666
1115,9.291667,0.005159,-0.854227,-0.002849,-0.519866,-195.724243,90.035172,90.038513
1116,9.300000,0.004825,-0.854239,-0.003364,-0.519848,-195.723083,90.034340,90.037445
1117,9.308333,0.004736,-0.854307,-0.003509,-0.519735,-195.721176,90.031967,90.036072
1118,9.316667,0.005186,-0.854168,-0.002500,-0.519966,-195.724808,90.037704,90.039818
1119,9.325000,0.005312,-0.854142,-0.002352,-0.520008,-195.723572,90.038315,90.040115
1120,9.333333,0.005064,-0.854187,-0.002740,-0.519935,-195.724075,90.036697,90.040298
1121,9.341667,0.005096,-0.854253,-0.003039,-0.519824,-195.722183,90.034019,90.038918
1122,9.350000,0.004819,-0.854262,-0.003289,-0.519811,-195.721771,90.031975,90.036850
1123,9.358333,0.005118,-0.854160,-0.002513,-0.519978,-195.725006,90.036217,90.039314
1124,9.366667,0.005123,-0.854174,-0.002419,-0.519957,-195.724182,90.036926,90.037979
1125,9.375000,0.004978,-0.854214,-0.002865,-0.519890,-195.723434,90.036179,90.038673
1126,9.383333,0.004886,-0.854235,-0.003386,-0.519854,-195.722641,90.033318,90.037117
1127,9.391667,0.004838,-0.854295,-0.003405,-0.519755,-195.722092,90.031906,90.035461
1128,9.400000,0.004811,-0.854278,-0.003308,-0.519785,-195.722336,90.031403,90.034813
1129,9.408333,0.004809,-0.854260,-0.003268,-0.519814,-195.722107,90.031975,90.035004
1130,9.416667,0.004737,-0.854276,-0.003222,-0.519788,-195.722290,90.031723,90.035515
1131,9.425000,0.004849,-0.854287,-0.003204,-0.519770,-195.722183,90.031151,90.034325
1132,9.433333,0.004780,-0.854268,-0.003341,-0.519800,-195.723557,90.032181,90.034462
1133,9.441667,0.004924,-0.854274,-0.003424,-0.519788,-195.723618,90.033524,90.034622
1134,9.450000,0.004907,-0.854288,-0.003279,-0.519767,-195.723984,90.033684,90.035690
1135,9.458333,0.005309,-0.854164,-0.002625,-0.519970,-195.726120,90.036781,90.037529
1136,9.466667,0.005294,-0.854221,-0.002664,-0.519877,-195.724945,90.035973,90.036049
1137,9.475000,0.004797,-0.854281,-0.002962,-0.519780,-195.725052,90.032867,90.035454
1138,9.483333,0.004662,-0.854281,-0.003290,-0.519780,-195.722778,90.030746,90.032532
1139,9.491667,0.004616,-0.854288,-0.003428,-0.519769,-195.722839,90.029510,90.030502
1140,9.500000,0.004733,-0.854321,-0.003507,-0.519712,-195.724442,90.029907,90.031990
1141,9.508333,0.004809,-0.854280,-0.003422,-0.519779,-195.724213,90.030128,90.031036
1142,9.516667,0.004679,-0.854286,-0.003353,-0.519772,-195.725662,90.030998,90.031944
1143,9.525000,0.004782,-0.854313,-0.003261,-0.519727,-195.724731,90.030281,90.030609
1144,9.533333,0.004674,-0.854320,-0.003212,-0.519716,-195.725739,90.030113,90.029991
1145,9.541667,0.004688,-0.854277,-0.003284,-0.519787,-195.725082,90.029678,90.029205
1146,9.550000,0.004693,-0.854346,-0.003291,-0.519674,-195.725418,90.029793,90.029037
1147,9.558333,0.004832,-0.854329,-0.003368,-0.519698,-195.726105,90.030220,90.030060
1148,9.566667,0.004876,-0.854299,-0.003343,-0.519748,-195.725983,90.031082,90.029503
1149,9.575000,0.005027,-0.854296,-0.003321,-0.519752,-195.725693,90.031097,90.030663
1150,9.583333,0.004847,-0.854315,-0.003321,-0.519722,-195.724838,90.032433,90.030899
1151,9.591667,0.004832,-0.854274,-0.003328,-0.519789,-195.723740,90.032234,90.030220
1152,9.600000,0.004844,-0.854295,-0.003344,-0.519756,-195.724380,90.031586,90.031586
1153,9.608333,0.004848,-0.854291,-0.003246,-0.519763,-195.723145,90.031395,90.031570
1154,9.616667,0.004822,-0.854256,-0.003137,-0.519821,-195.722717,90.031609,90.032867
1155,9.625000,0.004932,-0.854282,-0.003168,-0.519777,-195.721710,90.031189,90.034035
1156,9.633333,0.004841,-0.854243,-0.003231,-0.519842,-195.721359,90.031311,90.034317
1157,9.641667,0.004853,-0.854302,-0.003338,-0.519744,-195.722168,90.031075,90.036484
1158,9.650000,0.004808,-0.854237,-0.003416,-0.519850,-195.720566,90.032402,90.034973
1159,9.658333,0.005179,-0.854189,-0.002511,-0.519931,-195.722900,90.036743,90.037285
1160,9.666667,0.005255,-0.854158,-0.002508,-0.519981,-195.721619,90.035828,90.036949
1161,9.675000,0.005108,-0.854232,-0.002721,-0.519860,-195.720825,90.032204,90.037247
1162,9.683333,0.004834,-0.854239,-0.003182,-0.519849,-195.719055,90.031242,90.036278
1163,9.691667,0.004760,-0.854271,-0.003453,-0.519794,-195.718628,90.031754,90.035538
1164,9.700000,0.004776,-0.854263,-0.003521,-0.519808,-195.718750,90.031860,90.035851
1165,9.708333,0.004849,-0.854285,-0.003337,-0.519771,-195.718246,90.031746,90.035835
1166,9.716667,0.004947,-0.854272,-0.003198,-0.519794,-195.717041,90.031906,90.036606
1167,9.725000,0.004967,-0.854250,-0.003069,-0.519830,-195.717377,90.032585,90.037521
1168,9.733333,0.004982,-0.854241,-0.003012,-0.519844,-195.716385,90.032539,90.035751
1169,9.741667,0.004958,-0.854242,-0.003086,-0.519843,-195.716675,90.033234,90.036491
1170,9.750000,0.005099,-0.854248,-0.003156,-0.519832,-195.715912,90.033073,90.036034
1171,9.758333,0.004922,-0.854245,-0.003079,-0.519839,-195.716003,90.034447,90.036896
1172,9.766667,0.004968,-0.854240,-0.003045,-0.519846,-195.715973,90.034508,90.038422
1173,9.775000,0.004862,-0.854201,-0.003113,-0.519910,-195.715103,90.034012,90.037827
1174,9.783333,0.005057,-0.854254,-0.003162,-0.519822,-195.715042,90.034027,90.038994
1175,9.791667,0.005061,-0.854259,-0.003118,-0.519814,-195.715561,90.034317,90.038315
1176,9.800000,0.005019,-0.854247,-0.003014,-0.519834,-195.715195,90.035316,90.038506
