Format Version,1.25,Take Name,Take 2025-11-27 11.50.41 AM,Take Notes,,Capture Frame Rate,120.000000,Export Frame Rate,120.000000,Capture Start Time,2025-11-27 11.50.41.969 AM,Capture Start Frame,339632,Total Frames in Take,1086,Total Exported Frames,1086,Rotation Type,Quaternion,Length Units,Centimeters,Coordinate Space,Global

,Type,Rigid Body,Rigid Body,Rigid Body,Rigid Body,Rigid Body,Rigid Body,Rigid Body
,Name,SEE_small,SEE_small,SEE_small,SEE_small,SEE_small,SEE_small,SEE_small
,ID,E70901BFC9E711F031C44B617C101B92,E70901BFC9E711F031C44B617C101B92,E70901BFC9E711F031C44B617C101B92,E70901BFC9E711F031C44B617C101B92,E70901BFC9E711F031C44B617C101B92,E70901BFC9E711F031C44B617C101B92,E70901BFC9E711F031C44B617C101B92
,Parent,,,,,,,
,,Rotation,Rotation,Rotation,Rotation,Position,Position,Position
Frame,Time (Seconds),X,Y,Z,W,X,Y,Z
0,0.000000,-0.000546,0.672853,-0.004175,0.739764,-216.752975,84.296135,87.311256
1,0.008333,-0.000365,0.672793,-0.004591,0.739816,-216.747467,84.296265,87.309441
2,0.016667,-0.000288,0.672863,-0.004699,0.739752,-216.740494,84.297066,87.307205
3,0.025000,0.000029,0.672960,-0.004882,0.739663,-216.731094,84.302498,87.308479
4,0.033333,0.000163,0.672900,-0.004965,0.739717,-216.721313,84.306274,87.308083
5,0.041667,0.000089,0.672790,-0.005450,0.739814,-216.709778,84.308159,87.307732
6,0.050000,0.000285,0.672783,-0.005652,0.739818,-216.703125,84.310173,87.306366
7,0.058333,0.000462,0.672921,-0.006037,0.739689,-216.697235,84.310921,87.304863
8,0.066667,0.000541,0.673003,-0.006316,0.739612,-216.694550,84.310265,87.305161
9,0.075000,0.000742,0.673041,-0.006595,0.739575,-216.690994,84.313736,87.303963
10,0.083333,0.000734,0.673014,-0.006597,0.739600,-216.690094,84.315659,87.305008
11,0.091667,0.000658,0.673044,-0.006905,0.739570,-216.686935,84.315140,87.305237
12,0.100000,0.000626,0.673069,-0.007163,0.739545,-216.686462,84.315994,87.305145
13,0.108333,0.000842,0.673189,-0.007258,0.739434,-216.685181,84.316322,87.303429
14,0.116667,0.000781,0.673133,-0.007345,0.739485,-216.683502,84.317055,87.302673
15,0.125000,0.000902,0.673181,-0.007568,0.739439,-216.681122,84.318527,87.304062
16,0.133333,0.000969,0.673240,-0.007695,0.739383,-216.678925,84.320816,87.304153
17,0.141667,0.001100,0.673267,-0.007949,0.739356,-216.673874,84.322128,87.302414
18,0.150000,0.001088,0.673242,-0.007973,0.739379,-216.669464,84.320740,87.299324
19,0.158333,0.001614,0.673607,-0.008126,0.739043,-216.660782,84.326073,87.302872
20,0.166667,0.001662,0.673472,-0.008044,0.739167,-216.654114,84.326324,87.300034
21,0.175000,0.002009,0.673619,-0.008159,0.739031,-216.645050,84.328148,87.299774
22,0.183333,0.002281,0.673700,-0.008351,0.738955,-216.639801,84.329758,87.300186
23,0.191667,0.002424,0.673726,-0.008344,0.738930,-216.637894,84.329796,87.301338
24,0.200000,0.002396,0.673836,-0.008415,0.738829,-216.634964,84.330048,87.301453
25,0.208333,0.001908,0.673774,-0.008559,0.738886,-216.635391,84.325943,87.297882
26,0.216667,0.001749,0.673805,-0.008229,0.738861,-216.636108,84.324913,87.298775
27,0.225000,0.001558,0.673868,-0.008103,0.738806,-216.636917,84.323860,87.298492
28,0.233333,0.001934,0.673990,-0.007930,0.738696,-216.641617,84.325195,87.300209
29,0.241667,0.002237,0.674032,-0.008026,0.738655,-216.644638,84.329735,87.301567
30,0.250000,0.001908,0.673801,-0.007976,0.738867,-216.651031,84.325859,87.299484
31,0.258333,0.001809,0.673991,-0.008213,0.738692,-216.654617,84.325424,87.302467
32,0.266667,0.002015,0.674029,-0.008190,0.738657,-216.657761,84.326538,87.303474
33,0.275000,0.002025,0.674011,-0.008006,0.738676,-216.660477,84.327156,87.304756
34,0.283333,0.001991,0.673948,-0.008010,0.738733,-216.662674,84.326599,87.304726
35,0.291667,0.001929,0.673855,-0.007934,0.738819,-216.663773,84.325386,87.303421
36,0.300000,0.001895,0.673928,-0.007950,0.738752,-216.663284,84.327019,87.303505
37,0.308333,0.001745,0.674007,-0.007892,0.738680,-216.662384,84.327873,87.302803
38,0.316667,0.001673,0.674050,-0.007849,0.738642,-216.659836,84.325859,87.303047
39,0.325000,0.001291,0.673881,-0.007449,0.738801,-216.661194,84.322525,87.298653
40,0.333333,0.001131,0.673758,-0.007580,0.738913,-216.658112,84.321327,87.298119
41,0.341667,0.001173,0.673828,-0.007291,0.738852,-216.660522,84.321892,87.298798
42,0.350000,0.001316,0.673851,-0.007074,0.738832,-216.660309,84.323280,87.297791
43,0.358333,0.000964,0.673881,-0.007176,0.738804,-216.661453,84.323837,87.299202
44,0.366667,0.000757,0.673732,-0.007445,0.738938,-216.662430,84.322617,87.298119
45,0.375000,0.000711,0.673781,-0.007276,0.738895,-216.666458,84.322838,87.298622
46,0.383333,0.000635,0.673630,-0.007399,0.739031,-216.670898,84.322029,87.300171
47,0.391667,0.000620,0.673691,-0.007500,0.738975,-216.673752,84.322479,87.300720
48,0.400000,0.000716,0.673707,-0.007275,0.738963,-216.676743,84.320755,87.300095
49,0.408333,0.000617,0.673730,-0.007196,0.738943,-216.678955,84.319145,87.300072
50,0.416667,0.000659,0.673567,-0.007351,0.739089,-216.678665,84.321251,87.299988
51,0.425000,0.000516,0.673633,-0.007364,0.739030,-216.679596,84.322701,87.299934
52,0.433333,0.000377,0.673571,-0.007285,0.739086,-216.679764,84.322128,87.300774
53,0.441667,0.000494,0.673648,-0.007181,0.739017,-216.679794,84.321800,87.301674
54,0.450000,0.000581,0.673681,-0.006931,0.738989,-216.678268,84.322151,87.300018
55,0.458333,0.000467,0.673684,-0.007190,0.738984,-216.676407,84.320831,87.301544
56,0.466667,0.000662,0.673754,-0.007169,0.738921,-216.675186,84.321693,87.301208
57,0.475000,0.000836,0.673745,-0.006922,0.738931,-216.676163,84.321930,87.301826
58,0.483333,0.000628,0.673645,-0.006998,0.739021,-216.675049,84.322197,87.300377
59,0.491667,0.000488,0.673669,-0.006957,0.739000,-216.675262,84.322357,87.301163
60,0.500000,0.000595,0.673704,-0.006852,0.738969,-216.674896,84.322647,87.301949
61,0.508333,0.000784,0.673724,-0.006658,0.738952,-216.674835,84.322472,87.301651
62,0.516667,0.000710,0.673668,-0.006784,0.739003,-216.675751,84.322395,87.302521
63,0.525000,0.000538,0.673680,-0.006903,0.738991,-216.676590,84.321739,87.301262
64,0.533333,0.000607,0.673687,-0.007003,0.738983,-216.677231,84.321808,87.301186
65,0.541667,0.000980,0.673847,-0.007097,0.738836,-216.677933,84.324219,87.303505
66,0.550000,0.000945,0.673751,-0.006961,0.738925,-216.679169,84.323929,87.301895
67,0.558333,0.000701,0.673529,-0.006815,0.739129,-216.681427,84.321983,87.301048
68,0.566667,0.000525,0.673528,-0.006956,0.739129,-216.682144,84.322708,87.300583
69,0.575000,0.000700,0.673629,-0.006781,0.739038,-216.683502,84.322372,87.302086
70,0.583333,0.000927,0.673636,-0.006583,0.739034,-216.683289,84.322029,87.301125
71,0.591667,0.000814,0.673614,-0.006541,0.739054,-216.683533,84.320251,87.300934
72,0.600000,0.000770,0.673624,-0.006475,0.739045,-216.683243,84.321251,87.300453
73,0.608333,0.001144,0.673749,-0.006709,0.738929,-216.681122,84.323730,87.303253
74,0.616667,0.000980,0.673662,-0.006779,0.739008,-216.680115,84.321579,87.301048
75,0.625000,0.000596,0.673615,-0.006797,0.739051,-216.678955,84.320122,87.300560
76,0.633333,0.000684,0.673675,-0.006517,0.738998,-216.678619,84.320465,87.301277
77,0.641667,0.000701,0.673656,-0.006448,0.739017,-216.678070,84.321121,87.300865
78,0.650000,0.001259,0.673869,-0.006486,0.738822,-216.677048,84.323227,87.304222
79,0.658333,0.000982,0.673728,-0.006747,0.738948,-216.676453,84.320847,87.302025
80,0.666667,0.000728,0.673718,-0.006735,0.738958,-216.677902,84.320007,87.300262
81,0.675000,0.000655,0.673682,-0.006754,0.738990,-216.679245,84.319702,87.300751
82,0.683333,0.000693,0.673682,-0.006702,0.738991,-216.680573,84.320969,87.301056
83,0.691667,0.000775,0.673694,-0.006504,0.738982,-216.681961,84.320221,87.301109
84,0.700000,0.001126,0.673742,-0.006597,0.738936,-216.682343,84.323509,87.304016
85,0.708333,0.000869,0.673613,-0.006542,0.739055,-216.683792,84.322372,87.302223
86,0.716667,0.001151,0.673758,-0.006621,0.738921,-216.684036,84.323463,87.303391
87,0.725000,0.000877,0.673612,-0.006771,0.739053,-216.684372,84.322235,87.301971
88,0.733333,0.001212,0.673781,-0.006781,0.738899,-216.683838,84.324577,87.304382
89,0.741667,0.001273,0.673773,-0.006779,0.738906,-216.682861,84.325394,87.304222
90,0.750000,0.000744,0.673678,-0.006761,0.738994,-216.682297,84.323250,87.301277
91,0.758333,0.000817,0.673839,-0.006902,0.738846,-216.681091,84.323570,87.303696
92,0.766667,0.000844,0.673699,-0.006813,0.738974,-216.679642,84.321983,87.301201
93,0.775000,0.000694,0.673672,-0.006707,0.739000,-216.679977,84.320465,87.301979
94,0.783333,0.000643,0.673653,-0.006680,0.739018,-216.678146,84.322670,87.300568
95,0.791667,0.000743,0.673677,-0.006555,0.738997,-216.678162,84.321602,87.301292
96,0.800000,0.000716,0.673633,-0.006625,0.739036,-216.678436,84.320419,87.300606
97,0.808333,0.000552,0.673658,-0.006878,0.739011,-216.678711,84.320183,87.301315
98,0.816667,0.000800,0.673855,-0.006932,0.738831,-216.678284,84.323410,87.303070
99,0.825000,0.000887,0.673751,-0.006785,0.738927,-216.679596,84.323112,87.300827
100,0.833333,0.001097,0.673806,-0.006726,0.738877,-216.680573,84.324265,87.302277
101,0.841667,0.001248,0.673857,-0.006695,0.738831,-216.682526,84.324295,87.304245
102,0.850000,0.001194,0.673757,-0.006796,0.738921,-216.683121,84.325905,87.304253
103,0.858333,0.001146,0.673823,-0.006781,0.738861,-216.683670,84.326393,87.304642
104,0.866667,0.000681,0.673597,-0.006844,0.739067,-216.685104,84.323212,87.301865
105,0.875000,0.000511,0.673636,-0.006810,0.739032,-216.685623,84.322121,87.301834
106,0.883333,0.000466,0.673597,-0.006872,0.739067,-216.684631,84.321136,87.302002
107,0.891667,0.000512,0.673617,-0.006867,0.739048,-216.684814,84.321609,87.302299
108,0.900000,0.000748,0.673646,-0.006829,0.739023,-216.683578,84.322014,87.301720
109,0.908333,0.000663,0.673619,-0.006774,0.739047,-216.682907,84.321732,87.301910
110,0.916667,0.000651,0.673599,-0.006686,0.739067,-216.681458,84.321915,87.300919
111,0.925000,0.000951,0.673806,-0.006702,0.738877,-216.679214,84.322731,87.303200
112,0.933333,0.001136,0.673862,-0.006701,0.738826,-216.678757,84.323990,87.304031
113,0.941667,0.001331,0.673894,-0.006675,0.738797,-216.678711,84.325111,87.303116
114,0.950000,0.000852,0.673757,-0.006790,0.738921,-216.679764,84.323257,87.301682
115,0.958333,0.001109,0.673827,-0.006908,0.738856,-216.679764,84.323563,87.303093
116,0.966667,0.000836,0.673663,-0.006623,0.739008,-216.680267,84.322067,87.300941
117,0.975000,0.000644,0.673639,-0.006671,0.739030,-216.682144,84.322777,87.301376
118,0.983333,0.000676,0.673644,-0.006728,0.739025,-216.683502,84.322014,87.301308
119,0.991667,0.000583,0.673615,-0.006975,0.739049,-216.686081,84.320854,87.301529
120,1.000000,0.000607,0.673608,-0.007043,0.739055,-216.687775,84.321205,87.301765
121,1.008333,0.000391,0.673682,-0.006888,0.738989,-216.688965,84.320885,87.302185
122,1.016667,0.000440,0.673638,-0.006634,0.739032,-216.689484,84.319542,87.301926
123,1.025000,0.000791,0.673766,-0.006655,0.738914,-216.688507,84.321297,87.303719
124,1.033333,0.000972,0.673793,-0.006859,0.738888,-216.688507,84.322617,87.305809
125,1.041667,0.000697,0.673560,-0.006533,0.739103,-216.689972,84.320801,87.303329
126,1.050000,0.000400,0.673562,-0.006608,0.739101,-216.688538,84.319580,87.302269
127,1.058333,0.000243,0.673602,-0.006768,0.739064,-216.688202,84.320129,87.302597
128,1.066667,0.000202,0.673580,-0.006785,0.739083,-216.687439,84.320381,87.302383
129,1.075000,0.000262,0.673534,-0.006664,0.739126,-216.686203,84.319893,87.301155
130,1.083333,0.000614,0.673625,-0.006676,0.739043,-216.685272,84.319145,87.300850
131,1.091667,0.000753,0.673674,-0.006619,0.738998,-216.685150,84.318901,87.300644
132,1.100000,0.000667,0.673682,-0.006481,0.738993,-216.685532,84.319260,87.301537
133,1.108333,0.000530,0.673638,-0.006654,0.739031,-216.685822,84.320442,87.301025
134,1.116667,0.000282,0.673619,-0.006890,0.739047,-216.686508,84.320221,87.301636
135,1.125000,0.000488,0.673761,-0.007016,0.738915,-216.686768,84.320915,87.304329
136,1.133333,0.000757,0.673787,-0.006801,0.738894,-216.688065,84.322777,87.303520
137,1.141667,0.000464,0.673673,-0.006673,0.738999,-216.689804,84.321091,87.302116
138,1.150000,0.000515,0.673574,-0.006642,0.739090,-216.690445,84.320206,87.300934
139,1.158333,0.000708,0.673573,-0.006544,0.739091,-216.691711,84.319290,87.300987
140,1.166667,0.000614,0.673546,-0.006691,0.739114,-216.691452,84.319458,87.301216
141,1.175000,0.000798,0.673728,-0.006648,0.738949,-216.691162,84.321083,87.305191
142,1.183333,0.000533,0.673623,-0.006572,0.739046,-216.691254,84.319427,87.302757
143,1.191667,0.000432,0.673561,-0.006711,0.739101,-216.689484,84.318687,87.301941
144,1.200000,0.000476,0.673538,-0.006607,0.739123,-216.689423,84.320129,87.301155
145,1.208333,0.000384,0.673614,-0.006605,0.739054,-216.688354,84.319977,87.301498
146,1.216667,0.000405,0.673656,-0.006739,0.739014,-216.687149,84.320412,87.302505
147,1.225000,0.000344,0.673601,-0.006820,0.739064,-216.685577,84.320854,87.302155
148,1.233333,0.000399,0.673567,-0.006908,0.739094,-216.684982,84.323082,87.301003
149,1.241667,0.000409,0.673558,-0.006863,0.739102,-216.685699,84.322289,87.300941
150,1.250000,0.000573,0.673681,-0.006623,0.738992,-216.685226,84.320770,87.300720
151,1.258333,0.000647,0.673692,-0.006535,0.738983,-216.685776,84.319489,87.301849
152,1.266667,0.000570,0.673647,-0.006633,0.739023,-216.686462,84.319565,87.300667
153,1.275000,0.000399,0.673611,-0.006575,0.739057,-216.688187,84.319046,87.301567
154,1.283333,0.000362,0.673602,-0.006550,0.739066,-216.688873,84.318665,87.301529
155,1.291667,0.000373,0.673662,-0.006630,0.739009,-216.690094,84.318123,87.302261
156,1.300000,0.000348,0.673559,-0.006684,0.739103,-216.690613,84.318657,87.301758
157,1.308333,0.000752,0.673687,-0.006847,0.738985,-216.690735,84.320770,87.305138
158,1.316667,0.000814,0.673852,-0.006742,0.738835,-216.689728,84.322395,87.304504
159,1.325000,0.000702,0.673693,-0.006683,0.738981,-216.691254,84.320518,87.303314
160,1.333333,0.000448,0.673616,-0.006706,0.739051,-216.691299,84.319328,87.303070
161,1.341667,0.000543,0.673603,-0.006570,0.739064,-216.690536,84.320679,87.302521
162,1.350000,0.000532,0.673675,-0.006466,0.738999,-216.689346,84.319984,87.302643
163,1.358333,0.000489,0.673573,-0.006413,0.739093,-216.687698,84.319641,87.301895
164,1.366667,0.000715,0.673679,-0.006367,0.738996,-216.686386,84.321121,87.301758
165,1.375000,0.000710,0.673648,-0.006551,0.739023,-216.686829,84.319153,87.302765
166,1.383333,0.000456,0.673625,-0.006721,0.739043,-216.685989,84.319473,87.302414
167,1.391667,0.000324,0.673634,-0.006611,0.739036,-216.686127,84.319984,87.301346
168,1.400000,0.000727,0.673798,-0.006556,0.738886,-216.685898,84.322250,87.304291
169,1.408333,0.001014,0.673807,-0.006590,0.738878,-216.685486,84.324760,87.304306
170,1.416667,0.001190,0.673767,-0.006505,0.738915,-216.686111,84.322754,87.304245
171,1.425000,0.000551,0.673647,-0.006552,0.739024,-216.687653,84.319107,87.301117
172,1.433333,0.000400,0.673667,-0.006492,0.739007,-216.689301,84.317986,87.301483
173,1.441667,0.000829,0.673862,-0.006527,0.738828,-216.689560,84.320343,87.305214
174,1.450000,0.000486,0.673677,-0.006574,0.738997,-216.689941,84.320541,87.300995
175,1.458333,0.000671,0.673751,-0.006653,0.738928,-216.689850,84.322449,87.305031
176,1.466667,0.000579,0.673587,-0.006517,0.739079,-216.689926,84.320885,87.302025
177,1.475000,0.000620,0.673611,-0.006504,0.739058,-216.690796,84.319313,87.302277
178,1.483333,0.000387,0.673582,-0.006542,0.739084,-216.690155,84.319153,87.301895
179,1.491667,0.000426,0.673658,-0.006631,0.739013,-216.689270,84.320908,87.300941
180,1.500000,0.000681,0.673602,-0.006511,0.739065,-216.688248,84.319504,87.301514
181,1.508333,0.000670,0.673655,-0.006612,0.739016,-216.686554,84.318733,87.302223
182,1.516667,0.000662,0.673650,-0.006521,0.739021,-216.685730,84.319344,87.301315
183,1.525000,0.000588,0.673693,-0.006463,0.738983,-216.685654,84.319283,87.302208
184,1.533333,0.000581,0.673629,-0.006333,0.739042,-216.685577,84.319260,87.301483
185,1.541667,0.000509,0.673610,-0.006595,0.739058,-216.685349,84.318886,87.301926
186,1.550000,0.000541,0.673607,-0.006554,0.739060,-216.685776,84.317841,87.301231
187,1.558333,0.000587,0.673624,-0.006361,0.739047,-216.685989,84.317696,87.300201
188,1.566667,0.000624,0.673620,-0.006238,0.739052,-216.687103,84.317886,87.299713
189,1.575000,0.000539,0.673599,-0.006340,0.739069,-216.688019,84.318314,87.299690
190,1.583333,0.000487,0.673540,-0.006473,0.739122,-216.688705,84.318855,87.300278
191,1.591667,0.000455,0.673678,-0.006500,0.738996,-216.689392,84.318451,87.300941
192,1.600000,0.000546,0.673614,-0.006497,0.739054,-216.690247,84.317581,87.301048
193,1.608333,0.000609,0.673687,-0.006464,0.738989,-216.690201,84.319016,87.300980
194,1.616667,0.000671,0.673653,-0.006279,0.739021,-216.689972,84.318176,87.299820
195,1.625000,0.000593,0.673633,-0.006340,0.739038,-216.690414,84.318932,87.301247
196,1.633333,0.000691,0.673558,-0.006298,0.739107,-216.689545,84.320053,87.301338
197,1.641667,0.000740,0.673633,-0.006238,0.739039,-216.689056,84.320740,87.301628
198,1.650000,0.001079,0.673798,-0.006337,0.738888,-216.686630,84.321823,87.304016
199,1.658333,0.000919,0.673703,-0.006449,0.738973,-216.686584,84.319466,87.302132
200,1.666667,0.000818,0.673664,-0.006399,0.739010,-216.686661,84.318535,87.300835
201,1.675000,0.000526,0.673673,-0.006560,0.739000,-216.685959,84.318527,87.301140
202,1.683333,0.000463,0.673637,-0.006537,0.739033,-216.685654,84.318039,87.301895
203,1.691667,0.000460,0.673628,-0.006687,0.739041,-216.686005,84.317741,87.301132
204,1.700000,0.000661,0.673698,-0.006525,0.738978,-216.686386,84.319138,87.299767
205,1.708333,0.000692,0.673669,-0.006335,0.739006,-216.686462,84.318329,87.300163
206,1.716667,0.000541,0.673652,-0.006325,0.739021,-216.687515,84.317116,87.300087
207,1.725000,0.000487,0.673710,-0.006446,0.738967,-216.688416,84.319031,87.300064
208,1.733333,0.000482,0.673624,-0.006519,0.739045,-216.689438,84.319466,87.300774
209,1.741667,0.000548,0.673636,-0.006507,0.739035,-216.689590,84.319725,87.301392
210,1.750000,0.000562,0.673620,-0.006588,0.739048,-216.689987,84.319450,87.300774
211,1.758333,0.000436,0.673622,-0.006739,0.739045,-216.690231,84.319542,87.300499
212,1.766667,0.000416,0.673620,-0.006672,0.739047,-216.690201,84.319077,87.301132
213,1.775000,0.000500,0.673625,-0.006641,0.739044,-216.689819,84.319489,87.301521
214,1.783333,0.000868,0.673755,-0.006644,0.738924,-216.688797,84.321335,87.304565
215,1.791667,0.000689,0.673604,-0.006660,0.739062,-216.688538,84.321152,87.302803
216,1.800000,0.000493,0.673561,-0.006562,0.739103,-216.688187,84.319847,87.302223
217,1.808333,0.000415,0.673676,-0.006456,0.738998,-216.687180,84.319618,87.302032
218,1.816667,0.000520,0.673595,-0.006496,0.739072,-216.685577,84.319328,87.301842
219,1.825000,0.000569,0.673632,-0.006396,0.739039,-216.685791,84.317955,87.301903
220,1.833333,0.000625,0.673642,-0.006440,0.739029,-216.685989,84.317268,87.301193
221,1.841667,0.000669,0.673693,-0.006535,0.738982,-216.685822,84.317978,87.300339
222,1.850000,0.000640,0.673714,-0.006517,0.738963,-216.685623,84.319153,87.300255
223,1.858333,0.000485,0.673674,-0.006571,0.738999,-216.687042,84.318619,87.300827
224,1.866667,0.000293,0.673665,-0.006754,0.739006,-216.687698,84.319130,87.302132
225,1.875000,0.000317,0.673645,-0.006614,0.739026,-216.688416,84.319313,87.301964
226,1.883333,0.000496,0.673580,-0.006435,0.739086,-216.689468,84.320091,87.301270
227,1.891667,0.000507,0.673616,-0.006490,0.739053,-216.689987,84.319031,87.301445
228,1.900000,0.000860,0.673790,-0.006626,0.738893,-216.689468,84.320892,87.303612
229,1.908333,0.000677,0.673657,-0.006522,0.739015,-216.689468,84.320160,87.302238
230,1.916667,0.000674,0.673598,-0.006348,0.739070,-216.689896,84.320488,87.301659
231,1.925000,0.000469,0.673677,-0.006451,0.738998,-216.690247,84.319237,87.302002
232,1.933333,0.000431,0.673618,-0.006633,0.739050,-216.689636,84.319031,87.301773
233,1.941667,0.000306,0.673618,-0.006770,0.739049,-216.688614,84.318893,87.302368
234,1.950000,0.000346,0.673601,-0.006518,0.739066,-216.687637,84.318687,87.301834
235,1.958333,0.000425,0.673564,-0.006322,0.739102,-216.686386,84.319405,87.301506
236,1.966667,0.000491,0.673638,-0.006419,0.739033,-216.686081,84.318916,87.302307
237,1.975000,0.000294,0.673555,-0.006695,0.739107,-216.685440,84.320129,87.301025
238,1.983333,0.000332,0.673595,-0.006854,0.739068,-216.685303,84.320488,87.301445
239,1.991667,0.000324,0.673664,-0.006698,0.739007,-216.685181,84.319862,87.301338
240,2.000000,0.000496,0.673604,-0.006511,0.739064,-216.686249,84.318748,87.300720
241,2.008333,0.000520,0.673666,-0.006396,0.739009,-216.686432,84.319183,87.300346
242,2.016667,0.000571,0.673670,-0.006475,0.739004,-216.687393,84.320366,87.300079
243,2.025000,0.000442,0.673648,-0.006646,0.739022,-216.687683,84.321083,87.300552
244,2.033333,0.000432,0.673618,-0.006594,0.739050,-216.689590,84.318901,87.300667
245,2.041667,0.000294,0.673649,-0.006680,0.739021,-216.689758,84.318260,87.300873
246,2.050000,0.000454,0.673590,-0.006582,0.739075,-216.689880,84.318710,87.302025
247,2.058333,0.000466,0.673607,-0.006556,0.739061,-216.690018,84.319435,87.302483
248,2.066667,0.000298,0.673559,-0.006689,0.739103,-216.689545,84.319405,87.301636
249,2.075000,0.000439,0.673589,-0.006633,0.739076,-216.688965,84.318527,87.301346
250,2.083333,0.000822,0.673770,-0.006774,0.738910,-216.687393,84.321129,87.305138
251,2.091667,0.000710,0.673699,-0.006614,0.738976,-216.687485,84.320168,87.302605
252,2.100000,0.000338,0.673551,-0.006561,0.739111,-216.686676,84.319763,87.302193
253,2.108333,0.000247,0.673574,-0.006429,0.739092,-216.686539,84.319328,87.301987
254,2.116667,0.000455,0.673627,-0.006446,0.739043,-216.685623,84.319702,87.300591
255,2.125000,0.000699,0.673671,-0.006481,0.739003,-216.685730,84.319199,87.301216
256,2.133333,0.000529,0.673650,-0.006661,0.739020,-216.685303,84.318069,87.300850
257,2.141667,0.000362,0.673631,-0.006672,0.739038,-216.685745,84.319725,87.302353
258,2.150000,0.000499,0.673625,-0.006660,0.739043,-216.686676,84.319435,87.301079
259,2.158333,0.000630,0.673677,-0.006668,0.738995,-216.687607,84.318832,87.301407
260,2.166667,0.000705,0.673645,-0.006563,0.739025,-216.687851,84.318634,87.300034
261,2.175000,0.000502,0.673620,-0.006598,0.739048,-216.688614,84.318535,87.300919
262,2.183333,0.000409,0.673675,-0.006664,0.738998,-216.690033,84.319977,87.301979
263,2.191667,0.000209,0.673505,-0.006816,0.739151,-216.690353,84.320816,87.301834
264,2.200000,0.000091,0.673449,-0.006944,0.739201,-216.691284,84.321022,87.303123
265,2.208333,0.000127,0.673499,-0.006859,0.739156,-216.691849,84.319878,87.304016
266,2.216667,0.000586,0.673704,-0.006825,0.738970,-216.691299,84.322044,87.306274
267,2.225000,0.000920,0.673739,-0.006578,0.738940,-216.691330,84.323280,87.306252
268,2.233333,0.000535,0.673437,-0.006407,0.739217,-216.693359,84.320160,87.302742
269,2.241667,0.000421,0.673402,-0.006296,0.739249,-216.693878,84.317970,87.302711
270,2.250000,0.000388,0.673390,-0.006242,0.739261,-216.695740,84.315926,87.304459
271,2.258333,0.000724,0.673531,-0.006073,0.739133,-216.697189,84.315529,87.304817
272,2.266667,0.000727,0.673561,-0.006073,0.739106,-216.698929,84.314911,87.309158
273,2.275000,0.000499,0.673429,-0.005888,0.739228,-216.701645,84.312317,87.311714
274,2.283333,0.000698,0.673360,-0.005510,0.739294,-216.703674,84.311287,87.316345
275,2.291667,0.001114,0.673303,-0.005159,0.739348,-216.704559,84.309311,87.323471
276,2.300000,0.001723,0.673297,-0.004581,0.739356,-216.707031,84.304367,87.331352
277,2.308333,0.002217,0.673367,-0.004124,0.739293,-216.707916,84.300163,87.339417
278,2.316667,0.003007,0.673422,-0.003705,0.739243,-216.710037,84.294876,87.350914
279,2.325000,0.003576,0.673423,-0.002950,0.739243,-216.712830,84.288826,87.362381
280,2.333333,0.004421,0.673403,-0.001933,0.739260,-216.716187,84.282944,87.373825
281,2.341667,0.004870,0.673434,-0.001212,0.739231,-216.719894,84.277695,87.386490
282,2.350000,0.005199,0.673260,-0.000304,0.739388,-216.725235,84.272255,87.407127
283,2.358333,0.005847,0.673532,0.000823,0.739135,-216.727661,84.268501,87.427307
284,2.366667,0.006553,0.673609,0.001827,0.739057,-216.727585,84.262817,87.446564
285,2.375000,0.007175,0.673709,0.002660,0.738957,-216.726654,84.257706,87.462357
286,2.383333,0.008976,0.675013,0.002897,0.737745,-216.734268,84.263649,87.488487
287,2.391667,0.008498,0.674174,0.003244,0.738516,-216.727875,84.257355,87.490120
288,2.400000,0.009597,0.675011,0.003412,0.737737,-216.733673,84.260605,87.509544
289,2.408333,0.009693,0.675242,0.003593,0.737524,-216.734100,84.258392,87.519470
290,2.416667,0.009737,0.675114,0.004095,0.737638,-216.733719,84.257088,87.527191
291,2.425000,0.010019,0.674928,0.004529,0.737802,-216.732498,84.256966,87.536041
292,2.433333,0.010282,0.674926,0.004619,0.737800,-216.731812,84.256439,87.544991
293,2.441667,0.010548,0.674888,0.004718,0.737829,-216.732330,84.255615,87.551132
294,2.450000,0.010639,0.674919,0.004709,0.737801,-216.732407,84.253654,87.557045
295,2.458333,0.010488,0.674901,0.004897,0.737817,-216.734314,84.253189,87.561157
296,2.466667,0.010627,0.674708,0.005122,0.737990,-216.736145,84.252098,87.564629
297,2.475000,0.011089,0.674722,0.005475,0.737969,-216.738464,84.252113,87.570778
298,2.483333,0.011370,0.674600,0.005901,0.738073,-216.740601,84.250038,87.578552
299,2.491667,0.011535,0.674615,0.006161,0.738054,-216.742737,84.246971,87.588165
300,2.500000,0.011797,0.674630,0.006482,0.738034,-216.743164,84.246056,87.595215
301,2.508333,0.011947,0.674507,0.006507,0.738143,-216.741150,84.246407,87.601921
302,2.516667,0.012162,0.674597,0.006563,0.738057,-216.741806,84.244980,87.607559
303,2.525000,0.010980,0.673955,0.006688,0.738661,-216.736221,84.234673,87.607338
304,2.533333,0.010669,0.673858,0.006813,0.738753,-216.733627,84.232666,87.609741
305,2.541667,0.010670,0.673879,0.006928,0.738732,-216.733124,84.234665,87.609314
306,2.550000,0.010753,0.673902,0.006803,0.738711,-216.730927,84.236946,87.606194
307,2.558333,0.012034,0.674521,0.006116,0.738133,-216.729355,84.248695,87.602196
308,2.566667,0.011690,0.674670,0.005331,0.738008,-216.722702,84.252983,87.583191
309,2.575000,0.011288,0.674852,0.004283,0.737854,-216.717438,84.256241,87.555809
310,2.583333,0.010810,0.674981,0.003577,0.737748,-216.714691,84.259483,87.530434
311,2.591667,0.010526,0.675080,0.003257,0.737662,-216.715958,84.263130,87.507126
312,2.600000,0.009171,0.673920,0.002914,0.738742,-216.708832,84.260002,87.481407
313,2.608333,0.008896,0.673638,0.002942,0.739002,-216.708191,84.260666,87.478790
314,2.616667,0.009266,0.673506,0.003162,0.739117,-216.710571,84.270477,87.483147
315,2.625000,0.011430,0.674627,0.003572,0.738062,-216.722275,84.298416,87.500687
316,2.633333,0.012114,0.675224,0.004207,0.737501,-216.719910,84.332588,87.512878
317,2.641667,0.011891,0.675570,0.004697,0.737185,-216.713303,84.381500,87.526443
318,2.650000,0.010262,0.675712,0.006522,0.737066,-216.709106,84.453125,87.542328
319,2.658333,0.008953,0.675845,0.005937,0.736965,-216.696335,84.522629,87.559097
320,2.666667,0.007433,0.675585,0.004121,0.737233,-216.683411,84.581947,87.580399
321,2.675000,0.010875,0.674968,0.004184,0.737755,-216.669891,84.666405,87.582458
322,2.683333,0.012229,0.674581,0.004643,0.738085,-216.661530,84.727409,87.594032
323,2.691667,0.012506,0.675672,0.004968,0.737080,-216.661545,84.779617,87.622177
324,2.700000,0.010911,0.675754,0.003917,0.737036,-216.665558,84.831497,87.634232
325,2.708333,0.009645,0.675459,0.003350,0.737327,-216.670059,84.882912,87.646362
326,2.716667,0.009194,0.675244,0.003310,0.737530,-216.671249,84.934219,87.655075
327,2.725000,0.008732,0.675129,0.003223,0.737641,-216.668106,84.984612,87.663841
328,2.733333,0.007345,0.675187,0.002655,0.737605,-216.663315,85.038765,87.673584
329,2.741667,0.006066,0.675237,0.002704,0.737571,-216.654709,85.104042,87.679245
330,2.750000,0.005006,0.675230,0.002895,0.737584,-216.652054,85.174637,87.686226
331,2.758333,0.004772,0.675245,0.002869,0.737573,-216.651947,85.248062,87.701004
332,2.766667,0.008293,0.675069,0.002249,0.737705,-216.654541,85.334854,87.709686
333,2.775000,0.009337,0.674867,0.001973,0.737877,-216.653656,85.401466,87.716759
334,2.783333,0.007447,0.674741,0.000678,0.738017,-216.653015,85.460594,87.726822
335,2.791667,0.006426,0.674519,0.000426,0.738229,-216.651062,85.511597,87.731247
336,2.800000,0.005759,0.674653,0.000845,0.738112,-216.647034,85.557106,87.735779
337,2.808333,0.005380,0.674855,0.000975,0.737930,-216.640900,85.603668,87.740341
338,2.816667,0.004485,0.674931,0.000828,0.737867,-216.635056,85.645973,87.747345
339,2.825000,0.003433,0.674719,0.000863,0.738066,-216.630508,85.690674,87.756493
340,2.833333,0.003059,0.674655,0.002884,0.738122,-216.630737,85.750839,87.769890
341,2.841667,0.002699,0.674463,0.003013,0.738298,-216.625076,85.802971,87.781075
342,2.850000,0.001901,0.674223,0.001984,0.738523,-216.615601,85.851334,87.791801
343,2.858333,0.003471,0.675578,0.000611,0.737280,-216.613770,85.913910,87.815155
344,2.866667,0.005980,0.675726,-0.001411,0.737127,-216.607239,85.992844,87.823303
345,2.875000,0.005019,0.675953,-0.002360,0.736924,-216.595749,86.056679,87.824623
346,2.883333,0.003337,0.675930,-0.002629,0.736953,-216.593338,86.107452,87.828644
347,2.891667,0.003645,0.676297,-0.002071,0.736617,-216.597244,86.163483,87.835411
348,2.900000,0.003429,0.676309,-0.001208,0.736609,-216.601105,86.213402,87.834511
349,2.908333,0.003152,0.676100,-0.001265,0.736802,-216.602798,86.262215,87.838852
350,2.916667,0.002907,0.676328,0.000918,0.736594,-216.603470,86.331093,87.841293
351,2.925000,0.001180,0.676295,-0.000102,0.736630,-216.598465,86.392090,87.844940
352,2.933333,-0.000660,0.676313,-0.001965,0.736611,-216.588211,86.450882,87.850197
353,2.941667,-0.001612,0.676522,-0.003686,0.736412,-216.577911,86.511810,87.856880
354,2.950000,-0.002335,0.676700,-0.004585,0.736241,-216.569519,86.569405,87.860634
355,2.958333,0.000392,0.676885,-0.005212,0.736070,-216.572144,86.640259,87.864784
356,2.966667,0.000537,0.676614,-0.005015,0.736320,-216.571594,86.688812,87.868912
357,2.975000,-0.000536,0.675793,-0.004914,0.737075,-216.563461,86.730232,87.867180
358,2.983333,-0.000899,0.676363,-0.005184,0.736549,-216.562531,86.772552,87.879395
359,2.991667,-0.001952,0.676553,-0.006105,0.736366,-216.555695,86.812637,87.886665
360,3.000000,-0.002701,0.676640,-0.006860,0.736277,-216.546494,86.850479,87.892838
361,3.008333,-0.003686,0.676654,-0.007426,0.736254,-216.537949,86.891602,87.897423
362,3.016667,-0.004746,0.676633,-0.008154,0.736260,-216.533417,86.936386,87.901184
363,3.025000,-0.005639,0.676712,-0.008405,0.736178,-216.530304,86.981979,87.900993
364,3.033333,-0.005965,0.676582,-0.008417,0.736295,-216.528534,87.028763,87.902321
365,3.041667,-0.005781,0.676609,-0.008044,0.736276,-216.527649,87.075714,87.906105
366,3.050000,-0.005923,0.676618,-0.007539,0.736272,-216.528061,87.115654,87.908134
367,3.058333,-0.007508,0.676465,-0.008287,0.736390,-216.528946,87.159134,87.907875
368,3.066667,-0.008145,0.676416,-0.008219,0.736429,-216.529221,87.193550,87.909004
369,3.075000,-0.008564,0.676523,-0.008180,0.736326,-216.526794,87.224998,87.910103
370,3.083333,-0.009280,0.676661,-0.008813,0.736184,-216.525055,87.251503,87.911377
371,3.091667,-0.009485,0.676692,-0.009290,0.736146,-216.521805,87.279083,87.912064
372,3.100000,-0.006448,0.676799,-0.009950,0.736072,-216.522842,87.325760,87.915100
373,3.108333,-0.005821,0.676795,-0.010579,0.736072,-216.518188,87.360870,87.917183
374,3.116667,-0.006318,0.676646,-0.010660,0.736204,-216.515228,87.383209,87.920319
375,3.125000,-0.006788,0.676747,-0.010518,0.736109,-216.512604,87.402176,87.922829
376,3.133333,-0.007089,0.676661,-0.010605,0.736184,-216.508820,87.419876,87.927071
377,3.141667,-0.006998,0.676536,-0.010784,0.736297,-216.504486,87.439384,87.932175
378,3.150000,-0.007168,0.676393,-0.010717,0.736428,-216.500946,87.460915,87.935379
379,3.158333,-0.007305,0.676259,-0.010711,0.736550,-216.496826,87.487762,87.939705
380,3.166667,-0.008188,0.676042,-0.010877,0.736738,-216.493408,87.513344,87.939285
381,3.175000,-0.008829,0.676014,-0.010873,0.736756,-216.492050,87.541626,87.941147
382,3.183333,-0.009469,0.675981,-0.010895,0.736778,-216.489914,87.574020,87.944473
383,3.191667,-0.010299,0.675790,-0.010773,0.736943,-216.485947,87.605186,87.946373
384,3.200000,-0.010842,0.675704,-0.010994,0.737012,-216.482803,87.630257,87.949059
385,3.208333,-0.011444,0.675657,-0.011199,0.737043,-216.480179,87.648026,87.948082
386,3.216667,-0.011734,0.675693,-0.011131,0.737006,-216.476135,87.659607,87.945000
387,3.225000,-0.011534,0.675786,-0.010992,0.736925,-216.475082,87.671875,87.943283
388,3.233333,-0.011473,0.675822,-0.011148,0.736891,-216.475769,87.687958,87.943634
389,3.241667,-0.011867,0.675818,-0.011140,0.736889,-216.477280,87.705750,87.944016
390,3.250000,-0.012855,0.675843,-0.011986,0.736836,-216.477722,87.732986,87.943001
391,3.258333,-0.013074,0.676015,-0.012475,0.736666,-216.478180,87.762459,87.944977
392,3.266667,-0.013140,0.676205,-0.012506,0.736490,-216.476471,87.789368,87.948082
393,3.275000,-0.013120,0.676323,-0.012389,0.736384,-216.471939,87.818649,87.949028
394,3.283333,-0.013106,0.676284,-0.012192,0.736423,-216.467880,87.844383,87.950348
395,3.291667,-0.012954,0.676321,-0.012114,0.736394,-216.463562,87.862411,87.949463
396,3.300000,-0.012662,0.676288,-0.012148,0.736428,-216.460678,87.879440,87.952461
397,3.308333,-0.012479,0.676276,-0.012112,0.736443,-216.454956,87.895348,87.956161
398,3.316667,-0.008833,0.676363,-0.012536,0.736409,-216.454071,87.933769,87.956146
399,3.325000,-0.007730,0.676349,-0.012655,0.736432,-216.449814,87.959152,87.957367
400,3.333333,-0.007913,0.676221,-0.012288,0.736554,-216.445496,87.981003,87.957993
401,3.341667,-0.008484,0.676186,-0.012232,0.736581,-216.443207,88.000084,87.960213
402,3.350000,-0.008594,0.676145,-0.012040,0.736620,-216.440201,88.018379,87.959244
403,3.358333,-0.008782,0.676177,-0.011876,0.736591,-216.437653,88.030167,87.956352
404,3.366667,-0.008748,0.676253,-0.011602,0.736526,-216.432098,88.039383,87.952080
405,3.375000,-0.008585,0.676373,-0.011595,0.736418,-216.423752,88.055626,87.948982
406,3.383333,-0.009247,0.676753,-0.012282,0.736050,-216.411423,88.084396,87.949059
407,3.391667,-0.010863,0.677123,-0.013292,0.735669,-216.393921,88.133751,87.949608
408,3.400000,-0.012635,0.677272,-0.014469,0.735482,-216.370743,88.204369,87.951241
409,3.408333,-0.013686,0.677331,-0.014862,0.735401,-216.339188,88.282143,87.953903
410,3.416667,-0.014927,0.677250,-0.014976,0.735449,-216.303421,88.364105,87.962830
411,3.425000,-0.016950,0.677732,-0.015916,0.734941,-216.274094,88.434967,87.972687
412,3.433333,-0.018810,0.678067,-0.017031,0.734562,-216.256073,88.491013,87.976166
413,3.441667,-0.019463,0.678130,-0.017232,0.734482,-216.249115,88.532578,87.979942
414,3.450000,-0.019325,0.678251,-0.016971,0.734380,-216.250656,88.569077,87.978966
415,3.458333,-0.019349,0.678121,-0.017094,0.734496,-216.256531,88.609695,87.977615
416,3.466667,-0.016275,0.678014,-0.018114,0.734645,-216.267319,88.671692,87.973518
417,3.475000,-0.015598,0.677819,-0.018867,0.734821,-216.275101,88.717659,87.974236
418,3.483333,-0.016422,0.677862,-0.018984,0.734761,-216.278381,88.751305,87.975876
419,3.491667,-0.017628,0.677905,-0.018719,0.734699,-216.275284,88.775703,87.975159
420,3.500000,-0.018107,0.677881,-0.018474,0.734717,-216.272064,88.795410,87.976997
421,3.508333,-0.018081,0.677943,-0.018310,0.734664,-216.273163,88.811531,87.972290
422,3.516667,-0.018504,0.677829,-0.018420,0.734756,-216.278244,88.824966,87.971573
423,3.525000,-0.019868,0.677922,-0.019830,0.734597,-216.284363,88.845833,87.968788
424,3.533333,-0.020652,0.677782,-0.020579,0.734685,-216.287827,88.861809,87.968025
425,3.541667,-0.020975,0.677831,-0.020548,0.734631,-216.288422,88.872787,87.967209
426,3.550000,-0.020298,0.677661,-0.019829,0.734827,-216.286972,88.878426,87.969986
427,3.558333,-0.019880,0.677811,-0.019613,0.734705,-216.284256,88.878265,87.972923
428,3.566667,-0.019899,0.677744,-0.019651,0.734766,-216.282242,88.871208,87.975090
429,3.575000,-0.020319,0.677868,-0.020131,0.734627,-216.281891,88.864197,87.972488
430,3.583333,-0.020472,0.677812,-0.020214,0.734672,-216.280334,88.858574,87.973297
431,3.591667,-0.019787,0.677735,-0.019926,0.734770,-216.277695,88.859764,87.979324
432,3.600000,-0.020591,0.677901,-0.020305,0.734585,-216.272263,88.866280,87.976822
433,3.608333,-0.020113,0.677844,-0.019944,0.734660,-216.269043,88.872658,87.981781
434,3.616667,-0.020158,0.677819,-0.019660,0.734690,-216.266678,88.872948,87.985626
435,3.625000,-0.019898,0.677707,-0.019512,0.734803,-216.268280,88.867943,87.984047
436,3.633333,-0.019630,0.677659,-0.019519,0.734855,-216.270920,88.861816,87.982925
437,3.641667,-0.019631,0.677708,-0.019635,0.734807,-216.273499,88.859520,87.980217
438,3.650000,-0.019636,0.677706,-0.019728,0.734806,-216.275497,88.862114,87.978676
439,3.658333,-0.019890,0.677831,-0.019710,0.734685,-216.277573,88.867592,87.978111
440,3.666667,-0.020347,0.677882,-0.019841,0.734621,-216.280441,88.873703,87.970993
441,3.675000,-0.020155,0.677715,-0.019713,0.734784,-216.285461,88.874016,87.973846
442,3.683333,-0.020110,0.677618,-0.019709,0.734875,-216.287857,88.867065,87.972099
443,3.691667,-0.020438,0.677774,-0.020053,0.734712,-216.287231,88.863533,87.967491
444,3.700000,-0.020282,0.677701,-0.020117,0.734783,-216.287186,88.861557,87.972343
445,3.708333,-0.020198,0.677693,-0.019986,0.734796,-216.284225,88.863838,87.972504
446,3.716667,-0.020567,0.677859,-0.020099,0.734629,-216.281097,88.869270,87.969025
447,3.725000,-0.020356,0.677741,-0.019782,0.734752,-216.279434,88.870949,87.975487
448,3.733333,-0.020320,0.677731,-0.019797,0.734762,-216.276459,88.868790,87.978821
449,3.741667,-0.020088,0.677755,-0.019864,0.734745,-216.274734,88.865303,87.980743
450,3.750000,-0.019996,0.677799,-0.019846,0.734707,-216.272736,88.861343,87.981422
451,3.758333,-0.019834,0.677740,-0.019871,0.734766,-216.269165,88.862907,87.982208
452,3.766667,-0.019714,0.677788,-0.019684,0.734730,-216.267563,88.866882,87.982849
453,3.775000,-0.019793,0.677723,-0.019687,0.734787,-216.267899,88.869270,87.982925
454,3.783333,-0.019932,0.677755,-0.019617,0.734756,-216.268829,88.869331,87.983139
455,3.791667,-0.020331,0.677883,-0.019990,0.734617,-216.271515,88.868469,87.978088
456,3.800000,-0.019996,0.677725,-0.019904,0.734774,-216.276505,88.863441,87.979301
457,3.808333,-0.019674,0.677864,-0.019785,0.734658,-216.280579,88.862305,87.977531
458,3.816667,-0.019908,0.677808,-0.019846,0.734701,-216.282135,88.862556,87.975716
459,3.825000,-0.020041,0.677769,-0.019692,0.734738,-216.282654,88.865654,87.973419
460,3.833333,-0.019913,0.677750,-0.019700,0.734758,-216.285492,88.869293,87.973801
461,3.841667,-0.020185,0.677771,-0.019836,0.734728,-216.286591,88.866821,87.974609
462,3.850000,-0.020187,0.677704,-0.019954,0.734787,-216.285828,88.863106,87.973488
463,3.858333,-0.020173,0.677717,-0.019850,0.734778,-216.284302,88.861259,87.973595
464,3.866667,-0.020159,0.677691,-0.019837,0.734803,-216.281265,88.860657,87.974960
465,3.875000,-0.020041,0.677777,-0.019882,0.734726,-216.276886,88.864227,87.978035
466,3.883333,-0.020450,0.677839,-0.020097,0.734651,-216.271942,88.869232,87.973625
467,3.891667,-0.020301,0.677728,-0.019974,0.734761,-216.270447,88.869476,87.979118
468,3.900000,-0.020027,0.677719,-0.019834,0.734780,-216.269638,88.868103,87.981239
469,3.908333,-0.019836,0.677757,-0.019637,0.734756,-216.268967,88.863464,87.983650
470,3.916667,-0.019761,0.677773,-0.019708,0.734742,-216.268448,88.862625,87.983635
471,3.925000,-0.019868,0.677776,-0.019835,0.734733,-216.268829,88.864365,87.982506
472,3.933333,-0.020081,0.677781,-0.019875,0.734721,-216.270157,88.866852,87.982002
473,3.941667,-0.020466,0.677862,-0.020233,0.734625,-216.271347,88.870811,87.977905
474,3.950000,-0.020313,0.677900,-0.020090,0.734599,-216.273911,88.871124,87.974457
475,3.958333,-0.019976,0.677721,-0.019859,0.734779,-216.277832,88.866104,87.977448
476,3.966667,-0.020013,0.677694,-0.019878,0.734802,-216.280716,88.862968,87.976196
477,3.975000,-0.020095,0.677730,-0.020012,0.734764,-216.282013,88.863731,87.973816
478,3.983333,-0.020033,0.677705,-0.019826,0.734793,-216.283676,88.866226,87.973557
479,3.991667,-0.020468,0.677908,-0.020028,0.734589,-216.283325,88.869217,87.968132
480,4.000000,-0.020373,0.677821,-0.020028,0.734672,-216.284698,88.869789,87.972878
481,4.008333,-0.020256,0.677824,-0.020059,0.734671,-216.283722,88.865776,87.975815
482,4.016667,-0.020045,0.677793,-0.019944,0.734709,-216.281342,88.863335,87.975197
483,4.025000,-0.020149,0.677768,-0.019867,0.734731,-216.277573,88.862167,87.977089
484,4.033333,-0.020255,0.677747,-0.019790,0.734750,-216.273041,88.864388,87.977692
485,4.041667,-0.019938,0.677832,-0.019634,0.734684,-216.269821,88.866341,87.980560
486,4.050000,-0.019744,0.677790,-0.019682,0.734727,-216.267899,88.867905,87.982307
487,4.058333,-0.019681,0.677828,-0.019727,0.734692,-216.266418,88.867950,87.982468
488,4.066667,-0.020113,0.677828,-0.020062,0.734672,-216.265900,88.866798,87.978043
489,4.075000,-0.020002,0.677724,-0.019862,0.734776,-216.268967,88.864594,87.982635
490,4.083333,-0.019831,0.677760,-0.019877,0.734747,-216.271378,88.864197,87.983574
491,4.091667,-0.019896,0.677746,-0.019918,0.734757,-216.272903,88.865005,87.981987
492,4.100000,-0.019712,0.677836,-0.019790,0.734682,-216.276459,88.866653,87.979683
493,4.108333,-0.019996,0.677746,-0.019848,0.734756,-216.279358,88.866722,87.978455
494,4.116667,-0.020104,0.677808,-0.019893,0.734695,-216.281631,88.865318,87.977180
495,4.125000,-0.020484,0.677809,-0.020264,0.734673,-216.282516,88.865761,87.971535
496,4.133333,-0.020382,0.677690,-0.020058,0.734792,-216.284851,88.865295,87.974747
497,4.141667,-0.020325,0.677749,-0.020051,0.734739,-216.283829,88.864624,87.974419
498,4.150000,-0.019975,0.677812,-0.019850,0.734696,-216.282410,88.866531,87.974503
499,4.158333,-0.019820,0.677772,-0.019728,0.734740,-216.280579,88.868309,87.974640
500,4.166667,-0.019808,0.677776,-0.019596,0.734740,-216.278885,88.867218,87.976196
501,4.175000,-0.019797,0.677740,-0.019587,0.734775,-216.276627,88.864044,87.977310
502,4.183333,-0.020159,0.677905,-0.020132,0.734597,-216.272995,88.865295,87.973938
503,4.191667,-0.020134,0.677855,-0.020020,0.734647,-216.271896,88.865051,87.979309
504,4.200000,-0.019939,0.677769,-0.019822,0.734737,-216.269592,88.865372,87.981400
505,4.208333,-0.020114,0.677919,-0.020103,0.734586,-216.266220,88.868454,87.977737
506,4.216667,-0.019943,0.677757,-0.019959,0.734745,-216.268127,88.867325,87.982826
507,4.225000,-0.019865,0.677754,-0.019842,0.734753,-216.269394,88.865028,87.983284
508,4.233333,-0.019697,0.677706,-0.019710,0.734805,-216.271240,88.863907,87.982033
509,4.241667,-0.019887,0.677776,-0.019774,0.734733,-216.273453,88.863365,87.980721
510,4.250000,-0.020178,0.677774,-0.019935,0.734723,-216.277191,88.863335,87.980347
511,4.258333,-0.020076,0.677714,-0.019890,0.734782,-216.279816,88.866837,87.978775
512,4.266667,-0.020277,0.677937,-0.020120,0.734565,-216.280243,88.871346,87.973495
513,4.275000,-0.019921,0.677790,-0.019798,0.734719,-216.284271,88.874474,87.979088
514,4.283333,-0.020068,0.677741,-0.019563,0.734767,-216.284180,88.876549,87.980476
515,4.291667,-0.019013,0.678992,-0.019740,0.733634,-216.292023,88.888000,87.995872
516,4.300000,-0.019438,0.678010,-0.019717,0.734531,-216.285538,88.893600,87.989388
517,4.308333,-0.018736,0.679098,-0.019755,0.733543,-216.289215,88.906738,88.006645
518,4.316667,-0.018790,0.679185,-0.019531,0.733466,-216.286087,88.913437,88.015656
519,4.325000,-0.018722,0.679257,-0.019463,0.733404,-216.281769,88.921089,88.025726
520,4.333333,-0.018640,0.679289,-0.019546,0.733374,-216.276260,88.929535,88.040527
521,4.341667,-0.018433,0.679155,-0.019572,0.733503,-216.269333,88.937149,88.054970
522,4.350000,-0.018617,0.679121,-0.019664,0.733526,-216.265030,88.944382,88.071907
523,4.358333,-0.019192,0.679012,-0.020129,0.733600,-216.261459,88.952850,88.089066
524,4.366667,-0.019197,0.679007,-0.018939,0.733636,-216.262009,88.969902,88.104477
525,4.375000,-0.019741,0.678825,-0.018912,0.733791,-216.262512,88.981010,88.122086
526,4.383333,-0.020109,0.678732,-0.019053,0.733863,-216.263626,88.988792,88.140472
527,4.391667,-0.020107,0.678606,-0.019326,0.733973,-216.264755,88.995155,88.157661
528,4.400000,-0.020130,0.678536,-0.019570,0.734031,-216.266327,89.000687,88.177750
529,4.408333,-0.020081,0.678495,-0.019603,0.734069,-216.268707,89.008118,88.196815
530,4.416667,-0.020279,0.678393,-0.019818,0.734152,-216.268295,89.016106,88.214317
531,4.425000,-0.020426,0.678496,-0.020019,0.734047,-216.269867,89.023827,88.233757
532,4.433333,-0.020665,0.678343,-0.021330,0.734145,-216.269852,89.025810,88.255539
533,4.441667,-0.021443,0.678176,-0.022615,0.734238,-216.269012,89.030685,88.280174
534,4.450000,-0.022012,0.678103,-0.023091,0.734274,-216.266342,89.030907,88.306084
535,4.458333,-0.022188,0.678209,-0.023305,0.734164,-216.263672,89.027061,88.335121
536,4.466667,-0.022455,0.678278,-0.023186,0.734096,-216.260284,89.013443,88.365425
537,4.475000,-0.022746,0.678125,-0.023399,0.734222,-216.256790,88.998779,88.398621
538,4.483333,-0.021577,0.677869,-0.022276,0.734528,-216.252228,88.978256,88.435295
539,4.491667,-0.020936,0.677685,-0.022010,0.734724,-216.244339,88.958809,88.474594
540,4.500000,-0.020722,0.677445,-0.022252,0.734945,-216.240646,88.939949,88.516060
541,4.508333,-0.020639,0.677228,-0.022491,0.735140,-216.238312,88.918381,88.555435
542,4.516667,-0.021465,0.677806,-0.022163,0.734593,-216.238785,88.874176,88.611252
543,4.525000,-0.022349,0.677996,-0.021155,0.734421,-216.230865,88.821899,88.652863
544,4.533333,-0.020817,0.679156,-0.019933,0.733427,-216.229630,88.769981,88.711502
545,4.541667,-0.018680,0.678845,-0.018946,0.733799,-216.231232,88.714310,88.761612
546,4.550000,-0.017383,0.678660,-0.017215,0.734045,-216.235825,88.659706,88.810555
547,4.558333,-0.016420,0.678932,-0.017658,0.733805,-216.237213,88.596024,88.858162
548,4.566667,-0.014747,0.679317,-0.017681,0.733484,-216.231918,88.528084,88.912689
549,4.575000,-0.014186,0.679501,-0.016013,0.733363,-216.225403,88.454071,88.969162
550,4.583333,-0.014126,0.678784,-0.014650,0.734056,-216.223953,88.371346,89.030319
551,4.591667,-0.015721,0.678236,-0.015978,0.734503,-216.222000,88.289246,89.091484
552,4.600000,-0.015277,0.678178,-0.016240,0.734559,-216.221207,88.209541,89.148743
553,4.608333,-0.012990,0.678148,-0.014727,0.734663,-216.216690,88.133110,89.210480
554,4.616667,-0.010635,0.677571,-0.012771,0.735269,-216.207291,88.066925,89.275146
555,4.625000,-0.009047,0.677391,-0.012041,0.735469,-216.198471,88.007393,89.338776
556,4.633333,-0.009482,0.678786,-0.011555,0.734184,-216.194794,87.946442,89.410866
557,4.641667,-0.010695,0.678816,-0.011631,0.734138,-216.189545,87.893127,89.475746
558,4.650000,-0.010252,0.679525,-0.012151,0.733480,-216.186615,87.862740,89.562813
559,4.658333,-0.009369,0.679265,-0.010628,0.733756,-216.181152,87.850952,89.632141
560,4.666667,-0.008522,0.679058,-0.009377,0.733975,-216.175339,87.840805,89.697716
561,4.675000,-0.007810,0.679329,-0.008226,0.733746,-216.174225,87.828484,89.768372
562,4.683333,-0.007855,0.679158,-0.009457,0.733890,-216.176559,87.820763,89.840790
563,4.691667,-0.008915,0.678571,-0.012041,0.734382,-216.176559,87.820847,89.914368
564,4.700000,-0.010610,0.678002,-0.014258,0.734845,-216.174194,87.828049,89.985207
565,4.708333,-0.012195,0.677541,-0.015154,0.735228,-216.173889,87.846397,90.064064
566,4.716667,-0.012177,0.678539,-0.015588,0.734298,-216.180115,87.875435,90.159569
567,4.725000,-0.012579,0.678514,-0.015834,0.734309,-216.174026,87.902122,90.234062
568,4.733333,-0.012822,0.679106,-0.016820,0.733735,-216.170380,87.939438,90.323265
569,4.741667,-0.013700,0.678714,-0.017560,0.734065,-216.165131,87.975525,90.400620
570,4.750000,-0.014434,0.678296,-0.017520,0.734438,-216.156250,88.017822,90.483543
571,4.758333,-0.015680,0.678015,-0.017945,0.734662,-216.142944,88.062737,90.569862
572,4.766667,-0.017125,0.677928,-0.019008,0.734683,-216.129715,88.122993,90.655495
573,4.775000,-0.017161,0.679070,-0.019905,0.733603,-216.133713,88.194969,90.758636
574,4.783333,-0.017928,0.678737,-0.020418,0.733879,-216.133118,88.262756,90.848648
575,4.791667,-0.019811,0.678241,-0.021310,0.734263,-216.121338,88.327675,90.937653
576,4.800000,-0.023170,0.678116,-0.024082,0.734194,-216.100403,88.397583,91.023979
577,4.808333,-0.024067,0.677997,-0.024425,0.734264,-216.091187,88.452164,91.098022
578,4.816667,-0.024997,0.677766,-0.024180,0.734454,-216.085358,88.501495,91.176567
579,4.825000,-0.025885,0.677189,-0.024691,0.734939,-216.082352,88.549065,91.262886
580,4.833333,-0.025607,0.678426,-0.024189,0.733823,-216.086075,88.611694,91.351059
581,4.841667,-0.026503,0.678682,-0.024474,0.733546,-216.080780,88.659584,91.421471
582,4.850000,-0.028091,0.677990,-0.026857,0.734043,-216.083359,88.692810,91.494972
583,4.858333,-0.029143,0.677941,-0.028149,0.733999,-216.087082,88.721260,91.563187
584,4.866667,-0.029580,0.677825,-0.028012,0.734094,-216.089249,88.741165,91.624275
585,4.875000,-0.029451,0.677427,-0.027490,0.734486,-216.085342,88.758980,91.684250
586,4.883333,-0.029715,0.677226,-0.028671,0.734615,-216.078537,88.784065,91.750076
587,4.891667,-0.030527,0.677078,-0.030400,0.734649,-216.070129,88.811813,91.811646
588,4.900000,-0.031453,0.677008,-0.031435,0.734631,-216.059738,88.831429,91.877647
589,4.908333,-0.031174,0.678328,-0.029592,0.733501,-216.062164,88.854820,91.950073
590,4.916667,-0.030823,0.678690,-0.028671,0.733217,-216.052795,88.861885,92.006989
591,4.925000,-0.031236,0.678310,-0.030819,0.733465,-216.048386,88.859238,92.062775
592,4.933333,-0.031574,0.677801,-0.032260,0.733859,-216.045334,88.854301,92.113754
593,4.941667,-0.032324,0.677513,-0.033094,0.734054,-216.041229,88.851562,92.165771
594,4.950000,-0.033036,0.677578,-0.033008,0.733967,-216.034775,88.846901,92.221329
595,4.958333,-0.033110,0.677663,-0.032880,0.733891,-216.028458,88.845367,92.267677
596,4.966667,-0.032365,0.677436,-0.032083,0.734169,-216.026825,88.831078,92.314117
597,4.975000,-0.034026,0.677902,-0.031046,0.733708,-216.024948,88.798836,92.363121
598,4.983333,-0.035920,0.677396,-0.030407,0.734112,-216.023972,88.762520,92.409142
599,4.991667,-0.035340,0.676922,-0.030176,0.734587,-216.020630,88.731087,92.453735
600,5.000000,-0.034189,0.676670,-0.030607,0.734855,-216.017731,88.700546,92.495743
601,5.008333,-0.032996,0.676998,-0.030627,0.734607,-216.015747,88.669975,92.536369
602,5.016667,-0.031013,0.678471,-0.030453,0.733341,-216.016983,88.636826,92.589325
603,5.025000,-0.029863,0.678698,-0.028353,0.733262,-216.022034,88.605568,92.627190
604,5.033333,-0.029614,0.678466,-0.028935,0.733464,-216.020157,88.566437,92.665436
605,5.041667,-0.030191,0.678386,-0.029800,0.733480,-216.021698,88.529770,92.702126
606,5.050000,-0.030937,0.676912,-0.029960,0.734803,-216.021896,88.486893,92.737564
607,5.058333,-0.029306,0.677447,-0.029723,0.734386,-216.025970,88.451241,92.786415
608,5.066667,-0.029833,0.677855,-0.028663,0.734031,-216.017395,88.406059,92.825874
609,5.075000,-0.030139,0.678012,-0.027419,0.733921,-216.008301,88.365707,92.873283
610,5.083333,-0.030029,0.678041,-0.027225,0.733905,-216.000961,88.338593,92.917198
611,5.091667,-0.029630,0.677722,-0.027384,0.734210,-215.996811,88.317993,92.959114
612,5.100000,-0.029332,0.677487,-0.027700,0.734428,-215.993378,88.299141,92.998795
613,5.108333,-0.029507,0.677260,-0.027731,0.734628,-215.990753,88.280090,93.039909
614,5.116667,-0.029585,0.677112,-0.027504,0.734771,-215.985733,88.256500,93.086380
615,5.125000,-0.029323,0.677042,-0.027425,0.734849,-215.980942,88.237007,93.132225
616,5.133333,-0.028862,0.676948,-0.027266,0.734959,-215.982574,88.213150,93.176765
617,5.141667,-0.028171,0.677094,-0.027049,0.734859,-215.985901,88.192871,93.217468
618,5.150000,-0.027668,0.677029,-0.026886,0.734944,-215.989426,88.178978,93.259041
619,5.158333,-0.027585,0.676676,-0.027164,0.735263,-215.989273,88.164970,93.300476
620,5.166667,-0.027150,0.677331,-0.027747,0.734654,-215.993256,88.149429,93.353767
621,5.175000,-0.026469,0.677439,-0.027769,0.734578,-215.985962,88.130325,93.399200
622,5.183333,-0.025530,0.678318,-0.027145,0.733823,-215.982529,88.114319,93.450966
623,5.191667,-0.025270,0.678474,-0.026699,0.733704,-215.978500,88.101326,93.494278
624,5.200000,-0.028176,0.678210,-0.026392,0.733853,-215.972061,88.073547,93.538261
625,5.208333,-0.030253,0.678011,-0.026813,0.733939,-215.968582,88.050377,93.584045
626,5.216667,-0.031055,0.677617,-0.027236,0.734254,-215.965866,88.030800,93.623802
627,5.225000,-0.030647,0.677459,-0.026810,0.734433,-215.962128,88.013023,93.665276
628,5.233333,-0.029745,0.677330,-0.026477,0.734601,-215.955994,87.993973,93.709305
629,5.241667,-0.029100,0.677340,-0.026468,0.734618,-215.946487,87.974869,93.751564
630,5.250000,-0.028548,0.677736,-0.026318,0.734279,-215.937378,87.954979,93.799606
631,5.258333,-0.027089,0.677904,-0.026126,0.734186,-215.932251,87.946350,93.845566
632,5.266667,-0.026636,0.677864,-0.026662,0.734220,-215.931915,87.939812,93.889496
633,5.275000,-0.026845,0.677544,-0.027626,0.734473,-215.935104,87.931046,93.932503
634,5.283333,-0.027377,0.677109,-0.028387,0.734825,-215.935272,87.920609,93.977570
635,5.291667,-0.026567,0.678311,-0.028520,0.733741,-215.941742,87.916794,94.035950
636,5.300000,-0.026851,0.678477,-0.028529,0.733577,-215.939575,87.904541,94.084106
637,5.308333,-0.027418,0.677841,-0.028287,0.734152,-215.932220,87.889801,94.122032
638,5.316667,-0.027087,0.677788,-0.028255,0.734215,-215.928055,87.881126,94.159081
639,5.325000,-0.026154,0.678626,-0.028121,0.733480,-215.930389,87.869263,94.207253
640,5.333333,-0.028735,0.678601,-0.026855,0.733453,-215.931534,87.835327,94.252434
641,5.341667,-0.029723,0.678359,-0.026044,0.733667,-215.928818,87.812683,94.292000
642,5.350000,-0.029375,0.677863,-0.026114,0.734136,-215.922211,87.801399,94.332420
643,5.358333,-0.028869,0.677601,-0.026509,0.734384,-215.916962,87.787613,94.377823
644,5.366667,-0.028438,0.677775,-0.026484,0.734242,-215.912033,87.771278,94.425339
645,5.375000,-0.028423,0.677601,-0.026589,0.734400,-215.908737,87.756897,94.466965
646,5.383333,-0.028868,0.677355,-0.027408,0.734579,-215.908478,87.744888,94.512413
647,5.391667,-0.028988,0.677157,-0.027984,0.734735,-215.908401,87.735603,94.554832
648,5.400000,-0.028737,0.676939,-0.028193,0.734937,-215.908310,87.724930,94.594734
649,5.408333,-0.027982,0.676871,-0.027475,0.735056,-215.906021,87.709991,94.635925
650,5.416667,-0.026972,0.677151,-0.024288,0.734949,-215.903381,87.708000,94.679840
651,5.425000,-0.025957,0.678258,-0.025006,0.733940,-215.900253,87.701035,94.734924
652,5.433333,-0.026163,0.678164,-0.026310,0.733973,-215.899017,87.683426,94.778397
653,5.441667,-0.027045,0.678079,-0.027367,0.733981,-215.905090,87.665756,94.826195
654,5.450000,-0.026393,0.678058,-0.026678,0.734049,-215.910004,87.643806,94.867874
655,5.458333,-0.025745,0.678030,-0.025806,0.734130,-215.914993,87.634720,94.903908
656,5.466667,-0.025854,0.677863,-0.025605,0.734287,-215.917892,87.625221,94.940414
657,5.475000,-0.025630,0.677648,-0.025948,0.734481,-215.916489,87.610039,94.979927
658,5.483333,-0.024984,0.677392,-0.025961,0.734739,-215.909195,87.591278,95.022842
659,5.491667,-0.026572,0.677795,-0.025514,0.734328,-215.899033,87.561737,95.070038
660,5.500000,-0.027938,0.677824,-0.025244,0.734260,-215.892410,87.537560,95.109039
661,5.508333,-0.029266,0.677306,-0.026682,0.734635,-215.892548,87.528816,95.153496
662,5.516667,-0.029364,0.677578,-0.026388,0.734391,-215.888901,87.508202,95.188187
663,5.525000,-0.029651,0.677262,-0.026409,0.734670,-215.885300,87.489204,95.227905
664,5.533333,-0.029625,0.676962,-0.026521,0.734943,-215.879959,87.474602,95.268631
665,5.541667,-0.029542,0.676714,-0.026314,0.735182,-215.872818,87.465187,95.315903
666,5.550000,-0.029065,0.676833,-0.024940,0.735139,-215.868301,87.462921,95.359093
667,5.558333,-0.026856,0.678444,-0.024001,0.733769,-215.869736,87.458679,95.415024
668,5.566667,-0.025949,0.678671,-0.024461,0.733576,-215.865707,87.439545,95.461151
669,5.575000,-0.026149,0.678422,-0.026159,0.733741,-215.868729,87.436180,95.503143
670,5.583333,-0.026642,0.678390,-0.027174,0.733716,-215.874664,87.427422,95.540512
671,5.591667,-0.025635,0.678341,-0.026945,0.733806,-215.880081,87.406281,95.578094
672,5.600000,-0.024915,0.678219,-0.027258,0.733931,-215.879013,87.388977,95.613007
673,5.608333,-0.024695,0.678168,-0.027084,0.733993,-215.875671,87.375763,95.656448
674,5.616667,-0.025080,0.678050,-0.026853,0.734097,-215.868729,87.368378,95.698639
675,5.625000,-0.025506,0.677940,-0.027035,0.734177,-215.865570,87.361053,95.738670
676,5.633333,-0.026097,0.677656,-0.027431,0.734404,-215.863220,87.355003,95.775749
677,5.641667,-0.025929,0.677429,-0.027649,0.734611,-215.863037,87.348106,95.813080
678,5.650000,-0.028639,0.677661,-0.027481,0.734303,-215.867065,87.322556,95.863724
679,5.658333,-0.030427,0.677122,-0.027022,0.734745,-215.866852,87.296371,95.898918
680,5.666667,-0.030530,0.676915,-0.026285,0.734958,-215.865082,87.279274,95.935249
681,5.675000,-0.030310,0.676720,-0.026106,0.735153,-215.856247,87.264290,95.975883
682,5.683333,-0.029050,0.676561,-0.025462,0.735373,-215.846664,87.259468,96.024490
683,5.691667,-0.027277,0.678333,-0.025342,0.733811,-215.843613,87.263535,96.081505
684,5.700000,-0.027077,0.678623,-0.025147,0.733557,-215.836685,87.258041,96.121658
685,5.708333,-0.027443,0.678563,-0.025591,0.733583,-215.833374,87.252480,96.160561
686,5.716667,-0.027581,0.678200,-0.027221,0.733855,-215.833878,87.235168,96.197906
687,5.725000,-0.027397,0.677953,-0.028466,0.734043,-215.836807,87.222267,96.231438
688,5.733333,-0.027494,0.677730,-0.028870,0.734230,-215.839478,87.210800,96.269745
689,5.741667,-0.027017,0.677671,-0.028186,0.734328,-215.838486,87.199608,96.309921
690,5.750000,-0.026027,0.677586,-0.026909,0.734491,-215.833786,87.186829,96.352203
691,5.758333,-0.025490,0.677583,-0.026143,0.734540,-215.832382,87.176628,96.389801
692,5.766667,-0.025992,0.677241,-0.026205,0.734835,-215.830521,87.168365,96.429077
693,5.775000,-0.026331,0.677197,-0.026175,0.734865,-215.832855,87.161377,96.469498
694,5.783333,-0.026389,0.676790,-0.025898,0.735247,-215.834900,87.150887,96.507095
695,5.791667,-0.026108,0.676723,-0.025950,0.735317,-215.834122,87.139023,96.541183
696,5.800000,-0.026076,0.676711,-0.026075,0.735324,-215.832230,87.128998,96.573105
697,5.808333,-0.025828,0.676635,-0.026308,0.735395,-215.827423,87.117317,96.608803
698,5.816667,-0.025351,0.676498,-0.026447,0.735532,-215.816620,87.100754,96.650925
699,5.825000,-0.025901,0.677165,-0.026325,0.734904,-215.806274,87.077126,96.705940
700,5.833333,-0.026278,0.678311,-0.025655,0.733856,-215.803650,87.062935,96.760674
701,5.841667,-0.026430,0.678249,-0.025500,0.733914,-215.800049,87.057037,96.797272
702,5.850000,-0.026434,0.678321,-0.025683,0.733840,-215.796066,87.052467,96.835365
703,5.858333,-0.026742,0.678059,-0.026683,0.734036,-215.797760,87.038109,96.873161
704,5.866667,-0.026944,0.677985,-0.026990,0.734085,-215.799789,87.021294,96.911484
705,5.875000,-0.027272,0.677845,-0.027121,0.734198,-215.800003,87.008408,96.948891
706,5.883333,-0.027417,0.677610,-0.027441,0.734398,-215.797333,86.998116,96.986046
707,5.891667,-0.027279,0.677609,-0.027749,0.734392,-215.794968,86.987755,97.023956
708,5.900000,-0.026929,0.677563,-0.027427,0.734460,-215.792542,86.974434,97.060898
709,5.908333,-0.026687,0.677565,-0.027178,0.734476,-215.791443,86.961273,97.096649
710,5.916667,-0.026126,0.677566,-0.027244,0.734492,-215.792465,86.953621,97.131729
711,5.925000,-0.025311,0.677341,-0.026839,0.734744,-215.797424,86.944244,97.172707
712,5.933333,-0.025079,0.677373,-0.026554,0.734733,-215.800217,86.934303,97.203110
713,5.941667,-0.024839,0.677177,-0.026676,0.734916,-215.804214,86.922195,97.236992
714,5.950000,-0.024998,0.676998,-0.027100,0.735061,-215.804703,86.906029,97.274117
715,5.958333,-0.024883,0.676767,-0.026996,0.735282,-215.800903,86.890892,97.315414
716,5.966667,-0.024607,0.676499,-0.026587,0.735552,-215.793518,86.881882,97.354546
717,5.975000,-0.024348,0.677645,-0.026777,0.734498,-215.795868,86.876991,97.406487
718,5.983333,-0.024715,0.677508,-0.027040,0.734603,-215.793564,86.865974,97.442772
719,5.991667,-0.024700,0.677317,-0.027461,0.734764,-215.789795,86.857315,97.476234
720,6.000000,-0.027035,0.677807,-0.026654,0.734259,-215.789322,86.833572,97.521835
721,6.008333,-0.028176,0.677785,-0.026065,0.734257,-215.782120,86.807335,97.556396
722,6.016667,-0.027498,0.677783,-0.025527,0.734304,-215.776733,86.790741,97.588867
723,6.025000,-0.027000,0.677706,-0.025255,0.734403,-215.773468,86.782440,97.624771
724,6.033333,-0.026528,0.677638,-0.024772,0.734499,-215.767578,86.775986,97.663910
725,6.041667,-0.026373,0.677489,-0.024785,0.734642,-215.761536,86.771332,97.701927
726,6.050000,-0.026652,0.677334,-0.024645,0.734779,-215.760330,86.765297,97.743347
727,6.058333,-0.026758,0.677293,-0.024997,0.734801,-215.760986,86.759979,97.776581
728,6.066667,-0.026795,0.677035,-0.025256,0.735029,-215.765259,86.755196,97.810844
729,6.075000,-0.026810,0.676806,-0.025333,0.735237,-215.769791,86.751434,97.842163
730,6.083333,-0.026762,0.676787,-0.025390,0.735254,-215.774673,86.744049,97.874115
731,6.091667,-0.026134,0.676724,-0.025487,0.735331,-215.779831,86.730240,97.908844
732,6.100000,-0.025473,0.676706,-0.025569,0.735368,-215.778183,86.711540,97.944649
733,6.108333,-0.024856,0.676760,-0.025601,0.735339,-215.772171,86.694168,97.979561
734,6.116667,-0.024885,0.676807,-0.025960,0.735281,-215.765305,86.686028,98.016167
735,6.125000,-0.025068,0.676822,-0.026129,0.735256,-215.758987,86.679413,98.049934
736,6.133333,-0.023784,0.678305,-0.026253,0.733926,-215.765930,86.676857,98.103821
737,6.141667,-0.024760,0.677928,-0.025623,0.734264,-215.762711,86.662643,98.137627
738,6.150000,-0.025030,0.677638,-0.025565,0.734525,-215.760254,86.659447,98.170441
739,6.158333,-0.025012,0.677305,-0.025447,0.734836,-215.760513,86.656921,98.205124
740,6.166667,-0.024382,0.677893,-0.025746,0.734305,-215.767075,86.654121,98.244514
741,6.175000,-0.023965,0.677942,-0.025733,0.734274,-215.766602,86.647209,98.278938
742,6.183333,-0.025735,0.677706,-0.025091,0.734454,-215.761826,86.623070,98.316788
743,6.191667,-0.026481,0.677711,-0.024726,0.734435,-215.754654,86.605385,98.359413
744,6.200000,-0.026501,0.677501,-0.024869,0.734623,-215.750977,86.592278,98.395035
745,6.208333,-0.026333,0.677396,-0.025242,0.734713,-215.749664,86.581978,98.427864
746,6.216667,-0.026190,0.677242,-0.025778,0.734842,-215.749496,86.574593,98.461441
747,6.225000,-0.026381,0.677177,-0.026639,0.734864,-215.748138,86.570915,98.493042
748,6.233333,-0.026603,0.677125,-0.027219,0.734883,-215.749390,86.567345,98.526978
749,6.241667,-0.026888,0.676906,-0.027521,0.735063,-215.750290,86.558517,98.559914
750,6.250000,-0.026986,0.676789,-0.027421,0.735171,-215.748642,86.546799,98.594154
751,6.258333,-0.026796,0.676733,-0.024951,0.735318,-215.745682,86.546692,98.631027
752,6.266667,-0.026872,0.676891,-0.024592,0.735182,-215.739319,86.547249,98.666214
753,6.275000,-0.027185,0.676576,-0.026460,0.735395,-215.731140,86.535683,98.706802
754,6.283333,-0.027305,0.676350,-0.027887,0.735546,-215.726852,86.526413,98.747536
755,6.291667,-0.025933,0.677841,-0.028067,0.734214,-215.734390,86.527565,98.797081
756,6.300000,-0.024976,0.677891,-0.026735,0.734251,-215.735672,86.519142,98.833557
757,6.308333,-0.024390,0.677558,-0.025684,0.734616,-215.733032,86.507523,98.865585
758,6.316667,-0.024089,0.677569,-0.025812,0.734611,-215.730972,86.500008,98.897552
759,6.325000,-0.024004,0.677542,-0.025678,0.734644,-215.727692,86.489174,98.930458
760,6.333333,-0.023708,0.677553,-0.025543,0.734648,-215.722076,86.478844,98.964279
761,6.341667,-0.023215,0.677679,-0.025472,0.734550,-215.716675,86.469849,99.000511
762,6.350000,-0.023102,0.677591,-0.025467,0.734635,-215.711075,86.462524,99.035065
763,6.358333,-0.023537,0.677474,-0.025894,0.734714,-215.708954,86.451164,99.069023
764,6.366667,-0.023660,0.677345,-0.026373,0.734812,-215.708954,86.440811,99.098648
765,6.375000,-0.024347,0.677050,-0.027019,0.735038,-215.713242,86.435005,99.133385
766,6.383333,-0.026114,0.677056,-0.026843,0.734978,-215.714172,86.412590,99.165123
767,6.391667,-0.027641,0.676651,-0.026847,0.735295,-215.714859,86.386742,99.195908
768,6.400000,-0.027218,0.676674,-0.025871,0.735325,-215.715500,86.363014,99.223244
769,6.408333,-0.026590,0.676512,-0.025237,0.735519,-215.716034,86.347290,99.251328
770,6.416667,-0.026126,0.676492,-0.024705,0.735572,-215.715759,86.333946,99.279999
771,6.425000,-0.026202,0.676416,-0.023183,0.735689,-215.715744,86.324783,99.311783
772,6.433333,-0.025517,0.676371,-0.022158,0.735786,-215.712662,86.308655,99.341232
773,6.441667,-0.025331,0.676100,-0.022896,0.736018,-215.708832,86.289330,99.368187
774,6.450000,-0.025444,0.676149,-0.023892,0.735938,-215.706421,86.275703,99.392906
775,6.458333,-0.026723,0.675759,-0.025624,0.736193,-215.709518,86.275856,99.418701
776,6.466667,-0.026927,0.675714,-0.026015,0.736213,-215.711288,86.271423,99.437950
777,6.475000,-0.025002,0.677305,-0.026533,0.734799,-215.721466,86.280785,99.475792
778,6.483333,-0.024976,0.677362,-0.026727,0.734740,-215.724426,86.279831,99.495247
779,6.491667,-0.025198,0.677352,-0.026894,0.734735,-215.726471,86.278534,99.510376
780,6.500000,-0.025214,0.677336,-0.026776,0.734754,-215.728027,86.278938,99.524040
781,6.508333,-0.025527,0.677213,-0.026885,0.734853,-215.728546,86.279289,99.538849
782,6.516667,-0.025726,0.677275,-0.027212,0.734777,-215.729385,86.280876,99.551498
783,6.525000,-0.025688,0.677360,-0.027268,0.734697,-215.727737,86.282967,99.563187
784,6.533333,-0.025875,0.677388,-0.027319,0.734663,-215.726715,86.284042,99.573532
785,6.541667,-0.025645,0.677530,-0.027332,0.734539,-215.728668,86.282852,99.584351
786,6.550000,-0.025078,0.677534,-0.026698,0.734578,-215.729950,86.275093,99.594490
787,6.558333,-0.024512,0.677583,-0.026216,0.734570,-215.731934,86.267181,99.604340
788,6.566667,-0.024214,0.677663,-0.026023,0.734513,-215.733932,86.257866,99.612488
789,6.575000,-0.024091,0.677603,-0.025995,0.734573,-215.737625,86.244926,99.620674
790,6.583333,-0.023492,0.677777,-0.025903,0.734435,-215.741516,86.230827,99.627953
791,6.591667,-0.023007,0.677697,-0.025694,0.734532,-215.742401,86.214272,99.631966
792,6.600000,-0.022969,0.677716,-0.025446,0.734524,-215.743500,86.194794,99.635330
793,6.608333,-0.022645,0.677645,-0.024903,0.734619,-215.745285,86.171761,99.639374
794,6.616667,-0.021956,0.677681,-0.024194,0.734630,-215.744400,86.142982,99.643608
795,6.625000,-0.021671,0.677529,-0.023756,0.734793,-215.744278,86.111443,99.644264
796,6.633333,-0.021318,0.677538,-0.023451,0.734804,-215.742020,86.075706,99.645172
797,6.641667,-0.020949,0.677656,-0.023119,0.734717,-215.739868,86.039558,99.646072
798,6.650000,-0.022593,0.677622,-0.022983,0.734704,-215.736359,85.989967,99.646309
799,6.658333,-0.023922,0.677411,-0.023028,0.734855,-215.735107,85.940514,99.646378
800,6.666667,-0.023958,0.677284,-0.023591,0.734953,-215.737869,85.899368,99.645721
801,6.675000,-0.023609,0.677382,-0.024735,0.734837,-215.741898,85.856644,99.642090
802,6.683333,-0.023224,0.677344,-0.025361,0.734863,-215.745895,85.819427,99.637512
803,6.691667,-0.022692,0.677370,-0.025549,0.734848,-215.750168,85.780327,99.634438
804,6.700000,-0.020811,0.677558,-0.024028,0.734783,-215.755112,85.740318,99.631760
805,6.708333,-0.019146,0.677588,-0.022395,0.734851,-215.759018,85.697128,99.628868
806,6.716667,-0.017986,0.677636,-0.021362,0.734867,-215.762619,85.654953,99.628235
807,6.725000,-0.016978,0.677727,-0.020580,0.734830,-215.764999,85.610870,99.629181
808,6.733333,-0.016964,0.677467,-0.020071,0.735083,-215.764664,85.560532,99.627014
809,6.741667,-0.016373,0.677480,-0.019184,0.735108,-215.764587,85.511436,99.627159
810,6.750000,-0.016576,0.676921,-0.018772,0.735629,-215.763397,85.458626,99.628906
811,6.758333,-0.015876,0.676847,-0.018871,0.735711,-215.765381,85.412094,99.632294
812,6.766667,-0.014426,0.676968,-0.018599,0.735636,-215.765930,85.368523,99.634262
813,6.775000,-0.015618,0.677140,-0.018509,0.735456,-215.768021,85.318382,99.647179
814,6.783333,-0.015956,0.677275,-0.018220,0.735331,-215.771179,85.271873,99.655464
815,6.791667,-0.014520,0.677535,-0.017132,0.735148,-215.775726,85.227592,99.663948
816,6.800000,-0.013393,0.677764,-0.016180,0.734980,-215.780853,85.188812,99.673744
817,6.808333,-0.012899,0.677884,-0.015428,0.734893,-215.782669,85.155983,99.686356
818,6.816667,-0.012563,0.677881,-0.015036,0.734910,-215.783691,85.135551,99.699280
819,6.825000,-0.012312,0.677811,-0.015231,0.734975,-215.784500,85.127655,99.713654
820,6.833333,-0.012217,0.677767,-0.015239,0.735017,-215.786270,85.119812,99.727219
821,6.841667,-0.012270,0.677605,-0.015070,0.735169,-215.786621,85.114983,99.743202
822,6.850000,-0.012263,0.677521,-0.015189,0.735244,-215.786774,85.114021,99.764671
823,6.858333,-0.012601,0.677222,-0.015473,0.735508,-215.784744,85.113647,99.783897
824,6.866667,-0.012888,0.677117,-0.015586,0.735598,-215.782791,85.118332,99.804893
825,6.875000,-0.013039,0.677106,-0.015949,0.735597,-215.782791,85.126640,99.830261
826,6.883333,-0.013783,0.676992,-0.016507,0.735676,-215.781494,85.138908,99.852318
827,6.891667,-0.014605,0.676942,-0.017025,0.735694,-215.781372,85.158493,99.879082
828,6.900000,-0.015301,0.676695,-0.017562,0.735895,-215.783051,85.184219,99.906235
829,6.908333,-0.016056,0.676709,-0.018104,0.735853,-215.784119,85.210793,99.930984
830,6.916667,-0.015990,0.676715,-0.018466,0.735840,-215.783386,85.240677,99.958710
831,6.925000,-0.016272,0.676460,-0.018478,0.736067,-215.785141,85.271011,99.989014
832,6.933333,-0.016604,0.676445,-0.018222,0.736081,-215.783722,85.301498,100.014473
833,6.941667,-0.016792,0.676362,-0.018118,0.736155,-215.784622,85.329285,100.037971
834,6.950000,-0.017163,0.676399,-0.018328,0.736107,-215.785522,85.357079,100.061653
835,6.958333,-0.018011,0.676365,-0.018940,0.736103,-215.786499,85.382401,100.083565
836,6.966667,-0.018464,0.676411,-0.017489,0.736085,-215.790039,85.413094,100.104507
837,6.975000,-0.019257,0.676265,-0.017525,0.736199,-215.791534,85.432053,100.126503
838,6.983333,-0.020528,0.675866,-0.018593,0.736504,-215.794067,85.446213,100.153282
839,6.991667,-0.021050,0.675402,-0.020418,0.736867,-215.792923,85.448769,100.178436
840,7.000000,-0.020073,0.676638,-0.021943,0.735715,-215.800262,85.465370,100.212479
841,7.008333,-0.019959,0.676800,-0.022069,0.735565,-215.800522,85.476181,100.233971
842,7.016667,-0.020131,0.676815,-0.021846,0.735553,-215.799927,85.486755,100.255760
843,7.025000,-0.020317,0.676634,-0.021680,0.735720,-215.797394,85.490616,100.274185
844,7.033333,-0.020340,0.676569,-0.021632,0.735781,-215.794342,85.488785,100.295425
845,7.041667,-0.020476,0.676517,-0.021682,0.735823,-215.793152,85.486328,100.315269
846,7.050000,-0.019887,0.676458,-0.021113,0.735910,-215.791489,85.479637,100.335350
847,7.058333,-0.019415,0.676573,-0.020652,0.735830,-215.791031,85.473030,100.351593
848,7.066667,-0.019259,0.676574,-0.020546,0.735836,-215.791458,85.468933,100.365593
849,7.075000,-0.019395,0.676480,-0.020765,0.735912,-215.793091,85.466843,100.379929
850,7.083333,-0.019388,0.676406,-0.020974,0.735975,-215.794464,85.465263,100.391922
851,7.091667,-0.019516,0.676312,-0.021194,0.736052,-215.796082,85.462723,100.406494
852,7.100000,-0.019595,0.676234,-0.021201,0.736121,-215.797455,85.456940,100.419762
853,7.108333,-0.019400,0.676198,-0.021260,0.736157,-215.797455,85.447243,100.430298
854,7.116667,-0.018778,0.676098,-0.020784,0.736279,-215.797729,85.434570,100.440109
855,7.125000,-0.018218,0.676079,-0.020334,0.736324,-215.797592,85.422920,100.449547
856,7.133333,-0.017705,0.676206,-0.019977,0.736228,-215.798645,85.413727,100.458420
857,7.141667,-0.017547,0.676185,-0.019845,0.736256,-215.799118,85.406921,100.466690
858,7.150000,-0.017423,0.676188,-0.020027,0.736251,-215.801483,85.399193,100.474342
859,7.158333,-0.017461,0.676279,-0.020202,0.736162,-215.802856,85.390465,100.481522
860,7.166667,-0.017801,0.676198,-0.020577,0.736217,-215.804077,85.379524,100.490166
861,7.175000,-0.017802,0.676290,-0.020367,0.736139,-215.804321,85.366440,100.496841
862,7.183333,-0.017753,0.676274,-0.020251,0.736158,-215.804337,85.351639,100.503304
863,7.191667,-0.017427,0.676383,-0.020162,0.736068,-215.802933,85.333473,100.508865
864,7.200000,-0.016655,0.676468,-0.019924,0.736014,-215.801498,85.313751,100.514626
865,7.208333,-0.016306,0.676595,-0.019559,0.735915,-215.800568,85.289833,100.520256
866,7.216667,-0.015570,0.676635,-0.018960,0.735909,-215.799210,85.264610,100.523666
867,7.225000,-0.015191,0.676693,-0.018548,0.735874,-215.797073,85.242249,100.526321
868,7.233333,-0.014694,0.676919,-0.018811,0.735671,-215.795868,85.226334,100.529709
869,7.241667,-0.014391,0.676919,-0.018794,0.735677,-215.796478,85.215317,100.533691
870,7.250000,-0.014209,0.676691,-0.018557,0.735896,-215.799194,85.205101,100.542664
871,7.258333,-0.013879,0.676569,-0.018363,0.736019,-215.804764,85.194199,100.550209
872,7.266667,-0.013673,0.676396,-0.018068,0.736189,-215.812393,85.174118,100.555840
873,7.275000,-0.013213,0.676213,-0.018313,0.736360,-215.823990,85.148605,100.559326
874,7.283333,-0.014506,0.676210,-0.018547,0.736332,-215.832703,85.106010,100.567039
875,7.291667,-0.015608,0.676179,-0.018726,0.736334,-215.838837,85.056305,100.565147
876,7.300000,-0.015358,0.675851,-0.018660,0.736642,-215.847198,85.007164,100.568756
877,7.308333,-0.014057,0.675966,-0.018064,0.736578,-215.852066,84.953697,100.564804
878,7.316667,-0.013268,0.676170,-0.017561,0.736417,-215.853790,84.901337,100.558662
879,7.325000,-0.013412,0.676299,-0.017433,0.736299,-215.852936,84.843323,100.553642
880,7.333333,-0.013780,0.676125,-0.017472,0.736451,-215.852112,84.784653,100.551079
881,7.341667,-0.013293,0.676176,-0.017251,0.736418,-215.849304,84.733086,100.547920
882,7.350000,-0.012631,0.676334,-0.016878,0.736293,-215.844803,84.685226,100.542953
883,7.358333,-0.011689,0.676475,-0.016878,0.736180,-215.841980,84.648727,100.538567
884,7.366667,-0.011011,0.676552,-0.016748,0.736122,-215.840393,84.622154,100.534081
885,7.375000,-0.010352,0.676585,-0.016323,0.736111,-215.840012,84.607086,100.529099
886,7.383333,-0.010229,0.676571,-0.016161,0.736129,-215.841339,84.598969,100.528595
887,7.391667,-0.010233,0.676442,-0.016630,0.736237,-215.840317,84.582817,100.526489
888,7.400000,-0.010113,0.676562,-0.016919,0.736122,-215.840195,84.568756,100.526138
889,7.408333,-0.009956,0.676615,-0.016965,0.736074,-215.839249,84.565994,100.523354
890,7.416667,-0.010274,0.676661,-0.017116,0.736024,-215.837997,84.572693,100.523315
891,7.425000,-0.010398,0.676669,-0.016921,0.736020,-215.838028,84.587921,100.524757
892,7.433333,-0.010624,0.676623,-0.016625,0.736065,-215.837738,84.602180,100.524475
893,7.441667,-0.010929,0.676571,-0.016786,0.736105,-215.838196,84.610672,100.525925
894,7.450000,-0.011008,0.676466,-0.017047,0.736195,-215.840240,84.608009,100.527481
895,7.458333,-0.010685,0.676455,-0.016797,0.736215,-215.842606,84.595917,100.527176
896,7.466667,-0.010271,0.676481,-0.016765,0.736197,-215.843445,84.581963,100.526764
897,7.475000,-0.010138,0.676534,-0.016969,0.736146,-215.844208,84.571266,100.527534
898,7.483333,-0.010247,0.676602,-0.017107,0.736079,-215.844894,84.570755,100.527443
899,7.491667,-0.010111,0.676628,-0.016851,0.736063,-215.845245,84.580917,100.527763
900,7.500000,-0.010309,0.676544,-0.016793,0.736139,-215.844971,84.592529,100.528763
901,7.508333,-0.010398,0.676456,-0.016918,0.736215,-215.842773,84.600464,100.527664
902,7.516667,-0.010260,0.676582,-0.016924,0.736101,-215.841965,84.603455,100.528572
903,7.525000,-0.010255,0.676638,-0.017354,0.736040,-215.840317,84.596786,100.529099
904,7.533333,-0.009908,0.676795,-0.017879,0.735888,-215.838547,84.587082,100.527977
905,7.541667,-0.009504,0.676918,-0.017852,0.735781,-215.837143,84.576088,100.526169
906,7.550000,-0.009005,0.677046,-0.017821,0.735670,-215.834290,84.570580,100.525192
907,7.558333,-0.009185,0.677253,-0.018069,0.735471,-215.832275,84.573921,100.526306
908,7.566667,-0.009391,0.677496,-0.018390,0.735236,-215.828415,84.584206,100.525856
909,7.575000,-0.009582,0.677474,-0.018511,0.735251,-215.826340,84.593872,100.521294
910,7.583333,-0.010422,0.677980,-0.019102,0.734758,-215.820953,84.600037,100.518822
911,7.591667,-0.011892,0.678718,-0.019518,0.734043,-215.818832,84.598282,100.514557
912,7.600000,-0.014213,0.679549,-0.020162,0.733215,-215.814896,84.590324,100.502625
913,7.608333,-0.019555,0.680600,-0.021383,0.732082,-215.812012,84.564194,100.481667
914,7.616667,-0.025941,0.681417,-0.022929,0.731076,-215.821030,84.529480,100.456932
915,7.625000,-0.028260,0.682139,-0.020893,0.730377,-215.838379,84.510056,100.464371
916,7.633333,-0.027294,0.682323,-0.019404,0.730283,-215.844589,84.493378,100.477303
917,7.641667,-0.025234,0.682606,-0.019352,0.730094,-215.837555,84.476295,100.500107
918,7.650000,-0.023498,0.682431,-0.019572,0.730310,-215.828033,84.460159,100.513908
919,7.658333,-0.022611,0.682521,-0.019062,0.730267,-215.823944,84.448311,100.531349
920,7.666667,-0.021148,0.682861,-0.017723,0.730027,-215.818207,84.433800,100.557175
921,7.675000,-0.019500,0.683194,-0.016712,0.729785,-215.810684,84.415527,100.590790
922,7.683333,-0.016876,0.683605,-0.014182,0.729519,-215.805237,84.388008,100.640869
923,7.691667,-0.013171,0.683509,-0.011217,0.729737,-215.804367,84.355637,100.695442
924,7.700000,-0.009686,0.683575,-0.008456,0.729767,-215.799805,84.322327,100.760567
925,7.708333,-0.006224,0.683500,-0.005382,0.729904,-215.789627,84.284737,100.855721
926,7.716667,-0.000764,0.684130,-0.001048,0.729359,-215.793228,84.227196,100.988113
927,7.725000,0.004253,0.685087,0.001830,0.728446,-215.780670,84.197479,101.086723
928,7.733333,0.005390,0.684989,0.005438,0.728513,-215.767670,84.157669,101.172783
929,7.741667,0.006547,0.684763,0.008492,0.728687,-215.761871,84.135185,101.233612
930,7.750000,0.007924,0.684977,0.009976,0.728454,-215.758698,84.130516,101.278030
931,7.758333,0.008528,0.684783,0.010520,0.728621,-215.758392,84.127113,101.300682
932,7.766667,0.008605,0.684743,0.010500,0.728658,-215.759140,84.126694,101.304184
933,7.775000,0.008383,0.684657,0.010200,0.728746,-215.761902,84.129242,101.295425
934,7.783333,0.007601,0.684497,0.009449,0.728915,-215.764328,84.135124,101.270187
935,7.791667,0.006421,0.684203,0.008238,0.729217,-215.769928,84.142593,101.226616
936,7.800000,0.007476,0.684074,0.005380,0.729355,-215.777130,84.173645,101.171837
937,7.808333,0.005003,0.684203,0.002793,0.729269,-215.784958,84.196365,101.095963
938,7.816667,0.000531,0.683490,-0.000521,0.729960,-215.784592,84.214760,100.999962
939,7.825000,-0.003537,0.682356,-0.004014,0.731001,-215.780518,84.252106,100.901672
940,7.833333,-0.005796,0.681648,-0.005175,0.731639,-215.798767,84.274979,100.838318
941,7.841667,-0.006763,0.681261,-0.005436,0.731989,-215.815857,84.287766,100.804588
942,7.850000,-0.006952,0.680849,-0.005185,0.732372,-215.828323,84.289268,100.789978
943,7.858333,-0.006500,0.680225,-0.004673,0.732959,-215.835754,84.284225,100.797249
944,7.866667,-0.005134,0.679651,-0.003594,0.733509,-215.835434,84.269699,100.823090
945,7.875000,-0.003096,0.679472,-0.002452,0.733691,-215.834564,84.244102,100.871956
946,7.883333,0.000261,0.679329,-0.000487,0.733834,-215.824173,84.214767,100.932274
947,7.891667,0.004178,0.680864,0.000285,0.732398,-215.815918,84.208397,100.996742
948,7.900000,0.005380,0.681214,0.001268,0.732063,-215.808609,84.202057,101.029503
949,7.908333,0.005402,0.681215,0.002113,0.732061,-215.815109,84.201935,101.037910
950,7.916667,0.004808,0.681190,0.002086,0.732088,-215.821198,84.205635,101.032379
951,7.925000,0.003673,0.681016,0.000887,0.732258,-215.817719,84.213860,101.006271
952,7.933333,0.001037,0.679600,-0.000624,0.733582,-215.812500,84.214767,100.951591
953,7.941667,-0.001028,0.679091,-0.001781,0.734051,-215.821747,84.228073,100.899628
954,7.950000,-0.002776,0.678699,-0.002665,0.734407,-215.834137,84.244675,100.871742
955,7.958333,-0.003521,0.678426,-0.003176,0.734654,-215.842896,84.252182,100.866638
956,7.966667,-0.002999,0.678106,-0.002604,0.734953,-215.845825,84.245941,100.883171
957,7.975000,-0.000939,0.677924,-0.001474,0.735130,-215.836914,84.225754,100.924011
958,7.983333,0.001033,0.678017,-0.000017,0.735045,-215.828293,84.208855,100.956772
959,7.991667,0.002328,0.678057,0.000858,0.735005,-215.829712,84.203621,100.972412
960,8.000000,0.002326,0.678057,0.001038,0.735005,-215.829300,84.204468,100.969673
961,8.008333,0.001148,0.678101,0.000040,0.734968,-215.830109,84.208946,100.945137
962,8.016667,-0.000342,0.677768,-0.001270,0.735274,-215.832397,84.220207,100.908340
963,8.025000,-0.001699,0.677581,-0.002120,0.735443,-215.841003,84.232040,100.884750
964,8.033333,-0.002187,0.677345,-0.002390,0.735659,-215.848846,84.237961,100.880028
965,8.041667,-0.001658,0.677009,-0.002251,0.735969,-215.851929,84.233604,100.894821
966,8.050000,-0.000296,0.676793,-0.001263,0.736172,-215.849350,84.220978,100.926735
967,8.058333,0.000758,0.676734,-0.000490,0.736227,-215.846390,84.215012,100.940979
968,8.066667,0.000756,0.676832,-0.000456,0.736137,-215.845520,84.216377,100.934372
969,8.075000,-0.000237,0.676642,-0.001359,0.736311,-215.847961,84.220665,100.912430
970,8.083333,-0.001030,0.676321,-0.001831,0.736604,-215.856003,84.226166,100.897766
971,8.091667,-0.000964,0.676003,-0.001827,0.736896,-215.860199,84.227058,100.903130
972,8.100000,-0.000345,0.675750,-0.001101,0.737130,-215.861420,84.220741,100.919281
973,8.108333,0.000066,0.675683,-0.000716,0.737192,-215.859818,84.217102,100.922920
974,8.116667,-0.000409,0.675549,-0.001188,0.737314,-215.861008,84.218163,100.911377
975,8.125000,-0.000484,0.675320,-0.001279,0.737524,-215.864136,84.220963,100.902596
976,8.133333,-0.000653,0.675291,-0.001327,0.737550,-215.867920,84.220711,100.905037
977,8.141667,-0.000578,0.675266,-0.001403,0.737573,-215.865829,84.221054,100.902153
978,8.150000,-0.000609,0.675372,-0.001677,0.737475,-215.864380,84.221245,100.901794
979,8.158333,-0.000486,0.675345,-0.001528,0.737501,-215.865417,84.219185,100.900719
980,8.166667,-0.000456,0.675293,-0.001489,0.737548,-215.865585,84.218895,100.901566
981,8.175000,-0.000521,0.675318,-0.001538,0.737524,-215.865295,84.220085,100.899544
982,8.183333,-0.000515,0.675227,-0.001406,0.737609,-215.865662,84.219551,100.899292
983,8.191667,-0.000465,0.675230,-0.001287,0.737606,-215.865845,84.218765,100.899292
984,8.200000,-0.000503,0.675224,-0.001389,0.737611,-215.866348,84.219620,100.900314
985,8.208333,-0.000536,0.675346,-0.001377,0.737500,-215.867264,84.218842,100.902985
986,8.216667,-0.000564,0.675356,-0.001379,0.737490,-215.867737,84.218140,100.902954
987,8.225000,-0.000508,0.675344,-0.001267,0.737501,-215.867966,84.218536,100.904358
988,8.233333,-0.000233,0.675334,-0.001265,0.737511,-215.867569,84.220001,100.906563
989,8.241667,-0.000393,0.675403,-0.001269,0.737448,-215.867523,84.219765,100.907448
990,8.250000,-0.000477,0.675370,-0.001287,0.737478,-215.867035,84.218407,100.906563
991,8.258333,-0.000236,0.675389,-0.001242,0.737461,-215.866760,84.219315,100.906372
992,8.266667,-0.000468,0.675327,-0.001426,0.737517,-215.866348,84.220268,100.905594
993,8.275000,-0.000451,0.675368,-0.001351,0.737480,-215.866501,84.220055,100.905273
994,8.283333,-0.000726,0.675330,-0.001199,0.737515,-215.865677,84.218208,100.903610
995,8.291667,-0.000408,0.675368,-0.001322,0.737480,-215.866333,84.218208,100.902641
996,8.300000,-0.000548,0.675315,-0.001428,0.737528,-215.865448,84.217766,100.902618
997,8.308333,-0.000510,0.675276,-0.001254,0.737564,-215.864868,84.218842,100.901070
998,8.316667,-0.000588,0.675342,-0.001479,0.737503,-215.864777,84.220009,100.901054
999,8.325000,-0.000667,0.675381,-0.001581,0.737467,-215.864594,84.219337,100.900482
1000,8.333333,-0.000407,0.675321,-0.001493,0.737522,-215.864746,84.219780,100.900032
1001,8.341667,-0.000532,0.675334,-0.001387,0.737511,-215.865036,84.219208,100.900612
1002,8.350000,-0.000483,0.675413,-0.001355,0.737439,-215.866333,84.219574,100.901237
1003,8.358333,-0.000580,0.675379,-0.001387,0.737469,-215.866638,84.218697,100.902405
1004,8.366667,-0.000367,0.675435,-0.001407,0.737418,-215.867188,84.218803,100.904099
1005,8.375000,-0.000373,0.675330,-0.001258,0.737515,-215.868042,84.219238,100.905205
1006,8.383333,-0.000398,0.675344,-0.001350,0.737502,-215.866638,84.219048,100.906822
1007,8.391667,-0.000368,0.675361,-0.001356,0.737486,-215.866821,84.219498,100.906754
1008,8.400000,-0.000361,0.675405,-0.001423,0.737445,-215.867065,84.219009,100.906563
1009,8.408333,-0.000523,0.675331,-0.001267,0.737514,-215.866379,84.219215,100.906250
1010,8.416667,-0.000537,0.675353,-0.001299,0.737493,-215.866440,84.219536,100.905182
1011,8.425000,-0.000458,0.675348,-0.001410,0.737498,-215.865921,84.219749,100.904320
1012,8.433333,-0.000308,0.675375,-0.001471,0.737473,-215.865570,84.219452,100.903763
1013,8.441667,-0.000382,0.675357,-0.001313,0.737489,-215.865250,84.218903,100.903305
1014,8.450000,-0.000396,0.675441,-0.001238,0.737413,-215.865234,84.219460,100.902466
1015,8.458333,-0.000347,0.675367,-0.001320,0.737480,-215.865845,84.220062,100.902496
1016,8.466667,-0.000387,0.675312,-0.001382,0.737531,-215.865829,84.219757,100.900940
1017,8.475000,-0.000434,0.675312,-0.001439,0.737531,-215.865875,84.219902,100.901260
1018,8.483333,-0.000452,0.675371,-0.001483,0.737476,-215.865677,84.219727,100.900093
1019,8.491667,-0.000571,0.675323,-0.001424,0.737521,-215.866119,84.218971,100.900795
1020,8.500000,-0.000502,0.675344,-0.001306,0.737502,-215.866211,84.219460,100.902390
1021,8.508333,-0.000456,0.675226,-0.001441,0.737609,-215.865677,84.220268,100.901772
1022,8.516667,-0.000471,0.675320,-0.001233,0.737523,-215.866547,84.220169,100.903809
1023,8.525000,-0.000494,0.675370,-0.001182,0.737478,-215.866302,84.219597,100.904106
1024,8.533333,-0.000461,0.675345,-0.001162,0.737501,-215.866974,84.220337,100.905159
1025,8.541667,-0.000374,0.675310,-0.001169,0.737533,-215.866684,84.220024,100.905701
1026,8.550000,-0.000443,0.675279,-0.001264,0.737561,-215.866470,84.219406,100.905838
1027,8.558333,-0.000480,0.675313,-0.001390,0.737530,-215.866501,84.218163,100.906113
1028,8.566667,-0.000600,0.675320,-0.001483,0.737523,-215.865952,84.218147,100.905022
1029,8.575000,-0.000505,0.675217,-0.001466,0.737617,-215.865326,84.219711,100.904716
1030,8.583333,-0.000591,0.675237,-0.001389,0.737599,-215.865829,84.218536,100.904526
1031,8.591667,-0.000539,0.675350,-0.001489,0.737495,-215.866089,84.219429,100.904671
1032,8.600000,-0.000546,0.675349,-0.001572,0.737497,-215.865906,84.220490,100.902664
1033,8.608333,-0.000554,0.675257,-0.001177,0.737581,-215.865143,84.218735,100.901245
1034,8.616667,-0.000372,0.675322,-0.001218,0.737522,-215.865616,84.219307,100.902191
1035,8.625000,-0.000507,0.675343,-0.001419,0.737503,-215.865906,84.219109,100.901375
1036,8.633333,-0.000530,0.675402,-0.001424,0.737448,-215.866180,84.218224,100.901329
1037,8.641667,-0.000427,0.675307,-0.001398,0.737535,-215.865570,84.218948,100.901100
1038,8.650000,-0.000357,0.675305,-0.001533,0.737537,-215.864975,84.220085,100.902916
1039,8.658333,-0.000582,0.675279,-0.001323,0.737561,-215.865799,84.219231,100.904396
1040,8.666667,-0.000365,0.675309,-0.001266,0.737534,-215.866501,84.219742,100.905022
1041,8.675000,-0.000390,0.675308,-0.001241,0.737535,-215.865402,84.218773,100.903908
1042,8.683333,-0.000266,0.675314,-0.001306,0.737529,-215.866562,84.218567,100.904739
1043,8.691667,-0.000450,0.675297,-0.001400,0.737544,-215.866394,84.219681,100.907623
1044,8.700000,-0.000484,0.675282,-0.001456,0.737558,-215.865921,84.219391,100.907257
1045,8.708333,-0.000488,0.675294,-0.001387,0.737547,-215.865540,84.218529,100.906548
1046,8.716667,-0.000638,0.675192,-0.001508,0.737641,-215.865036,84.218033,100.906738
1047,8.725000,-0.000488,0.675273,-0.001383,0.737566,-215.866684,84.219360,100.906776
1048,8.733333,-0.000349,0.675404,-0.001513,0.737446,-215.866760,84.219948,100.905312
1049,8.741667,-0.000419,0.675319,-0.001488,0.737524,-215.865402,84.218681,100.902603
1050,8.750000,-0.000589,0.675361,-0.001388,0.737486,-215.865356,84.217545,100.903000
1051,8.758333,-0.000531,0.675247,-0.001201,0.737591,-215.865158,84.218109,100.902283
1052,8.766667,-0.000464,0.675380,-0.001386,0.737469,-215.865494,84.217667,100.901642
1053,8.775000,-0.000403,0.675356,-0.001398,0.737490,-215.866898,84.218475,100.902306
1054,8.783333,-0.000463,0.675355,-0.001500,0.737491,-215.866669,84.217766,100.900909
1055,8.791667,-0.000539,0.675350,-0.001534,0.737495,-215.865738,84.218460,100.901566
1056,8.800000,-0.000564,0.675346,-0.001602,0.737499,-215.866547,84.217735,100.902939
1057,8.808333,-0.000566,0.675386,-0.001574,0.737463,-215.867371,84.217911,100.903999
1058,8.816667,-0.000411,0.675371,-0.001572,0.737476,-215.867035,84.218452,100.904373
1059,8.825000,-0.000347,0.675347,-0.001469,0.737499,-215.866806,84.218170,100.906242
1060,8.833333,-0.000532,0.675361,-0.001434,0.737486,-215.865738,84.217438,100.905182
1061,8.841667,-0.000569,0.675266,-0.001280,0.737573,-215.866974,84.217384,100.906525
1062,8.850000,-0.000431,0.675425,-0.001324,0.737427,-215.866608,84.218231,100.906082
1063,8.858333,-0.000355,0.675324,-0.001309,0.737520,-215.866348,84.217079,100.905701
1064,8.866667,-0.000507,0.675372,-0.001268,0.737476,-215.866119,84.218048,100.905403
1065,8.875000,-0.000379,0.675336,-0.001370,0.737509,-215.865417,84.219948,100.904526
1066,8.883333,-0.000308,0.675389,-0.001221,0.737461,-215.866058,84.219894,100.903595
1067,8.891667,-0.000160,0.675356,-0.001133,0.737491,-215.865509,84.218445,100.901459
1068,8.900000,-0.000160,0.675369,-0.001100,0.737479,-215.865112,84.218269,100.899979
1069,8.908333,-0.000353,0.675391,-0.001347,0.737459,-215.865356,84.216972,100.900566
1070,8.916667,-0.000597,0.675377,-0.001338,0.737471,-215.864594,84.216217,100.899818
1071,8.925000,-0.000474,0.675300,-0.001368,0.737542,-215.864212,84.216393,100.899910
1072,8.933333,-0.000528,0.675440,-0.001494,0.737413,-215.865143,84.215530,100.899170
1073,8.941667,-0.000374,0.675421,-0.001126,0.737431,-215.865158,84.215500,100.898956
1074,8.950000,-0.000266,0.675441,-0.001046,0.737413,-215.864807,84.216049,100.897964
1075,8.958333,-0.000225,0.675428,-0.001170,0.737425,-215.864517,84.215622,100.898155
1076,8.966667,-0.000412,0.675554,-0.001291,0.737309,-215.865372,84.215088,100.899483
1077,8.975000,-0.000492,0.675576,-0.001386,0.737289,-215.865631,84.217239,100.899422
1078,8.983333,-0.000423,0.675490,-0.001303,0.737368,-215.865997,84.218369,100.899864
1079,8.991667,-0.000403,0.675452,-0.001463,0.737402,-215.865402,84.219040,100.901268
1080,9.000000,-0.000387,0.675452,-0.001372,0.737402,-215.866394,84.218666,100.902710
1081,9.008333,-0.000310,0.675484,-0.001141,0.737374,-215.866989,84.217224,100.903809
1082,9.016667,-0.000258,0.675452,-0.001015,0.737404,-215.865799,84.216576,100.903336
1083,9.025000,-0.000252,0.675334,-0.001190,0.737511,-215.865402,84.216789,100.901985
1084,9.033333,-0.000345,0.675382,-0.001282,0.737467,-215.865509,84.216476,100.901703
1085,9.041667,-0.000393,0.675279,-0.001278,0.737561,-215.865631,84.217896,100.902794
