Format Version,1.25,Take Name,Take 2025-11-27 01.22.53 PM,Take Notes,,Capture Frame Rate,120.000000,Export Frame Rate,120.000000,Capture Start Time,2025-11-27 01.22.53.739 PM,Capture Start Frame,1003429,Total Frames in Take,974,Total Exported Frames,974,Rotation Type,Quaternion,Length Units,Centimeters,Coordinate Space,Global

,Type,Rigid Body,Rigid Body,Rigid Body,Rigid Body,Rigid Body,Rigid Body,Rigid Body
,Name,SEE_small,SEE_small,SEE_small,SEE_small,SEE_small,SEE_small,SEE_small
,ID,E70901BFC9E711F031C44B617C101B92,E70901BFC9E711F031C44B617C101B92,E70901BFC9E711F031C44B617C101B92,E70901BFC9E711F031C44B617C101B92,E70901BFC9E711F031C44B617C101B92,E70901BFC9E711F031C44B617C101B92,E70901BFC9E711F031C44B617C101B92
,Parent,,,,,,,
,,Rotation,Rotation,Rotation,Rotation,Position,Position,Position
Frame,Time (Seconds),X,Y,Z,W,X,Y,Z
0,0.000000,-0.003070,0.670365,0.012667,0.741917,-217.068939,84.274353,87.416245
1,0.008333,-0.002940,0.670428,0.013031,0.741854,-217.076523,84.276138,87.416237
2,0.016667,-0.003326,0.670418,0.013376,0.741856,-217.083862,84.275177,87.417038
3,0.025000,-0.003433,0.670395,0.013629,0.741872,-217.089294,84.272118,87.416733
4,0.033333,-0.003750,0.670401,0.013846,0.741860,-217.097122,84.274361,87.419777
5,0.041667,-0.004117,0.670314,0.013820,0.741937,-217.102310,84.273827,87.418243
6,0.050000,-0.004456,0.670323,0.014045,0.741924,-217.109634,84.272652,87.419617
7,0.058333,-0.004446,0.670260,0.014355,0.741975,-217.115524,84.273834,87.420639
8,0.066667,-0.005678,0.670156,0.014910,0.742048,-217.117020,84.267502,87.421585
9,0.075000,-0.005739,0.670083,0.015120,0.742110,-217.122238,84.268745,87.425003
10,0.083333,-0.006210,0.669915,0.015174,0.742257,-217.126343,84.267204,87.424347
11,0.091667,-0.006263,0.669947,0.015694,0.742217,-217.132980,84.268677,87.423767
12,0.100000,-0.006445,0.669883,0.015777,0.742271,-217.140747,84.270386,87.425003
13,0.108333,-0.006777,0.669890,0.015909,0.742259,-217.146042,84.268501,87.422829
14,0.116667,-0.007208,0.669823,0.016019,0.742313,-217.152710,84.271278,87.423828
15,0.125000,-0.007545,0.669716,0.016102,0.742405,-217.158096,84.272446,87.422165
16,0.133333,-0.008057,0.669762,0.016409,0.742351,-217.164825,84.274727,87.424149
17,0.141667,-0.008438,0.669746,0.016414,0.742361,-217.169266,84.274467,87.423309
18,0.150000,-0.008341,0.669723,0.016637,0.742378,-217.175629,84.274498,87.421982
19,0.158333,-0.008571,0.669718,0.016853,0.742375,-217.180817,84.274338,87.421692
20,0.166667,-0.008593,0.669793,0.017129,0.742300,-217.187241,84.275352,87.420967
21,0.175000,-0.008770,0.669787,0.017113,0.742304,-217.191345,84.276833,87.422142
22,0.183333,-0.009155,0.669784,0.016994,0.742305,-217.192978,84.275200,87.421844
23,0.191667,-0.009072,0.669805,0.017036,0.742286,-217.194504,84.273285,87.421562
24,0.200000,-0.009275,0.669883,0.017397,0.742205,-217.200333,84.277191,87.424194
25,0.208333,-0.009591,0.669946,0.017324,0.742146,-217.200546,84.277985,87.424423
26,0.216667,-0.009735,0.669993,0.017319,0.742102,-217.203049,84.278862,87.426605
27,0.225000,-0.009558,0.670098,0.017288,0.742010,-217.201706,84.278885,87.424309
28,0.233333,-0.009595,0.670099,0.017367,0.742007,-217.202515,84.278465,87.425629
29,0.241667,-0.009497,0.669997,0.017360,0.742100,-217.201828,84.279594,87.425758
30,0.250000,-0.009905,0.670070,0.017065,0.742036,-217.201447,84.278358,87.426369
31,0.258333,-0.009814,0.670102,0.017047,0.742009,-217.201492,84.279175,87.425560
32,0.266667,-0.009881,0.670142,0.017074,0.741971,-217.201050,84.279305,87.423500
33,0.275000,-0.009572,0.670076,0.016931,0.742038,-217.200684,84.279053,87.424332
34,0.283333,-0.009671,0.670057,0.017011,0.742051,-217.197342,84.277367,87.423256
35,0.291667,-0.009746,0.670098,0.017171,0.742010,-217.198181,84.279541,87.422684
36,0.300000,-0.009713,0.670062,0.016971,0.742048,-217.196304,84.279320,87.424622
37,0.308333,-0.009742,0.670127,0.017332,0.741980,-217.196564,84.278694,87.421188
38,0.316667,-0.009330,0.670127,0.017310,0.741986,-217.195343,84.277931,87.422150
39,0.325000,-0.009339,0.670207,0.017161,0.741917,-217.194702,84.278137,87.422165
40,0.333333,-0.009258,0.670195,0.017585,0.741919,-217.197845,84.280113,87.422638
41,0.341667,-0.009411,0.670189,0.017394,0.741927,-217.197128,84.278694,87.424263
42,0.350000,-0.009845,0.670229,0.017374,0.741885,-217.200333,84.279472,87.422928
43,0.358333,-0.009899,0.670254,0.017377,0.741862,-217.202682,84.280304,87.425507
44,0.366667,-0.010046,0.670210,0.017400,0.741899,-217.203827,84.279404,87.423355
45,0.375000,-0.009918,0.670247,0.017574,0.741864,-217.205887,84.280670,87.424980
46,0.383333,-0.009957,0.670321,0.017511,0.741798,-217.206161,84.281258,87.426208
47,0.391667,-0.009987,0.670234,0.017469,0.741877,-217.204575,84.278854,87.424294
48,0.400000,-0.010054,0.670146,0.017321,0.741959,-217.206482,84.280479,87.423935
49,0.408333,-0.009996,0.670174,0.017350,0.741934,-217.206223,84.280563,87.423439
50,0.416667,-0.009942,0.670156,0.017525,0.741947,-217.205597,84.280724,87.422462
51,0.425000,-0.009705,0.670234,0.017830,0.741872,-217.205185,84.279648,87.420540
52,0.433333,-0.009506,0.670247,0.018014,0.741859,-217.204590,84.277428,87.419304
53,0.441667,-0.009596,0.670248,0.017874,0.741860,-217.205353,84.277992,87.420433
54,0.450000,-0.009534,0.670305,0.017882,0.741809,-217.204498,84.278580,87.418823
55,0.458333,-0.009742,0.670199,0.017599,0.741909,-217.204147,84.277710,87.421280
56,0.466667,-0.009740,0.670254,0.017692,0.741857,-217.203690,84.279266,87.421120
57,0.475000,-0.009775,0.670288,0.017553,0.741829,-217.203491,84.279182,87.421211
58,0.483333,-0.009870,0.670271,0.017449,0.741845,-217.206818,84.280411,87.423157
59,0.491667,-0.010217,0.670283,0.017385,0.741832,-217.206863,84.279869,87.422279
60,0.500000,-0.010234,0.670405,0.017416,0.741720,-217.208603,84.279236,87.425079
61,0.508333,-0.010125,0.670381,0.017541,0.741741,-217.209122,84.279892,87.423256
62,0.516667,-0.010070,0.670346,0.017769,0.741768,-217.210678,84.279533,87.424187
63,0.525000,-0.009955,0.670339,0.017894,0.741773,-217.212265,84.280327,87.424294
64,0.533333,-0.010076,0.670346,0.017774,0.741767,-217.211487,84.278503,87.422966
65,0.541667,-0.009896,0.670424,0.017818,0.741699,-217.213364,84.280632,87.423927
66,0.550000,-0.010225,0.670347,0.017531,0.741770,-217.211395,84.278839,87.422928
67,0.558333,-0.010341,0.670375,0.017614,0.741741,-217.211838,84.279968,87.424438
68,0.566667,-0.010202,0.670399,0.017715,0.741719,-217.212250,84.281052,87.422089
69,0.575000,-0.009872,0.670479,0.018164,0.741641,-217.213440,84.280411,87.421074
70,0.583333,-0.009843,0.670452,0.018135,0.741666,-217.213135,84.278198,87.421761
71,0.591667,-0.010017,0.670392,0.017990,0.741721,-217.211838,84.279205,87.420212
72,0.600000,-0.009840,0.670383,0.018224,0.741726,-217.212891,84.279678,87.421524
73,0.608333,-0.009969,0.670389,0.018235,0.741718,-217.212204,84.279366,87.421646
74,0.616667,-0.010090,0.670478,0.018125,0.741639,-217.211609,84.279404,87.420708
75,0.625000,-0.010077,0.670497,0.018154,0.741622,-217.212494,84.279282,87.422768
76,0.633333,-0.009795,0.670469,0.018324,0.741646,-217.211884,84.278717,87.421112
77,0.641667,-0.009987,0.670434,0.018189,0.741679,-217.214706,84.278885,87.423889
78,0.650000,-0.010129,0.670437,0.018045,0.741678,-217.213013,84.277985,87.422249
79,0.658333,-0.009789,0.670525,0.018203,0.741599,-217.213745,84.279114,87.423744
80,0.666667,-0.010064,0.670453,0.018218,0.741660,-217.212387,84.277924,87.424141
81,0.675000,-0.010220,0.670514,0.018290,0.741601,-217.211746,84.278198,87.421646
82,0.683333,-0.010155,0.670480,0.018150,0.741636,-217.213989,84.278366,87.424019
83,0.691667,-0.009957,0.670439,0.018284,0.741673,-217.214752,84.279564,87.421936
84,0.700000,-0.010063,0.670520,0.018363,0.741596,-217.213608,84.278648,87.421288
85,0.708333,-0.009950,0.670539,0.018371,0.741580,-217.212494,84.277763,87.418953
86,0.716667,-0.009878,0.670580,0.018206,0.741548,-217.212936,84.276276,87.418480
87,0.725000,-0.009770,0.670507,0.018215,0.741615,-217.215866,84.279976,87.419304
88,0.733333,-0.009905,0.670534,0.018015,0.741594,-217.214111,84.278831,87.417618
89,0.741667,-0.010004,0.670553,0.018371,0.741567,-217.214111,84.277771,87.419128
90,0.750000,-0.009910,0.670560,0.018354,0.741562,-217.213562,84.277641,87.419495
91,0.758333,-0.009940,0.670549,0.018345,0.741571,-217.215057,84.279396,87.419235
92,0.766667,-0.010073,0.670556,0.018265,0.741566,-217.215424,84.278641,87.420799
93,0.775000,-0.009830,0.670544,0.018325,0.741578,-217.214752,84.278618,87.418732
94,0.783333,-0.009762,0.670542,0.018028,0.741589,-217.215759,84.277763,87.420471
95,0.791667,-0.010059,0.670511,0.018125,0.741610,-217.215866,84.276932,87.420807
96,0.800000,-0.009973,0.670492,0.017957,0.741633,-217.216110,84.277771,87.422302
97,0.808333,-0.010011,0.670482,0.017861,0.741644,-217.215347,84.278778,87.423149
98,0.816667,-0.010264,0.670593,0.017922,0.741538,-217.214630,84.278481,87.422478
99,0.825000,-0.010115,0.670514,0.018037,0.741608,-217.216400,84.278122,87.423416
100,0.833333,-0.009875,0.670565,0.018191,0.741562,-217.217850,84.280357,87.422974
101,0.841667,-0.010012,0.670524,0.018281,0.741595,-217.217285,84.280228,87.421677
102,0.850000,-0.010380,0.670441,0.018160,0.741668,-217.216705,84.278801,87.421692
103,0.858333,-0.010148,0.670550,0.018018,0.741576,-217.216370,84.278381,87.419823
104,0.866667,-0.010174,0.670530,0.018001,0.741594,-217.218399,84.279457,87.420334
105,0.875000,-0.010032,0.670563,0.018218,0.741561,-217.217072,84.277489,87.418381
106,0.883333,-0.009994,0.670532,0.018160,0.741591,-217.218781,84.278526,87.418747
107,0.891667,-0.010107,0.670573,0.018273,0.741550,-217.218536,84.277977,87.419151
108,0.900000,-0.009888,0.670483,0.018114,0.741638,-217.219025,84.278534,87.417618
109,0.908333,-0.010027,0.670583,0.018306,0.741540,-217.220444,84.279190,87.419792
110,0.916667,-0.010116,0.670572,0.018083,0.741555,-217.219681,84.278671,87.420311
111,0.925000,-0.010423,0.670480,0.017776,0.741642,-217.219131,84.278496,87.420998
112,0.933333,-0.010321,0.670511,0.017709,0.741616,-217.219513,84.280579,87.420303
113,0.941667,-0.010038,0.670558,0.017961,0.741571,-217.219788,84.278999,87.420319
114,0.950000,-0.010199,0.670513,0.017921,0.741612,-217.219925,84.278336,87.420952
115,0.958333,-0.010065,0.670593,0.017871,0.741542,-217.219330,84.278488,87.419006
116,0.966667,-0.010079,0.670553,0.018255,0.741568,-217.222595,84.277626,87.420746
117,0.975000,-0.010008,0.670549,0.018240,0.741574,-217.222076,84.278374,87.417511
118,0.983333,-0.009952,0.670545,0.018188,0.741579,-217.222519,84.278236,87.418236
119,0.991667,-0.009946,0.670536,0.018090,0.741590,-217.221954,84.279297,87.419151
120,1.000000,-0.010367,0.670548,0.017903,0.741577,-217.221786,84.280052,87.417969
121,1.008333,-0.010508,0.670589,0.017954,0.741537,-217.223099,84.281387,87.419250
122,1.016667,-0.010488,0.670590,0.017789,0.741541,-217.221039,84.279510,87.418076
123,1.025000,-0.010196,0.670652,0.017920,0.741485,-217.221863,84.278816,87.420113
124,1.033333,-0.010232,0.670634,0.018111,0.741497,-217.222504,84.279945,87.417374
125,1.041667,-0.010177,0.670572,0.018383,0.741547,-217.222900,84.279236,87.416702
126,1.050000,-0.010154,0.670524,0.018295,0.741592,-217.223007,84.279076,87.418571
127,1.058333,-0.010434,0.670502,0.017822,0.741620,-217.220901,84.278297,87.418869
128,1.066667,-0.010557,0.670632,0.017706,0.741504,-217.222595,84.280525,87.421310
129,1.075000,-0.010595,0.670667,0.017894,0.741467,-217.221756,84.280296,87.420952
130,1.083333,-0.010588,0.670638,0.017918,0.741492,-217.221924,84.279999,87.421165
131,1.091667,-0.010189,0.670520,0.017759,0.741609,-217.222504,84.282265,87.420868
132,1.100000,-0.010266,0.670565,0.017802,0.741566,-217.221878,84.280029,87.419716
133,1.108333,-0.010244,0.670585,0.018077,0.741542,-217.222717,84.278915,87.421593
134,1.116667,-0.010076,0.670585,0.018189,0.741541,-217.222641,84.278885,87.420258
135,1.125000,-0.010254,0.670520,0.018181,0.741598,-217.222290,84.279358,87.419930
136,1.133333,-0.010230,0.670522,0.018035,0.741600,-217.222565,84.280396,87.420937
137,1.141667,-0.010103,0.670601,0.018160,0.741527,-217.221878,84.279785,87.418465
138,1.150000,-0.010082,0.670606,0.018088,0.741525,-217.224197,84.281471,87.419487
139,1.158333,-0.010326,0.670644,0.018017,0.741488,-217.222504,84.280907,87.419632
140,1.166667,-0.010384,0.670595,0.018123,0.741529,-217.221542,84.279823,87.419113
141,1.175000,-0.010534,0.670641,0.017846,0.741492,-217.222305,84.280327,87.420013
142,1.183333,-0.010478,0.670608,0.017918,0.741521,-217.221313,84.279572,87.418449
143,1.191667,-0.010256,0.670636,0.018093,0.741495,-217.223007,84.280449,87.420120
144,1.200000,-0.010235,0.670655,0.018205,0.741475,-217.221420,84.277901,87.419884
145,1.208333,-0.010244,0.670582,0.018383,0.741537,-217.222809,84.278076,87.420792
146,1.216667,-0.010143,0.670491,0.018349,0.741622,-217.223404,84.279152,87.419472
147,1.225000,-0.010200,0.670583,0.018529,0.741533,-217.223068,84.277954,87.419769
148,1.233333,-0.010216,0.670539,0.018237,0.741580,-217.222733,84.279396,87.420830
149,1.241667,-0.010332,0.670549,0.018141,0.741572,-217.222351,84.279404,87.420105
150,1.250000,-0.010286,0.670502,0.018095,0.741616,-217.224152,84.280350,87.422058
151,1.258333,-0.010429,0.670524,0.018164,0.741592,-217.223602,84.281120,87.420937
152,1.266667,-0.010306,0.670547,0.018173,0.741572,-217.222137,84.281479,87.420593
153,1.275000,-0.010389,0.670498,0.018153,0.741617,-217.222565,84.281502,87.420876
154,1.283333,-0.010132,0.670524,0.018200,0.741595,-217.222672,84.280731,87.419472
155,1.291667,-0.010246,0.670514,0.018341,0.741599,-217.223190,84.279640,87.419708
156,1.300000,-0.010283,0.670566,0.018104,0.741558,-217.221115,84.279770,87.419159
157,1.308333,-0.010151,0.670596,0.018318,0.741527,-217.221329,84.279587,87.420158
158,1.316667,-0.010317,0.670549,0.018295,0.741568,-217.221191,84.279587,87.421082
159,1.325000,-0.010123,0.670585,0.018274,0.741538,-217.220825,84.279236,87.420082
160,1.333333,-0.010132,0.670499,0.018162,0.741619,-217.222549,84.278923,87.422150
161,1.341667,-0.010297,0.670598,0.018237,0.741525,-217.221786,84.278221,87.420097
162,1.350000,-0.010281,0.670501,0.018263,0.741613,-217.223572,84.279976,87.420479
163,1.358333,-0.010342,0.670518,0.018326,0.741594,-217.223389,84.279877,87.420670
164,1.366667,-0.010228,0.670510,0.018459,0.741601,-217.223450,84.279381,87.422386
165,1.375000,-0.010506,0.670522,0.018339,0.741589,-217.223053,84.279884,87.422325
166,1.383333,-0.010200,0.670557,0.018236,0.741564,-217.223602,84.280304,87.422173
167,1.391667,-0.010352,0.670538,0.018333,0.741576,-217.224045,84.280693,87.421349
168,1.400000,-0.010264,0.670471,0.018251,0.741640,-217.224121,84.279945,87.421074
169,1.408333,-0.010457,0.670493,0.018114,0.741621,-217.224075,84.278755,87.420563
170,1.416667,-0.010372,0.670518,0.018218,0.741597,-217.225266,84.280624,87.422745
171,1.425000,-0.010320,0.670583,0.018199,0.741540,-217.223785,84.280685,87.421494
172,1.433333,-0.010462,0.670524,0.018032,0.741595,-217.223572,84.280792,87.422058
173,1.441667,-0.010231,0.670601,0.018274,0.741522,-217.222809,84.280182,87.421585
174,1.450000,-0.010205,0.670566,0.018436,0.741551,-217.222672,84.279373,87.421860
175,1.458333,-0.010490,0.670545,0.018217,0.741571,-217.222351,84.279404,87.421707
176,1.466667,-0.010426,0.670587,0.018204,0.741535,-217.221420,84.279037,87.420944
177,1.475000,-0.010561,0.670537,0.018072,0.741581,-217.223770,84.281960,87.421379
178,1.483333,-0.010527,0.670535,0.018102,0.741582,-217.222260,84.280701,87.420166
179,1.491667,-0.010413,0.670520,0.018281,0.741593,-217.222427,84.279778,87.420616
180,1.500000,-0.010241,0.670525,0.018312,0.741590,-217.222946,84.279884,87.421509
181,1.508333,-0.010508,0.670557,0.018318,0.741558,-217.222168,84.277977,87.420883
182,1.516667,-0.010374,0.670591,0.018450,0.741526,-217.224045,84.281227,87.421455
183,1.525000,-0.010485,0.670544,0.018275,0.741571,-217.224304,84.280190,87.420235
184,1.533333,-0.010240,0.670619,0.018323,0.741505,-217.225433,84.281067,87.420822
185,1.541667,-0.010322,0.670523,0.018429,0.741588,-217.224884,84.280228,87.420532
186,1.550000,-0.010133,0.670551,0.018359,0.741567,-217.224854,84.280006,87.419922
187,1.558333,-0.010220,0.670525,0.018394,0.741589,-217.225143,84.279854,87.420753
188,1.566667,-0.010459,0.670554,0.018291,0.741562,-217.223953,84.279457,87.419289
189,1.575000,-0.010421,0.670551,0.018288,0.741565,-217.225357,84.278717,87.420921
190,1.583333,-0.010380,0.670620,0.018238,0.741504,-217.224365,84.279556,87.420090
191,1.591667,-0.010222,0.670619,0.018523,0.741500,-217.223907,84.278992,87.419907
192,1.600000,-0.010300,0.670511,0.018203,0.741605,-217.223816,84.278465,87.420250
193,1.608333,-0.010503,0.670536,0.018062,0.741583,-217.222839,84.278175,87.419296
194,1.616667,-0.010404,0.670586,0.018312,0.741533,-217.223480,84.279922,87.421745
195,1.625000,-0.010305,0.670522,0.018218,0.741594,-217.222260,84.279640,87.420334
196,1.633333,-0.010215,0.670533,0.018248,0.741585,-217.223114,84.279457,87.420296
197,1.641667,-0.010214,0.670572,0.018417,0.741545,-217.224091,84.278542,87.418739
198,1.650000,-0.010207,0.670537,0.018379,0.741578,-217.224930,84.278130,87.417961
199,1.658333,-0.010190,0.670516,0.018336,0.741598,-217.226105,84.280205,87.419502
200,1.666667,-0.010419,0.670596,0.018459,0.741520,-217.224365,84.278038,87.418228
201,1.675000,-0.010359,0.670594,0.018376,0.741524,-217.224930,84.277763,87.419647
202,1.683333,-0.010341,0.670611,0.018231,0.741513,-217.225052,84.278740,87.419754
203,1.691667,-0.010392,0.670526,0.018272,0.741588,-217.225266,84.278709,87.418877
204,1.700000,-0.010452,0.670528,0.018082,0.741590,-217.226654,84.280159,87.421333
205,1.708333,-0.010435,0.670569,0.018092,0.741553,-217.225464,84.279457,87.421349
206,1.716667,-0.010553,0.670524,0.018102,0.741592,-217.225937,84.279182,87.421875
207,1.725000,-0.010546,0.670599,0.018163,0.741523,-217.224167,84.279236,87.420410
208,1.733333,-0.010263,0.670654,0.018551,0.741467,-217.224640,84.278839,87.419884
209,1.741667,-0.010291,0.670491,0.018457,0.741617,-217.224548,84.278290,87.420715
210,1.750000,-0.010578,0.670515,0.018265,0.741596,-217.223953,84.278877,87.418503
211,1.758333,-0.010433,0.670558,0.018094,0.741563,-217.225006,84.279480,87.420395
212,1.766667,-0.010288,0.670581,0.018213,0.741541,-217.223938,84.279198,87.418663
213,1.775000,-0.010365,0.670575,0.018445,0.741540,-217.224792,84.279846,87.419693
214,1.783333,-0.010328,0.670530,0.018443,0.741581,-217.224426,84.280205,87.420235
215,1.791667,-0.010218,0.670532,0.018509,0.741579,-217.223877,84.279762,87.419060
216,1.800000,-0.010161,0.670531,0.018525,0.741581,-217.225357,84.280357,87.419739
217,1.808333,-0.010248,0.670517,0.018365,0.741596,-217.225067,84.279022,87.418365
218,1.816667,-0.010195,0.670586,0.018437,0.741533,-217.225906,84.278664,87.420555
219,1.825000,-0.010335,0.670618,0.018525,0.741499,-217.225784,84.279541,87.419891
220,1.833333,-0.010462,0.670577,0.018300,0.741541,-217.225052,84.279480,87.420082
221,1.841667,-0.010309,0.670531,0.018310,0.741584,-217.225723,84.280235,87.421654
222,1.850000,-0.010225,0.670582,0.018470,0.741535,-217.224838,84.279564,87.419472
223,1.858333,-0.010023,0.670579,0.018544,0.741539,-217.225861,84.279121,87.421104
224,1.866667,-0.010242,0.670633,0.018472,0.741489,-217.224579,84.278526,87.420532
225,1.875000,-0.010216,0.670588,0.018476,0.741529,-217.224152,84.277107,87.421013
226,1.883333,-0.010120,0.670594,0.018460,0.741526,-217.223999,84.278183,87.422050
227,1.891667,-0.010165,0.670562,0.018374,0.741557,-217.223434,84.278603,87.420425
228,1.900000,-0.010111,0.670520,0.018144,0.741600,-217.223434,84.278763,87.420570
229,1.908333,-0.010276,0.670573,0.018368,0.741545,-217.222977,84.277878,87.418839
230,1.916667,-0.010224,0.670561,0.018406,0.741556,-217.222977,84.278992,87.420456
231,1.925000,-0.010217,0.670572,0.018468,0.741545,-217.222946,84.280464,87.420494
232,1.933333,-0.010220,0.670498,0.018466,0.741612,-217.223221,84.279671,87.419266
233,1.941667,-0.010422,0.670514,0.018440,0.741594,-217.223907,84.279129,87.420219
234,1.950000,-0.010293,0.670609,0.018262,0.741515,-217.223328,84.278297,87.417709
235,1.958333,-0.010459,0.670612,0.018087,0.741514,-217.225647,84.278610,87.421104
236,1.966667,-0.010549,0.670574,0.018203,0.741544,-217.225479,84.279953,87.420280
237,1.975000,-0.010319,0.670577,0.018356,0.741541,-217.224625,84.279167,87.420074
238,1.983333,-0.010278,0.670538,0.018193,0.741581,-217.225739,84.279579,87.422592
239,1.991667,-0.010394,0.670548,0.018227,0.741570,-217.224472,84.279716,87.419983
240,2.000000,-0.010398,0.670586,0.018325,0.741533,-217.225342,84.279892,87.421021
241,2.008333,-0.010298,0.670602,0.018333,0.741519,-217.224167,84.278870,87.422005
242,2.016667,-0.010260,0.670586,0.018229,0.741537,-217.223358,84.279053,87.420670
243,2.025000,-0.010385,0.670559,0.018300,0.741558,-217.223694,84.279015,87.420479
244,2.033333,-0.010149,0.670541,0.018435,0.741574,-217.223404,84.279427,87.419464
245,2.041667,-0.010273,0.670550,0.018615,0.741560,-217.223938,84.280006,87.420830
246,2.050000,-0.010150,0.670574,0.018355,0.741546,-217.223068,84.280006,87.419388
247,2.058333,-0.010057,0.670570,0.018693,0.741542,-217.223022,84.278870,87.418266
248,2.066667,-0.010217,0.670531,0.018429,0.741582,-217.224075,84.280083,87.420113
249,2.075000,-0.010173,0.670565,0.018258,0.741556,-217.223495,84.279854,87.419861
250,2.083333,-0.010377,0.670597,0.018169,0.741527,-217.223740,84.279251,87.420937
251,2.091667,-0.010260,0.670614,0.018267,0.741511,-217.223495,84.279167,87.419167
252,2.100000,-0.010171,0.670584,0.018437,0.741535,-217.223221,84.277740,87.419037
253,2.108333,-0.010352,0.670554,0.018091,0.741568,-217.223663,84.277992,87.419075
254,2.116667,-0.010410,0.670606,0.018032,0.741521,-217.222855,84.276428,87.419662
255,2.125000,-0.010338,0.670623,0.018017,0.741508,-217.224075,84.280258,87.420639
256,2.133333,-0.010219,0.670597,0.018242,0.741527,-217.222595,84.279839,87.418312
257,2.141667,-0.010085,0.670643,0.018300,0.741486,-217.222290,84.278610,87.421066
258,2.150000,-0.010355,0.670581,0.017944,0.741547,-217.220352,84.278519,87.420181
259,2.158333,-0.010193,0.670616,0.018069,0.741514,-217.219070,84.277222,87.422203
260,2.166667,-0.010017,0.670629,0.018241,0.741501,-217.218277,84.277969,87.425545
261,2.175000,-0.009552,0.670546,0.018159,0.741585,-217.215210,84.277611,87.427559
262,2.183333,-0.009179,0.670631,0.018621,0.741501,-217.214706,84.276894,87.433868
263,2.191667,-0.008704,0.670573,0.018789,0.741554,-217.212387,84.273849,87.439278
264,2.200000,-0.008323,0.670522,0.019126,0.741597,-217.210648,84.270004,87.447296
265,2.208333,-0.007634,0.670415,0.019132,0.741701,-217.208267,84.267441,87.458412
266,2.216667,-0.007047,0.670423,0.019611,0.741687,-217.204636,84.263268,87.467735
267,2.225000,-0.006516,0.670244,0.020103,0.741840,-217.202545,84.259178,87.481812
268,2.233333,-0.005516,0.670206,0.020580,0.741870,-217.198517,84.253571,87.496895
269,2.241667,-0.004654,0.670260,0.021261,0.741808,-217.196472,84.249016,87.511642
270,2.250000,-0.004166,0.670142,0.021661,0.741905,-217.195389,84.244057,87.529320
271,2.258333,-0.003485,0.670161,0.022151,0.741877,-217.190903,84.242271,87.539795
272,2.266667,-0.002323,0.670955,0.023556,0.741120,-217.192673,84.241959,87.574036
273,2.275000,-0.001746,0.671044,0.023962,0.741028,-217.187881,84.240135,87.586700
274,2.283333,-0.001535,0.670898,0.023896,0.741163,-217.181946,84.239182,87.599792
275,2.291667,-0.000976,0.670875,0.024533,0.741164,-217.176651,84.239571,87.613472
276,2.300000,-0.000259,0.670822,0.024473,0.741215,-217.171356,84.238274,87.623177
277,2.308333,0.000177,0.670811,0.024688,0.741218,-217.168976,84.237755,87.635262
278,2.316667,0.000661,0.670721,0.024860,0.741292,-217.164520,84.236153,87.642685
279,2.325000,0.001118,0.670754,0.025166,0.741252,-217.160797,84.235168,87.650841
280,2.333333,0.001576,0.670689,0.025266,0.741307,-217.158768,84.236153,87.657242
281,2.341667,0.001822,0.670642,0.025281,0.741348,-217.155914,84.233170,87.663780
282,2.350000,0.002391,0.670683,0.025449,0.741303,-217.154343,84.232422,87.670784
283,2.358333,0.002747,0.670652,0.025622,0.741325,-217.152069,84.231316,87.674629
284,2.366667,0.003066,0.670636,0.025926,0.741327,-217.153137,84.228897,87.683678
285,2.375000,0.003564,0.670474,0.026325,0.741457,-217.151779,84.226082,87.688858
286,2.383333,0.003818,0.670368,0.026524,0.741545,-217.149933,84.222862,87.696167
287,2.391667,0.004587,0.670442,0.026910,0.741459,-217.148682,84.223862,87.703011
288,2.400000,0.004856,0.670376,0.026868,0.741519,-217.145081,84.220848,87.708130
289,2.408333,0.004902,0.670322,0.026902,0.741566,-217.145035,84.221802,87.714806
290,2.416667,0.004884,0.670346,0.026966,0.741543,-217.143982,84.221840,87.718819
291,2.425000,0.004566,0.670397,0.026982,0.741498,-217.144867,84.220596,87.723892
292,2.433333,0.004728,0.670314,0.027060,0.741569,-217.145798,84.220566,87.724396
293,2.441667,0.004673,0.670407,0.027375,0.741473,-217.148071,84.221573,87.722519
294,2.450000,0.004585,0.670429,0.027326,0.741456,-217.149857,84.222160,87.719376
295,2.458333,0.004425,0.670504,0.027464,0.741384,-217.149857,84.220016,87.710472
296,2.466667,0.004637,0.670572,0.027331,0.741326,-217.151810,84.220169,87.700340
297,2.475000,0.004616,0.670648,0.027560,0.741250,-217.151505,84.216492,87.686310
298,2.483333,0.004063,0.670806,0.027292,0.741119,-217.153763,84.219620,87.668327
299,2.491667,0.003059,0.670995,0.027148,0.740958,-217.159225,84.223824,87.650581
300,2.500000,0.002957,0.671139,0.027022,0.740833,-217.163513,84.226265,87.637985
301,2.508333,0.003067,0.671273,0.027451,0.740696,-217.170471,84.233704,87.637703
302,2.516667,0.004232,0.671199,0.028143,0.740731,-217.175110,84.251602,87.645683
303,2.525000,0.005639,0.671275,0.028292,0.740646,-217.173676,84.281944,87.657242
304,2.533333,0.005613,0.671271,0.027737,0.740672,-217.174011,84.326958,87.663826
305,2.541667,0.006089,0.671265,0.027843,0.740669,-217.174667,84.380547,87.671837
306,2.550000,0.004784,0.671295,0.027668,0.740658,-217.179947,84.437653,87.694916
307,2.558333,0.002263,0.671104,0.025541,0.740920,-217.184280,84.499298,87.719193
308,2.566667,0.000268,0.671073,0.024089,0.741000,-217.181259,84.555473,87.742340
309,2.575000,-0.000056,0.671371,0.026631,0.740643,-217.179184,84.621147,87.753288
310,2.583333,-0.000017,0.670832,0.025695,0.741164,-217.168884,84.661133,87.770287
311,2.591667,-0.000437,0.671074,0.025529,0.740951,-217.167694,84.709061,87.778587
312,2.600000,0.004990,0.670924,0.025909,0.741057,-217.174271,84.776009,87.773254
313,2.608333,0.007238,0.671851,0.026598,0.740173,-217.179611,84.820267,87.791321
314,2.616667,0.006444,0.671915,0.026854,0.740114,-217.179138,84.856674,87.801102
315,2.625000,0.005281,0.671966,0.026733,0.740080,-217.177505,84.905441,87.808495
316,2.633333,0.004729,0.672011,0.025800,0.740076,-217.179153,84.972656,87.820450
317,2.641667,0.004412,0.672070,0.025794,0.740025,-217.172195,85.035828,87.828529
318,2.650000,0.003590,0.671946,0.025746,0.740144,-217.169403,85.112228,87.842995
319,2.658333,0.003060,0.671746,0.026094,0.740316,-217.163940,85.174194,87.853149
320,2.666667,0.002847,0.671745,0.026253,0.740311,-217.160614,85.227989,87.863174
321,2.675000,0.001494,0.671764,0.024973,0.740342,-217.161636,85.285477,87.870010
322,2.683333,0.005607,0.670843,0.024326,0.741180,-217.167191,85.362457,87.859955
323,2.691667,0.004953,0.670649,0.024556,0.741352,-217.168350,85.414276,87.868820
324,2.700000,0.003690,0.670549,0.024362,0.741456,-217.162735,85.457138,87.876221
325,2.708333,0.001594,0.670570,0.023149,0.741483,-217.156891,85.508957,87.885307
326,2.716667,0.000612,0.670876,0.022962,0.741214,-217.145401,85.556702,87.894501
327,2.725000,0.001751,0.671864,0.023606,0.740297,-217.137573,85.606110,87.911156
328,2.733333,0.002658,0.671901,0.024234,0.740240,-217.132263,85.655151,87.921135
329,2.741667,0.002400,0.671559,0.024593,0.740539,-217.129013,85.706047,87.925217
330,2.750000,0.001712,0.671479,0.024631,0.740612,-217.125534,85.755386,87.936707
331,2.758333,0.000638,0.671584,0.024152,0.740534,-217.121704,85.805779,87.944862
332,2.766667,-0.000014,0.671834,0.026261,0.740237,-217.124146,85.873207,87.948135
333,2.775000,-0.003281,0.671585,0.023692,0.740541,-217.121201,85.945496,87.960991
334,2.783333,-0.004050,0.671402,0.022999,0.740726,-217.111588,86.001030,87.968887
335,2.791667,-0.003899,0.671745,0.023009,0.740415,-217.102814,86.049362,87.976883
336,2.800000,0.001313,0.671630,0.022906,0.740531,-217.105865,86.119125,87.967216
337,2.808333,0.001808,0.671801,0.022926,0.740375,-217.103119,86.168411,87.970383
338,2.816667,-0.000050,0.671828,0.021651,0.740390,-217.096359,86.223106,87.976418
339,2.825000,-0.001758,0.671883,0.020464,0.740372,-217.089661,86.280716,87.980339
340,2.833333,-0.003290,0.671850,0.019813,0.740415,-217.087769,86.341179,87.987190
341,2.841667,-0.006065,0.671799,0.018152,0.740486,-217.086029,86.409798,87.996010
342,2.850000,-0.008303,0.672037,0.016707,0.740283,-217.077286,86.463890,88.002121
343,2.858333,-0.008221,0.672530,0.019571,0.739765,-217.073990,86.523682,88.003174
344,2.866667,-0.007705,0.672452,0.020431,0.739819,-217.068298,86.566612,88.005501
345,2.875000,-0.007286,0.672509,0.020688,0.739764,-217.065689,86.604622,88.011421
346,2.883333,-0.007094,0.672515,0.020595,0.739763,-217.061920,86.647308,88.016823
347,2.891667,-0.008111,0.672265,0.018945,0.740024,-217.055481,86.688232,88.028488
348,2.900000,-0.005073,0.672085,0.018514,0.740225,-217.057587,86.757393,88.023102
349,2.908333,-0.005703,0.671953,0.017199,0.740372,-217.053986,86.801636,88.031662
350,2.916667,-0.007898,0.671965,0.015506,0.740379,-217.051453,86.851898,88.039276
351,2.925000,-0.008775,0.672095,0.014446,0.740272,-217.043396,86.896164,88.037666
352,2.933333,-0.009259,0.672106,0.014277,0.740260,-217.040894,86.937401,88.045593
353,2.941667,-0.009151,0.672284,0.014889,0.740087,-217.036392,86.977264,88.045517
354,2.950000,-0.008942,0.673114,0.013888,0.739354,-217.040894,87.023651,88.060448
355,2.958333,-0.009035,0.673376,0.014400,0.739105,-217.042618,87.061691,88.067543
356,2.966667,-0.009810,0.672499,0.014478,0.739892,-217.036148,87.092789,88.056335
357,2.975000,-0.009565,0.673346,0.014533,0.739123,-217.037445,87.126495,88.071098
358,2.983333,-0.010269,0.673575,0.014135,0.738912,-217.033524,87.154922,88.075180
359,2.991667,-0.011040,0.673659,0.013353,0.738840,-217.029221,87.187164,88.078674
360,3.000000,-0.011604,0.673832,0.013603,0.738668,-217.024612,87.213043,88.084663
361,3.008333,-0.011864,0.673846,0.013511,0.738653,-217.017532,87.235329,88.085907
362,3.016667,-0.012259,0.673812,0.013458,0.738678,-217.014008,87.256004,88.089348
363,3.025000,-0.012325,0.673810,0.013623,0.738676,-217.009613,87.273827,88.091370
364,3.033333,-0.012227,0.673935,0.014005,0.738557,-217.005707,87.289948,88.096138
365,3.041667,-0.007676,0.673137,0.013363,0.739357,-217.013641,87.337128,88.080627
366,3.050000,-0.007041,0.673085,0.013578,0.739407,-217.012817,87.362633,88.080338
367,3.058333,-0.008297,0.672987,0.012663,0.739500,-217.012650,87.394608,88.085960
368,3.066667,-0.008974,0.673024,0.012338,0.739464,-217.007782,87.423637,88.085518
369,3.075000,-0.009389,0.673147,0.012464,0.739344,-217.005020,87.449738,88.090744
370,3.083333,-0.009898,0.673138,0.012855,0.739339,-217.004440,87.477913,88.090477
371,3.091667,-0.010029,0.672935,0.012904,0.739521,-217.004013,87.504944,88.090775
372,3.100000,-0.010485,0.672946,0.012836,0.739506,-217.002029,87.523773,88.092392
373,3.108333,-0.010800,0.672888,0.012770,0.739555,-217.000000,87.536484,88.091072
374,3.116667,-0.010980,0.672929,0.013048,0.739511,-217.001312,87.554016,88.094368
375,3.125000,-0.011166,0.672912,0.013373,0.739517,-216.999603,87.570450,88.094841
376,3.133333,-0.013414,0.672895,0.009986,0.739549,-217.005249,87.612587,88.102509
377,3.141667,-0.014355,0.672902,0.009339,0.739534,-217.000107,87.635490,88.105568
378,3.150000,-0.015019,0.673145,0.009236,0.739300,-216.993332,87.659142,88.107803
379,3.158333,-0.015396,0.673251,0.009215,0.739196,-216.989059,87.684639,88.114311
380,3.166667,-0.015668,0.673353,0.008856,0.739102,-216.983704,87.712059,88.116989
381,3.175000,-0.015783,0.673386,0.008740,0.739071,-216.979523,87.737862,88.118050
382,3.183333,-0.015801,0.673508,0.008706,0.738960,-216.973618,87.759003,88.121185
383,3.191667,-0.015874,0.673702,0.008732,0.738781,-216.968826,87.776604,88.124901
384,3.200000,-0.015932,0.673871,0.008624,0.738627,-216.966110,87.795952,88.130035
385,3.208333,-0.016319,0.673911,0.008531,0.738583,-216.962250,87.813972,88.128784
386,3.216667,-0.016034,0.674049,0.008892,0.738459,-216.959839,87.828842,88.129410
387,3.225000,-0.015876,0.674087,0.009133,0.738425,-216.958755,87.842987,88.127342
388,3.233333,-0.015843,0.674057,0.009665,0.738446,-216.957977,87.857758,88.124306
389,3.241667,-0.015355,0.673940,0.010042,0.738558,-216.960175,87.874733,88.123528
390,3.250000,-0.014887,0.673806,0.010716,0.738681,-216.961700,87.892700,88.118767
391,3.258333,-0.014818,0.673800,0.011141,0.738681,-216.960190,87.906898,88.119896
392,3.266667,-0.014515,0.673908,0.011261,0.738587,-216.954926,87.922646,88.117912
393,3.275000,-0.010328,0.673752,0.011339,0.738799,-216.958740,87.964745,88.105354
394,3.283333,-0.010511,0.673780,0.011531,0.738767,-216.956207,87.997963,88.105530
395,3.291667,-0.012083,0.673971,0.011132,0.738575,-216.945175,88.048576,88.107666
396,3.300000,-0.014850,0.674350,0.010120,0.738193,-216.931015,88.121277,88.112480
397,3.308333,-0.019946,0.674147,0.006522,0.738299,-216.924316,88.207649,88.105804
398,3.316667,-0.021785,0.674175,0.005217,0.738232,-216.907257,88.274315,88.107948
399,3.325000,-0.021352,0.674531,0.006030,0.737913,-216.877869,88.332253,88.112656
400,3.333333,-0.021400,0.674977,0.006663,0.737499,-216.845673,88.384865,88.113846
401,3.341667,-0.021695,0.675148,0.007015,0.737330,-216.821747,88.433395,88.121300
402,3.350000,-0.022157,0.675218,0.006979,0.737253,-216.805099,88.473389,88.125999
403,3.358333,-0.022363,0.675187,0.006696,0.737277,-216.800232,88.517555,88.131622
404,3.366667,-0.022478,0.675321,0.006079,0.737156,-216.796616,88.566628,88.137787
405,3.375000,-0.022196,0.675510,0.005697,0.736995,-216.792801,88.612152,88.144547
406,3.383333,-0.022624,0.675630,0.005286,0.736874,-216.794556,88.650627,88.152779
407,3.391667,-0.023295,0.675651,0.004650,0.736839,-216.793869,88.675926,88.151215
408,3.400000,-0.019058,0.675417,0.004150,0.737178,-216.804382,88.719894,88.141258
409,3.408333,-0.021672,0.675130,0.001500,0.737379,-216.808914,88.747353,88.137695
410,3.416667,-0.020895,0.675514,0.002778,0.737046,-216.803558,88.753708,88.139290
411,3.425000,-0.019993,0.675676,0.003791,0.736918,-216.802078,88.761421,88.139763
412,3.433333,-0.022321,0.675209,0.001632,0.737287,-216.806412,88.779488,88.137321
413,3.441667,-0.022907,0.675198,0.001003,0.737280,-216.808014,88.789543,88.139290
414,3.450000,-0.023264,0.675382,0.000925,0.737100,-216.807816,88.793144,88.138275
415,3.458333,-0.023162,0.675396,0.000728,0.737091,-216.807800,88.793633,88.140472
416,3.466667,-0.023331,0.675295,0.000525,0.737179,-216.807388,88.790794,88.141273
417,3.475000,-0.023172,0.675302,0.000544,0.737177,-216.806244,88.785049,88.140312
418,3.483333,-0.022999,0.675299,0.000851,0.737185,-216.808563,88.782608,88.142059
419,3.491667,-0.022575,0.675151,0.001097,0.737333,-216.809494,88.783905,88.138611
420,3.500000,-0.022668,0.675239,0.001013,0.737250,-216.809418,88.785980,88.139275
421,3.508333,-0.022707,0.675209,0.001169,0.737276,-216.806381,88.788422,88.137802
422,3.516667,-0.022831,0.675262,0.000891,0.737224,-216.803864,88.789841,88.138542
423,3.525000,-0.023040,0.675326,0.000946,0.737159,-216.802246,88.788696,88.142128
424,3.533333,-0.023039,0.675295,0.000863,0.737188,-216.800308,88.786491,88.139587
425,3.541667,-0.022934,0.675244,0.000737,0.737237,-216.801361,88.785370,88.139648
426,3.550000,-0.022754,0.675255,0.000885,0.737233,-216.802887,88.786789,88.138351
427,3.558333,-0.022786,0.675325,0.001129,0.737167,-216.803787,88.787003,88.137772
428,3.566667,-0.022814,0.675331,0.001105,0.737161,-216.805222,88.788208,88.138000
429,3.575000,-0.022964,0.675358,0.001174,0.737132,-216.805389,88.788391,88.136650
430,3.583333,-0.023089,0.675216,0.000946,0.737258,-216.806976,88.788193,88.138420
431,3.591667,-0.022921,0.675268,0.000905,0.737215,-216.806503,88.785149,88.137474
432,3.600000,-0.022769,0.675369,0.001064,0.737128,-216.808243,88.784340,88.138641
433,3.608333,-0.022724,0.675218,0.001165,0.737268,-216.809555,88.786240,88.138771
434,3.616667,-0.022697,0.675211,0.001106,0.737274,-216.808289,88.786949,88.138466
435,3.625000,-0.023028,0.675187,0.000844,0.737287,-216.807739,88.787178,88.140305
436,3.633333,-0.022746,0.675267,0.001074,0.737221,-216.806763,88.787941,88.137672
437,3.641667,-0.022777,0.675287,0.000904,0.737202,-216.806274,88.785950,88.139694
438,3.650000,-0.022732,0.675291,0.001171,0.737200,-216.805557,88.784828,88.140152
439,3.658333,-0.022656,0.675281,0.001167,0.737211,-216.804749,88.786087,88.138916
440,3.666667,-0.022937,0.675237,0.000938,0.737244,-216.804260,88.787041,88.140663
441,3.675000,-0.023088,0.675297,0.000994,0.737184,-216.801956,88.789818,88.137917
442,3.683333,-0.022965,0.675292,0.000999,0.737193,-216.801422,88.790085,88.140015
443,3.691667,-0.022961,0.675309,0.000911,0.737177,-216.800507,88.788429,88.138695
444,3.700000,-0.023031,0.675327,0.000808,0.737159,-216.802567,88.786873,88.139122
445,3.708333,-0.022954,0.675312,0.000792,0.737174,-216.804855,88.786507,88.138847
446,3.716667,-0.022913,0.675274,0.000915,0.737210,-216.804688,88.786705,88.135849
447,3.725000,-0.022774,0.675237,0.001009,0.737248,-216.806824,88.788551,88.137421
448,3.733333,-0.022776,0.675255,0.000954,0.737232,-216.807053,88.787117,88.137505
449,3.741667,-0.022621,0.675266,0.000928,0.737227,-216.807938,88.786713,88.137184
450,3.750000,-0.022822,0.675282,0.000873,0.737206,-216.808777,88.786285,88.139648
451,3.758333,-0.022764,0.675230,0.000907,0.737255,-216.808029,88.786682,88.139290
452,3.766667,-0.022929,0.675302,0.000917,0.737184,-216.807053,88.786072,88.141541
453,3.775000,-0.022776,0.675289,0.000912,0.737201,-216.806168,88.787201,88.140038
454,3.783333,-0.022873,0.675303,0.000933,0.737185,-216.804764,88.787117,88.139687
455,3.791667,-0.022799,0.675314,0.001175,0.737177,-216.804626,88.786797,88.141830
456,3.800000,-0.022739,0.675266,0.000888,0.737223,-216.803619,88.786057,88.139915
457,3.808333,-0.022654,0.675281,0.000962,0.737212,-216.804596,88.786179,88.141090
458,3.816667,-0.022729,0.675218,0.000790,0.737267,-216.804413,88.787498,88.138481
459,3.825000,-0.022800,0.675359,0.001004,0.737136,-216.804855,88.788979,88.139519
460,3.833333,-0.022824,0.675184,0.000924,0.737296,-216.803955,88.788185,88.139847
461,3.841667,-0.022852,0.675241,0.000929,0.737243,-216.801956,88.787552,88.137253
462,3.850000,-0.022754,0.675265,0.000893,0.737223,-216.803055,88.788979,88.138771
463,3.858333,-0.022959,0.675279,0.000826,0.737204,-216.802567,88.787773,88.137550
464,3.866667,-0.022899,0.675317,0.000773,0.737172,-216.803833,88.786835,88.138092
465,3.875000,-0.022753,0.675300,0.000969,0.737191,-216.805145,88.787109,88.137665
466,3.883333,-0.022602,0.675255,0.001070,0.737237,-216.805939,88.787071,88.136230
467,3.891667,-0.022584,0.675238,0.001069,0.737253,-216.807770,88.787430,88.137901
468,3.900000,-0.022827,0.675307,0.000986,0.737183,-216.806747,88.785515,88.136612
469,3.908333,-0.022786,0.675274,0.000831,0.737214,-216.807526,88.784935,88.139992
470,3.916667,-0.022785,0.675197,0.000976,0.737285,-216.806931,88.785088,88.139534
471,3.925000,-0.022680,0.675249,0.000981,0.737240,-216.806442,88.784828,88.139580
472,3.933333,-0.022615,0.675231,0.001103,0.737258,-216.805908,88.786041,88.139954
473,3.941667,-0.022601,0.675207,0.001083,0.737281,-216.804840,88.786102,88.138885
474,3.950000,-0.022457,0.675180,0.001119,0.737310,-216.805023,88.787933,88.139946
475,3.958333,-0.022784,0.675303,0.000954,0.737187,-216.802811,88.786964,88.138489
476,3.966667,-0.022843,0.675265,0.000999,0.737221,-216.803116,88.788071,88.141182
477,3.975000,-0.022891,0.675348,0.001047,0.737143,-216.802521,88.789375,88.140312
478,3.983333,-0.022944,0.675308,0.000992,0.737179,-216.802765,88.790253,88.141159
479,3.991667,-0.022922,0.675208,0.000929,0.737271,-216.803986,88.793396,88.143349
480,4.000000,-0.022895,0.675392,0.001100,0.737102,-216.805511,88.797310,88.145111
481,4.008333,-0.022641,0.675305,0.001095,0.737191,-216.809921,88.805733,88.148994
482,4.016667,-0.022747,0.675142,0.001394,0.737336,-216.812805,88.812447,88.150139
483,4.025000,-0.022915,0.675100,0.001345,0.737369,-216.816132,88.818405,88.154778
484,4.033333,-0.022458,0.675014,0.001687,0.737461,-216.822815,88.825111,88.161430
485,4.041667,-0.022257,0.674976,0.001987,0.737502,-216.829086,88.826797,88.168457
486,4.050000,-0.022144,0.674747,0.002025,0.737714,-216.839188,88.824257,88.184532
487,4.058333,-0.022051,0.674424,0.002247,0.738011,-216.852066,88.813774,88.203415
488,4.066667,-0.022145,0.674103,0.002203,0.738302,-216.868210,88.797523,88.226089
489,4.075000,-0.022300,0.673794,0.002195,0.738579,-216.886856,88.781326,88.250160
490,4.083333,-0.021956,0.673478,0.002293,0.738877,-216.907532,88.758545,88.273224
491,4.091667,-0.022291,0.673089,0.001995,0.739223,-216.939026,88.737350,88.297600
492,4.100000,-0.025075,0.673397,0.003547,0.738847,-216.970520,88.681648,88.338242
493,4.108333,-0.024456,0.672776,0.004029,0.739431,-217.005783,88.652786,88.362015
494,4.116667,-0.018838,0.672633,0.003920,0.739726,-217.066528,88.666794,88.380013
495,4.125000,-0.018125,0.671886,0.004348,0.740420,-217.119949,88.653137,88.403847
496,4.133333,-0.022837,0.671950,0.004676,0.740229,-217.164093,88.613876,88.452812
497,4.141667,-0.022660,0.671427,0.004936,0.740708,-217.220596,88.587051,88.487679
498,4.150000,-0.022586,0.670886,0.004112,0.741205,-217.277649,88.564583,88.525368
499,4.158333,-0.024005,0.670194,0.004250,0.741785,-217.342957,88.556030,88.565010
500,4.166667,-0.025021,0.669546,0.004225,0.742337,-217.399506,88.538757,88.604500
501,4.175000,-0.025541,0.668535,0.002062,0.743239,-217.460770,88.509384,88.647171
502,4.183333,-0.025378,0.668309,0.001140,0.743450,-217.526459,88.486496,88.680183
503,4.191667,-0.024521,0.667783,0.001675,0.743950,-217.607590,88.463570,88.717834
504,4.200000,-0.022757,0.667878,0.002328,0.743919,-217.710449,88.441292,88.768135
505,4.208333,-0.022205,0.666498,0.002660,0.745172,-217.798737,88.411896,88.803589
506,4.216667,-0.021753,0.665675,0.006666,0.745895,-217.887787,88.400414,88.847885
507,4.225000,-0.021129,0.664569,0.008702,0.746877,-217.976639,88.383919,88.888794
508,4.233333,-0.021197,0.663189,0.005927,0.748128,-218.056351,88.354019,88.939171
509,4.241667,-0.022325,0.662319,0.003962,0.748879,-218.141388,88.336304,88.979828
510,4.250000,-0.022524,0.661407,0.003537,0.749681,-218.239807,88.325714,89.025330
511,4.258333,-0.023416,0.660462,0.002868,0.750489,-218.331772,88.319298,89.076111
512,4.266667,-0.024876,0.660228,0.001133,0.750653,-218.429108,88.327866,89.145973
513,4.275000,-0.025558,0.659154,0.000827,0.751574,-218.518799,88.334305,89.210701
514,4.283333,-0.025444,0.658590,0.000896,0.752071,-218.597961,88.338257,89.264069
515,4.291667,-0.025978,0.657267,0.000732,0.753209,-218.694214,88.343742,89.320221
516,4.300000,-0.026189,0.656117,0.003901,0.754194,-218.808777,88.374069,89.368568
517,4.308333,-0.027881,0.655208,0.001825,0.754932,-218.910477,88.389175,89.423080
518,4.316667,-0.024780,0.654182,-0.003089,0.755925,-219.027298,88.436028,89.480942
519,4.325000,-0.026881,0.652825,-0.004930,0.757015,-219.124390,88.464172,89.536743
520,4.333333,-0.028037,0.652307,-0.003147,0.757429,-219.230392,88.502731,89.614990
521,4.341667,-0.028437,0.651433,-0.002886,0.758167,-219.324753,88.523308,89.670479
522,4.350000,-0.029068,0.650213,-0.004237,0.759184,-219.429611,88.541084,89.729378
523,4.358333,-0.029656,0.650238,-0.004662,0.759138,-219.539612,88.563934,89.796860
524,4.366667,-0.031336,0.648603,-0.005535,0.760462,-219.650787,88.581192,89.849236
525,4.375000,-0.031332,0.647648,-0.005442,0.761276,-219.768692,88.604317,89.903534
526,4.383333,-0.033490,0.646228,-0.008156,0.762365,-219.879486,88.623680,89.945251
527,4.391667,-0.034868,0.645306,-0.009337,0.763071,-219.992142,88.635750,89.991104
528,4.400000,-0.035842,0.644651,-0.009889,0.763572,-220.098709,88.643112,90.038864
529,4.408333,-0.036884,0.642636,-0.010444,0.765212,-220.211670,88.642387,90.081940
530,4.416667,-0.036401,0.642939,-0.010476,0.764980,-220.328827,88.639114,90.143188
531,4.425000,-0.038108,0.641944,-0.012940,0.765694,-220.451141,88.635742,90.173355
532,4.433333,-0.039415,0.640580,-0.014237,0.766747,-220.574356,88.615227,90.208107
533,4.441667,-0.039088,0.639917,-0.013035,0.767338,-220.681259,88.590202,90.244202
534,4.450000,-0.041186,0.638050,-0.015367,0.768739,-220.810455,88.583382,90.272591
535,4.458333,-0.041340,0.636599,-0.015407,0.769932,-220.935852,88.564095,90.301323
536,4.466667,-0.040272,0.635584,-0.014610,0.770842,-221.054810,88.539734,90.327652
537,4.475000,-0.039004,0.635556,-0.013904,0.770944,-221.176498,88.521263,90.376656
538,4.483333,-0.039119,0.634368,-0.013074,0.771930,-221.301941,88.495895,90.406075
539,4.491667,-0.040488,0.632343,-0.015481,0.773475,-221.431641,88.466682,90.422852
540,4.500000,-0.040952,0.631259,-0.015929,0.774327,-221.555664,88.437973,90.450180
541,4.508333,-0.040730,0.630311,-0.015394,0.775121,-221.678207,88.407585,90.470413
542,4.516667,-0.039497,0.628903,-0.014334,0.776348,-221.810837,88.364616,90.501060
543,4.525000,-0.039131,0.627865,-0.013575,0.777219,-221.932343,88.337059,90.525909
544,4.533333,-0.038602,0.626529,-0.012863,0.778335,-222.055099,88.310867,90.552345
545,4.541667,-0.039299,0.625602,-0.013903,0.779028,-222.200958,88.300995,90.588776
546,4.550000,-0.034637,0.624132,-0.015125,0.780404,-222.346451,88.309364,90.587456
547,4.558333,-0.033878,0.622341,-0.015170,0.781865,-222.474838,88.285378,90.603523
548,4.566667,-0.038509,0.622098,-0.012525,0.781891,-222.598389,88.212425,90.655312
549,4.575000,-0.038833,0.621245,-0.012427,0.782555,-222.722672,88.180450,90.680481
550,4.583333,-0.034555,0.618982,-0.012912,0.784539,-222.876999,88.173622,90.687935
551,4.591667,-0.035764,0.617642,-0.014575,0.785511,-223.022202,88.149849,90.700111
552,4.600000,-0.035809,0.616834,-0.014868,0.786137,-223.163818,88.116852,90.715096
553,4.608333,-0.035049,0.616294,-0.014684,0.786599,-223.313141,88.091713,90.741501
554,4.616667,-0.035082,0.614737,-0.014101,0.787825,-223.459915,88.067932,90.759369
555,4.625000,-0.035022,0.612898,-0.014692,0.789249,-223.600952,88.038948,90.771324
556,4.633333,-0.035189,0.611299,-0.013875,0.790495,-223.740097,88.010826,90.778275
557,4.641667,-0.035093,0.609515,-0.014123,0.791872,-223.881027,87.979790,90.789284
558,4.650000,-0.035349,0.609112,-0.013958,0.792173,-224.035400,87.940659,90.814163
559,4.658333,-0.035141,0.607672,-0.013827,0.793290,-224.175690,87.910477,90.840714
560,4.666667,-0.035957,0.606239,-0.014357,0.794340,-224.310593,87.880203,90.858391
561,4.675000,-0.036814,0.604865,-0.014950,0.795336,-224.461792,87.841743,90.861946
562,4.683333,-0.036315,0.604870,-0.015046,0.795354,-224.607986,87.812134,90.881233
563,4.691667,-0.036222,0.603344,-0.014476,0.796526,-224.756973,87.780174,90.876289
564,4.700000,-0.036303,0.601313,-0.013763,0.798070,-224.902206,87.755981,90.890762
565,4.708333,-0.036199,0.599425,-0.013726,0.799494,-225.044983,87.728859,90.899757
566,4.716667,-0.037222,0.597606,-0.015472,0.800776,-225.198196,87.706505,90.912888
567,4.725000,-0.037567,0.597184,-0.015692,0.801071,-225.334000,87.682655,90.928993
568,4.733333,-0.037472,0.595965,-0.015724,0.801982,-225.483963,87.644211,90.929932
569,4.741667,-0.037418,0.594899,-0.015270,0.802784,-225.631546,87.610664,90.931221
570,4.750000,-0.037899,0.592875,-0.015127,0.804260,-225.783997,87.578537,90.929153
571,4.758333,-0.038823,0.591580,-0.018049,0.805109,-225.947830,87.568268,90.933800
572,4.766667,-0.038227,0.590354,-0.017284,0.806054,-226.088531,87.545105,90.935898
573,4.775000,-0.037948,0.589464,-0.017020,0.806723,-226.218384,87.522301,90.933914
574,4.783333,-0.038352,0.589200,-0.014274,0.806950,-226.354431,87.508408,90.927719
575,4.791667,-0.038051,0.587626,-0.012491,0.808141,-226.482269,87.477043,90.921761
576,4.800000,-0.037755,0.585710,-0.015095,0.809501,-226.616333,87.422379,90.922943
577,4.808333,-0.037615,0.583901,-0.015921,0.810797,-226.765915,87.374672,90.915657
578,4.816667,-0.038022,0.582500,-0.012465,0.811846,-226.911346,87.354042,90.914207
579,4.825000,-0.038316,0.581396,-0.013396,0.812608,-227.050858,87.314049,90.906662
580,4.833333,-0.037788,0.579966,-0.012395,0.813670,-227.194336,87.267899,90.904518
581,4.841667,-0.037551,0.579204,-0.011600,0.814235,-227.327271,87.234344,90.902100
582,4.850000,-0.032157,0.578023,-0.010772,0.815315,-227.495667,87.218094,90.869377
583,4.858333,-0.030291,0.576916,-0.012072,0.816153,-227.652771,87.186394,90.873993
584,4.866667,-0.030486,0.575643,-0.012462,0.817038,-227.815979,87.150215,90.865723
585,4.875000,-0.030845,0.574294,-0.010450,0.818001,-227.964600,87.128937,90.847404
586,4.883333,-0.031466,0.572190,-0.010956,0.819444,-228.115555,87.099030,90.839569
587,4.891667,-0.031874,0.570685,-0.011302,0.820473,-228.257828,87.063751,90.824509
588,4.900000,-0.032145,0.569566,-0.011137,0.821241,-228.390045,87.032173,90.816124
589,4.908333,-0.033346,0.567721,-0.015366,0.822402,-228.534485,86.985825,90.809288
590,4.916667,-0.033337,0.566034,-0.014814,0.823574,-228.675415,86.953934,90.791824
591,4.925000,-0.033460,0.564849,-0.014738,0.824384,-228.812576,86.915459,90.771461
592,4.933333,-0.033032,0.563014,-0.012556,0.825692,-228.958969,86.892616,90.746544
593,4.941667,-0.033384,0.561073,-0.012153,0.827004,-229.101944,86.861038,90.720917
594,4.950000,-0.033599,0.560272,-0.012760,0.827529,-229.227264,86.825401,90.691727
595,4.958333,-0.033388,0.559817,-0.012727,0.827845,-229.351807,86.794632,90.676048
596,4.966667,-0.035887,0.558184,-0.016389,0.828779,-229.480713,86.779915,90.653671
597,4.975000,-0.036467,0.556748,-0.017925,0.829687,-229.603745,86.747513,90.625313
598,4.983333,-0.035619,0.555765,-0.018005,0.830381,-229.706451,86.703644,90.605186
599,4.991667,-0.034607,0.554914,-0.016823,0.831017,-229.808167,86.666496,90.583786
600,5.000000,-0.034417,0.553775,-0.016607,0.831789,-229.913803,86.635056,90.560120
601,5.008333,-0.034445,0.552503,-0.015906,0.832647,-230.018021,86.606178,90.536835
602,5.016667,-0.033994,0.550916,-0.015364,0.833726,-230.133087,86.570145,90.501617
603,5.025000,-0.033684,0.549993,-0.014026,0.834372,-230.237457,86.537849,90.471382
604,5.033333,-0.033136,0.549355,-0.012965,0.834831,-230.331390,86.496109,90.439735
605,5.041667,-0.032413,0.548562,-0.012520,0.835388,-230.428146,86.445358,90.400726
606,5.050000,-0.032389,0.547778,-0.012667,0.835901,-230.524689,86.399887,90.368034
607,5.058333,-0.031837,0.546554,-0.011557,0.836738,-230.626434,86.356697,90.331573
608,5.066667,-0.031573,0.545633,-0.012023,0.837343,-230.727051,86.311050,90.294411
609,5.075000,-0.031177,0.544734,-0.011788,0.837946,-230.831406,86.268219,90.253517
610,5.083333,-0.030699,0.543655,-0.011017,0.838675,-230.927963,86.235298,90.222336
611,5.091667,-0.030236,0.543098,-0.010718,0.839056,-231.012009,86.200371,90.187790
612,5.100000,-0.026078,0.542220,-0.010082,0.839772,-231.111526,86.183807,90.138832
613,5.108333,-0.025391,0.541731,-0.009681,0.840113,-231.190445,86.149841,90.109619
614,5.116667,-0.025101,0.541109,-0.009726,0.840521,-231.267883,86.117622,90.079109
615,5.125000,-0.023569,0.541273,-0.009449,0.840463,-231.369827,86.092400,90.060234
616,5.133333,-0.025244,0.539088,-0.009424,0.841818,-231.463196,86.052757,90.020996
617,5.141667,-0.025005,0.537976,-0.008749,0.842544,-231.554840,86.028969,89.997169
618,5.150000,-0.023773,0.536371,-0.008078,0.843608,-231.643555,86.004318,89.982460
619,5.158333,-0.023499,0.535340,-0.007204,0.844279,-231.735703,85.984337,89.957008
620,5.166667,-0.023599,0.534065,-0.005512,0.845096,-231.821686,85.976219,89.952087
621,5.175000,-0.024050,0.532975,-0.006108,0.845767,-231.908707,85.964981,89.937469
622,5.183333,-0.024287,0.533401,-0.007572,0.845480,-232.020920,85.953720,89.928635
623,5.191667,-0.025360,0.533570,-0.008595,0.845332,-232.120926,85.937675,89.913055
624,5.200000,-0.025817,0.532919,-0.009147,0.845723,-232.213623,85.918304,89.890900
625,5.208333,-0.025113,0.532434,-0.007832,0.846063,-232.307220,85.893402,89.867577
626,5.216667,-0.025771,0.532494,-0.003739,0.846033,-232.401947,85.892906,89.834618
627,5.225000,-0.025840,0.530980,-0.002853,0.846986,-232.491394,85.877518,89.816521
628,5.233333,-0.025883,0.529210,-0.003407,0.848089,-232.590454,85.856247,89.791801
629,5.241667,-0.026297,0.528428,-0.004681,0.848558,-232.683701,85.837425,89.766716
630,5.250000,-0.028187,0.527319,-0.006765,0.849173,-232.774933,85.839935,89.742676
631,5.258333,-0.028588,0.526106,-0.006426,0.849914,-232.868530,85.830635,89.718155
632,5.266667,-0.027694,0.523920,-0.009895,0.851260,-232.963638,85.809128,89.699806
633,5.275000,-0.027851,0.523003,-0.010807,0.851807,-233.053299,85.795959,89.674370
634,5.283333,-0.028052,0.521983,-0.010796,0.852426,-233.145828,85.783615,89.652847
635,5.291667,-0.022407,0.520647,-0.007300,0.853447,-233.245590,85.818146,89.613167
636,5.300000,-0.021525,0.520171,-0.006875,0.853763,-233.328278,85.806450,89.584534
637,5.308333,-0.021242,0.519562,-0.006504,0.854144,-233.415985,85.782440,89.564339
638,5.316667,-0.021129,0.518597,-0.006431,0.854734,-233.498215,85.764297,89.541679
639,5.325000,-0.021484,0.517598,-0.006469,0.855330,-233.583359,85.750435,89.520187
640,5.333333,-0.021613,0.516953,-0.006715,0.855715,-233.667282,85.732742,89.497566
641,5.341667,-0.021613,0.516066,-0.007005,0.856248,-233.753555,85.711388,89.475868
642,5.350000,-0.021626,0.515433,-0.006827,0.856630,-233.832581,85.696510,89.454727
643,5.358333,-0.022500,0.514617,-0.007000,0.857096,-233.906342,85.677292,89.431938
644,5.366667,-0.022652,0.513722,-0.007353,0.857626,-233.995941,85.653343,89.408783
645,5.375000,-0.022651,0.512926,-0.007499,0.858101,-234.084412,85.629005,89.387337
646,5.383333,-0.023102,0.512075,-0.008333,0.858589,-234.162979,85.611046,89.362717
647,5.391667,-0.023405,0.511227,-0.008572,0.859084,-234.247757,85.586075,89.337006
648,5.400000,-0.022905,0.510582,-0.008234,0.859484,-234.333115,85.561676,89.306549
649,5.408333,-0.023365,0.510127,-0.008500,0.859739,-234.403534,85.542374,89.281219
650,5.416667,-0.023282,0.508899,-0.008713,0.860467,-234.479431,85.524948,89.264282
651,5.425000,-0.022883,0.507761,-0.007865,0.861158,-234.553574,85.508102,89.238609
652,5.433333,-0.023168,0.506557,-0.006922,0.861867,-234.625031,85.489708,89.217331
653,5.441667,-0.023413,0.506185,-0.007655,0.862073,-234.687256,85.466995,89.190781
654,5.450000,-0.023624,0.505148,-0.007408,0.862677,-234.758118,85.444260,89.167267
655,5.458333,-0.023872,0.503980,-0.007591,0.863352,-234.824417,85.427673,89.141663
656,5.466667,-0.025009,0.503146,-0.009937,0.863782,-234.886719,85.423622,89.110626
657,5.475000,-0.025243,0.502869,-0.010957,0.863924,-234.947800,85.413483,89.088409
658,5.483333,-0.025688,0.503129,-0.005605,0.863811,-235.009048,85.424110,89.057213
659,5.491667,-0.024810,0.501243,-0.008955,0.864904,-235.071701,85.380295,89.043907
660,5.500000,-0.025491,0.501159,-0.003587,0.864972,-235.140579,85.380753,89.009254
661,5.508333,-0.025891,0.500949,-0.004924,0.865076,-235.201691,85.357391,88.987892
662,5.516667,-0.025495,0.500232,-0.004753,0.865503,-235.283325,85.332275,88.953499
663,5.525000,-0.025575,0.499172,-0.003911,0.866116,-235.373276,85.304688,88.912247
664,5.533333,-0.025475,0.498717,-0.004853,0.866377,-235.462784,85.269501,88.868637
665,5.541667,-0.023989,0.497242,-0.004779,0.867267,-235.567444,85.228523,88.818970
666,5.550000,-0.024412,0.496477,-0.004393,0.867696,-235.662415,85.172501,88.768074
667,5.558333,-0.023585,0.495367,-0.003812,0.868355,-235.774048,85.093895,88.710602
668,5.566667,-0.024180,0.494574,-0.002871,0.868795,-235.871857,85.027489,88.661140
669,5.575000,-0.016477,0.493013,-0.000831,0.869865,-236.001404,85.008369,88.578018
670,5.583333,-0.016534,0.491889,-0.001003,0.870500,-236.108948,84.970306,88.516167
671,5.591667,-0.016129,0.490829,-0.000223,0.871107,-236.228104,84.941231,88.459106
672,5.600000,-0.016170,0.490489,-0.000783,0.871297,-236.335342,84.918007,88.402222
673,5.608333,-0.016032,0.489354,0.001018,0.871938,-236.457138,84.886665,88.338326
674,5.616667,-0.015790,0.488482,0.000223,0.872431,-236.586731,84.851212,88.275703
675,5.625000,-0.016094,0.486694,0.000571,0.873424,-236.719543,84.824310,88.210358
676,5.633333,-0.016990,0.485308,0.000008,0.874178,-236.857315,84.798706,88.147881
677,5.641667,-0.017585,0.484034,-0.000800,0.874872,-236.990311,84.788223,88.078346
678,5.650000,-0.019518,0.481128,-0.002677,0.876429,-237.104248,84.790840,87.989632
679,5.658333,-0.020520,0.479147,-0.005621,0.877477,-237.230728,84.810425,87.920738
680,5.666667,-0.021595,0.477580,0.000390,0.878323,-237.370346,84.854202,87.862000
681,5.675000,-0.016861,0.477946,0.000328,0.878227,-237.495926,84.888115,87.810936
682,5.683333,-0.018295,0.477535,-0.000925,0.878422,-237.606186,84.863258,87.761505
683,5.691667,-0.018471,0.476598,-0.000118,0.878928,-237.705399,84.838448,87.721771
684,5.700000,-0.018357,0.476069,0.000292,0.879216,-237.793045,84.819420,87.673683
685,5.708333,-0.019949,0.473199,0.000386,0.880729,-237.874176,84.794769,87.606155
686,5.716667,-0.020443,0.471795,0.000211,0.881471,-237.956268,84.796913,87.552521
687,5.725000,-0.020304,0.469731,-0.000152,0.882576,-238.030823,84.808685,87.493980
688,5.733333,-0.019771,0.468154,0.000278,0.883426,-238.106110,84.813416,87.450401
689,5.741667,-0.019136,0.466316,0.000860,0.884411,-238.189789,84.803513,87.401527
690,5.750000,-0.017974,0.464718,0.003410,0.885270,-238.274719,84.775742,87.350800
691,5.758333,-0.019021,0.464369,0.001320,0.885437,-238.339752,84.770432,87.316826
692,5.766667,-0.019495,0.463806,0.000678,0.885722,-238.396042,84.759644,87.281937
693,5.775000,-0.019549,0.463097,0.000116,0.886092,-238.451050,84.760353,87.251839
694,5.783333,-0.019866,0.462664,-0.000006,0.886311,-238.504364,84.767021,87.218735
695,5.791667,-0.019807,0.462508,0.000393,0.886394,-238.552887,84.771088,87.191086
696,5.800000,-0.014599,0.462165,0.001832,0.886672,-238.598282,84.795609,87.165794
697,5.808333,-0.011502,0.460557,0.002983,0.887551,-238.630844,84.799156,87.134674
698,5.816667,-0.010220,0.459484,0.003578,0.888120,-238.664841,84.796318,87.116524
699,5.825000,-0.010692,0.459443,0.007971,0.888107,-238.699249,84.808029,87.094894
700,5.833333,-0.010978,0.459707,0.008208,0.887965,-238.726852,84.815529,87.078560
701,5.841667,-0.011598,0.459758,0.007678,0.887935,-238.748199,84.816292,87.067543
702,5.850000,-0.012232,0.459788,0.007624,0.887912,-238.769348,84.819702,87.055313
703,5.858333,-0.012236,0.459602,0.006613,0.888016,-238.787170,84.823921,87.051964
704,5.866667,-0.011506,0.459462,0.006620,0.888098,-238.797806,84.824394,87.044029
705,5.875000,-0.010627,0.459300,0.006700,0.888192,-238.805466,84.819702,87.043518
706,5.883333,-0.010459,0.459100,0.005953,0.888303,-238.809509,84.815376,87.039200
707,5.891667,-0.009822,0.459295,0.005587,0.888212,-238.806961,84.808800,87.040237
708,5.900000,-0.008445,0.459353,0.001056,0.888213,-238.791748,84.789200,87.051598
709,5.908333,-0.007565,0.459720,-0.000938,0.888031,-238.772400,84.774307,87.056770
710,5.916667,-0.006535,0.459890,-0.003152,0.887946,-238.756470,84.761765,87.064537
711,5.925000,-0.005273,0.460182,-0.004295,0.887799,-238.742279,84.736526,87.067291
712,5.933333,-0.003704,0.460243,-0.004767,0.887773,-238.739487,84.717728,87.074944
713,5.941667,-0.002054,0.460552,-0.004739,0.887618,-238.741165,84.702385,87.088585
714,5.950000,-0.000608,0.460641,-0.004638,0.887574,-238.738892,84.688698,87.101501
715,5.958333,0.000977,0.463224,-0.003232,0.886235,-238.749313,84.672058,87.151672
716,5.966667,0.003116,0.464599,-0.001544,0.885515,-238.750961,84.666359,87.190002
717,5.975000,0.005954,0.464885,0.002036,0.885349,-238.748627,84.639748,87.225075
718,5.983333,0.008076,0.464769,0.004758,0.885382,-238.760117,84.614029,87.259499
719,5.991667,0.009519,0.465500,0.005618,0.884979,-238.765198,84.598694,87.283096
720,6.000000,0.009555,0.466295,0.004145,0.884568,-238.761734,84.601814,87.291885
721,6.008333,0.010336,0.465610,0.003065,0.884924,-238.753479,84.606613,87.283119
722,6.016667,0.010721,0.464274,0.002861,0.885622,-238.752121,84.610825,87.282959
723,6.025000,0.011232,0.463388,0.003428,0.886078,-238.752792,84.609474,87.280327
724,6.033333,0.011485,0.463237,0.003319,0.886154,-238.752167,84.608215,87.279274
725,6.041667,0.011418,0.463159,0.002348,0.886199,-238.749603,84.612320,87.284027
726,6.050000,0.011698,0.463177,0.002503,0.886185,-238.744064,84.611168,87.282196
727,6.058333,0.011875,0.463011,0.002070,0.886271,-238.737961,84.611984,87.287315
728,6.066667,0.011708,0.462981,0.001452,0.886290,-238.731857,84.614471,87.288147
729,6.075000,0.012325,0.463015,0.002086,0.886262,-238.722260,84.614799,87.288177
730,6.083333,0.012462,0.462998,0.001877,0.886270,-238.716629,84.615868,87.292038
731,6.091667,0.012790,0.462811,0.001658,0.886363,-238.710281,84.614449,87.292465
732,6.100000,0.013114,0.462879,0.001523,0.886323,-238.705139,84.617233,87.296066
733,6.108333,0.013479,0.462880,0.001512,0.886317,-238.696640,84.616875,87.295242
734,6.116667,0.013239,0.462838,0.001239,0.886343,-238.694046,84.618271,87.297615
735,6.125000,0.013374,0.462992,0.001465,0.886261,-238.695068,84.618408,87.298973
736,6.133333,0.013339,0.462833,0.001729,0.886344,-238.694763,84.616173,87.296097
737,6.141667,0.013302,0.462867,0.001319,0.886327,-238.698608,84.617920,87.299042
738,6.150000,0.013501,0.462888,0.001885,0.886312,-238.698837,84.615936,87.296272
739,6.158333,0.013337,0.462834,0.001693,0.886343,-238.700577,84.616478,87.296814
740,6.166667,0.013513,0.462852,0.001455,0.886332,-238.700607,84.614555,87.297623
741,6.175000,0.013509,0.462880,0.001630,0.886316,-238.701126,84.615936,87.298103
742,6.183333,0.013413,0.463026,0.001171,0.886243,-238.701630,84.618523,87.299873
743,6.191667,0.013198,0.462999,0.001144,0.886260,-238.697769,84.616432,87.298378
744,6.200000,0.013372,0.463053,0.001736,0.886228,-238.697952,84.618362,87.299156
745,6.208333,0.013186,0.462884,0.001516,0.886319,-238.695602,84.615654,87.298653
746,6.216667,0.013226,0.462882,0.001374,0.886320,-238.694931,84.617447,87.298676
747,6.225000,0.013253,0.462819,0.001501,0.886352,-238.695877,84.617935,87.300964
748,6.233333,0.013433,0.462899,0.001599,0.886308,-238.694077,84.616486,87.297516
749,6.241667,0.013274,0.462983,0.001123,0.886267,-238.694839,84.619781,87.300941
750,6.250000,0.013393,0.462923,0.001601,0.886296,-238.692505,84.617699,87.298454
751,6.258333,0.013418,0.462947,0.001700,0.886283,-238.693192,84.619606,87.298431
752,6.266667,0.013314,0.463008,0.001418,0.886253,-238.693542,84.619522,87.300644
753,6.275000,0.013348,0.462876,0.001510,0.886321,-238.693710,84.616539,87.297386
754,6.283333,0.013445,0.462959,0.001400,0.886277,-238.696915,84.619843,87.300446
755,6.291667,0.013576,0.462930,0.001391,0.886290,-238.697174,84.617241,87.299118
756,6.300000,0.013467,0.462971,0.001252,0.886270,-238.698822,84.616951,87.299995
757,6.308333,0.013543,0.463029,0.001386,0.886238,-238.700409,84.619316,87.299927
758,6.316667,0.013519,0.462904,0.001770,0.886304,-238.699585,84.615524,87.296066
759,6.325000,0.013314,0.462936,0.001216,0.886291,-238.700058,84.617043,87.300285
760,6.333333,0.013324,0.462954,0.001249,0.886281,-238.698120,84.616226,87.299217
761,6.341667,0.013404,0.462892,0.001512,0.886312,-238.698486,84.616707,87.301132
762,6.350000,0.013478,0.462969,0.001429,0.886271,-238.697266,84.616623,87.300400
763,6.358333,0.013665,0.462937,0.001502,0.886285,-238.695267,84.616707,87.298111
764,6.366667,0.013474,0.463025,0.001524,0.886242,-238.695877,84.618172,87.301239
765,6.375000,0.013507,0.462951,0.001546,0.886280,-238.693481,84.617249,87.298370
766,6.383333,0.013747,0.463073,0.001688,0.886212,-238.694138,84.617676,87.301521
767,6.391667,0.013467,0.462883,0.001580,0.886316,-238.694046,84.618286,87.299011
768,6.400000,0.013377,0.462970,0.001478,0.886272,-238.694305,84.616676,87.298515
769,6.408333,0.013525,0.462972,0.001505,0.886268,-238.694336,84.618088,87.299957
770,6.416667,0.013553,0.462942,0.001504,0.886283,-238.694580,84.616463,87.299309
771,6.425000,0.013504,0.462995,0.001578,0.886257,-238.696671,84.618126,87.300987
772,6.433333,0.013435,0.462952,0.001497,0.886280,-238.696472,84.617905,87.298737
773,6.441667,0.013523,0.463029,0.001673,0.886239,-238.697815,84.617767,87.298271
774,6.450000,0.013239,0.462951,0.001262,0.886284,-238.697525,84.617752,87.299225
775,6.458333,0.013398,0.462884,0.001111,0.886317,-238.697845,84.615913,87.297218
776,6.466667,0.013292,0.462985,0.001240,0.886266,-238.699310,84.618164,87.299294
777,6.475000,0.013512,0.462902,0.001562,0.886305,-238.698364,84.616402,87.298141
778,6.483333,0.013437,0.462933,0.001473,0.886290,-238.699158,84.618561,87.299873
779,6.491667,0.013361,0.462937,0.001330,0.886290,-238.698441,84.619324,87.298790
780,6.500000,0.013484,0.462910,0.001756,0.886301,-238.696884,84.616623,87.298012
781,6.508333,0.013147,0.462908,0.001166,0.886308,-238.695786,84.617516,87.298996
782,6.516667,0.013365,0.462936,0.001716,0.886289,-238.693878,84.614746,87.296776
783,6.525000,0.013396,0.462902,0.001660,0.886307,-238.694885,84.618202,87.299843
784,6.533333,0.013590,0.462932,0.001708,0.886288,-238.694092,84.617325,87.300201
785,6.541667,0.013405,0.462912,0.001334,0.886302,-238.694122,84.617554,87.300583
786,6.550000,0.013382,0.462939,0.001443,0.886288,-238.694382,84.619324,87.299088
787,6.558333,0.013279,0.462932,0.001203,0.886294,-238.693832,84.617416,87.299362
788,6.566667,0.013380,0.462925,0.001199,0.886296,-238.694519,84.618721,87.301689
789,6.575000,0.013391,0.462975,0.001604,0.886269,-238.694839,84.617317,87.298950
790,6.583333,0.013398,0.463002,0.001297,0.886255,-238.696167,84.618217,87.299713
791,6.591667,0.013377,0.463077,0.001311,0.886216,-238.697342,84.619278,87.300529
792,6.600000,0.013453,0.463086,0.001695,0.886210,-238.696320,84.615959,87.298378
793,6.608333,0.013260,0.462828,0.001279,0.886348,-238.697632,84.616760,87.299660
794,6.616667,0.013257,0.462860,0.001307,0.886332,-238.697739,84.615395,87.297714
795,6.625000,0.013296,0.462870,0.001313,0.886325,-238.698441,84.616966,87.299278
796,6.633333,0.013311,0.462867,0.001245,0.886327,-238.699036,84.617653,87.299995
797,6.641667,0.013211,0.462913,0.001441,0.886304,-238.697647,84.615326,87.299568
798,6.650000,0.013151,0.463008,0.001346,0.886256,-238.698318,84.619591,87.301376
799,6.658333,0.013454,0.462945,0.001807,0.886283,-238.696762,84.617355,87.298492
800,6.666667,0.013086,0.463087,0.001313,0.886215,-238.697052,84.618904,87.300430
801,6.675000,0.013284,0.462900,0.001672,0.886309,-238.694580,84.616707,87.299217
802,6.683333,0.013441,0.462802,0.001966,0.886358,-238.694336,84.615654,87.298546
803,6.691667,0.013477,0.462909,0.001719,0.886302,-238.695557,84.618271,87.300232
804,6.700000,0.013284,0.462942,0.001381,0.886288,-238.694794,84.617378,87.299919
805,6.708333,0.013344,0.462881,0.001408,0.886319,-238.695480,84.617844,87.300781
806,6.716667,0.013515,0.462902,0.001403,0.886305,-238.695862,84.617233,87.298271
807,6.725000,0.013317,0.462974,0.001383,0.886271,-238.696762,84.617218,87.299080
808,6.733333,0.013404,0.462887,0.001395,0.886315,-238.696930,84.617645,87.300179
809,6.741667,0.013378,0.463014,0.001384,0.886249,-238.695709,84.614525,87.297272
810,6.750000,0.013571,0.463104,0.001766,0.886198,-238.696747,84.615585,87.299225
811,6.758333,0.013399,0.462945,0.001569,0.886284,-238.697342,84.618286,87.297401
812,6.766667,0.013271,0.462915,0.001382,0.886302,-238.698715,84.619530,87.299431
813,6.775000,0.013511,0.462958,0.001726,0.886276,-238.699097,84.618309,87.300293
814,6.783333,0.013554,0.462929,0.001912,0.886290,-238.698196,84.617355,87.296982
815,6.791667,0.013427,0.462981,0.001386,0.886266,-238.698578,84.617867,87.300400
816,6.800000,0.013248,0.462863,0.001058,0.886330,-238.696579,84.616234,87.298080
817,6.808333,0.013390,0.463066,0.001413,0.886221,-238.696884,84.618851,87.299828
818,6.816667,0.013331,0.463017,0.001308,0.886248,-238.697342,84.618027,87.301384
819,6.825000,0.013400,0.463028,0.001258,0.886242,-238.696106,84.616005,87.299492
820,6.833333,0.013279,0.462995,0.001332,0.886260,-238.697388,84.619003,87.300911
821,6.841667,0.013729,0.462953,0.001869,0.886274,-238.695068,84.615700,87.297043
822,6.850000,0.013423,0.462902,0.001638,0.886306,-238.695618,84.617004,87.298920
823,6.858333,0.013287,0.462928,0.001320,0.886295,-238.694885,84.616531,87.298866
824,6.866667,0.013201,0.462935,0.001426,0.886293,-238.695984,84.617378,87.299156
825,6.875000,0.013439,0.463041,0.001579,0.886233,-238.696671,84.618530,87.300598
826,6.883333,0.013773,0.462976,0.001785,0.886262,-238.695984,84.616890,87.298080
827,6.891667,0.013424,0.463002,0.001302,0.886255,-238.698700,84.619759,87.301651
828,6.900000,0.013341,0.462994,0.001159,0.886260,-238.697723,84.618057,87.299576
829,6.908333,0.013191,0.463021,0.001130,0.886249,-238.698395,84.617981,87.300934
830,6.916667,0.013462,0.462987,0.001288,0.886262,-238.697983,84.617783,87.298576
831,6.925000,0.013577,0.462911,0.001621,0.886300,-238.697525,84.616974,87.298767
832,6.933333,0.013406,0.462891,0.001275,0.886313,-238.698242,84.616150,87.298668
833,6.941667,0.013295,0.462942,0.001410,0.886288,-238.698318,84.616951,87.299782
834,6.950000,0.013349,0.463037,0.001433,0.886237,-238.697769,84.616455,87.300667
835,6.958333,0.013372,0.463047,0.001491,0.886232,-238.696640,84.616104,87.301094
836,6.966667,0.013409,0.462982,0.001452,0.886265,-238.695663,84.615036,87.299782
837,6.975000,0.013305,0.463044,0.001436,0.886234,-238.696793,84.618645,87.301979
838,6.983333,0.013500,0.462999,0.001567,0.886254,-238.693878,84.616211,87.298820
839,6.991667,0.013490,0.462995,0.001554,0.886257,-238.695145,84.618637,87.300995
840,7.000000,0.013673,0.463025,0.001410,0.886239,-238.694519,84.619614,87.300453
841,7.008333,0.013560,0.463035,0.001462,0.886235,-238.695068,84.619347,87.300980
842,7.016667,0.013584,0.463052,0.001452,0.886226,-238.695877,84.619774,87.301727
843,7.025000,0.013530,0.462999,0.001738,0.886254,-238.695312,84.617348,87.298836
844,7.033333,0.013382,0.462936,0.001523,0.886289,-238.696198,84.617783,87.300423
845,7.041667,0.013779,0.463002,0.001813,0.886249,-238.695557,84.616257,87.300102
846,7.050000,0.013735,0.462988,0.001782,0.886257,-238.695496,84.616783,87.301048
847,7.058333,0.013549,0.463065,0.001592,0.886219,-238.695831,84.618500,87.300758
848,7.066667,0.013470,0.463008,0.001530,0.886250,-238.694504,84.617432,87.298767
849,7.075000,0.013434,0.462988,0.001375,0.886262,-238.694794,84.618286,87.302345
850,7.083333,0.013659,0.462966,0.001505,0.886270,-238.693649,84.618111,87.299553
851,7.091667,0.013629,0.462969,0.001419,0.886269,-238.694077,84.618584,87.301170
852,7.100000,0.013863,0.463028,0.001586,0.886234,-238.694412,84.619316,87.302345
853,7.108333,0.013660,0.462877,0.001505,0.886316,-238.692184,84.617332,87.299072
854,7.116667,0.013361,0.462995,0.001408,0.886259,-238.693909,84.620560,87.303009
855,7.125000,0.013394,0.462970,0.001562,0.886271,-238.691284,84.618179,87.297913
856,7.133333,0.013510,0.462984,0.001441,0.886263,-238.692093,84.618828,87.299454
857,7.141667,0.013966,0.462999,0.001739,0.886247,-238.693451,84.617317,87.298241
858,7.150000,0.014751,0.463295,0.001784,0.886080,-238.689331,84.622345,87.311867
859,7.158333,0.015195,0.463261,0.001641,0.886090,-238.687927,84.630348,87.317726
860,7.166667,0.015183,0.463294,0.001847,0.886073,-238.686493,84.627922,87.315392
861,7.175000,0.015123,0.463325,0.001661,0.886058,-238.689972,84.629723,87.320091
862,7.183333,0.015017,0.463311,0.001636,0.886067,-238.691452,84.626617,87.317314
863,7.191667,0.014991,0.463267,0.001696,0.886090,-238.693878,84.627190,87.319092
864,7.200000,0.014885,0.463321,0.001668,0.886064,-238.695190,84.627708,87.319695
865,7.208333,0.014843,0.463374,0.001821,0.886036,-238.695389,84.626572,87.318459
866,7.216667,0.015022,0.463384,0.001667,0.886029,-238.696838,84.626595,87.321495
867,7.225000,0.014960,0.463318,0.001992,0.886064,-238.696915,84.623901,87.319199
868,7.233333,0.015017,0.463316,0.002211,0.886063,-238.696960,84.624611,87.316925
869,7.241667,0.014879,0.463342,0.002165,0.886052,-238.696930,84.626717,87.317543
870,7.250000,0.014944,0.463445,0.001807,0.885998,-238.696075,84.625206,87.318901
871,7.258333,0.014726,0.463301,0.001320,0.886078,-238.696198,84.626541,87.318268
872,7.266667,0.014753,0.463272,0.001855,0.886091,-238.693314,84.624550,87.315514
873,7.275000,0.015185,0.463428,0.001782,0.886002,-238.693405,84.627373,87.317535
874,7.283333,0.015013,0.463414,0.001752,0.886013,-238.692520,84.626526,87.316345
875,7.291667,0.015004,0.463338,0.001809,0.886053,-238.692337,84.626511,87.315140
876,7.300000,0.015005,0.463183,0.001741,0.886134,-238.692657,84.626541,87.316109
877,7.308333,0.014980,0.463209,0.001627,0.886121,-238.691757,84.625084,87.314507
878,7.316667,0.015172,0.463354,0.002001,0.886041,-238.694580,84.626297,87.318504
879,7.325000,0.015147,0.463405,0.002019,0.886015,-238.695099,84.625954,87.316772
880,7.333333,0.015087,0.463351,0.001675,0.886045,-238.695938,84.625015,87.316933
881,7.341667,0.014840,0.463451,0.001582,0.885997,-238.697144,84.628075,87.318329
882,7.350000,0.014997,0.463434,0.001700,0.886003,-238.696243,84.626488,87.316780
883,7.358333,0.014896,0.463344,0.001598,0.886052,-238.698120,84.627548,87.319199
884,7.366667,0.014972,0.463227,0.001755,0.886112,-238.697952,84.625282,87.315437
885,7.375000,0.015217,0.463376,0.001982,0.886029,-238.698883,84.625443,87.318161
886,7.383333,0.014695,0.463359,0.001461,0.886048,-238.699310,84.627792,87.317451
887,7.391667,0.014824,0.463327,0.001409,0.886062,-238.696808,84.624146,87.315422
888,7.400000,0.014730,0.463326,0.001447,0.886064,-238.698822,84.626419,87.318489
889,7.408333,0.014881,0.463417,0.001854,0.886013,-238.697403,84.624405,87.313301
890,7.416667,0.014951,0.463414,0.001644,0.886014,-238.697571,84.626823,87.314941
891,7.425000,0.014763,0.463300,0.001460,0.886077,-238.695877,84.625816,87.314285
892,7.433333,0.015050,0.463215,0.001761,0.886116,-238.693878,84.626320,87.311867
893,7.441667,0.014954,0.463220,0.001377,0.886116,-238.693832,84.625771,87.316551
894,7.450000,0.015023,0.463344,0.001774,0.886049,-238.693695,84.626785,87.313103
895,7.458333,0.014769,0.463262,0.001627,0.886097,-238.694000,84.626045,87.313721
896,7.466667,0.014893,0.463332,0.001732,0.886058,-238.695068,84.626450,87.314415
897,7.475000,0.014802,0.463303,0.001389,0.886075,-238.695312,84.626099,87.314468
898,7.483333,0.015140,0.463510,0.001567,0.885961,-238.697220,84.627914,87.317253
899,7.491667,0.014777,0.463395,0.001491,0.886028,-238.697937,84.625153,87.316391
900,7.500000,0.014832,0.463310,0.001527,0.886071,-238.699463,84.625229,87.317665
901,7.508333,0.014742,0.463323,0.001513,0.886066,-238.699860,84.624718,87.316284
902,7.516667,0.015025,0.463303,0.001526,0.886071,-238.700684,84.625641,87.315521
903,7.525000,0.014830,0.463270,0.001602,0.886092,-238.701965,84.626923,87.316864
904,7.533333,0.014754,0.463296,0.001601,0.886079,-238.701874,84.625694,87.314529
905,7.541667,0.014929,0.463413,0.001587,0.886015,-238.702637,84.626289,87.316147
906,7.550000,0.015033,0.463334,0.001821,0.886054,-238.701752,84.624741,87.312187
907,7.558333,0.015016,0.463290,0.001630,0.886078,-238.702042,84.626595,87.311882
908,7.566667,0.015074,0.463304,0.001852,0.886069,-238.701370,84.627388,87.311798
909,7.575000,0.014971,0.463356,0.001682,0.886044,-238.700058,84.627625,87.311035
910,7.583333,0.014823,0.463375,0.001480,0.886037,-238.699509,84.626030,87.314331
911,7.591667,0.014915,0.463318,0.001635,0.886065,-238.699585,84.625397,87.309738
912,7.600000,0.015011,0.463359,0.001680,0.886042,-238.699966,84.625206,87.311325
913,7.608333,0.014729,0.463353,0.001359,0.886050,-238.700058,84.624748,87.312653
914,7.616667,0.014548,0.463332,0.001544,0.886064,-238.699966,84.622948,87.311905
915,7.625000,0.015064,0.463388,0.001362,0.886026,-238.701706,84.626480,87.315300
916,7.633333,0.014961,0.463382,0.001568,0.886031,-238.701721,84.625641,87.312927
917,7.641667,0.014867,0.463333,0.001638,0.886058,-238.702972,84.627899,87.315498
918,7.650000,0.015174,0.463434,0.002074,0.885999,-238.702057,84.624634,87.314140
919,7.658333,0.015119,0.463265,0.001591,0.886090,-238.702576,84.623093,87.314117
920,7.666667,0.014966,0.463344,0.001486,0.886051,-238.704819,84.626648,87.317238
921,7.675000,0.014880,0.463377,0.001513,0.886035,-238.704041,84.624771,87.313393
922,7.683333,0.014671,0.463382,0.001532,0.886036,-238.705948,84.626923,87.315788
923,7.691667,0.014968,0.463440,0.001537,0.886000,-238.705109,84.626320,87.314003
924,7.700000,0.014726,0.463378,0.001341,0.886037,-238.704758,84.625458,87.313919
925,7.708333,0.014998,0.463371,0.001391,0.886037,-238.704559,84.627602,87.313522
926,7.716667,0.014910,0.463294,0.001588,0.886078,-238.703873,84.626541,87.311729
927,7.725000,0.014806,0.463361,0.001435,0.886045,-238.703735,84.627708,87.313980
928,7.733333,0.014695,0.463334,0.001447,0.886061,-238.702530,84.626472,87.312935
929,7.741667,0.014939,0.463380,0.001748,0.886032,-238.702301,84.624626,87.313965
930,7.750000,0.014912,0.463237,0.001746,0.886107,-238.702255,84.624931,87.312714
931,7.758333,0.015002,0.463245,0.001539,0.886102,-238.701111,84.626358,87.312988
932,7.766667,0.015017,0.463182,0.001986,0.886134,-238.701416,84.625694,87.315178
933,7.775000,0.015074,0.463212,0.001638,0.886118,-238.701385,84.626587,87.313065
934,7.783333,0.014989,0.463404,0.001266,0.886019,-238.702576,84.627068,87.317863
935,7.791667,0.014934,0.463349,0.001331,0.886049,-238.702637,84.625420,87.317535
936,7.800000,0.014882,0.463389,0.001449,0.886029,-238.703491,84.626266,87.318459
937,7.808333,0.014811,0.463379,0.001430,0.886035,-238.703735,84.626656,87.318176
938,7.816667,0.014662,0.463238,0.001578,0.886111,-238.702576,84.623810,87.316307
939,7.825000,0.015021,0.463275,0.001594,0.886086,-238.703293,84.627731,87.318573
940,7.833333,0.015054,0.463251,0.001629,0.886098,-238.702316,84.627075,87.315834
941,7.841667,0.015002,0.463299,0.001546,0.886074,-238.701965,84.626678,87.317604
942,7.850000,0.015181,0.463337,0.001684,0.886051,-238.702896,84.627518,87.318848
943,7.858333,0.014813,0.463317,0.001509,0.886068,-238.701721,84.624352,87.314384
944,7.866667,0.014909,0.463323,0.001552,0.886063,-238.702087,84.624420,87.317810
945,7.875000,0.015033,0.463219,0.001878,0.886114,-238.701599,84.625000,87.314011
946,7.883333,0.014970,0.463389,0.001678,0.886027,-238.702133,84.626808,87.318352
947,7.891667,0.014687,0.463268,0.001477,0.886095,-238.701584,84.625565,87.315422
948,7.900000,0.014700,0.463173,0.001410,0.886145,-238.701218,84.627007,87.315712
949,7.908333,0.015011,0.463294,0.001406,0.886076,-238.700775,84.627541,87.318214
950,7.916667,0.014963,0.463244,0.001582,0.886103,-238.699692,84.625366,87.315384
951,7.925000,0.015002,0.463182,0.001636,0.886135,-238.700439,84.625114,87.318947
952,7.933333,0.015127,0.463167,0.001737,0.886140,-238.700104,84.625259,87.317261
953,7.941667,0.015115,0.463176,0.001906,0.886135,-238.700348,84.625648,87.318024
954,7.950000,0.014900,0.463345,0.001765,0.886051,-238.701508,84.626869,87.318871
955,7.958333,0.014947,0.463252,0.001738,0.886099,-238.700195,84.625816,87.315933
956,7.966667,0.015071,0.463272,0.001611,0.886087,-238.701202,84.626579,87.317886
957,7.975000,0.014821,0.463224,0.001781,0.886115,-238.700989,84.626213,87.316185
958,7.983333,0.014945,0.463230,0.001582,0.886111,-238.700317,84.627411,87.316338
959,7.991667,0.014951,0.463179,0.001574,0.886137,-238.701248,84.628746,87.318459
960,8.000000,0.014927,0.463289,0.001674,0.886080,-238.700745,84.626205,87.316833
961,8.008333,0.015054,0.463350,0.001641,0.886046,-238.702011,84.626419,87.318459
962,8.016667,0.014803,0.463218,0.001470,0.886119,-238.701050,84.625381,87.315468
963,8.025000,0.014921,0.463195,0.001739,0.886129,-238.701340,84.625908,87.318077
964,8.033333,0.014930,0.463338,0.001570,0.886054,-238.700653,84.625565,87.317688
965,8.041667,0.014905,0.463291,0.001451,0.886080,-238.699371,84.626534,87.315796
966,8.050000,0.015087,0.463249,0.001611,0.886098,-238.699341,84.628342,87.318710
967,8.058333,0.014885,0.463309,0.001752,0.886070,-238.698059,84.626137,87.315681
968,8.066667,0.014864,0.463238,0.001853,0.886107,-238.698883,84.624588,87.318214
969,8.075000,0.015078,0.463363,0.001524,0.886039,-238.700180,84.627457,87.317841
970,8.083333,0.014767,0.463253,0.001536,0.886102,-238.699982,84.625359,87.317429
971,8.091667,0.015215,0.463476,0.001785,0.885977,-238.701126,84.627441,87.320625
972,8.100000,0.014936,0.463347,0.001733,0.886050,-238.700684,84.626472,87.316643
973,8.108333,0.015053,0.463320,0.001700,0.886061,-238.700516,84.628220,87.317696
