Format Version,1.25,Take Name,Take 2025-11-27 02.32.12 PM,Take Notes,,Capture Frame Rate,120.000000,Export Frame Rate,120.000000,Capture Start Time,2025-11-27 02.32.12.557 PM,Capture Start Frame,1502475,Total Frames in Take,1149,Total Exported Frames,1149,Rotation Type,Quaternion,Length Units,Centimeters,Coordinate Space,Global

,Type,Rigid Body,Rigid Body,Rigid Body,Rigid Body,Rigid Body,Rigid Body,Rigid Body
,Name,SEE_medium,SEE_medium,SEE_medium,SEE_medium,SEE_medium,SEE_medium,SEE_medium
,ID,99D1A06ACB9411F031C44B617C101E92,99D1A06ACB9411F031C44B617C101E92,99D1A06ACB9411F031C44B617C101E92,99D1A06ACB9411F031C44B617C101E92,99D1A06ACB9411F031C44B617C101E92,99D1A06ACB9411F031C44B617C101E92,99D1A06ACB9411F031C44B617C101E92
,Parent,,,,,,,
,,Rotation,Rotation,Rotation,Rotation,Position,Position,Position
Frame,Time (Seconds),X,Y,Z,W,X,Y,Z
0,0.000000,0.003767,0.014956,-0.005425,0.999866,-215.555878,90.111015,84.336441
1,0.008333,0.003744,0.015372,-0.004942,0.999863,-215.563110,90.111267,84.338486
2,0.016667,0.003928,0.016305,-0.004871,0.999848,-215.566422,90.109528,84.337944
3,0.025000,0.004220,0.018058,-0.005002,0.999816,-215.563614,90.109619,84.335175
4,0.033333,0.003952,0.019350,-0.004823,0.999793,-215.561935,90.112549,84.330956
5,0.041667,0.003506,0.020165,-0.004619,0.999780,-215.564697,90.118134,84.329979
6,0.050000,0.003580,0.020987,-0.004281,0.999764,-215.566467,90.116936,84.330009
7,0.058333,0.003888,0.021826,-0.004064,0.999746,-215.569901,90.116478,84.333282
8,0.066667,0.004034,0.022379,-0.003892,0.999734,-215.574768,90.117554,84.335670
9,0.075000,0.004246,0.022977,-0.003623,0.999721,-215.579559,90.117638,84.337807
10,0.083333,0.004377,0.022960,-0.003065,0.999722,-215.584915,90.119041,84.339188
11,0.091667,0.004474,0.022866,-0.002993,0.999724,-215.591934,90.119522,84.337791
12,0.100000,0.004532,0.022763,-0.002819,0.999727,-215.599915,90.118408,84.335800
13,0.108333,0.004504,0.022629,-0.002304,0.999731,-215.611237,90.119774,84.333992
14,0.116667,0.004431,0.022562,-0.001992,0.999734,-215.622452,90.120659,84.331604
15,0.125000,0.004355,0.022438,-0.001580,0.999738,-215.635178,90.120880,84.330200
16,0.133333,0.004325,0.022290,-0.001141,0.999742,-215.646408,90.120987,84.327507
17,0.141667,0.004284,0.022154,-0.000923,0.999745,-215.657455,90.122101,84.324409
18,0.150000,0.004216,0.022116,-0.000530,0.999746,-215.664490,90.121391,84.319984
19,0.158333,0.003991,0.022041,-0.000290,0.999749,-215.672165,90.122925,84.318710
20,0.166667,0.003800,0.022059,-0.000011,0.999749,-215.679504,90.124771,84.317017
21,0.175000,0.003669,0.022061,0.000074,0.999750,-215.686584,90.125542,84.313568
22,0.183333,0.003529,0.021908,0.000376,0.999754,-215.694687,90.126785,84.310799
23,0.191667,0.003500,0.021913,0.000616,0.999754,-215.703613,90.127899,84.308403
24,0.200000,0.003352,0.021847,0.000859,0.999755,-215.713547,90.128372,84.305664
25,0.208333,0.003332,0.021833,0.000996,0.999756,-215.725571,90.129738,84.301201
26,0.216667,0.003280,0.021794,0.001249,0.999756,-215.736725,90.128723,84.295097
27,0.225000,0.003320,0.021723,0.001421,0.999758,-215.749023,90.130196,84.295723
28,0.233333,0.002201,0.021302,0.002178,0.999768,-215.765076,90.137085,84.291748
29,0.241667,0.001826,0.021256,0.002625,0.999769,-215.779999,90.140076,84.287407
30,0.250000,0.001606,0.021376,0.002824,0.999766,-215.791245,90.140030,84.283020
31,0.258333,0.001393,0.021493,0.003256,0.999763,-215.802383,90.139915,84.277908
32,0.266667,0.001315,0.021619,0.003687,0.999759,-215.811661,90.141205,84.276749
33,0.275000,0.001164,0.021746,0.003835,0.999756,-215.820099,90.142929,84.276733
34,0.283333,0.000987,0.021794,0.004351,0.999753,-215.826324,90.144096,84.278282
35,0.291667,0.000861,0.021857,0.004652,0.999750,-215.832596,90.146957,84.278259
36,0.300000,0.000631,0.021883,0.004850,0.999749,-215.840149,90.150223,84.279480
37,0.308333,0.000408,0.021956,0.005109,0.999746,-215.846512,90.151146,84.280441
38,0.316667,0.000197,0.022067,0.005481,0.999741,-215.855911,90.153427,84.280136
39,0.325000,0.000074,0.022274,0.005889,0.999735,-215.864975,90.154724,84.279518
40,0.333333,0.000142,0.022386,0.006148,0.999731,-215.870026,90.155418,84.279640
41,0.341667,0.000229,0.022396,0.006234,0.999730,-215.872910,90.155792,84.280083
42,0.350000,0.000303,0.022364,0.006148,0.999731,-215.872330,90.154175,84.280144
43,0.358333,0.000404,0.022336,0.005997,0.999732,-215.871307,90.154854,84.279182
44,0.366667,0.000477,0.022399,0.006042,0.999731,-215.870209,90.154144,84.281830
45,0.375000,0.000489,0.022422,0.006026,0.999730,-215.870041,90.153870,84.281456
46,0.383333,0.000528,0.022420,0.005951,0.999731,-215.870041,90.154053,84.280838
47,0.391667,0.000488,0.022345,0.006072,0.999732,-215.870239,90.154694,84.281418
48,0.400000,0.000480,0.022348,0.006081,0.999732,-215.871902,90.155106,84.280319
49,0.408333,-0.000161,0.022674,0.007152,0.999717,-215.870712,90.148560,84.284828
50,0.416667,-0.000069,0.022655,0.006690,0.999721,-215.872711,90.151161,84.282127
51,0.425000,0.000096,0.022570,0.006263,0.999726,-215.871460,90.153763,84.280853
52,0.433333,0.000204,0.022480,0.005949,0.999730,-215.870712,90.155479,84.278961
53,0.441667,0.000102,0.022491,0.006084,0.999729,-215.871643,90.155624,84.279472
54,0.450000,0.000243,0.022598,0.006057,0.999726,-215.870316,90.156189,84.280724
55,0.458333,0.000172,0.022596,0.006220,0.999725,-215.874954,90.156479,84.280899
56,0.466667,-0.000259,0.022818,0.007478,0.999712,-215.876694,90.151001,84.285446
57,0.475000,0.000282,0.022827,0.007002,0.999715,-215.879944,90.155380,84.284439
58,0.483333,0.000383,0.022673,0.006824,0.999720,-215.884323,90.157272,84.282524
59,0.491667,0.000553,0.022658,0.006576,0.999722,-215.885757,90.156952,84.283051
60,0.500000,0.000428,0.022685,0.006612,0.999721,-215.889053,90.155037,84.282768
61,0.508333,0.000476,0.022735,0.006680,0.999719,-215.891296,90.154701,84.284348
62,0.516667,-0.000047,0.022998,0.007749,0.999705,-215.892609,90.147873,84.287796
63,0.525000,-0.000184,0.023147,0.008045,0.999700,-215.898468,90.148811,84.289406
64,0.533333,-0.000063,0.023191,0.008156,0.999698,-215.899628,90.149170,84.289146
65,0.541667,0.000431,0.023037,0.007366,0.999707,-215.901001,90.154297,84.285645
66,0.550000,0.000012,0.023183,0.008125,0.999698,-215.899734,90.148804,84.288734
67,0.558333,0.000293,0.023117,0.007614,0.999704,-215.901596,90.152237,84.286880
68,0.566667,0.000531,0.022999,0.007119,0.999710,-215.900970,90.154709,84.285179
69,0.575000,-0.000118,0.023145,0.008046,0.999700,-215.899841,90.148758,84.287987
70,0.583333,-0.000293,0.023193,0.008384,0.999696,-215.900772,90.147636,84.288803
71,0.591667,-0.000232,0.023263,0.008366,0.999694,-215.901062,90.147522,84.289673
72,0.600000,-0.000136,0.023222,0.008390,0.999695,-215.900040,90.148041,84.287926
73,0.608333,0.000436,0.023076,0.007338,0.999707,-215.901352,90.153786,84.284744
74,0.616667,0.000513,0.022928,0.007143,0.999712,-215.902069,90.155220,84.283371
75,0.625000,0.000007,0.023141,0.008073,0.999700,-215.901184,90.149864,84.287903
76,0.633333,0.000004,0.023188,0.008240,0.999697,-215.900711,90.147972,84.289261
77,0.641667,0.000476,0.023091,0.007366,0.999706,-215.901260,90.154015,84.286949
78,0.650000,0.000065,0.023176,0.007988,0.999699,-215.900879,90.150032,84.289322
79,0.658333,0.000392,0.023120,0.007446,0.999705,-215.901596,90.152321,84.286705
80,0.666667,0.000109,0.023183,0.008007,0.999699,-215.899780,90.149208,84.288986
81,0.675000,-0.000026,0.023128,0.008184,0.999699,-215.899796,90.148941,84.289055
82,0.683333,-0.000114,0.023137,0.008310,0.999698,-215.899948,90.148041,84.288826
83,0.691667,-0.000126,0.023235,0.008114,0.999697,-215.900375,90.148705,84.289238
84,0.700000,0.000313,0.023096,0.007390,0.999706,-215.901260,90.154640,84.286270
85,0.708333,-0.000019,0.023210,0.008174,0.999697,-215.899155,90.150436,84.288948
86,0.716667,0.000259,0.023124,0.007573,0.999704,-215.900803,90.153976,84.286995
87,0.725000,0.000329,0.022998,0.007203,0.999710,-215.901093,90.155136,84.285393
88,0.733333,-0.000100,0.023112,0.007983,0.999701,-215.899307,90.150185,84.288200
89,0.741667,0.000215,0.023145,0.007435,0.999705,-215.900330,90.153831,84.285637
90,0.750000,-0.000076,0.023243,0.007955,0.999698,-215.900497,90.150848,84.287933
91,0.758333,-0.000178,0.023160,0.008186,0.999698,-215.900497,90.148911,84.287796
92,0.766667,-0.000137,0.023250,0.008190,0.999696,-215.900009,90.147354,84.287552
93,0.775000,0.000338,0.023020,0.007305,0.999708,-215.901230,90.153069,84.285339
94,0.783333,-0.000057,0.023129,0.008015,0.999700,-215.900681,90.149010,84.286514
95,0.791667,-0.000178,0.023252,0.008268,0.999695,-215.901688,90.147293,84.288933
96,0.800000,0.000400,0.023071,0.007385,0.999707,-215.902115,90.151909,84.285858
97,0.808333,-0.000001,0.023147,0.007975,0.999700,-215.900238,90.146652,84.286949
98,0.816667,-0.000094,0.023234,0.008172,0.999697,-215.901016,90.146393,84.287766
99,0.825000,-0.000041,0.023175,0.008275,0.999697,-215.900803,90.147133,84.287315
100,0.833333,0.000508,0.023065,0.007328,0.999707,-215.901825,90.153236,84.286102
101,0.841667,0.000679,0.022908,0.006882,0.999714,-215.900177,90.155579,84.283760
102,0.850000,-0.000023,0.023161,0.007950,0.999700,-215.899750,90.147995,84.288612
103,0.858333,-0.000099,0.023205,0.008211,0.999697,-215.900299,90.147118,84.289307
104,0.866667,-0.000081,0.023168,0.008303,0.999697,-215.899658,90.146736,84.289452
105,0.875000,-0.000013,0.023144,0.008247,0.999698,-215.898819,90.147545,84.290024
106,0.883333,0.000330,0.023074,0.007500,0.999706,-215.901108,90.153709,84.286537
107,0.891667,-0.000072,0.023174,0.008131,0.999698,-215.900116,90.150627,84.288940
108,0.900000,-0.000191,0.023183,0.008268,0.999697,-215.899948,90.148811,84.288521
109,0.908333,-0.000175,0.023174,0.008102,0.999699,-215.899704,90.148048,84.287819
110,0.916667,-0.000107,0.023200,0.008028,0.999699,-215.900375,90.148750,84.288300
111,0.925000,0.000253,0.023101,0.007307,0.999706,-215.902573,90.153427,84.285316
112,0.933333,0.000070,0.023248,0.007981,0.999698,-215.901901,90.149933,84.288177
113,0.941667,0.000405,0.023109,0.007360,0.999706,-215.902756,90.153526,84.286057
114,0.950000,0.000017,0.023194,0.007931,0.999700,-215.902039,90.150192,84.288231
115,0.958333,0.000244,0.023121,0.007296,0.999706,-215.903809,90.152832,84.285645
116,0.966667,-0.000068,0.023173,0.007897,0.999700,-215.902420,90.148613,84.287292
117,0.975000,-0.000122,0.023176,0.008057,0.999699,-215.901947,90.146873,84.287697
118,0.983333,-0.000177,0.023187,0.008068,0.999699,-215.902069,90.146751,84.287544
119,0.991667,-0.000230,0.023195,0.008074,0.999698,-215.901993,90.147728,84.289360
120,1.000000,-0.000168,0.023265,0.007945,0.999698,-215.901306,90.148148,84.288910
121,1.008333,0.000245,0.023051,0.007103,0.999709,-215.900681,90.152351,84.285774
122,1.016667,-0.000147,0.023141,0.007900,0.999701,-215.899582,90.147964,84.289139
123,1.025000,0.000309,0.023091,0.007391,0.999706,-215.901535,90.152725,84.287514
124,1.033333,-0.000057,0.023144,0.008198,0.999699,-215.899033,90.147293,84.290077
125,1.041667,0.000416,0.023063,0.007241,0.999708,-215.900085,90.152885,84.287994
126,1.050000,0.000489,0.022922,0.006922,0.999713,-215.900131,90.154213,84.285744
127,1.058333,-0.000008,0.023130,0.007873,0.999702,-215.899109,90.148079,84.289848
128,1.066667,-0.000143,0.023140,0.008132,0.999699,-215.899109,90.146820,84.289452
129,1.075000,-0.000165,0.023191,0.008001,0.999699,-215.899750,90.147888,84.289673
130,1.083333,-0.000108,0.023178,0.008061,0.999699,-215.899841,90.148537,84.287941
131,1.091667,-0.000176,0.023210,0.008126,0.999698,-215.900452,90.148018,84.288200
132,1.100000,-0.000154,0.023196,0.008074,0.999698,-215.900284,90.147957,84.287766
133,1.108333,-0.000166,0.023214,0.008039,0.999698,-215.900330,90.148506,84.287048
134,1.116667,-0.000210,0.023287,0.008014,0.999697,-215.901306,90.148102,84.286888
135,1.125000,0.000196,0.023159,0.007269,0.999705,-215.902237,90.153145,84.284340
136,1.133333,-0.000093,0.023270,0.007942,0.999698,-215.901062,90.148705,84.287239
137,1.141667,-0.000138,0.023220,0.008069,0.999698,-215.901352,90.148216,84.287270
138,1.150000,-0.000198,0.023187,0.008118,0.999698,-215.901489,90.148094,84.286942
139,1.158333,-0.000328,0.023257,0.008094,0.999697,-215.901855,90.147652,84.287506
140,1.166667,0.000176,0.023099,0.007172,0.999708,-215.902374,90.153328,84.284447
141,1.175000,-0.000090,0.023176,0.007777,0.999701,-215.900757,90.149345,84.287788
142,1.183333,-0.000154,0.023180,0.008145,0.999698,-215.900284,90.147247,84.287155
143,1.191667,-0.000146,0.023196,0.008148,0.999698,-215.900925,90.147034,84.287964
144,1.200000,-0.000097,0.023185,0.008103,0.999698,-215.900604,90.147331,84.288055
145,1.208333,0.000307,0.023076,0.007288,0.999707,-215.901138,90.151886,84.284950
146,1.216667,0.000444,0.022981,0.006835,0.999713,-215.901474,90.153954,84.283852
147,1.225000,-0.000136,0.023159,0.007953,0.999700,-215.900940,90.147598,84.287773
148,1.233333,-0.000224,0.023214,0.008158,0.999697,-215.900726,90.146187,84.287987
149,1.241667,-0.000245,0.023226,0.008096,0.999697,-215.900009,90.146484,84.288094
150,1.250000,0.000198,0.023089,0.007339,0.999707,-215.901260,90.151886,84.284004
151,1.258333,-0.000166,0.023259,0.008018,0.999697,-215.901352,90.148605,84.287704
152,1.266667,0.000168,0.023140,0.007408,0.999705,-215.902252,90.152412,84.285034
153,1.275000,-0.000149,0.023203,0.008057,0.999698,-215.900467,90.148575,84.287140
154,1.283333,-0.000343,0.023221,0.008220,0.999696,-215.900589,90.147156,84.287338
155,1.291667,-0.000352,0.023285,0.008170,0.999695,-215.900558,90.146301,84.287300
156,1.300000,-0.000271,0.023321,0.008028,0.999696,-215.901489,90.147766,84.287636
157,1.308333,0.000102,0.023137,0.007284,0.999706,-215.900681,90.151436,84.284508
158,1.316667,-0.000155,0.023165,0.008056,0.999699,-215.900558,90.147110,84.287605
159,1.325000,-0.000206,0.023175,0.008349,0.999697,-215.901428,90.146675,84.288635
160,1.333333,-0.000248,0.023153,0.008337,0.999697,-215.901321,90.146996,84.288559
161,1.341667,0.000292,0.023080,0.007300,0.999707,-215.901352,90.152061,84.285973
162,1.350000,-0.000116,0.023171,0.007964,0.999700,-215.900848,90.148209,84.286690
163,1.358333,-0.000233,0.023234,0.008211,0.999696,-215.901901,90.147652,84.287666
164,1.366667,-0.000211,0.023194,0.008120,0.999698,-215.901871,90.148254,84.287186
165,1.375000,-0.000234,0.023226,0.008144,0.999697,-215.902023,90.148354,84.286102
166,1.383333,-0.000211,0.023271,0.008098,0.999696,-215.902161,90.148247,84.286354
167,1.391667,0.000162,0.023132,0.007335,0.999705,-215.904114,90.152809,84.282654
168,1.400000,-0.000172,0.023264,0.008069,0.999697,-215.902252,90.147415,84.285370
169,1.408333,0.000254,0.023180,0.007281,0.999705,-215.903900,90.151436,84.283379
170,1.416667,-0.000078,0.023208,0.007986,0.999699,-215.902420,90.147995,84.285820
171,1.425000,-0.000114,0.023241,0.008123,0.999697,-215.903061,90.147659,84.286224
172,1.433333,-0.000047,0.023223,0.008152,0.999697,-215.902206,90.147202,84.285789
173,1.441667,-0.000062,0.023197,0.008168,0.999698,-215.901855,90.146454,84.286369
174,1.450000,0.000336,0.023042,0.007332,0.999708,-215.903015,90.152252,84.283623
175,1.458333,0.000022,0.023170,0.008018,0.999699,-215.900681,90.147659,84.286568
176,1.466667,-0.000164,0.023198,0.008129,0.999698,-215.900452,90.147568,84.286179
177,1.475000,0.000291,0.023053,0.007237,0.999708,-215.901535,90.152267,84.283615
178,1.483333,-0.000096,0.023144,0.007868,0.999701,-215.900177,90.147903,84.286377
179,1.491667,-0.000200,0.023181,0.007933,0.999700,-215.900177,90.146492,84.285828
180,1.500000,-0.000157,0.023242,0.007811,0.999699,-215.900299,90.146988,84.287773
181,1.508333,0.000361,0.023058,0.007234,0.999708,-215.901596,90.151993,84.284187
182,1.516667,0.000002,0.023203,0.007955,0.999699,-215.900421,90.147507,84.287033
183,1.525000,0.000317,0.023131,0.007193,0.999707,-215.902283,90.152184,84.285233
184,1.533333,-0.000146,0.023220,0.007811,0.999700,-215.900879,90.148071,84.285843
185,1.541667,-0.000202,0.023191,0.007897,0.999700,-215.900421,90.147461,84.287369
186,1.550000,0.000262,0.023067,0.007120,0.999709,-215.901108,90.152267,84.283485
187,1.558333,-0.000142,0.023167,0.007833,0.999701,-215.900009,90.148018,84.285728
188,1.566667,-0.000230,0.023225,0.008047,0.999698,-215.900162,90.145935,84.285477
189,1.575000,-0.000306,0.023201,0.008117,0.999698,-215.899826,90.145630,84.285141
190,1.583333,-0.000260,0.023272,0.008100,0.999696,-215.899872,90.146759,84.285995
191,1.591667,0.000084,0.023124,0.007283,0.999706,-215.900513,90.151749,84.282555
192,1.600000,-0.000260,0.023192,0.007909,0.999700,-215.899521,90.148010,84.284645
193,1.608333,-0.000300,0.023278,0.008025,0.999697,-215.899689,90.147362,84.285789
194,1.616667,-0.000263,0.023227,0.008216,0.999696,-215.899277,90.147369,84.285591
195,1.625000,-0.000271,0.023222,0.008074,0.999698,-215.899246,90.148285,84.286293
196,1.633333,0.000118,0.023145,0.007286,0.999706,-215.900757,90.153442,84.283752
197,1.641667,-0.000284,0.023287,0.007975,0.999697,-215.899628,90.148682,84.286537
198,1.650000,-0.000333,0.023200,0.008163,0.999697,-215.899567,90.147255,84.286354
199,1.658333,-0.000109,0.023235,0.007980,0.999698,-215.899750,90.147545,84.286514
200,1.666667,-0.000096,0.023237,0.008007,0.999698,-215.899658,90.146904,84.287498
201,1.675000,-0.000130,0.023237,0.008073,0.999697,-215.899994,90.147652,84.287376
202,1.683333,-0.000137,0.023261,0.008078,0.999697,-215.900238,90.146858,84.288116
203,1.691667,-0.000153,0.023189,0.008011,0.999699,-215.900391,90.147636,84.287766
204,1.700000,0.000359,0.023017,0.007392,0.999708,-215.901276,90.152405,84.284889
205,1.708333,0.000096,0.023137,0.007919,0.999701,-215.900513,90.148994,84.286690
206,1.716667,0.000341,0.023033,0.007387,0.999707,-215.901474,90.152466,84.284904
207,1.725000,0.000037,0.023223,0.007943,0.999699,-215.900604,90.147987,84.286720
208,1.733333,0.000234,0.023074,0.007383,0.999707,-215.901520,90.151749,84.283714
209,1.741667,-0.000185,0.023178,0.008018,0.999699,-215.899963,90.147980,84.285347
210,1.750000,-0.000249,0.023234,0.008033,0.999698,-215.899948,90.148239,84.285667
211,1.758333,-0.000310,0.023294,0.008084,0.999696,-215.899796,90.147575,84.284927
212,1.766667,-0.000293,0.023301,0.007939,0.999697,-215.900085,90.148384,84.284988
213,1.775000,0.000155,0.023167,0.007161,0.999706,-215.901062,90.153969,84.282417
214,1.783333,-0.000333,0.023188,0.007940,0.999700,-215.900116,90.149109,84.285286
215,1.791667,0.000091,0.023136,0.007181,0.999707,-215.901443,90.153023,84.283363
216,1.800000,-0.000160,0.023234,0.007774,0.999700,-215.900833,90.148788,84.286377
217,1.808333,0.000300,0.023198,0.007055,0.999706,-215.902206,90.152023,84.284019
218,1.816667,0.000453,0.022980,0.006870,0.999712,-215.901855,90.152550,84.282417
219,1.825000,-0.000002,0.023145,0.007797,0.999702,-215.900757,90.146393,84.287872
220,1.833333,-0.000101,0.023160,0.008240,0.999698,-215.900772,90.145340,84.287605
221,1.841667,0.000218,0.023058,0.007549,0.999706,-215.901779,90.150436,84.285324
222,1.850000,0.000424,0.022953,0.007005,0.999712,-215.901306,90.153618,84.282936
223,1.858333,-0.000118,0.023177,0.007798,0.999701,-215.899750,90.147850,84.285568
224,1.866667,-0.000250,0.023252,0.008078,0.999697,-215.899582,90.146614,84.286263
225,1.875000,0.000191,0.023144,0.007370,0.999705,-215.899658,90.152321,84.282982
226,1.883333,-0.000152,0.023149,0.007996,0.999700,-215.898605,90.149162,84.285210
227,1.891667,-0.000225,0.023193,0.008285,0.999697,-215.898773,90.147888,84.285286
228,1.900000,-0.000269,0.023251,0.008177,0.999696,-215.899399,90.149231,84.285530
229,1.908333,-0.000308,0.023251,0.008180,0.999696,-215.898758,90.148628,84.285332
230,1.916667,-0.000372,0.023239,0.008144,0.999697,-215.898926,90.148941,84.285454
231,1.925000,-0.000246,0.023297,0.008112,0.999696,-215.898773,90.148773,84.286339
232,1.933333,0.000179,0.023163,0.007346,0.999705,-215.899841,90.153130,84.283493
233,1.941667,-0.000203,0.023193,0.008002,0.999699,-215.898727,90.148438,84.285843
234,1.950000,-0.000289,0.023214,0.008198,0.999697,-215.899231,90.147621,84.287781
235,1.958333,0.000207,0.023080,0.007302,0.999707,-215.899780,90.152939,84.283920
236,1.966667,-0.000220,0.023242,0.008030,0.999698,-215.899445,90.146927,84.287827
237,1.975000,-0.000300,0.023231,0.008136,0.999697,-215.899582,90.146133,84.287155
238,1.983333,-0.000301,0.023168,0.008200,0.999698,-215.899536,90.145813,84.286354
239,1.991667,-0.000203,0.023218,0.007993,0.999699,-215.900131,90.147171,84.285500
240,2.000000,-0.000197,0.023222,0.008101,0.999697,-215.899155,90.146675,84.285645
241,2.008333,-0.000303,0.023271,0.008192,0.999696,-215.899734,90.146996,84.287125
242,2.016667,-0.000319,0.023190,0.008225,0.999697,-215.898987,90.146729,84.285309
243,2.025000,-0.000412,0.023218,0.008177,0.999697,-215.898941,90.146820,84.285614
244,2.033333,-0.000360,0.023256,0.008128,0.999696,-215.898682,90.147797,84.285904
245,2.041667,-0.000326,0.023184,0.008064,0.999699,-215.898346,90.148125,84.284348
246,2.050000,0.000108,0.023085,0.007137,0.999708,-215.900131,90.154488,84.282120
247,2.058333,-0.000189,0.023124,0.007856,0.999702,-215.898254,90.149567,84.283707
248,2.066667,-0.000233,0.023256,0.008085,0.999697,-215.899445,90.147499,84.285515
249,2.075000,-0.000371,0.023189,0.008204,0.999697,-215.899826,90.146652,84.285179
250,2.083333,-0.000353,0.023227,0.008159,0.999697,-215.899582,90.146378,84.286011
251,2.091667,-0.000220,0.023274,0.008104,0.999696,-215.900131,90.146408,84.286133
252,2.100000,-0.000214,0.023208,0.008097,0.999698,-215.900284,90.147469,84.285995
253,2.108333,-0.000184,0.023228,0.008189,0.999697,-215.899918,90.146118,84.286453
254,2.116667,-0.000229,0.023177,0.008133,0.999698,-215.900375,90.147308,84.285927
255,2.125000,0.000213,0.023114,0.007393,0.999705,-215.900726,90.151825,84.283234
256,2.133333,-0.000257,0.023192,0.008076,0.999698,-215.899826,90.148338,84.286461
257,2.141667,-0.000317,0.023250,0.008201,0.999696,-215.899521,90.145653,84.285950
258,2.150000,-0.000264,0.023211,0.007967,0.999699,-215.899734,90.147308,84.285980
259,2.158333,0.000059,0.023088,0.007278,0.999707,-215.900558,90.152496,84.283012
260,2.166667,-0.000298,0.023207,0.007953,0.999699,-215.899536,90.147713,84.284576
261,2.175000,0.000084,0.023203,0.007381,0.999704,-215.900208,90.150780,84.283226
262,2.183333,0.000221,0.023049,0.007046,0.999710,-215.901016,90.153343,84.281540
263,2.191667,0.000289,0.022992,0.006919,0.999712,-215.901093,90.154305,84.281761
264,2.200000,0.000297,0.022994,0.006959,0.999711,-215.901184,90.154022,84.280899
265,2.208333,-0.000270,0.023211,0.008044,0.999698,-215.900131,90.147644,84.286430
266,2.216667,-0.000252,0.023237,0.008105,0.999697,-215.900513,90.147156,84.286301
267,2.225000,0.000183,0.023168,0.007276,0.999705,-215.901108,90.151894,84.284195
268,2.233333,0.000339,0.022991,0.006898,0.999712,-215.899963,90.153748,84.283859
269,2.241667,0.000432,0.022982,0.006829,0.999713,-215.899017,90.153946,84.283409
270,2.250000,-0.000107,0.023180,0.007727,0.999702,-215.898392,90.148727,84.287682
271,2.258333,-0.000364,0.023192,0.008223,0.999697,-215.898209,90.145477,84.287964
272,2.266667,0.000190,0.023112,0.007133,0.999708,-215.899277,90.152672,84.284523
273,2.275000,-0.000133,0.023174,0.007688,0.999702,-215.896027,90.148628,84.288177
274,2.283333,-0.000255,0.023178,0.007757,0.999701,-215.892441,90.146652,84.291283
275,2.291667,-0.000258,0.023144,0.007462,0.999704,-215.888351,90.148773,84.299583
276,2.300000,-0.000148,0.023225,0.007265,0.999704,-215.883591,90.149803,84.307243
277,2.308333,0.000050,0.023235,0.007196,0.999704,-215.879303,90.150528,84.319801
278,2.316667,0.000454,0.023190,0.007206,0.999705,-215.876099,90.153030,84.333138
279,2.325000,0.000824,0.023262,0.007219,0.999703,-215.873978,90.153481,84.348282
280,2.333333,0.001355,0.023310,0.007089,0.999702,-215.872864,90.153084,84.365074
281,2.341667,0.002268,0.023339,0.007028,0.999700,-215.871429,90.149101,84.378677
282,2.350000,0.002879,0.023289,0.006903,0.999701,-215.870209,90.147995,84.396553
283,2.358333,0.003710,0.023324,0.006753,0.999698,-215.863770,90.148766,84.417572
284,2.366667,0.004572,0.023415,0.006765,0.999693,-215.854462,90.148911,84.445038
285,2.375000,0.005459,0.023521,0.006436,0.999688,-215.844849,90.150543,84.475342
286,2.383333,0.006338,0.023514,0.006321,0.999683,-215.830521,90.147957,84.506531
287,2.391667,0.008230,0.024117,0.004511,0.999665,-215.819031,90.154358,84.537804
288,2.400000,0.008925,0.024147,0.003965,0.999661,-215.807373,90.153313,84.553780
289,2.408333,0.009357,0.024127,0.003478,0.999659,-215.799255,90.154198,84.565063
290,2.416667,0.009805,0.024110,0.003497,0.999655,-215.792877,90.156364,84.573265
291,2.425000,0.009999,0.024177,0.003553,0.999651,-215.786057,90.156105,84.579315
292,2.433333,0.010032,0.024489,0.003256,0.999645,-215.778534,90.159096,84.594772
293,2.441667,0.009935,0.024624,0.003257,0.999642,-215.774155,90.161789,84.602585
294,2.450000,0.010208,0.024583,0.003519,0.999640,-215.775345,90.162834,84.612823
295,2.458333,0.010567,0.024602,0.003661,0.999635,-215.775421,90.161232,84.620216
296,2.466667,0.011159,0.024339,0.003622,0.999635,-215.778305,90.158546,84.617249
297,2.475000,0.011948,0.024122,0.003939,0.999630,-215.781525,90.153870,84.622345
298,2.483333,0.012463,0.024018,0.003812,0.999627,-215.781540,90.151527,84.627487
299,2.491667,0.012801,0.024015,0.003792,0.999622,-215.781158,90.151802,84.636757
300,2.500000,0.013115,0.024024,0.003817,0.999618,-215.779709,90.152153,84.646194
301,2.508333,0.013537,0.024027,0.003891,0.999612,-215.778870,90.153854,84.660751
302,2.516667,0.014188,0.023975,0.003842,0.999605,-215.779617,90.156143,84.677155
303,2.525000,0.014804,0.023857,0.004102,0.999597,-215.778763,90.155846,84.689903
304,2.533333,0.015941,0.024177,0.003983,0.999573,-215.778183,90.147606,84.700615
305,2.541667,0.016464,0.024082,0.003884,0.999567,-215.780899,90.144585,84.707222
306,2.550000,0.016713,0.023985,0.003932,0.999565,-215.784882,90.142021,84.708328
307,2.558333,0.016495,0.023931,0.004071,0.999569,-215.788818,90.141853,84.703293
308,2.566667,0.016116,0.024019,0.004134,0.999573,-215.791748,90.140984,84.691399
309,2.575000,0.015409,0.024183,0.004289,0.999580,-215.795593,90.141739,84.676994
310,2.583333,0.014445,0.024354,0.004344,0.999590,-215.800690,90.141212,84.653023
311,2.591667,0.012888,0.024811,0.004222,0.999600,-215.804337,90.146889,84.633186
312,2.600000,0.010804,0.024557,0.004564,0.999630,-215.813736,90.155701,84.598824
313,2.608333,0.009187,0.024383,0.004677,0.999650,-215.823364,90.157928,84.562340
314,2.616667,0.008105,0.024373,0.004743,0.999659,-215.835739,90.157875,84.538261
315,2.625000,0.007600,0.024317,0.004793,0.999664,-215.846115,90.164230,84.528168
316,2.633333,0.008414,0.024350,0.005395,0.999654,-215.852997,90.186005,84.547493
317,2.641667,0.009999,0.024408,0.006067,0.999634,-215.852066,90.218887,84.575638
318,2.650000,0.011378,0.024406,0.006182,0.999618,-215.840912,90.262611,84.603210
319,2.658333,0.013258,0.024603,0.004706,0.999598,-215.821915,90.301971,84.614204
320,2.666667,0.013354,0.024340,0.003875,0.999607,-215.818497,90.350960,84.623543
321,2.675000,0.012131,0.024351,0.003800,0.999623,-215.829849,90.410606,84.652504
322,2.683333,0.011505,0.024247,0.004289,0.999631,-215.835617,90.461594,84.670815
323,2.691667,0.012216,0.024057,0.002726,0.999632,-215.842484,90.520676,84.672188
324,2.700000,0.012609,0.023639,0.002657,0.999638,-215.842819,90.575500,84.675858
325,2.708333,0.012414,0.023525,0.003243,0.999641,-215.838959,90.633690,84.681908
326,2.716667,0.012383,0.023786,0.003536,0.999634,-215.829651,90.689636,84.692314
327,2.725000,0.012240,0.024014,0.003696,0.999630,-215.816086,90.738197,84.704445
328,2.733333,0.012034,0.024005,0.003589,0.999633,-215.809631,90.786430,84.716797
329,2.741667,0.011786,0.023941,0.003557,0.999638,-215.808289,90.834137,84.724640
330,2.750000,0.011521,0.023820,0.003499,0.999644,-215.808960,90.879349,84.733688
331,2.758333,0.010537,0.023940,0.003416,0.999652,-215.810226,90.931526,84.747543
332,2.766667,0.009223,0.024048,0.003559,0.999662,-215.811508,90.995338,84.748123
333,2.775000,0.008420,0.023904,0.004144,0.999670,-215.814240,91.057907,84.742859
334,2.783333,0.009473,0.024225,0.003203,0.999657,-215.816467,91.134033,84.738937
335,2.791667,0.009519,0.024060,0.002816,0.999661,-215.814590,91.202591,84.734818
336,2.800000,0.008222,0.024128,0.004341,0.999666,-215.811829,91.257080,84.739861
337,2.808333,0.006948,0.023925,0.005037,0.999677,-215.814514,91.322289,84.744385
338,2.816667,0.006281,0.024076,0.005135,0.999677,-215.816193,91.376747,84.749458
339,2.825000,0.005937,0.024313,0.005367,0.999672,-215.815521,91.421158,84.756516
340,2.833333,0.006720,0.024640,0.005427,0.999659,-215.810608,91.456367,84.762993
341,2.841667,0.005438,0.024822,0.005156,0.999664,-215.809113,91.514236,84.781113
342,2.850000,0.004718,0.025058,0.005006,0.999662,-215.801743,91.566460,84.785065
343,2.858333,0.004391,0.025042,0.004641,0.999666,-215.797394,91.618568,84.781189
344,2.866667,0.004319,0.024761,0.004526,0.999674,-215.795929,91.667587,84.780701
345,2.875000,0.005474,0.025164,0.001988,0.999666,-215.800690,91.731171,84.788162
346,2.883333,0.005226,0.024800,0.001375,0.999678,-215.803711,91.793747,84.794250
347,2.891667,0.005377,0.024641,0.001806,0.999680,-215.801758,91.846313,84.795349
348,2.900000,0.005214,0.024583,0.002685,0.999681,-215.800446,91.897896,84.798332
349,2.908333,0.004614,0.024473,0.003241,0.999685,-215.800232,91.948441,84.800415
350,2.916667,0.003714,0.024663,0.003299,0.999683,-215.797760,92.000648,84.804276
351,2.925000,0.002592,0.025200,0.002693,0.999676,-215.788528,92.053917,84.814339
352,2.933333,0.000311,0.024920,0.003303,0.999684,-215.783234,92.117844,84.817833
353,2.941667,-0.000512,0.024820,0.003465,0.999686,-215.781586,92.171486,84.813866
354,2.950000,0.000259,0.025034,0.003438,0.999681,-215.777374,92.215126,84.807495
355,2.958333,0.000470,0.025077,0.003426,0.999680,-215.778687,92.266136,84.804314
356,2.966667,-0.000896,0.024709,0.003931,0.999687,-215.781097,92.326256,84.796265
357,2.975000,-0.000938,0.024698,0.002075,0.999692,-215.783401,92.397057,84.789375
358,2.983333,-0.001421,0.024724,0.002122,0.999691,-215.783600,92.454597,84.781151
359,2.991667,-0.002493,0.024857,0.002696,0.999684,-215.783340,92.504570,84.776108
360,3.000000,-0.003230,0.024895,0.003185,0.999680,-215.784790,92.551590,84.776810
361,3.008333,-0.003691,0.024973,0.003409,0.999676,-215.782806,92.591805,84.773132
362,3.016667,-0.005005,0.024950,0.003438,0.999670,-215.780853,92.640373,84.783707
363,3.025000,-0.005440,0.024909,0.003633,0.999668,-215.776901,92.680885,84.786201
364,3.033333,-0.004656,0.025200,0.003496,0.999665,-215.768478,92.710770,84.785385
365,3.041667,-0.004372,0.024918,0.003340,0.999674,-215.768860,92.744904,84.776596
366,3.050000,-0.004529,0.024871,0.003495,0.999674,-215.769287,92.780190,84.768250
367,3.058333,-0.006185,0.024696,0.004099,0.999668,-215.770462,92.831718,84.766029
368,3.066667,-0.007510,0.024956,0.004519,0.999650,-215.765564,92.876747,84.761688
369,3.075000,-0.008656,0.025358,0.004751,0.999630,-215.760849,92.917793,84.757988
370,3.083333,-0.009709,0.025581,0.004990,0.999613,-215.756302,92.955551,84.755310
371,3.091667,-0.009672,0.025711,0.003549,0.999616,-215.754242,93.000519,84.748482
372,3.100000,-0.009641,0.025602,0.002517,0.999623,-215.751144,93.036995,84.744469
373,3.108333,-0.009834,0.025476,0.002401,0.999624,-215.747864,93.065193,84.744057
374,3.116667,-0.009579,0.025500,0.003214,0.999624,-215.745850,93.093391,84.743500
375,3.125000,-0.009571,0.025397,0.003470,0.999626,-215.745026,93.117180,84.746712
376,3.133333,-0.009542,0.025362,0.003503,0.999627,-215.742874,93.141785,84.749817
377,3.141667,-0.009625,0.025134,0.003388,0.999632,-215.742844,93.167229,84.757721
378,3.150000,-0.009377,0.025479,0.002795,0.999628,-215.734390,93.186043,84.767616
379,3.158333,-0.009693,0.025527,0.002631,0.999624,-215.729141,93.207779,84.773293
380,3.166667,-0.009916,0.025596,0.002784,0.999619,-215.726395,93.229309,84.778358
381,3.175000,-0.010837,0.025244,0.003303,0.999617,-215.726212,93.258339,84.779907
382,3.183333,-0.011119,0.025250,0.003371,0.999614,-215.723557,93.284767,84.779938
383,3.191667,-0.011485,0.025301,0.003552,0.999608,-215.719650,93.313362,84.778976
384,3.200000,-0.011394,0.025171,0.003872,0.999611,-215.717575,93.339439,84.769615
385,3.208333,-0.011406,0.024997,0.004355,0.999613,-215.715622,93.365219,84.765015
386,3.216667,-0.011905,0.024955,0.004573,0.999607,-215.713531,93.393806,84.764679
387,3.225000,-0.011991,0.025115,0.004433,0.999603,-215.713501,93.417969,84.762993
388,3.233333,-0.012273,0.025098,0.004398,0.999600,-215.712570,93.438629,84.761116
389,3.241667,-0.012287,0.025221,0.004332,0.999597,-215.711090,93.454399,84.761986
390,3.250000,-0.012272,0.025167,0.004290,0.999599,-215.708923,93.469116,84.761414
391,3.258333,-0.012142,0.025235,0.004216,0.999599,-215.706299,93.484161,84.760689
392,3.266667,-0.011959,0.025291,0.004134,0.999600,-215.701935,93.501610,84.762512
393,3.275000,-0.011981,0.025365,0.004352,0.999597,-215.695358,93.520737,84.762054
394,3.283333,-0.012076,0.025577,0.004524,0.999590,-215.689224,93.545845,84.758659
395,3.291667,-0.012306,0.025704,0.004739,0.999583,-215.682388,93.571877,84.754204
396,3.300000,-0.011804,0.026021,0.003289,0.999586,-215.681122,93.611702,84.750099
397,3.308333,-0.011671,0.025913,0.002461,0.999593,-215.678665,93.647400,84.742767
398,3.316667,-0.012102,0.025934,0.002295,0.999588,-215.674469,93.673515,84.740120
399,3.325000,-0.012150,0.026124,0.002444,0.999582,-215.672119,93.694382,84.742432
400,3.333333,-0.012425,0.026168,0.002702,0.999577,-215.669037,93.710747,84.742691
401,3.341667,-0.012490,0.026233,0.002665,0.999574,-215.667603,93.728546,84.743790
402,3.350000,-0.012711,0.026147,0.002725,0.999574,-215.665527,93.745392,84.744019
403,3.358333,-0.012741,0.026189,0.002872,0.999572,-215.663177,93.760933,84.744514
404,3.366667,-0.012002,0.026504,0.002534,0.999574,-215.659515,93.771622,84.743210
405,3.375000,-0.012762,0.026700,0.002246,0.999560,-215.657501,93.793053,84.750160
406,3.383333,-0.012924,0.026878,0.002197,0.999553,-215.655655,93.810043,84.752228
407,3.391667,-0.012916,0.027020,0.002383,0.999549,-215.651184,93.821159,84.752052
408,3.400000,-0.012870,0.027150,0.002492,0.999546,-215.643616,93.833313,84.751419
409,3.408333,-0.013122,0.027309,0.002843,0.999537,-215.631653,93.858704,84.752106
410,3.416667,-0.014749,0.027454,0.003579,0.999508,-215.615753,93.907372,84.748604
411,3.425000,-0.015858,0.027892,0.003937,0.999477,-215.589493,93.972855,84.738091
412,3.433333,-0.017166,0.028003,0.003937,0.999453,-215.563873,94.045570,84.724174
413,3.441667,-0.018099,0.028038,0.004095,0.999435,-215.541595,94.120628,84.706566
414,3.450000,-0.018589,0.029015,0.004632,0.999395,-215.515228,94.177719,84.696648
415,3.458333,-0.019653,0.029841,0.005120,0.999348,-215.490433,94.229988,84.688080
416,3.466667,-0.021027,0.030268,0.005274,0.999307,-215.471817,94.278793,84.679535
417,3.475000,-0.021566,0.030387,0.003848,0.999298,-215.463303,94.333305,84.669319
418,3.483333,-0.022080,0.030186,0.003214,0.999295,-215.460327,94.378433,84.658890
419,3.491667,-0.023040,0.030106,0.003338,0.999276,-215.461685,94.423096,84.662605
420,3.500000,-0.024117,0.029952,0.003817,0.999253,-215.466736,94.465179,84.664223
421,3.508333,-0.024516,0.029781,0.003949,0.999248,-215.469193,94.497337,84.663689
422,3.516667,-0.024645,0.029709,0.004199,0.999246,-215.469833,94.520378,84.660187
423,3.525000,-0.024675,0.029614,0.004035,0.999249,-215.469360,94.539963,84.657272
424,3.533333,-0.024796,0.029573,0.003994,0.999247,-215.468246,94.555054,84.655922
425,3.541667,-0.024855,0.029283,0.003855,0.999255,-215.470413,94.566261,84.646088
426,3.550000,-0.024768,0.029129,0.003747,0.999262,-215.475296,94.575134,84.640442
427,3.558333,-0.024825,0.029053,0.003951,0.999262,-215.477844,94.580116,84.638374
428,3.566667,-0.024855,0.029093,0.003793,0.999260,-215.480377,94.585548,84.639954
429,3.575000,-0.024925,0.029012,0.003776,0.999261,-215.479858,94.588692,84.639038
430,3.583333,-0.024929,0.029011,0.003694,0.999261,-215.479446,94.589905,84.639511
431,3.591667,-0.024890,0.029067,0.003706,0.999261,-215.478897,94.588463,84.641182
432,3.600000,-0.024794,0.029027,0.003872,0.999264,-215.476685,94.583450,84.642502
433,3.608333,-0.024703,0.029071,0.003793,0.999265,-215.476517,94.579750,84.643814
434,3.616667,-0.024679,0.028962,0.003752,0.999269,-215.476257,94.579567,84.643677
435,3.625000,-0.024557,0.028961,0.003585,0.999272,-215.475204,94.582275,84.643883
436,3.633333,-0.024702,0.028954,0.003668,0.999269,-215.475037,94.585556,84.642792
437,3.641667,-0.024786,0.028948,0.003534,0.999267,-215.473801,94.588921,84.641548
438,3.650000,-0.024763,0.029019,0.003594,0.999266,-215.473175,94.587891,84.641876
439,3.658333,-0.024925,0.029013,0.003786,0.999261,-215.473221,94.585167,84.642357
440,3.666667,-0.024814,0.029118,0.003668,0.999261,-215.474319,94.583542,84.641876
441,3.675000,-0.024782,0.029110,0.003693,0.999262,-215.475128,94.582596,84.640854
442,3.683333,-0.024745,0.029024,0.003619,0.999266,-215.476868,94.584427,84.640465
443,3.691667,-0.024753,0.028958,0.003655,0.999268,-215.478165,94.586540,84.639931
444,3.700000,-0.024789,0.028970,0.003697,0.999266,-215.479462,94.586189,84.639153
445,3.708333,-0.024692,0.028987,0.003565,0.999268,-215.479965,94.584755,84.639801
446,3.716667,-0.024660,0.028963,0.003619,0.999270,-215.479782,94.583061,84.640495
447,3.725000,-0.024563,0.029014,0.003691,0.999270,-215.479660,94.581032,84.641556
448,3.733333,-0.024531,0.029013,0.003612,0.999271,-215.479965,94.581573,84.642372
449,3.741667,-0.024636,0.028923,0.003757,0.999271,-215.478943,94.582825,84.641167
450,3.750000,-0.024661,0.029015,0.003576,0.999268,-215.479736,94.585648,84.641418
451,3.758333,-0.024697,0.028942,0.003716,0.999269,-215.477066,94.584846,84.642250
452,3.766667,-0.024665,0.028977,0.003583,0.999269,-215.476349,94.585091,84.642914
453,3.775000,-0.024631,0.029026,0.003628,0.999269,-215.475052,94.582619,84.643669
454,3.783333,-0.024714,0.029011,0.003724,0.999267,-215.474030,94.581390,84.643982
455,3.791667,-0.024704,0.028969,0.003642,0.999268,-215.473907,94.583855,84.644005
456,3.800000,-0.024826,0.028939,0.003799,0.999266,-215.473312,94.584747,84.642212
457,3.808333,-0.024700,0.028980,0.003562,0.999268,-215.474197,94.586739,84.642220
458,3.816667,-0.024752,0.028986,0.003668,0.999267,-215.474152,94.586258,84.642014
459,3.825000,-0.024754,0.029024,0.003739,0.999265,-215.474884,94.584587,84.641243
460,3.833333,-0.024706,0.029028,0.003780,0.999266,-215.475540,94.583305,84.641945
461,3.841667,-0.024888,0.028990,0.003811,0.999263,-215.477020,94.584747,84.640770
462,3.850000,-0.024825,0.029052,0.003654,0.999263,-215.477615,94.585152,84.640892
463,3.858333,-0.024780,0.029056,0.003746,0.999264,-215.477493,94.585609,84.640617
464,3.866667,-0.024777,0.029009,0.003732,0.999265,-215.477707,94.586632,84.640976
465,3.875000,-0.024677,0.029034,0.003681,0.999267,-215.477325,94.585472,84.642204
466,3.883333,-0.024654,0.029002,0.003689,0.999268,-215.476471,94.584000,84.641319
467,3.891667,-0.024653,0.028980,0.003660,0.999269,-215.476303,94.582832,84.642952
468,3.900000,-0.024732,0.028939,0.003746,0.999268,-215.475754,94.582710,84.643486
469,3.908333,-0.024663,0.028974,0.003580,0.999269,-215.476044,94.583847,84.642754
470,3.916667,-0.024717,0.028974,0.003580,0.999268,-215.475845,94.584831,84.642792
471,3.925000,-0.024990,0.028933,0.003759,0.999262,-215.476730,94.585899,84.642235
472,3.933333,-0.024800,0.029005,0.003660,0.999265,-215.476013,94.584366,84.642448
473,3.941667,-0.024764,0.029011,0.003633,0.999266,-215.475586,94.584015,84.640511
474,3.950000,-0.024753,0.028994,0.003600,0.999267,-215.476685,94.584587,84.640701
475,3.958333,-0.024747,0.028970,0.003709,0.999267,-215.476349,94.584167,84.640556
476,3.966667,-0.024741,0.028962,0.003798,0.999267,-215.476868,94.584312,84.640350
477,3.975000,-0.024667,0.029006,0.003635,0.999268,-215.477631,94.585205,84.640953
478,3.983333,-0.024722,0.028938,0.003800,0.999268,-215.476730,94.584251,84.640701
479,3.991667,-0.024650,0.028958,0.003738,0.999270,-215.476776,94.583374,84.641075
480,4.000000,-0.024634,0.028961,0.003685,0.999270,-215.476440,94.583405,84.641129
481,4.008333,-0.024811,0.028905,0.003734,0.999267,-215.476181,94.584831,84.641228
482,4.016667,-0.024784,0.028984,0.003723,0.999266,-215.476044,94.584808,84.641220
483,4.025000,-0.024757,0.029037,0.003733,0.999265,-215.475586,94.584831,84.641655
484,4.033333,-0.024739,0.028969,0.003590,0.999268,-215.475327,94.585571,84.641907
485,4.041667,-0.024784,0.028934,0.003670,0.999267,-215.475281,94.584686,84.641968
486,4.050000,-0.024826,0.028936,0.003595,0.999267,-215.475815,94.585899,84.642296
487,4.058333,-0.024769,0.029062,0.003564,0.999264,-215.475586,94.584862,84.642517
488,4.066667,-0.024705,0.029062,0.003534,0.999266,-215.475113,94.584679,84.642082
489,4.075000,-0.024705,0.028997,0.003558,0.999268,-215.475250,94.584808,84.642876
490,4.083333,-0.024730,0.028951,0.003697,0.999268,-215.475586,94.584259,84.641548
491,4.091667,-0.024697,0.028978,0.003634,0.999268,-215.476135,94.584312,84.641205
492,4.100000,-0.024676,0.028939,0.003612,0.999270,-215.475723,94.583504,84.641182
493,4.108333,-0.024687,0.028957,0.003611,0.999269,-215.476578,94.583633,84.640221
494,4.116667,-0.024632,0.029048,0.003556,0.999268,-215.477676,94.583717,84.640587
495,4.125000,-0.024699,0.028988,0.003650,0.999268,-215.477325,94.583000,84.639755
496,4.133333,-0.024769,0.028911,0.003607,0.999269,-215.477493,94.584122,84.639549
497,4.141667,-0.024726,0.028918,0.003605,0.999269,-215.478012,94.583847,84.638802
498,4.150000,-0.024856,0.028948,0.003650,0.999265,-215.477890,94.584671,84.639832
499,4.158333,-0.024740,0.028959,0.003597,0.999268,-215.477585,94.584297,84.640213
500,4.166667,-0.024765,0.028957,0.003676,0.999267,-215.476486,94.583344,84.640396
501,4.175000,-0.024711,0.028987,0.003547,0.999268,-215.476913,94.584686,84.641747
502,4.183333,-0.024704,0.028992,0.003622,0.999268,-215.476181,94.584068,84.641556
503,4.191667,-0.024674,0.029022,0.003587,0.999268,-215.476089,94.584251,84.642044
504,4.200000,-0.024720,0.028967,0.003562,0.999268,-215.475815,94.584343,84.643112
505,4.208333,-0.024681,0.028983,0.003576,0.999269,-215.475540,94.584305,84.642479
506,4.216667,-0.024616,0.029028,0.003545,0.999269,-215.474777,94.583885,84.643860
507,4.225000,-0.024769,0.029010,0.003641,0.999266,-215.475433,94.585510,84.643158
508,4.233333,-0.024797,0.029012,0.003647,0.999265,-215.475586,94.585815,84.642723
509,4.241667,-0.024706,0.029017,0.003638,0.999267,-215.474960,94.585564,84.642235
510,4.250000,-0.024722,0.028932,0.003623,0.999269,-215.475113,94.585541,84.641823
511,4.258333,-0.024638,0.028973,0.003501,0.999270,-215.475510,94.584488,84.641899
512,4.266667,-0.024836,0.028926,0.003657,0.999266,-215.475204,94.584694,84.640831
513,4.275000,-0.024735,0.028980,0.003596,0.999268,-215.474960,94.584885,84.641945
514,4.283333,-0.024722,0.029020,0.003623,0.999267,-215.475510,94.585464,84.641914
515,4.291667,-0.024826,0.028952,0.003655,0.999266,-215.474777,94.585648,84.641411
516,4.300000,-0.024885,0.028953,0.003510,0.999265,-215.476135,94.588844,84.642517
517,4.308333,-0.024948,0.028953,0.003575,0.999263,-215.475418,94.589790,84.643623
518,4.316667,-0.024886,0.028966,0.003448,0.999265,-215.475586,94.594261,84.646805
519,4.325000,-0.025067,0.028902,0.003452,0.999262,-215.476013,94.600365,84.648933
520,4.333333,-0.025344,0.028903,0.003556,0.999255,-215.475876,94.606918,84.651588
521,4.341667,-0.025525,0.028825,0.003437,0.999253,-215.476852,94.615372,84.656082
522,4.350000,-0.025690,0.028796,0.003592,0.999249,-215.475723,94.620033,84.658424
523,4.358333,-0.025934,0.028907,0.003721,0.999239,-215.474350,94.624947,84.665596
524,4.366667,-0.026116,0.028921,0.003809,0.999233,-215.472244,94.630623,84.673271
525,4.375000,-0.025876,0.028907,0.003858,0.999240,-215.471222,94.637451,84.688774
526,4.383333,-0.025726,0.028775,0.004098,0.999246,-215.469269,94.643295,84.701424
527,4.391667,-0.025748,0.028802,0.004213,0.999245,-215.468124,94.649658,84.714073
528,4.400000,-0.025789,0.028870,0.004258,0.999241,-215.468857,94.657669,84.728470
529,4.408333,-0.026056,0.028868,0.004420,0.999234,-215.467651,94.663536,84.740822
530,4.416667,-0.026146,0.028977,0.004458,0.999228,-215.469452,94.670380,84.756996
531,4.425000,-0.026321,0.028959,0.004494,0.999224,-215.469772,94.673119,84.772820
532,4.433333,-0.026510,0.028986,0.004431,0.999218,-215.470963,94.677559,84.793129
533,4.441667,-0.026908,0.029170,0.005284,0.999198,-215.471008,94.678238,84.816643
534,4.450000,-0.027305,0.029259,0.005533,0.999184,-215.471573,94.684959,84.838181
535,4.458333,-0.027674,0.029277,0.005547,0.999173,-215.472107,94.695900,84.859192
536,4.466667,-0.028333,0.029244,0.005600,0.999155,-215.472031,94.704887,84.881821
537,4.475000,-0.028947,0.029260,0.005480,0.999138,-215.471649,94.711464,84.908630
538,4.483333,-0.029529,0.029267,0.005516,0.999120,-215.469360,94.712456,84.937904
539,4.491667,-0.029807,0.029300,0.005620,0.999110,-215.465240,94.704941,84.965950
540,4.500000,-0.028988,0.029866,0.004322,0.999124,-215.465332,94.702950,85.000381
541,4.508333,-0.028876,0.030000,0.003977,0.999125,-215.455582,94.694313,85.044289
542,4.516667,-0.028797,0.030112,0.003806,0.999124,-215.447739,94.680321,85.079086
543,4.525000,-0.029022,0.029933,0.003767,0.999123,-215.447540,94.662437,85.104759
544,4.533333,-0.028775,0.029708,0.003796,0.999137,-215.451050,94.634880,85.139351
545,4.541667,-0.028244,0.029451,0.003318,0.999162,-215.452240,94.605629,85.185234
546,4.550000,-0.027774,0.028872,0.002648,0.999194,-215.444870,94.571030,85.235344
547,4.558333,-0.028159,0.029078,0.004989,0.999168,-215.431976,94.509575,85.301712
548,4.566667,-0.027427,0.029315,0.005558,0.999178,-215.429428,94.463074,85.364922
549,4.575000,-0.026310,0.029495,0.005181,0.999205,-215.432358,94.415901,85.426598
550,4.583333,-0.024993,0.029156,0.003726,0.999255,-215.435287,94.369560,85.485596
551,4.591667,-0.023081,0.028218,0.002840,0.999331,-215.430801,94.304214,85.540298
552,4.600000,-0.021592,0.028317,0.003849,0.999358,-215.428162,94.223434,85.617683
553,4.608333,-0.019319,0.028683,0.002965,0.999397,-215.430099,94.159645,85.686790
554,4.616667,-0.019082,0.028936,0.004463,0.999389,-215.427139,94.082603,85.758858
555,4.625000,-0.018774,0.029239,0.004461,0.999386,-215.417526,94.011856,85.838074
556,4.633333,-0.018161,0.029078,0.003594,0.999406,-215.410995,93.940414,85.914627
557,4.641667,-0.016778,0.029084,0.003100,0.999431,-215.413422,93.874619,85.985298
558,4.650000,-0.015090,0.028644,0.003705,0.999469,-215.413834,93.813805,86.055771
559,4.658333,-0.013872,0.028251,0.003287,0.999499,-215.409775,93.757378,86.134666
560,4.666667,-0.013378,0.027547,0.001797,0.999529,-215.405396,93.710831,86.207474
561,4.675000,-0.014438,0.027717,0.003131,0.999507,-215.405365,93.656113,86.280571
562,4.683333,-0.014258,0.028488,0.004500,0.999482,-215.404007,93.618843,86.356972
563,4.691667,-0.013735,0.028821,0.004877,0.999478,-215.395386,93.596588,86.434563
564,4.700000,-0.013433,0.028869,0.003520,0.999487,-215.386505,93.589890,86.512825
565,4.708333,-0.013564,0.028474,0.003007,0.999498,-215.383698,93.589912,86.577080
566,4.716667,-0.013876,0.028259,0.002851,0.999500,-215.386292,93.592766,86.636177
567,4.725000,-0.014784,0.028396,0.002582,0.999484,-215.385574,93.603813,86.714790
568,4.733333,-0.014288,0.028697,0.002005,0.999484,-215.375107,93.606346,86.794838
569,4.741667,-0.014346,0.028385,0.001914,0.999492,-215.375488,93.619728,86.863174
570,4.750000,-0.014690,0.027724,0.001630,0.999506,-215.376404,93.636139,86.930435
571,4.758333,-0.016398,0.027926,0.003196,0.999470,-215.373657,93.647972,87.005714
572,4.766667,-0.018560,0.027984,0.004313,0.999427,-215.370804,93.675468,87.074814
573,4.775000,-0.018894,0.028652,0.002997,0.999406,-215.364960,93.721710,87.142738
574,4.783333,-0.020195,0.028615,0.002556,0.999383,-215.356827,93.768433,87.218201
575,4.791667,-0.022603,0.028666,0.002047,0.999331,-215.346115,93.825027,87.305031
576,4.800000,-0.024246,0.028242,0.002025,0.999305,-215.340973,93.878731,87.371704
577,4.808333,-0.025224,0.027787,0.002387,0.999293,-215.341858,93.926697,87.432220
578,4.816667,-0.025990,0.027589,0.003068,0.999277,-215.346115,93.978355,87.496231
579,4.825000,-0.027960,0.028128,0.004681,0.999202,-215.343857,94.024849,87.572548
580,4.833333,-0.030830,0.028478,0.004869,0.999107,-215.332031,94.087997,87.662308
581,4.841667,-0.031461,0.028913,0.003531,0.999080,-215.321518,94.138481,87.719978
582,4.850000,-0.032551,0.028895,0.003232,0.999047,-215.309113,94.177750,87.776077
583,4.858333,-0.034222,0.028918,0.003295,0.998990,-215.307739,94.214981,87.841057
584,4.866667,-0.035719,0.028917,0.003699,0.998937,-215.310043,94.254211,87.906853
585,4.875000,-0.036896,0.028511,0.003796,0.998905,-215.311676,94.294777,87.967674
586,4.883333,-0.037721,0.028255,0.004194,0.998880,-215.307648,94.330910,88.034325
587,4.891667,-0.038242,0.028035,0.004573,0.998865,-215.301010,94.357475,88.090286
588,4.900000,-0.039593,0.028392,0.005254,0.998799,-215.298752,94.374107,88.152626
589,4.908333,-0.041005,0.028413,0.004984,0.998742,-215.300110,94.391411,88.208786
590,4.916667,-0.041079,0.029001,0.003601,0.998729,-215.301483,94.408730,88.261993
591,4.925000,-0.041581,0.029118,0.003364,0.998705,-215.299805,94.420547,88.312462
592,4.933333,-0.041973,0.029130,0.003565,0.998688,-215.296860,94.426224,88.361763
593,4.941667,-0.041973,0.029148,0.003613,0.998687,-215.291931,94.425751,88.411316
594,4.950000,-0.042181,0.028553,0.003437,0.998696,-215.285660,94.427055,88.463013
595,4.958333,-0.042280,0.027937,0.003548,0.998709,-215.280441,94.428673,88.519661
596,4.966667,-0.042783,0.027405,0.003332,0.998703,-215.275757,94.430321,88.578423
597,4.975000,-0.042911,0.027331,0.003258,0.998700,-215.273590,94.426819,88.628326
598,4.983333,-0.043531,0.027714,0.003458,0.998662,-215.273376,94.429008,88.682388
599,4.991667,-0.043973,0.027726,0.003507,0.998642,-215.273758,94.423660,88.726768
600,5.000000,-0.045530,0.028326,0.005867,0.998544,-215.273102,94.395721,88.784592
601,5.008333,-0.045431,0.028782,0.006421,0.998532,-215.265015,94.371895,88.839043
602,5.016667,-0.044763,0.029293,0.005666,0.998552,-215.255432,94.347176,88.891327
603,5.025000,-0.044531,0.029463,0.004819,0.998562,-215.248444,94.317108,88.935219
604,5.033333,-0.044429,0.029700,0.004399,0.998561,-215.244843,94.288216,88.976601
605,5.041667,-0.044179,0.029810,0.004202,0.998570,-215.242386,94.262688,89.014931
606,5.050000,-0.043584,0.029815,0.004152,0.998596,-215.242050,94.233360,89.054283
607,5.058333,-0.042771,0.029528,0.004119,0.998640,-215.242599,94.196808,89.095245
608,5.066667,-0.042213,0.029147,0.004141,0.998675,-215.242767,94.158020,89.143684
609,5.075000,-0.041717,0.028778,0.003916,0.998707,-215.246490,94.123306,89.192375
610,5.083333,-0.040957,0.028382,0.003744,0.998751,-215.249710,94.088493,89.244804
611,5.091667,-0.040191,0.028075,0.003198,0.998792,-215.253311,94.059227,89.289131
612,5.100000,-0.040857,0.028345,0.005030,0.998750,-215.251343,94.015739,89.336708
613,5.108333,-0.040150,0.028464,0.005467,0.998773,-215.252823,93.985458,89.374725
614,5.116667,-0.039375,0.028067,0.005403,0.998816,-215.249115,93.959274,89.415916
615,5.125000,-0.039747,0.028336,0.005463,0.998793,-215.238403,93.936905,89.482269
616,5.133333,-0.039944,0.028401,0.005236,0.998784,-215.226990,93.917557,89.534576
617,5.141667,-0.039403,0.028679,0.005161,0.998798,-215.219238,93.897949,89.575630
618,5.150000,-0.039134,0.028962,0.005350,0.998800,-215.217926,93.882225,89.618629
619,5.158333,-0.039248,0.029113,0.005851,0.998788,-215.220428,93.864265,89.658318
620,5.166667,-0.038815,0.029403,0.004552,0.998803,-215.224640,93.855080,89.705086
621,5.175000,-0.038955,0.029208,0.004146,0.998805,-215.222900,93.842819,89.751297
622,5.183333,-0.038969,0.029080,0.004005,0.998809,-215.216064,93.828056,89.798767
623,5.191667,-0.039086,0.028578,0.003365,0.998822,-215.211075,93.808014,89.840912
624,5.200000,-0.039099,0.028068,0.002643,0.998838,-215.206940,93.785027,89.879204
625,5.208333,-0.038770,0.027918,0.002185,0.998856,-215.206116,93.765190,89.920158
626,5.216667,-0.037925,0.027962,0.001925,0.998887,-215.204315,93.748718,89.959160
627,5.225000,-0.038635,0.028470,0.004652,0.998837,-215.198593,93.720413,90.008881
628,5.233333,-0.038575,0.028677,0.005067,0.998831,-215.193802,93.702042,90.059586
629,5.241667,-0.038420,0.028454,0.004775,0.998845,-215.192841,93.686264,90.106079
630,5.250000,-0.038485,0.028112,0.004708,0.998853,-215.195206,93.672714,90.152847
631,5.258333,-0.038679,0.028133,0.005210,0.998842,-215.196487,93.651619,90.204559
632,5.266667,-0.038561,0.028223,0.005002,0.998845,-215.194565,93.630013,90.252563
633,5.275000,-0.038899,0.028614,0.004550,0.998823,-215.191193,93.615227,90.303978
634,5.283333,-0.038733,0.028632,0.004363,0.998830,-215.186951,93.596031,90.336639
635,5.291667,-0.037531,0.028794,0.003349,0.998875,-215.187866,93.589066,90.377258
636,5.300000,-0.037152,0.028500,0.003212,0.998898,-215.180511,93.576752,90.419365
637,5.308333,-0.037094,0.028328,0.002889,0.998906,-215.172928,93.563881,90.466568
638,5.316667,-0.036937,0.028364,0.002915,0.998911,-215.169479,93.549492,90.510124
639,5.325000,-0.037060,0.028412,0.002938,0.998905,-215.171722,93.535896,90.553894
640,5.333333,-0.037171,0.028207,0.002602,0.998907,-215.176819,93.527328,90.598053
641,5.341667,-0.036679,0.028137,0.002750,0.998927,-215.178223,93.517090,90.639099
642,5.350000,-0.036367,0.027923,0.002907,0.998944,-215.174835,93.504768,90.686440
643,5.358333,-0.036656,0.027422,0.002641,0.998948,-215.168091,93.490219,90.733536
644,5.366667,-0.036668,0.027125,0.002202,0.998957,-215.164215,93.477226,90.776314
645,5.375000,-0.038276,0.027701,0.004344,0.998874,-215.158539,93.456253,90.837158
646,5.383333,-0.038921,0.028025,0.005381,0.998835,-215.155365,93.433746,90.877052
647,5.391667,-0.038345,0.028247,0.005171,0.998852,-215.156631,93.410271,90.919472
648,5.400000,-0.038242,0.028447,0.005146,0.998850,-215.158325,93.393120,90.960007
649,5.408333,-0.038341,0.028720,0.005103,0.998839,-215.161606,93.384018,91.000107
650,5.416667,-0.037896,0.029482,0.004249,0.998838,-215.162155,93.380569,91.051109
651,5.425000,-0.037913,0.029269,0.004059,0.998844,-215.157013,93.371605,91.095261
652,5.433333,-0.038173,0.028981,0.003430,0.998845,-215.149109,93.366684,91.147331
653,5.441667,-0.038435,0.028591,0.003375,0.998846,-215.140915,93.360046,91.193047
654,5.450000,-0.038360,0.028464,0.003393,0.998853,-215.139343,93.351959,91.229904
655,5.458333,-0.038247,0.028169,0.003877,0.998864,-215.138458,93.342621,91.270485
656,5.466667,-0.037984,0.028239,0.003966,0.998871,-215.136627,93.327454,91.311935
657,5.475000,-0.037836,0.028171,0.003536,0.998881,-215.135818,93.308769,91.355659
658,5.483333,-0.038032,0.028187,0.002741,0.998875,-215.133499,93.290863,91.395493
659,5.491667,-0.037633,0.027879,0.002460,0.998900,-215.134933,93.271568,91.428146
660,5.500000,-0.037064,0.027383,0.002063,0.998936,-215.136841,93.251419,91.465836
661,5.508333,-0.036740,0.027012,0.001367,0.998959,-215.140579,93.232681,91.505203
662,5.516667,-0.038110,0.027868,0.003624,0.998878,-215.137741,93.201668,91.557625
663,5.525000,-0.038563,0.028454,0.004482,0.998841,-215.134171,93.185356,91.602615
664,5.533333,-0.038344,0.029347,0.004362,0.998824,-215.134567,93.176125,91.653534
665,5.541667,-0.038112,0.029383,0.004330,0.998832,-215.132858,93.165848,91.697350
666,5.550000,-0.038061,0.029149,0.004369,0.998841,-215.130493,93.152733,91.737106
667,5.558333,-0.037352,0.028995,0.003756,0.998874,-215.121841,93.131462,91.779930
668,5.566667,-0.037559,0.028386,0.003532,0.998885,-215.120453,93.120399,91.824646
669,5.575000,-0.037109,0.028241,0.003336,0.998907,-215.118484,93.108994,91.865524
670,5.583333,-0.036771,0.028214,0.003276,0.998920,-215.116257,93.096886,91.902092
671,5.591667,-0.036539,0.028741,0.003479,0.998913,-215.115387,93.087738,91.952759
672,5.600000,-0.036487,0.028869,0.003450,0.998911,-215.116425,93.077293,91.982460
673,5.608333,-0.036238,0.028742,0.003445,0.998924,-215.121552,93.065193,92.021523
674,5.616667,-0.035956,0.028585,0.003414,0.998939,-215.121796,93.052330,92.064255
675,5.625000,-0.035741,0.028158,0.003011,0.998960,-215.119095,93.036903,92.105522
676,5.633333,-0.035580,0.027547,0.002297,0.998985,-215.114838,93.018463,92.149857
677,5.641667,-0.035290,0.027061,0.001867,0.999009,-215.112442,93.002449,92.189468
678,5.650000,-0.035979,0.027409,0.003806,0.998969,-215.110641,92.981430,92.240135
679,5.658333,-0.036139,0.027661,0.004672,0.998953,-215.107803,92.968742,92.286858
680,5.666667,-0.035841,0.027731,0.004915,0.998961,-215.105225,92.961151,92.325851
681,5.675000,-0.034839,0.028325,0.002947,0.998987,-215.107590,92.968346,92.366570
682,5.683333,-0.035951,0.028695,0.004294,0.998932,-215.099579,92.948982,92.413956
683,5.691667,-0.036378,0.028796,0.004451,0.998913,-215.095856,92.934937,92.458618
684,5.700000,-0.036116,0.029085,0.003859,0.998917,-215.089584,92.922050,92.507820
685,5.708333,-0.035826,0.029069,0.003667,0.998928,-215.085815,92.909401,92.548790
686,5.716667,-0.036431,0.028455,0.003636,0.998924,-215.091675,92.901268,92.577751
687,5.725000,-0.036297,0.028155,0.003640,0.998938,-215.093613,92.887794,92.608658
688,5.733333,-0.036194,0.028132,0.003727,0.998942,-215.090637,92.877693,92.651619
689,5.741667,-0.036399,0.028231,0.003714,0.998932,-215.085022,92.871277,92.692101
690,5.750000,-0.037193,0.028512,0.003736,0.998894,-215.080338,92.873726,92.742531
691,5.758333,-0.037535,0.028515,0.003485,0.998882,-215.075226,92.871536,92.785049
692,5.766667,-0.037695,0.028281,0.003393,0.998883,-215.069107,92.865417,92.826576
693,5.775000,-0.038531,0.028360,0.004732,0.998844,-215.066345,92.852814,92.872345
694,5.783333,-0.038314,0.028049,0.005261,0.998858,-215.070099,92.841194,92.897049
695,5.791667,-0.037984,0.027822,0.005315,0.998877,-215.073868,92.829063,92.928680
696,5.800000,-0.038010,0.028013,0.005416,0.998870,-215.075348,92.816780,92.966759
697,5.808333,-0.038239,0.028312,0.005493,0.998852,-215.071991,92.804352,93.004700
698,5.816667,-0.038728,0.028709,0.005081,0.998824,-215.066742,92.794037,93.048050
699,5.825000,-0.038566,0.029270,0.002835,0.998823,-215.062927,92.797760,93.093750
700,5.833333,-0.038340,0.028801,0.001993,0.998848,-215.063782,92.790810,93.122185
701,5.841667,-0.037544,0.028286,0.002253,0.998892,-215.066238,92.776207,93.158257
702,5.850000,-0.036967,0.027961,0.001934,0.998923,-215.065475,92.759651,93.197556
703,5.858333,-0.037894,0.028154,0.004009,0.998877,-215.059875,92.728516,93.248192
704,5.866667,-0.037635,0.028459,0.004265,0.998877,-215.057404,92.710388,93.294632
705,5.875000,-0.036967,0.028311,0.004300,0.998906,-215.059479,92.698402,93.337425
706,5.883333,-0.036299,0.028187,0.004145,0.998935,-215.061264,92.686737,93.375465
707,5.891667,-0.035846,0.028066,0.004098,0.998955,-215.060303,92.672440,93.414948
708,5.900000,-0.035543,0.027773,0.003978,0.998974,-215.057831,92.658081,93.455643
709,5.908333,-0.035760,0.027193,0.004031,0.998982,-215.057281,92.649178,93.493515
710,5.916667,-0.036219,0.027216,0.004774,0.998962,-215.057190,92.637802,93.534996
711,5.925000,-0.036351,0.027301,0.005238,0.998952,-215.057541,92.629959,93.575249
712,5.933333,-0.036291,0.027342,0.005508,0.998952,-215.060349,92.621475,93.611893
713,5.941667,-0.036685,0.027696,0.005356,0.998929,-215.062119,92.617683,93.658180
714,5.950000,-0.037059,0.027936,0.005299,0.998909,-215.061478,92.609314,93.694588
715,5.958333,-0.036601,0.027819,0.005174,0.998929,-215.063766,92.591927,93.724678
716,5.966667,-0.034899,0.028106,0.003304,0.998990,-215.071289,92.581833,93.763062
717,5.975000,-0.034047,0.027802,0.002589,0.999030,-215.071411,92.561394,93.805710
718,5.983333,-0.033789,0.027449,0.002140,0.999050,-215.073212,92.542145,93.847000
719,5.991667,-0.033599,0.027017,0.001775,0.999069,-215.075760,92.523788,93.885216
720,6.000000,-0.033177,0.026795,0.001732,0.999089,-215.076141,92.506660,93.921280
721,6.008333,-0.032888,0.026559,0.001784,0.999105,-215.075058,92.495705,93.955284
722,6.016667,-0.033187,0.026322,0.002069,0.999100,-215.076279,92.491547,93.993301
723,6.025000,-0.034652,0.026800,0.004912,0.999028,-215.070160,92.471466,94.035912
724,6.033333,-0.035284,0.026961,0.005748,0.998997,-215.067932,92.463234,94.076469
725,6.041667,-0.035467,0.026728,0.005216,0.999000,-215.067886,92.454163,94.110603
726,6.050000,-0.036335,0.026490,0.004519,0.998978,-215.066574,92.448975,94.152733
727,6.058333,-0.036839,0.026573,0.004567,0.998958,-215.064972,92.439209,94.186798
728,6.066667,-0.037452,0.027068,0.004889,0.998920,-215.065125,92.431236,94.223633
729,6.075000,-0.037505,0.027496,0.004674,0.998907,-215.063522,92.423500,94.262276
730,6.083333,-0.037472,0.027741,0.004625,0.998902,-215.062851,92.414604,94.300537
731,6.091667,-0.037529,0.027991,0.004421,0.998894,-215.063644,92.408203,94.336685
732,6.100000,-0.037373,0.027861,0.004438,0.998903,-215.068817,92.401962,94.362457
733,6.108333,-0.037183,0.027746,0.004871,0.998911,-215.072586,92.389122,94.388931
734,6.116667,-0.036597,0.028133,0.003736,0.998927,-215.076996,92.387238,94.427475
735,6.125000,-0.036447,0.027808,0.003413,0.998943,-215.075775,92.378403,94.466766
736,6.133333,-0.035976,0.027211,0.003682,0.998975,-215.075851,92.367790,94.505264
737,6.141667,-0.035470,0.026883,0.003616,0.999003,-215.075333,92.360107,94.547943
738,6.150000,-0.034981,0.026539,0.003501,0.999029,-215.074417,92.351440,94.586220
739,6.158333,-0.034484,0.026183,0.003593,0.999056,-215.078949,92.340652,94.626770
740,6.166667,-0.034187,0.025866,0.003140,0.999076,-215.078979,92.326370,94.659531
741,6.175000,-0.034117,0.025800,0.002817,0.999081,-215.082367,92.319923,94.691650
742,6.183333,-0.033830,0.025929,0.002664,0.999088,-215.084152,92.313667,94.724182
743,6.191667,-0.033937,0.025789,0.002215,0.999089,-215.083344,92.305504,94.759186
744,6.200000,-0.033875,0.025689,0.001796,0.999094,-215.083572,92.296371,94.793655
745,6.208333,-0.033720,0.025504,0.001445,0.999105,-215.083832,92.287613,94.824966
746,6.216667,-0.034175,0.025471,0.001338,0.999090,-215.081161,92.285744,94.868973
747,6.225000,-0.035087,0.026117,0.003126,0.999038,-215.079529,92.260185,94.908508
748,6.233333,-0.035283,0.026228,0.003865,0.999026,-215.079849,92.234657,94.949654
749,6.241667,-0.034091,0.026634,0.003437,0.999058,-215.076111,92.213356,94.987701
750,6.250000,-0.034495,0.026295,0.003816,0.999052,-215.081665,92.211937,95.024803
751,6.258333,-0.034400,0.026852,0.003915,0.999040,-215.084839,92.211121,95.067474
752,6.266667,-0.034140,0.027181,0.004266,0.999038,-215.083145,92.206642,95.107018
753,6.275000,-0.033907,0.027318,0.004517,0.999041,-215.079422,92.200005,95.141228
754,6.283333,-0.033731,0.027037,0.004310,0.999056,-215.075684,92.193695,95.178658
755,6.291667,-0.033718,0.026542,0.003943,0.999071,-215.066223,92.185959,95.214722
756,6.300000,-0.033723,0.026316,0.003607,0.999078,-215.059753,92.179855,95.249878
757,6.308333,-0.033760,0.026117,0.003718,0.999082,-215.058609,92.176170,95.283600
758,6.316667,-0.033788,0.025950,0.003913,0.999084,-215.057083,92.172966,95.317932
759,6.325000,-0.033962,0.025991,0.003808,0.999078,-215.055038,92.168877,95.350845
760,6.333333,-0.034298,0.026053,0.003377,0.999066,-215.051819,92.163918,95.382652
761,6.341667,-0.035180,0.026383,0.002897,0.999029,-215.047592,92.161789,95.426949
762,6.350000,-0.035476,0.026583,0.002400,0.999014,-215.040802,92.153694,95.463348
763,6.358333,-0.036542,0.027203,0.003052,0.998957,-215.035660,92.136421,95.505287
764,6.366667,-0.036847,0.027332,0.003058,0.998942,-215.033981,92.127754,95.542618
765,6.375000,-0.036920,0.027128,0.003008,0.998945,-215.031845,92.116791,95.577011
766,6.383333,-0.036900,0.027132,0.002761,0.998947,-215.031570,92.102150,95.614410
767,6.391667,-0.036848,0.027093,0.002392,0.998951,-215.029938,92.085678,95.646683
768,6.400000,-0.036565,0.027246,0.002255,0.998957,-215.028763,92.069214,95.677856
769,6.408333,-0.035988,0.027437,0.002412,0.998973,-215.025757,92.053047,95.712135
770,6.416667,-0.033505,0.028154,-0.000218,0.999042,-215.025787,92.044762,95.748451
771,6.425000,-0.032179,0.027774,-0.000849,0.999096,-215.029526,92.029488,95.769203
772,6.433333,-0.033285,0.027364,0.001901,0.999070,-215.031860,92.004814,95.805023
773,6.441667,-0.033352,0.027198,0.002754,0.999070,-215.033173,91.989182,95.835281
774,6.450000,-0.033646,0.027045,0.002877,0.999064,-215.030930,91.981194,95.864685
775,6.458333,-0.034079,0.026926,0.002956,0.999052,-215.027710,91.971405,95.893738
776,6.466667,-0.034098,0.026886,0.003062,0.999052,-215.028549,91.962669,95.925896
777,6.475000,-0.034043,0.026721,0.003121,0.999058,-215.031769,91.952827,95.951202
778,6.483333,-0.034076,0.026583,0.003088,0.999061,-215.036942,91.944885,95.976173
779,6.491667,-0.033981,0.026343,0.002916,0.999071,-215.039856,91.936890,95.996101
780,6.500000,-0.034024,0.026414,0.002662,0.999068,-215.040802,91.930893,96.022583
781,6.508333,-0.034218,0.026474,0.002499,0.999061,-215.042252,91.929504,96.041649
782,6.516667,-0.034510,0.026497,0.002388,0.999050,-215.043777,91.925819,96.056862
783,6.525000,-0.034341,0.026336,0.002619,0.999060,-215.048096,91.918411,96.063828
784,6.533333,-0.033930,0.026241,0.002815,0.999076,-215.049881,91.910759,96.072685
785,6.541667,-0.033901,0.026334,0.002799,0.999074,-215.049606,91.906990,96.083038
786,6.550000,-0.033929,0.026484,0.002747,0.999070,-215.047150,91.909340,96.094322
787,6.558333,-0.034330,0.026612,0.002680,0.999053,-215.044571,91.908745,96.101685
788,6.566667,-0.034576,0.026756,0.002783,0.999040,-215.043289,91.907455,96.109901
789,6.575000,-0.034975,0.026809,0.002654,0.999025,-215.043564,91.904190,96.115265
790,6.583333,-0.035388,0.026841,0.002863,0.999009,-215.045212,91.900887,96.120743
791,6.591667,-0.035717,0.026853,0.002649,0.998998,-215.046387,91.895035,96.125450
792,6.600000,-0.035824,0.026799,0.002660,0.998995,-215.046951,91.885445,96.130890
793,6.608333,-0.036424,0.027152,0.003622,0.998961,-215.046722,91.866371,96.143951
794,6.616667,-0.036164,0.026851,0.002583,0.998982,-215.046661,91.851295,96.148506
795,6.625000,-0.036245,0.026779,0.003287,0.998979,-215.046310,91.826355,96.160797
796,6.633333,-0.035218,0.026261,0.002064,0.999032,-215.046509,91.807747,96.163757
797,6.641667,-0.034662,0.025668,0.001234,0.999069,-215.047195,91.784569,96.166870
798,6.650000,-0.034663,0.025668,0.000813,0.999069,-215.044922,91.761337,96.184608
799,6.658333,-0.034176,0.025666,0.000760,0.999086,-215.041931,91.728714,96.193344
800,6.666667,-0.033526,0.025817,0.000769,0.999104,-215.041351,91.695351,96.203011
801,6.675000,-0.032444,0.025449,0.000879,0.999149,-215.046097,91.659393,96.199593
802,6.683333,-0.031174,0.024983,0.000976,0.999201,-215.052872,91.619476,96.200211
803,6.691667,-0.031361,0.025343,0.003386,0.999181,-215.049698,91.559586,96.211929
804,6.700000,-0.031070,0.025513,0.003543,0.999185,-215.048904,91.518379,96.216217
805,6.708333,-0.030865,0.025433,0.003318,0.999194,-215.051392,91.484375,96.218712
806,6.716667,-0.030427,0.025338,0.003163,0.999211,-215.051682,91.450218,96.218796
807,6.725000,-0.029790,0.025416,0.002993,0.999229,-215.054840,91.418694,96.221634
808,6.733333,-0.029117,0.025473,0.003196,0.999246,-215.056198,91.388680,96.225533
809,6.741667,-0.028545,0.025609,0.003189,0.999259,-215.057800,91.355446,96.228745
810,6.750000,-0.027808,0.025724,0.003161,0.999277,-215.059494,91.318054,96.234314
811,6.758333,-0.026806,0.025734,0.002900,0.999305,-215.057114,91.276787,96.239044
812,6.766667,-0.026383,0.026105,0.002177,0.999309,-215.051651,91.236183,96.257111
813,6.775000,-0.026153,0.026277,0.001473,0.999311,-215.045135,91.190575,96.265701
814,6.783333,-0.026161,0.026326,0.000839,0.999311,-215.042877,91.147461,96.272072
815,6.791667,-0.025620,0.026230,0.000629,0.999327,-215.043137,91.105743,96.281097
816,6.800000,-0.024231,0.025763,0.000607,0.999374,-215.049393,91.062187,96.284599
817,6.808333,-0.022565,0.025345,0.000254,0.999424,-215.055664,91.014740,96.294487
818,6.816667,-0.021607,0.024780,-0.000208,0.999459,-215.057129,90.970818,96.308594
819,6.825000,-0.022051,0.025238,0.001863,0.999436,-215.053085,90.915024,96.339706
820,6.833333,-0.021638,0.025382,0.002435,0.999441,-215.048508,90.880020,96.367874
821,6.841667,-0.021272,0.025461,0.002637,0.999446,-215.048798,90.860542,96.386726
822,6.850000,-0.020940,0.025594,0.002992,0.999449,-215.049698,90.847420,96.401840
823,6.858333,-0.020991,0.025622,0.003361,0.999446,-215.051224,90.840706,96.416435
824,6.866667,-0.021043,0.025630,0.003622,0.999443,-215.051300,90.837181,96.432961
825,6.875000,-0.020871,0.025780,0.003293,0.999444,-215.050247,90.838326,96.455353
826,6.883333,-0.020916,0.025914,0.003549,0.999439,-215.048859,90.839615,96.476189
827,6.891667,-0.020760,0.026034,0.003438,0.999440,-215.047592,90.846054,96.499596
828,6.900000,-0.020882,0.026174,0.003435,0.999433,-215.045578,90.853516,96.520988
829,6.908333,-0.020900,0.026697,0.002753,0.999421,-215.041428,90.868942,96.552933
830,6.916667,-0.021240,0.026727,0.002556,0.999414,-215.037872,90.887848,96.574455
831,6.925000,-0.022317,0.026110,0.003400,0.999404,-215.041702,90.914955,96.584717
832,6.933333,-0.022225,0.026373,0.003389,0.999399,-215.049622,90.941391,96.608505
833,6.941667,-0.022476,0.026363,0.003574,0.999393,-215.049057,90.965538,96.630974
834,6.950000,-0.022836,0.026347,0.003412,0.999386,-215.049820,90.993416,96.658340
835,6.958333,-0.023398,0.026233,0.003158,0.999377,-215.047195,91.021347,96.679436
836,6.966667,-0.024019,0.026123,0.003079,0.999365,-215.045135,91.048561,96.700233
837,6.975000,-0.024904,0.026015,0.003155,0.999346,-215.042572,91.075317,96.721848
838,6.983333,-0.025649,0.025890,0.002954,0.999331,-215.039154,91.101013,96.741585
839,6.991667,-0.026175,0.025921,0.002896,0.999317,-215.036224,91.121330,96.762863
840,7.000000,-0.026829,0.025723,0.002981,0.999305,-215.033051,91.136459,96.782326
841,7.008333,-0.027116,0.025677,0.002895,0.999298,-215.032440,91.149040,96.802315
842,7.016667,-0.027314,0.025561,0.003000,0.999296,-215.031357,91.154640,96.820633
843,7.025000,-0.027233,0.025459,0.003141,0.999300,-215.031601,91.158928,96.837669
844,7.033333,-0.027406,0.025374,0.002993,0.999298,-215.033554,91.164406,96.852631
845,7.041667,-0.027495,0.025282,0.003025,0.999298,-215.034454,91.169090,96.867546
846,7.050000,-0.027234,0.025296,0.002946,0.999305,-215.035126,91.172943,96.883926
847,7.058333,-0.027790,0.025469,0.002783,0.999285,-215.032654,91.179718,96.908394
848,7.066667,-0.027885,0.025700,0.002581,0.999277,-215.028000,91.183365,96.927574
849,7.075000,-0.027905,0.025924,0.002576,0.999271,-215.023987,91.185043,96.945663
850,7.083333,-0.028099,0.026351,0.002964,0.999253,-215.022827,91.181595,96.962357
851,7.091667,-0.028211,0.026676,0.003188,0.999241,-215.021973,91.181328,96.981384
852,7.100000,-0.028368,0.026796,0.003275,0.999233,-215.021179,91.178986,96.993477
853,7.108333,-0.028833,0.026891,0.003520,0.999216,-215.021164,91.177597,97.006493
854,7.116667,-0.029251,0.027116,0.003763,0.999197,-215.020081,91.177177,97.022934
855,7.125000,-0.029690,0.027304,0.003804,0.999179,-215.017944,91.173912,97.033897
856,7.133333,-0.030010,0.027447,0.003638,0.999166,-215.015930,91.167236,97.047768
857,7.141667,-0.030223,0.027397,0.003584,0.999161,-215.013428,91.159538,97.061737
858,7.150000,-0.030289,0.027512,0.003677,0.999156,-215.013306,91.150047,97.075150
859,7.158333,-0.030067,0.027504,0.003609,0.999163,-215.015411,91.140625,97.087799
860,7.166667,-0.029659,0.027336,0.003502,0.999180,-215.016602,91.130966,97.101288
861,7.175000,-0.029345,0.027108,0.003448,0.999196,-215.018585,91.118652,97.112198
862,7.183333,-0.028802,0.026877,0.003198,0.999219,-215.022186,91.106491,97.121796
863,7.191667,-0.028375,0.026757,0.003206,0.999234,-215.025375,91.091743,97.134087
864,7.200000,-0.027912,0.026587,0.003079,0.999252,-215.027710,91.076492,97.144768
865,7.208333,-0.027499,0.026478,0.002925,0.999267,-215.029877,91.058617,97.154968
866,7.216667,-0.026931,0.026035,0.002804,0.999294,-215.034515,91.038017,97.155975
867,7.225000,-0.025108,0.025915,0.002422,0.999346,-215.035172,91.002228,97.160019
868,7.233333,-0.024503,0.025686,0.001765,0.999368,-215.038177,90.970268,97.172600
869,7.241667,-0.025060,0.025269,0.001657,0.999365,-215.043259,90.949936,97.183487
870,7.250000,-0.024772,0.025303,0.001542,0.999372,-215.042145,90.926430,97.192314
871,7.258333,-0.024408,0.025506,0.001688,0.999375,-215.040588,90.904747,97.203270
872,7.266667,-0.024281,0.025691,0.001878,0.999373,-215.041321,90.883400,97.214470
873,7.275000,-0.023071,0.026107,0.000062,0.999393,-215.050415,90.877068,97.226799
874,7.283333,-0.022658,0.025811,0.000064,0.999410,-215.055557,90.857353,97.230164
875,7.291667,-0.022311,0.025668,0.000283,0.999421,-215.066345,90.831497,97.235527
876,7.300000,-0.022262,0.025534,0.000219,0.999426,-215.080841,90.799370,97.240623
877,7.308333,-0.023671,0.025985,0.002396,0.999379,-215.090820,90.742722,97.246216
878,7.316667,-0.023738,0.026361,0.002559,0.999367,-215.103958,90.692238,97.250130
879,7.325000,-0.023694,0.026346,0.002631,0.999369,-215.116150,90.642136,97.249207
880,7.333333,-0.023207,0.025594,0.003754,0.999396,-215.121033,90.580711,97.244736
881,7.341667,-0.021551,0.025352,0.003722,0.999439,-215.123032,90.522263,97.245392
882,7.350000,-0.020566,0.025559,0.003671,0.999455,-215.117996,90.473137,97.258667
883,7.358333,-0.019373,0.025751,0.003286,0.999475,-215.112442,90.430161,97.262177
884,7.366667,-0.018912,0.025600,0.002742,0.999490,-215.106079,90.395012,97.265846
885,7.375000,-0.018007,0.025280,0.002323,0.999516,-215.107437,90.365540,97.258232
886,7.383333,-0.017357,0.024946,0.002321,0.999535,-215.110260,90.341522,97.251717
887,7.391667,-0.017030,0.024769,0.002295,0.999546,-215.112350,90.326645,97.249619
888,7.400000,-0.016800,0.024821,0.002074,0.999549,-215.113098,90.312286,97.247627
889,7.408333,-0.015864,0.025047,0.001678,0.999559,-215.111404,90.296249,97.248596
890,7.416667,-0.015509,0.025023,0.001398,0.999566,-215.112122,90.291176,97.252342
891,7.425000,-0.015634,0.024910,0.001433,0.999566,-215.111450,90.294891,97.248199
892,7.433333,-0.016907,0.024655,0.001999,0.999551,-215.113739,90.317764,97.249748
893,7.441667,-0.017322,0.024855,0.002379,0.999538,-215.111588,90.332634,97.249260
894,7.450000,-0.017502,0.025076,0.002619,0.999529,-215.108231,90.341728,97.246284
895,7.458333,-0.017921,0.025212,0.002781,0.999518,-215.107269,90.343460,97.247879
896,7.466667,-0.018293,0.025300,0.002837,0.999509,-215.105774,90.336937,97.247864
897,7.475000,-0.018281,0.025398,0.002491,0.999507,-215.106293,90.324593,97.249039
898,7.483333,-0.017927,0.025181,0.002255,0.999520,-215.107132,90.316452,97.249878
899,7.491667,-0.017403,0.025047,0.001966,0.999533,-215.110184,90.311226,97.250679
900,7.500000,-0.015813,0.025104,0.001418,0.999559,-215.110153,90.305214,97.252640
901,7.508333,-0.015647,0.024923,0.001384,0.999566,-215.110916,90.309593,97.252228
902,7.516667,-0.015604,0.025005,0.001407,0.999565,-215.108673,90.316742,97.252571
903,7.525000,-0.015591,0.025177,0.001355,0.999561,-215.104294,90.320160,97.249016
904,7.533333,-0.016019,0.025171,0.001272,0.999554,-215.101746,90.320648,97.249672
905,7.541667,-0.017028,0.025134,0.001499,0.999538,-215.101151,90.321320,97.253021
906,7.550000,-0.017216,0.025060,0.001308,0.999537,-215.096786,90.313995,97.252777
907,7.558333,-0.017211,0.024925,0.000753,0.999541,-215.091919,90.307610,97.252014
908,7.566667,-0.017177,0.024814,0.000210,0.999545,-215.085556,90.307877,97.247864
909,7.575000,-0.016639,0.025099,-0.000491,0.999546,-215.077332,90.302071,97.241142
910,7.583333,-0.016849,0.025191,-0.001111,0.999540,-215.068481,90.303764,97.234955
911,7.591667,-0.018340,0.024933,-0.001415,0.999520,-215.058640,90.311172,97.227486
912,7.600000,-0.019473,0.024810,-0.002263,0.999500,-215.044266,90.307030,97.218582
913,7.608333,-0.020703,0.024788,-0.002953,0.999474,-215.031433,90.289894,97.207268
914,7.616667,-0.022099,0.024868,-0.003205,0.999441,-215.018677,90.251251,97.194527
915,7.625000,-0.021798,0.024843,-0.004630,0.999443,-215.013046,90.193039,97.166840
916,7.633333,-0.021387,0.024664,-0.005417,0.999452,-215.007751,90.147026,97.151329
917,7.641667,-0.021582,0.026111,-0.004182,0.999417,-215.000671,90.120872,97.168800
918,7.650000,-0.020512,0.027695,-0.004990,0.999394,-214.974304,90.125557,97.203949
919,7.658333,-0.019342,0.029147,-0.006014,0.999370,-214.950684,90.125160,97.238998
920,7.666667,-0.018132,0.030347,-0.007060,0.999350,-214.932297,90.116318,97.273438
921,7.675000,-0.016135,0.031780,-0.010015,0.999315,-214.928467,90.124046,97.310020
922,7.683333,-0.016124,0.033308,-0.008450,0.999279,-214.918060,90.107903,97.361191
923,7.691667,-0.015860,0.033889,-0.007414,0.999272,-214.920883,90.104301,97.419472
924,7.700000,-0.013367,0.034042,-0.006636,0.999309,-214.925812,90.093872,97.483673
925,7.708333,-0.010167,0.033696,-0.006223,0.999361,-214.928299,90.077873,97.550301
926,7.716667,-0.006312,0.033068,-0.005752,0.999417,-214.928940,90.054237,97.623734
927,7.725000,-0.001664,0.033730,-0.005622,0.999414,-214.922043,90.027504,97.712654
928,7.733333,0.002446,0.034195,-0.006398,0.999392,-214.920685,90.020401,97.806923
929,7.741667,0.005038,0.035083,-0.007710,0.999342,-214.926743,90.032539,97.895172
930,7.750000,0.006472,0.035178,-0.008163,0.999327,-214.918900,90.038269,97.961449
931,7.758333,0.007333,0.035081,-0.008543,0.999321,-214.899063,90.040329,98.011490
932,7.766667,0.007632,0.035346,-0.009462,0.999301,-214.880127,90.050674,98.055229
933,7.775000,0.008916,0.035552,-0.009661,0.999281,-214.861252,90.046432,98.072044
934,7.783333,0.009998,0.035676,-0.010050,0.999263,-214.844391,90.041908,98.078728
935,7.791667,0.010278,0.035777,-0.010355,0.999253,-214.827423,90.036377,98.072144
936,7.800000,0.009829,0.035584,-0.011362,0.999254,-214.812820,90.033783,98.062431
937,7.808333,0.009064,0.035026,-0.011940,0.999274,-214.795090,90.029716,98.038391
938,7.816667,0.007758,0.034199,-0.012578,0.999306,-214.783432,90.029411,98.005196
939,7.825000,0.005665,0.032247,-0.012460,0.999386,-214.773087,90.026031,97.955910
940,7.833333,0.003710,0.030055,-0.012554,0.999463,-214.766052,90.021584,97.896591
941,7.841667,0.002209,0.028359,-0.012180,0.999521,-214.765137,90.018745,97.840118
942,7.850000,0.001370,0.027300,-0.011797,0.999557,-214.781876,90.024185,97.789062
943,7.858333,0.000516,0.027109,-0.010575,0.999577,-214.811020,90.026787,97.753883
944,7.866667,-0.000090,0.027346,-0.008964,0.999586,-214.855408,90.027702,97.734253
945,7.875000,-0.000319,0.027615,-0.006665,0.999596,-214.913300,90.027832,97.725517
946,7.883333,-0.000377,0.027684,-0.004236,0.999608,-214.970535,90.027794,97.737793
947,7.891667,0.000048,0.027585,-0.003039,0.999615,-215.016434,90.029396,97.759659
948,7.900000,0.000636,0.027566,-0.001900,0.999618,-215.059402,90.030220,97.776588
949,7.908333,0.001136,0.027654,-0.001097,0.999616,-215.093231,90.031212,97.778587
950,7.916667,0.001052,0.027853,-0.000388,0.999611,-215.109009,90.028847,97.769463
951,7.925000,0.000525,0.028013,-0.000381,0.999607,-215.110992,90.028694,97.758865
952,7.933333,0.000043,0.028014,-0.000686,0.999607,-215.099503,90.028831,97.747078
953,7.941667,0.000276,0.027948,-0.001507,0.999608,-215.075806,90.027634,97.747162
954,7.950000,0.000824,0.028184,-0.002665,0.999599,-215.039825,90.025375,97.755539
955,7.958333,0.001313,0.028639,-0.004006,0.999581,-215.001419,90.020462,97.757683
956,7.966667,0.001631,0.029198,-0.005567,0.999557,-214.961594,90.015228,97.745178
957,7.975000,0.000830,0.029472,-0.007002,0.999541,-214.920593,90.018219,97.724396
958,7.983333,0.000449,0.029656,-0.008018,0.999528,-214.888947,90.024185,97.709534
959,7.991667,0.000249,0.030023,-0.008336,0.999514,-214.868515,90.026749,97.706886
960,8.000000,0.000443,0.030951,-0.008008,0.999489,-214.859848,90.027771,97.724487
961,8.008333,0.001162,0.031658,-0.007722,0.999468,-214.855835,90.029022,97.748009
962,8.016667,0.001816,0.031830,-0.007887,0.999461,-214.851196,90.026649,97.757111
963,8.025000,0.002066,0.031760,-0.008573,0.999457,-214.844604,90.023651,97.753502
964,8.033333,0.001882,0.031765,-0.008781,0.999455,-214.838028,90.022949,97.746529
965,8.041667,0.001799,0.031801,-0.008516,0.999456,-214.837357,90.022781,97.745728
966,8.050000,0.001638,0.031806,-0.008413,0.999457,-214.839508,90.022812,97.744919
967,8.058333,0.001347,0.031803,-0.008388,0.999458,-214.843536,90.022972,97.743050
968,8.066667,0.001396,0.031864,-0.008286,0.999457,-214.851379,90.024529,97.741440
969,8.075000,0.001231,0.031843,-0.007828,0.999461,-214.859268,90.024101,97.735687
970,8.083333,0.000929,0.031817,-0.007400,0.999466,-214.871078,90.022606,97.728500
971,8.091667,0.000961,0.031424,-0.007209,0.999480,-214.885406,90.023323,97.716072
972,8.100000,0.000630,0.031433,-0.006476,0.999485,-214.903168,90.020882,97.706238
973,8.108333,0.000324,0.031317,-0.005732,0.999493,-214.921219,90.020630,97.695480
974,8.116667,0.000424,0.031241,-0.005359,0.999497,-214.930222,90.018394,97.692841
975,8.125000,0.000582,0.031247,-0.005230,0.999498,-214.930252,90.016434,97.694557
976,8.133333,0.000593,0.031218,-0.005741,0.999496,-214.923950,90.016571,97.693001
977,8.141667,0.000672,0.030991,-0.006326,0.999499,-214.911621,90.017876,97.689423
978,8.150000,0.000673,0.031361,-0.006445,0.999487,-214.906311,90.020302,97.698425
979,8.158333,0.000561,0.031593,-0.006646,0.999479,-214.898804,90.020210,97.703621
980,8.166667,0.000483,0.031691,-0.006644,0.999476,-214.897018,90.021904,97.707169
981,8.175000,0.000428,0.031689,-0.006759,0.999475,-214.897293,90.022537,97.704300
982,8.183333,0.000325,0.031578,-0.006491,0.999480,-214.902115,90.023132,97.701805
983,8.191667,0.000326,0.031159,-0.006374,0.999494,-214.908020,90.022278,97.692749
984,8.200000,0.000228,0.031277,-0.005884,0.999493,-214.916809,90.019302,97.690704
985,8.208333,0.000410,0.031443,-0.005820,0.999489,-214.917999,90.019287,97.693977
986,8.216667,0.000561,0.031054,-0.006330,0.999498,-214.909821,90.019295,97.688698
987,8.225000,0.000506,0.031344,-0.006204,0.999489,-214.910370,90.019135,97.695122
988,8.233333,0.000552,0.031237,-0.006400,0.999491,-214.908340,90.020752,97.694054
989,8.241667,0.000212,0.031434,-0.006059,0.999488,-214.911835,90.020950,97.695892
990,8.250000,0.000234,0.031450,-0.006011,0.999487,-214.915039,90.021248,97.694656
991,8.258333,0.000500,0.031075,-0.006161,0.999498,-214.912704,90.019730,97.689468
992,8.266667,0.000483,0.031335,-0.006074,0.999490,-214.913589,90.017342,97.693245
993,8.275000,0.000450,0.031382,-0.006126,0.999489,-214.914520,90.018837,97.693237
994,8.283333,0.000296,0.031461,-0.006008,0.999487,-214.916641,90.019753,97.694328
995,8.291667,0.000303,0.031444,-0.006052,0.999487,-214.913971,90.019104,97.693542
996,8.300000,0.000386,0.031077,-0.006182,0.999498,-214.914108,90.020905,97.689125
997,8.308333,0.000195,0.031332,-0.005990,0.999491,-214.916656,90.020164,97.692253
998,8.316667,0.000392,0.031103,-0.006094,0.999498,-214.915222,90.019112,97.688995
999,8.325000,0.000476,0.030921,-0.006267,0.999502,-214.915054,90.019684,97.686172
1000,8.333333,0.000345,0.031250,-0.005969,0.999494,-214.916443,90.019485,97.690414
1001,8.341667,0.000471,0.031113,-0.006158,0.999497,-214.913651,90.018723,97.687981
1002,8.350000,0.000628,0.030915,-0.006297,0.999502,-214.913040,90.020195,97.687630
1003,8.358333,0.000386,0.031262,-0.006086,0.999493,-214.914536,90.019424,97.691391
1004,8.366667,0.000399,0.031428,-0.006152,0.999487,-214.914703,90.020348,97.693596
1005,8.375000,0.000376,0.031428,-0.006153,0.999487,-214.912323,90.020691,97.694000
1006,8.383333,0.000470,0.031053,-0.006234,0.999498,-214.912201,90.021614,97.689407
1007,8.391667,0.000378,0.031214,-0.005862,0.999496,-214.915054,90.021309,97.692009
1008,8.400000,0.000482,0.031041,-0.006217,0.999499,-214.912674,90.020599,97.688538
1009,8.408333,0.000351,0.031340,-0.006095,0.999490,-214.914444,90.020126,97.693985
1010,8.416667,0.000401,0.031207,-0.006152,0.999494,-214.913651,90.020912,97.691818
1011,8.425000,0.000299,0.031348,-0.006033,0.999490,-214.913635,90.020485,97.693451
1012,8.433333,0.000255,0.031419,-0.005936,0.999489,-214.912491,90.020081,97.694679
1013,8.441667,0.000271,0.031452,-0.006007,0.999487,-214.912704,90.019478,97.694000
1014,8.450000,0.000374,0.031424,-0.006225,0.999487,-214.912750,90.019836,97.693962
1015,8.458333,0.000410,0.031135,-0.006370,0.999495,-214.912277,90.020004,97.689453
1016,8.466667,0.000365,0.031323,-0.006055,0.999491,-214.914536,90.019325,97.691849
1017,8.475000,0.000436,0.031429,-0.006147,0.999487,-214.913635,90.019409,97.692757
1018,8.483333,0.000540,0.031153,-0.006278,0.999495,-214.912582,90.018814,97.689438
1019,8.491667,0.000388,0.031335,-0.006058,0.999490,-214.915726,90.019310,97.692009
1020,8.500000,0.000355,0.031407,-0.005984,0.999489,-214.914841,90.018669,97.692101
1021,8.508333,0.000356,0.031432,-0.006179,0.999487,-214.915207,90.019142,97.693352
1022,8.516667,0.000361,0.031427,-0.006032,0.999488,-214.915161,90.019417,97.692909
1023,8.525000,0.000505,0.031111,-0.006209,0.999497,-214.914780,90.019966,97.688522
1024,8.533333,0.000416,0.031269,-0.006096,0.999492,-214.915543,90.019211,97.691521
1025,8.541667,0.000184,0.031363,-0.006038,0.999490,-214.915222,90.019249,97.692894
1026,8.550000,0.000320,0.031472,-0.006089,0.999486,-214.915085,90.019630,97.694374
1027,8.558333,0.000438,0.031424,-0.006275,0.999486,-214.913803,90.019173,97.693993
1028,8.566667,0.000307,0.031441,-0.006125,0.999487,-214.914246,90.019424,97.695038
1029,8.575000,0.000302,0.031445,-0.006044,0.999487,-214.914413,90.019897,97.694786
1030,8.583333,0.000222,0.031401,-0.006043,0.999489,-214.913345,90.019592,97.694557
1031,8.591667,0.000329,0.031507,-0.006023,0.999485,-214.913849,90.020248,97.694344
1032,8.600000,0.000404,0.031137,-0.006340,0.999495,-214.912659,90.021301,97.689400
1033,8.608333,0.000397,0.030895,-0.006285,0.999503,-214.912918,90.020805,97.686798
1034,8.616667,0.000319,0.031189,-0.005987,0.999496,-214.913696,90.020012,97.689377
1035,8.625000,0.000454,0.031004,-0.006190,0.999500,-214.912338,90.020927,97.688004
1036,8.633333,0.000332,0.031338,-0.006111,0.999490,-214.913605,90.019882,97.691139
1037,8.641667,0.000375,0.031200,-0.006187,0.999494,-214.912582,90.020782,97.689499
1038,8.650000,0.000394,0.031299,-0.006068,0.999492,-214.913651,90.020515,97.691170
1039,8.658333,0.000272,0.031411,-0.006090,0.999488,-214.914108,90.020828,97.693756
1040,8.666667,0.000272,0.031383,-0.006070,0.999489,-214.913757,90.020767,97.692924
1041,8.675000,0.000301,0.031434,-0.006129,0.999487,-214.915298,90.020538,97.693863
1042,8.683333,0.000403,0.031422,-0.006095,0.999488,-214.914124,90.018913,97.693146
1043,8.691667,0.000312,0.031366,-0.006068,0.999490,-214.914841,90.018723,97.693184
1044,8.700000,0.000343,0.031394,-0.006076,0.999489,-214.915222,90.018616,97.693291
1045,8.708333,0.000358,0.031070,-0.006367,0.999497,-214.915054,90.020309,97.689621
1046,8.716667,0.000446,0.031287,-0.006139,0.999492,-214.916138,90.019295,97.691574
1047,8.725000,0.000367,0.031364,-0.006107,0.999489,-214.914948,90.017471,97.692284
1048,8.733333,0.000418,0.031386,-0.006092,0.999489,-214.914673,90.018219,97.694107
1049,8.741667,0.000456,0.031108,-0.006230,0.999497,-214.913132,90.019730,97.689423
1050,8.750000,0.000425,0.030965,-0.006216,0.999501,-214.913437,90.019272,97.686226
1051,8.758333,0.000403,0.031309,-0.005851,0.999493,-214.914734,90.019035,97.691795
1052,8.766667,0.000406,0.031132,-0.006198,0.999496,-214.911743,90.019295,97.689125
1053,8.775000,0.000435,0.031386,-0.006193,0.999488,-214.912872,90.020271,97.692528
1054,8.783333,0.000582,0.031179,-0.006278,0.999494,-214.911362,90.021172,97.689072
1055,8.791667,0.000359,0.031293,-0.006191,0.999491,-214.913422,90.019951,97.691277
1056,8.800000,0.000209,0.031455,-0.006148,0.999486,-214.914062,90.020287,97.693428
1057,8.808333,0.000448,0.031196,-0.006405,0.999493,-214.912933,90.020927,97.689644
1058,8.816667,0.000379,0.031349,-0.006109,0.999490,-214.914658,90.019958,97.692314
1059,8.825000,0.000345,0.031422,-0.006058,0.999488,-214.913986,90.019012,97.692207
1060,8.833333,0.000282,0.031461,-0.006076,0.999487,-214.913986,90.019669,97.694519
1061,8.841667,0.000289,0.031434,-0.006174,0.999487,-214.913818,90.020638,97.694023
1062,8.850000,0.000287,0.031436,-0.006097,0.999487,-214.914185,90.020767,97.693672
1063,8.858333,0.000321,0.031490,-0.006161,0.999485,-214.914291,90.020546,97.693832
1064,8.866667,0.000438,0.031191,-0.006228,0.999494,-214.914246,90.020210,97.690132
1065,8.875000,0.000415,0.031295,-0.005953,0.999492,-214.915375,90.019020,97.692581
1066,8.883333,0.000381,0.031071,-0.006084,0.999499,-214.914078,90.018837,97.689781
1067,8.891667,0.000312,0.031326,-0.006108,0.999490,-214.914536,90.018082,97.692413
1068,8.900000,0.000349,0.031492,-0.006006,0.999486,-214.914398,90.018234,97.694595
1069,8.908333,0.000261,0.031427,-0.005927,0.999488,-214.913391,90.018761,97.693253
1070,8.916667,0.000421,0.031490,-0.005916,0.999487,-214.914749,90.019020,97.694138
1071,8.925000,0.000335,0.031343,-0.005859,0.999492,-214.913681,90.017899,97.693222
1072,8.933333,0.000403,0.031410,-0.005985,0.999489,-214.915390,90.019760,97.693100
1073,8.941667,0.000305,0.031427,-0.005945,0.999488,-214.915604,90.019173,97.693459
1074,8.950000,0.000445,0.031110,-0.006157,0.999497,-214.915390,90.020355,97.689888
1075,8.958333,0.000410,0.031291,-0.005905,0.999493,-214.916397,90.018669,97.692230
1076,8.966667,0.000356,0.031413,-0.005992,0.999488,-214.916199,90.019722,97.693840
1077,8.975000,0.000287,0.031413,-0.005878,0.999489,-214.915710,90.020187,97.696373
1078,8.983333,0.000362,0.031450,-0.006051,0.999487,-214.914627,90.020248,97.696648
1079,8.991667,0.000355,0.031424,-0.006027,0.999488,-214.914459,90.020226,97.696754
1080,9.000000,0.000399,0.031511,-0.005889,0.999486,-214.914490,90.020653,97.698746
1081,9.008333,0.000307,0.031541,-0.005974,0.999485,-214.913681,90.022018,97.699341
1082,9.016667,0.000330,0.031522,-0.006001,0.999485,-214.913803,90.022766,97.699516
1083,9.025000,0.000405,0.031507,-0.005951,0.999486,-214.912659,90.021812,97.698349
1084,9.033333,0.000378,0.031486,-0.005969,0.999486,-214.913040,90.021172,97.698090
1085,9.041667,0.000454,0.031465,-0.005889,0.999488,-214.913315,90.020958,97.696907
1086,9.050000,0.000307,0.031438,-0.005930,0.999488,-214.913483,90.020744,97.695465
1087,9.058333,0.000339,0.031505,-0.006002,0.999486,-214.914032,90.021049,97.695526
1088,9.066667,0.000299,0.031350,-0.005990,0.999490,-214.914734,90.021584,97.692451
1089,9.075000,0.000262,0.031290,-0.006041,0.999492,-214.916534,90.021622,97.691086
1090,9.083333,0.000452,0.031426,-0.006161,0.999487,-214.917084,90.021553,97.690781
1091,9.091667,0.000213,0.031377,-0.005979,0.999490,-214.916992,90.020256,97.689713
1092,9.100000,0.000300,0.031455,-0.005916,0.999488,-214.917969,90.020805,97.690552
1093,9.108333,0.000337,0.031389,-0.005955,0.999490,-214.917755,90.020386,97.689148
1094,9.116667,0.000490,0.031001,-0.006032,0.999501,-214.918396,90.021713,97.685814
1095,9.125000,0.000457,0.031182,-0.005984,0.999496,-214.919617,90.020996,97.687950
1096,9.133333,0.000338,0.031295,-0.005915,0.999493,-214.919312,90.020058,97.690788
1097,9.141667,0.000387,0.031457,-0.006049,0.999487,-214.918945,90.020897,97.694328
1098,9.150000,0.000271,0.031432,-0.005957,0.999488,-214.917130,90.021317,97.695633
1099,9.158333,0.000241,0.031426,-0.006005,0.999488,-214.917130,90.022102,97.698608
1100,9.166667,0.000469,0.031461,-0.005999,0.999487,-214.916809,90.021080,97.698730
1101,9.175000,0.000418,0.031464,-0.005966,0.999487,-214.917068,90.021858,97.699562
1102,9.183333,0.000327,0.031469,-0.006127,0.999486,-214.916809,90.022430,97.700943
1103,9.191667,0.000406,0.031475,-0.006166,0.999485,-214.916061,90.022484,97.699150
1104,9.200000,0.000338,0.031503,-0.006041,0.999485,-214.916779,90.023003,97.700394
1105,9.208333,0.000322,0.031489,-0.006039,0.999486,-214.916565,90.023277,97.698799
1106,9.216667,0.000380,0.031491,-0.006165,0.999485,-214.917572,90.023880,97.697815
1107,9.225000,0.000260,0.031487,-0.005986,0.999486,-214.917786,90.021873,97.696472
1108,9.233333,0.000249,0.031367,-0.005968,0.999490,-214.918213,90.021317,97.693657
1109,9.241667,0.000259,0.031396,-0.005941,0.999489,-214.919876,90.021965,97.693459
1110,9.250000,0.000392,0.031054,-0.006212,0.999498,-214.919617,90.022972,97.687683
1111,9.258333,0.000319,0.031311,-0.006065,0.999491,-214.921600,90.021988,97.689705
1112,9.266667,0.000423,0.031122,-0.006058,0.999497,-214.921188,90.021233,97.686546
1113,9.275000,0.000429,0.030940,-0.006235,0.999502,-214.921661,90.022049,97.684921
1114,9.283333,0.000380,0.031277,-0.006017,0.999493,-214.922623,90.021439,97.690178
1115,9.291667,0.000342,0.031313,-0.005997,0.999492,-214.921692,90.021210,97.692047
1116,9.300000,0.000425,0.031459,-0.006145,0.999486,-214.921432,90.022400,97.694359
1117,9.308333,0.000386,0.031421,-0.006124,0.999487,-214.921066,90.022926,97.695442
1118,9.316667,0.000360,0.031442,-0.006171,0.999487,-214.921310,90.022888,97.696083
1119,9.325000,0.000353,0.031454,-0.006224,0.999486,-214.922073,90.022835,97.698143
1120,9.333333,0.000335,0.031427,-0.006141,0.999487,-214.921265,90.022202,97.696999
1121,9.341667,0.000402,0.031474,-0.006067,0.999486,-214.922455,90.021370,97.697861
1122,9.350000,0.000440,0.031450,-0.006103,0.999487,-214.923050,90.022049,97.697342
1123,9.358333,0.000368,0.031420,-0.006027,0.999488,-214.922958,90.021805,97.696404
1124,9.366667,0.000319,0.031422,-0.006073,0.999488,-214.922760,90.022308,97.696297
1125,9.375000,0.000427,0.031099,-0.006163,0.999497,-214.922592,90.021866,97.691795
1126,9.383333,0.000421,0.031400,-0.005921,0.999489,-214.925247,90.020645,97.694000
1127,9.391667,0.000323,0.031398,-0.006114,0.999488,-214.924072,90.020782,97.692993
1128,9.400000,0.000416,0.031479,-0.006121,0.999486,-214.923401,90.021385,97.693199
1129,9.408333,0.000295,0.031429,-0.006019,0.999488,-214.923737,90.021965,97.692825
1130,9.416667,0.000282,0.031463,-0.006004,0.999487,-214.924103,90.021973,97.691887
1131,9.425000,0.000330,0.031471,-0.005987,0.999487,-214.924316,90.021469,97.692085
1132,9.433333,0.000454,0.031129,-0.006138,0.999496,-214.924286,90.022400,97.688004
1133,9.441667,0.000406,0.031399,-0.005961,0.999489,-214.925812,90.021423,97.691673
1134,9.450000,0.000410,0.031478,-0.006017,0.999486,-214.925507,90.020927,97.693680
1135,9.458333,0.000365,0.031444,-0.006052,0.999487,-214.925507,90.021500,97.694321
1136,9.466667,0.000320,0.031525,-0.006063,0.999485,-214.926392,90.022240,97.696640
1137,9.475000,0.000302,0.031439,-0.006046,0.999487,-214.926178,90.020683,97.695023
1138,9.483333,0.000366,0.031495,-0.006064,0.999485,-214.928467,90.021446,97.696625
1139,9.491667,0.000360,0.031424,-0.005971,0.999488,-214.928009,90.020409,97.696304
1140,9.500000,0.000299,0.031448,-0.006026,0.999487,-214.929321,90.021027,97.695923
1141,9.508333,0.000300,0.031442,-0.006004,0.999488,-214.929993,90.021500,97.695992
1142,9.516667,0.000325,0.031424,-0.006006,0.999488,-214.930649,90.021011,97.695427
1143,9.525000,0.000405,0.031412,-0.006083,0.999488,-214.931351,90.021172,97.694939
1144,9.533333,0.000311,0.031440,-0.005845,0.999489,-214.931656,90.018829,97.694878
1145,9.541667,0.000258,0.031393,-0.006042,0.999489,-214.932205,90.020493,97.694656
1146,9.550000,0.000415,0.031458,-0.006110,0.999486,-214.931992,90.019318,97.693970
1147,9.558333,0.000432,0.031382,-0.006093,0.999489,-214.931702,90.019806,97.693748
1148,9.566667,0.000463,0.031455,-0.006155,0.999486,-214.931992,90.019958,97.694504
