Format Version,1.25,Take Name,Take 2025-11-27 02.41.14 PM,Take Notes,,Capture Frame Rate,120.000000,Export Frame Rate,120.000000,Capture Start Time,2025-11-27 02.41.15.162 PM,Capture Start Frame,1567586,Total Frames in Take,1150,Total Exported Frames,1150,Rotation Type,Quaternion,Length Units,Centimeters,Coordinate Space,Global

,Type,Rigid Body,Rigid Body,Rigid Body,Rigid Body,Rigid Body,Rigid Body,Rigid Body
,Name,SEE_medium,SEE_medium,SEE_medium,SEE_medium,SEE_medium,SEE_medium,SEE_medium
,ID,99D1A06ACB9411F031C44B617C101E92,99D1A06ACB9411F031C44B617C101E92,99D1A06ACB9411F031C44B617C101E92,99D1A06ACB9411F031C44B617C101E92,99D1A06ACB9411F031C44B617C101E92,99D1A06ACB9411F031C44B617C101E92,99D1A06ACB9411F031C44B617C101E92
,Parent,,,,,,,
,,Rotation,Rotation,Rotation,Rotation,Position,Position,Position
Frame,Time (Seconds),X,Y,Z,W,X,Y,Z
0,0.000000,0.002482,0.022560,-0.003637,0.999736,-215.592407,90.109894,84.395943
1,0.008333,0.002933,0.022491,-0.003153,0.999738,-215.606659,90.108681,84.394821
2,0.016667,0.003469,0.022657,-0.002330,0.999735,-215.617020,90.111069,84.390732
3,0.025000,0.003252,0.022660,-0.002093,0.999736,-215.627319,90.113571,84.388260
4,0.033333,0.003018,0.022698,-0.001730,0.999736,-215.634659,90.114624,84.387817
5,0.041667,0.003036,0.022733,-0.001333,0.999736,-215.643066,90.117424,84.386482
6,0.050000,0.002133,0.022897,0.000010,0.999736,-215.648239,90.109116,84.391693
7,0.058333,0.002030,0.023082,0.000344,0.999731,-215.656754,90.108574,84.393349
8,0.066667,0.002002,0.023088,0.000630,0.999731,-215.664368,90.108467,84.393318
9,0.075000,0.002134,0.023133,0.000845,0.999730,-215.672394,90.109947,84.392265
10,0.083333,0.002170,0.023114,0.001045,0.999730,-215.680023,90.112183,84.392387
11,0.091667,0.002024,0.023126,0.001226,0.999730,-215.688187,90.112099,84.392891
12,0.100000,0.001960,0.023224,0.001382,0.999727,-215.697357,90.111801,84.392609
13,0.108333,0.001893,0.023298,0.001682,0.999725,-215.707581,90.112679,84.391472
14,0.116667,0.001837,0.023335,0.001971,0.999724,-215.718964,90.114899,84.390778
15,0.125000,0.001631,0.023286,0.002378,0.999725,-215.729858,90.115356,84.389580
16,0.133333,0.001672,0.023317,0.002707,0.999723,-215.741089,90.115974,84.386810
17,0.141667,0.001664,0.023424,0.002797,0.999720,-215.754196,90.118378,84.385414
18,0.150000,0.000569,0.023137,0.003416,0.999726,-215.768433,90.126358,84.383736
19,0.158333,0.000119,0.023197,0.003699,0.999724,-215.779190,90.129982,84.381622
20,0.166667,-0.000189,0.023273,0.004098,0.999721,-215.787506,90.132179,84.380165
21,0.175000,-0.000485,0.023402,0.004310,0.999717,-215.796799,90.134552,84.378922
22,0.183333,-0.000840,0.023469,0.004501,0.999714,-215.806030,90.135445,84.377563
23,0.191667,-0.001129,0.023449,0.004703,0.999713,-215.815323,90.137466,84.377686
24,0.200000,-0.001336,0.023466,0.004915,0.999712,-215.826767,90.139893,84.377174
25,0.208333,-0.001366,0.023463,0.005364,0.999709,-215.836670,90.140732,84.377274
26,0.216667,-0.001295,0.023373,0.005703,0.999710,-215.846893,90.140579,84.378448
27,0.225000,-0.000964,0.023399,0.005955,0.999708,-215.854553,90.139282,84.379051
28,0.233333,-0.001166,0.023181,0.006183,0.999712,-215.856644,90.140411,84.385414
29,0.241667,-0.000860,0.023149,0.006078,0.999713,-215.855957,90.137497,84.388344
30,0.250000,-0.000303,0.023088,0.005518,0.999718,-215.853851,90.134720,84.384323
31,0.258333,-0.000024,0.023220,0.005285,0.999716,-215.847534,90.132416,84.383926
32,0.266667,-0.000451,0.023208,0.005415,0.999716,-215.844757,90.135918,84.388229
33,0.275000,-0.000300,0.023279,0.005306,0.999715,-215.844696,90.135109,84.382637
34,0.283333,-0.000326,0.023347,0.005433,0.999713,-215.846634,90.135475,84.379784
35,0.291667,-0.000909,0.023279,0.005672,0.999713,-215.848679,90.140327,84.384491
36,0.300000,-0.000837,0.023299,0.005728,0.999712,-215.848358,90.140244,84.385094
37,0.308333,-0.000462,0.023230,0.005527,0.999715,-215.847946,90.136078,84.378487
38,0.316667,-0.000202,0.023289,0.005197,0.999715,-215.846069,90.134636,84.377495
39,0.325000,-0.000794,0.023194,0.005550,0.999715,-215.847092,90.137161,84.382812
40,0.333333,-0.000828,0.023210,0.005639,0.999714,-215.848419,90.136543,84.385612
41,0.341667,-0.000321,0.023386,0.005564,0.999711,-215.850647,90.132874,84.381500
42,0.350000,-0.000867,0.023292,0.005713,0.999712,-215.855362,90.135895,84.386124
43,0.358333,-0.000430,0.023476,0.005501,0.999709,-215.858429,90.132217,84.382179
44,0.366667,-0.000830,0.023345,0.005571,0.999712,-215.862061,90.135696,84.385422
45,0.375000,-0.000860,0.023335,0.005639,0.999711,-215.862915,90.135620,84.388245
46,0.383333,-0.000352,0.023420,0.005596,0.999710,-215.863281,90.131966,84.383163
47,0.391667,-0.000728,0.023334,0.005875,0.999710,-215.863495,90.135918,84.388092
48,0.400000,-0.000650,0.023355,0.005793,0.999710,-215.861588,90.135788,84.388054
49,0.408333,-0.000833,0.023452,0.005761,0.999708,-215.864700,90.137634,84.388329
50,0.416667,-0.001095,0.023471,0.005993,0.999706,-215.867783,90.138252,84.386612
51,0.425000,-0.001076,0.023505,0.005969,0.999705,-215.866180,90.137459,84.385765
52,0.433333,-0.001125,0.023505,0.006058,0.999705,-215.866730,90.137566,84.385048
53,0.441667,-0.001098,0.023501,0.006020,0.999705,-215.865540,90.138329,84.385590
54,0.450000,-0.001072,0.023582,0.006040,0.999703,-215.864563,90.138802,84.385010
55,0.458333,-0.001039,0.023577,0.006072,0.999703,-215.864609,90.139366,84.384697
56,0.466667,-0.001070,0.023548,0.006174,0.999703,-215.864868,90.139153,84.384842
57,0.475000,-0.001082,0.023551,0.006153,0.999703,-215.865143,90.138039,84.384270
58,0.483333,-0.001132,0.023522,0.006079,0.999704,-215.865662,90.138214,84.384087
59,0.491667,-0.001065,0.023553,0.006074,0.999704,-215.865921,90.138130,84.383911
60,0.500000,-0.001142,0.023537,0.006097,0.999704,-215.866165,90.137276,84.384605
61,0.508333,-0.001142,0.023587,0.006104,0.999703,-215.868591,90.136406,84.381332
62,0.516667,-0.001159,0.023659,0.006030,0.999701,-215.869232,90.138161,84.383102
63,0.525000,-0.001243,0.023691,0.006009,0.999701,-215.870972,90.137794,84.381065
64,0.533333,-0.001315,0.023716,0.006107,0.999699,-215.871307,90.138260,84.379242
65,0.541667,-0.001506,0.023752,0.006045,0.999699,-215.869614,90.139481,84.382942
66,0.550000,-0.001521,0.023830,0.006207,0.999696,-215.870316,90.138901,84.380638
67,0.558333,-0.001660,0.023912,0.006197,0.999694,-215.871674,90.139740,84.382027
68,0.566667,-0.001584,0.023886,0.006171,0.999694,-215.874130,90.140411,84.378487
69,0.575000,-0.001671,0.023922,0.006232,0.999693,-215.872360,90.141281,84.381104
70,0.583333,-0.001198,0.023930,0.006195,0.999694,-215.873672,90.138313,84.377983
71,0.591667,-0.001490,0.023753,0.006303,0.999697,-215.874023,90.140099,84.382416
72,0.600000,-0.001312,0.023684,0.006362,0.999698,-215.873306,90.136902,84.383659
73,0.608333,-0.001053,0.023665,0.006157,0.999700,-215.873978,90.136703,84.383720
74,0.616667,-0.001026,0.023609,0.006101,0.999702,-215.874146,90.135300,84.383743
75,0.625000,-0.000989,0.023534,0.006057,0.999704,-215.875061,90.133438,84.383446
76,0.633333,-0.000773,0.023619,0.006085,0.999702,-215.876724,90.134926,84.383598
77,0.641667,-0.000759,0.023569,0.006242,0.999703,-215.876190,90.135597,84.384422
78,0.650000,-0.000864,0.023502,0.006196,0.999704,-215.875320,90.135231,84.384705
79,0.658333,-0.000877,0.023528,0.006155,0.999704,-215.875061,90.135902,84.384140
80,0.666667,-0.000918,0.023615,0.006217,0.999701,-215.874405,90.136681,84.384911
81,0.675000,-0.000823,0.023685,0.006241,0.999700,-215.874405,90.136856,84.381958
82,0.683333,-0.001101,0.023665,0.006322,0.999699,-215.874435,90.137863,84.380928
83,0.691667,-0.001226,0.023710,0.006382,0.999698,-215.873688,90.138840,84.380623
84,0.700000,-0.001424,0.023763,0.006306,0.999697,-215.871979,90.140068,84.383179
85,0.708333,-0.001327,0.023824,0.006322,0.999695,-215.872314,90.139771,84.380142
86,0.716667,-0.001397,0.023823,0.006336,0.999695,-215.872604,90.140350,84.377563
87,0.725000,-0.001514,0.023910,0.006281,0.999693,-215.872284,90.141220,84.377052
88,0.733333,-0.001866,0.023924,0.006374,0.999692,-215.870712,90.141838,84.379189
89,0.741667,-0.001842,0.023926,0.006351,0.999692,-215.870575,90.141403,84.379562
90,0.750000,-0.001811,0.023835,0.006341,0.999694,-215.870880,90.140984,84.379913
91,0.758333,-0.001693,0.023860,0.006267,0.999694,-215.872650,90.140709,84.379974
92,0.766667,-0.001505,0.023840,0.006375,0.999694,-215.873642,90.138908,84.379677
93,0.775000,-0.001334,0.023769,0.006257,0.999697,-215.874313,90.138504,84.380592
94,0.783333,-0.001117,0.023692,0.006256,0.999699,-215.876099,90.138176,84.378273
95,0.791667,-0.001099,0.023672,0.006184,0.999700,-215.876221,90.137505,84.382095
96,0.800000,-0.000932,0.023651,0.006204,0.999701,-215.876099,90.135994,84.383514
97,0.808333,-0.000859,0.023650,0.006063,0.999702,-215.875366,90.135376,84.383736
98,0.816667,-0.000888,0.023649,0.006022,0.999702,-215.876862,90.134468,84.381004
99,0.825000,-0.001027,0.023641,0.006051,0.999702,-215.875488,90.135918,84.384216
100,0.833333,-0.000995,0.023634,0.006116,0.999702,-215.874481,90.136238,84.386154
101,0.841667,-0.000895,0.023649,0.006309,0.999700,-215.874191,90.137238,84.387413
102,0.850000,-0.000901,0.023606,0.006276,0.999701,-215.873001,90.136940,84.387215
103,0.858333,-0.000938,0.023616,0.006194,0.999702,-215.873093,90.137749,84.387123
104,0.866667,-0.000807,0.023674,0.006109,0.999701,-215.873886,90.137947,84.383675
105,0.875000,-0.001116,0.023719,0.006296,0.999698,-215.873093,90.138229,84.386620
106,0.883333,-0.001166,0.023752,0.006301,0.999697,-215.874313,90.138145,84.386375
107,0.891667,-0.001079,0.023781,0.006335,0.999696,-215.875000,90.137466,84.385857
108,0.900000,-0.001007,0.023742,0.006296,0.999698,-215.875412,90.138023,84.385765
109,0.908333,-0.001060,0.023668,0.006423,0.999699,-215.877869,90.138443,84.385147
110,0.916667,-0.001006,0.023703,0.006445,0.999698,-215.878815,90.136810,84.384834
111,0.925000,-0.000973,0.023664,0.006434,0.999699,-215.879532,90.136658,84.384499
112,0.933333,-0.000891,0.023627,0.006257,0.999701,-215.880081,90.137756,84.383133
113,0.941667,-0.000960,0.023725,0.006277,0.999698,-215.880676,90.136871,84.383278
114,0.950000,-0.000990,0.023778,0.006295,0.999697,-215.881943,90.136345,84.382668
115,0.958333,-0.001008,0.023747,0.006237,0.999698,-215.882233,90.136116,84.382622
116,0.966667,-0.001061,0.023664,0.006296,0.999700,-215.881104,90.136055,84.382217
117,0.975000,-0.001019,0.023737,0.006414,0.999697,-215.880890,90.135643,84.382706
118,0.983333,-0.000964,0.023730,0.006477,0.999697,-215.880966,90.135750,84.383904
119,0.991667,-0.000925,0.023706,0.006308,0.999699,-215.880295,90.135078,84.383514
120,1.000000,-0.000915,0.023695,0.006261,0.999699,-215.880493,90.134636,84.380257
121,1.008333,-0.001098,0.023743,0.006398,0.999697,-215.880035,90.135620,84.382767
122,1.016667,-0.001081,0.023737,0.006300,0.999698,-215.880493,90.135452,84.380577
123,1.025000,-0.001249,0.023748,0.006424,0.999697,-215.879181,90.135605,84.382568
124,1.033333,-0.001221,0.023780,0.006387,0.999696,-215.879318,90.136894,84.383812
125,1.041667,-0.001190,0.023807,0.006526,0.999695,-215.879944,90.136307,84.383591
126,1.050000,-0.001230,0.023781,0.006511,0.999695,-215.879822,90.135498,84.383514
127,1.058333,-0.001120,0.023818,0.006334,0.999696,-215.879852,90.136810,84.383125
128,1.066667,-0.001142,0.023722,0.006514,0.999697,-215.879135,90.136734,84.382942
129,1.075000,-0.001083,0.023706,0.006642,0.999696,-215.881271,90.136703,84.379784
130,1.083333,-0.001189,0.023750,0.006575,0.999696,-215.880966,90.138313,84.382286
131,1.091667,-0.001118,0.023697,0.006561,0.999697,-215.879532,90.137993,84.382744
132,1.100000,-0.000964,0.023678,0.006424,0.999699,-215.878876,90.139191,84.382591
133,1.108333,-0.001019,0.023703,0.006486,0.999697,-215.879440,90.138969,84.383659
134,1.116667,-0.001005,0.023708,0.006588,0.999697,-215.879730,90.137955,84.384468
135,1.125000,-0.000946,0.023698,0.006463,0.999698,-215.878387,90.137619,84.385208
136,1.133333,-0.000995,0.023677,0.006438,0.999698,-215.877884,90.136787,84.384537
137,1.141667,-0.000957,0.023744,0.006437,0.999697,-215.879562,90.135712,84.381355
138,1.150000,-0.001163,0.023790,0.006464,0.999695,-215.879150,90.136429,84.385101
139,1.158333,-0.001054,0.023744,0.006279,0.999698,-215.878006,90.136566,84.385284
140,1.166667,-0.001029,0.023707,0.006194,0.999699,-215.878708,90.138115,84.385429
141,1.175000,-0.001111,0.023683,0.006520,0.999698,-215.878479,90.137131,84.386360
142,1.183333,-0.000944,0.023678,0.006383,0.999699,-215.879089,90.136459,84.386597
143,1.191667,-0.000886,0.023664,0.006375,0.999699,-215.878708,90.136307,84.385834
144,1.200000,-0.000869,0.023635,0.006361,0.999700,-215.878555,90.136566,84.385971
145,1.208333,-0.000808,0.023710,0.006420,0.999698,-215.879959,90.135605,84.382408
146,1.216667,-0.000966,0.023745,0.006342,0.999697,-215.879532,90.136368,84.384193
147,1.225000,-0.000955,0.023713,0.006287,0.999699,-215.879898,90.136131,84.380684
148,1.233333,-0.001057,0.023722,0.006201,0.999699,-215.878677,90.136772,84.379768
149,1.241667,-0.001225,0.023776,0.006423,0.999696,-215.877609,90.138191,84.382553
150,1.250000,-0.001209,0.023777,0.006466,0.999696,-215.877197,90.137527,84.383545
151,1.258333,-0.001283,0.023830,0.006547,0.999694,-215.877502,90.137100,84.384209
152,1.266667,-0.001211,0.023803,0.006542,0.999695,-215.877579,90.136871,84.383324
153,1.275000,-0.001223,0.023761,0.006525,0.999696,-215.878677,90.137138,84.384865
154,1.283333,-0.001088,0.023728,0.006666,0.999696,-215.879745,90.137268,84.386177
155,1.291667,-0.000921,0.023671,0.006531,0.999698,-215.879059,90.137970,84.386139
156,1.300000,-0.000880,0.023589,0.006442,0.999701,-215.878769,90.137367,84.383392
157,1.308333,-0.001004,0.023636,0.006504,0.999699,-215.877441,90.138092,84.384567
158,1.316667,-0.001022,0.023645,0.006543,0.999699,-215.877838,90.137001,84.381660
159,1.325000,-0.001201,0.023716,0.006554,0.999696,-215.879227,90.139320,84.380844
160,1.333333,-0.001323,0.023792,0.006677,0.999694,-215.877838,90.140274,84.383698
161,1.341667,-0.001142,0.023788,0.006583,0.999695,-215.876816,90.140053,84.383118
162,1.350000,-0.001069,0.023778,0.006559,0.999695,-215.876724,90.138657,84.379929
163,1.358333,-0.001216,0.023855,0.006504,0.999694,-215.876556,90.138512,84.381584
164,1.366667,-0.001337,0.023816,0.006411,0.999695,-215.877350,90.138412,84.382515
165,1.375000,-0.001305,0.023846,0.006402,0.999694,-215.878418,90.137787,84.383118
166,1.383333,-0.001181,0.023791,0.006493,0.999695,-215.879227,90.137482,84.383171
167,1.391667,-0.001010,0.023777,0.006465,0.999696,-215.879028,90.136787,84.383812
168,1.400000,-0.001037,0.023641,0.006275,0.999700,-215.879089,90.136635,84.384033
169,1.408333,-0.000964,0.023651,0.006330,0.999700,-215.879868,90.135506,84.380402
170,1.416667,-0.001070,0.023726,0.006420,0.999697,-215.879364,90.136429,84.383278
171,1.425000,-0.001202,0.023660,0.006502,0.999698,-215.879059,90.135674,84.384232
172,1.433333,-0.001038,0.023645,0.006524,0.999699,-215.878433,90.136650,84.383446
173,1.441667,-0.001071,0.023650,0.006482,0.999699,-215.878815,90.136894,84.384651
174,1.450000,-0.001058,0.023616,0.006456,0.999700,-215.878479,90.136909,84.383926
175,1.458333,-0.001008,0.023603,0.006505,0.999700,-215.878769,90.137077,84.384651
176,1.466667,-0.000952,0.023642,0.006593,0.999698,-215.879013,90.136871,84.385185
177,1.475000,-0.000942,0.023659,0.006530,0.999698,-215.878510,90.137321,84.385422
178,1.483333,-0.001027,0.023637,0.006545,0.999699,-215.877274,90.137283,84.385651
179,1.491667,-0.001038,0.023667,0.006552,0.999698,-215.877014,90.137253,84.385384
180,1.500000,-0.001103,0.023698,0.006584,0.999697,-215.877289,90.137497,84.385185
181,1.508333,-0.001097,0.023702,0.006578,0.999697,-215.876984,90.137398,84.385719
182,1.516667,-0.000965,0.023680,0.006528,0.999698,-215.877289,90.137497,84.382980
183,1.525000,-0.001029,0.023715,0.006576,0.999697,-215.875702,90.138489,84.384224
184,1.533333,-0.001041,0.023750,0.006605,0.999696,-215.875412,90.138969,84.385612
185,1.541667,-0.001082,0.023701,0.006625,0.999697,-215.875458,90.138885,84.384758
186,1.550000,-0.001111,0.023737,0.006681,0.999695,-215.875916,90.138016,84.384850
187,1.558333,-0.001104,0.023696,0.006585,0.999697,-215.876511,90.136963,84.384659
188,1.566667,-0.001004,0.023700,0.006538,0.999697,-215.877075,90.136635,84.385643
189,1.575000,-0.001019,0.023628,0.006526,0.999699,-215.877502,90.137192,84.384750
190,1.583333,-0.000983,0.023647,0.006470,0.999699,-215.877579,90.136414,84.385124
191,1.591667,-0.001020,0.023652,0.006473,0.999699,-215.878128,90.136131,84.385750
192,1.600000,-0.000923,0.023671,0.006423,0.999699,-215.878418,90.136230,84.384903
193,1.608333,-0.000995,0.023611,0.006369,0.999700,-215.878326,90.135330,84.384285
194,1.616667,-0.000948,0.023626,0.006288,0.999701,-215.877869,90.135796,84.383659
195,1.625000,-0.000961,0.023640,0.006323,0.999700,-215.878204,90.136047,84.384743
196,1.633333,-0.001009,0.023678,0.006534,0.999698,-215.878220,90.135536,84.385040
197,1.641667,-0.000978,0.023697,0.006329,0.999699,-215.878342,90.135727,84.384521
198,1.650000,-0.001004,0.023721,0.006311,0.999698,-215.877914,90.136337,84.385086
199,1.658333,-0.001054,0.023720,0.006461,0.999697,-215.878250,90.135948,84.381721
200,1.666667,-0.001165,0.023726,0.006419,0.999697,-215.877533,90.138710,84.383621
201,1.675000,-0.001173,0.023722,0.006536,0.999697,-215.876480,90.139046,84.383812
202,1.683333,-0.001199,0.023778,0.006491,0.999696,-215.875870,90.138016,84.383835
203,1.691667,-0.001162,0.023739,0.006508,0.999696,-215.875381,90.138214,84.384605
204,1.700000,-0.001039,0.023762,0.006488,0.999696,-215.875671,90.138283,84.384338
205,1.708333,-0.001049,0.023735,0.006486,0.999697,-215.875580,90.137741,84.383575
206,1.716667,-0.001059,0.023713,0.006468,0.999697,-215.876801,90.139008,84.383720
207,1.725000,-0.001000,0.023718,0.006546,0.999697,-215.877350,90.138939,84.384239
208,1.733333,-0.001003,0.023707,0.006565,0.999697,-215.877151,90.137642,84.384468
209,1.741667,-0.001088,0.023700,0.006479,0.999698,-215.877502,90.137207,84.384232
210,1.750000,-0.000970,0.023700,0.006480,0.999698,-215.877533,90.135941,84.384064
211,1.758333,-0.000965,0.023670,0.006450,0.999699,-215.878036,90.136772,84.383156
212,1.766667,-0.000927,0.023689,0.006347,0.999699,-215.877869,90.136375,84.384026
213,1.775000,-0.000988,0.023643,0.006510,0.999699,-215.878372,90.136459,84.384277
214,1.783333,-0.000972,0.023662,0.006477,0.999699,-215.878006,90.135994,84.384201
215,1.791667,-0.000924,0.023688,0.006425,0.999698,-215.878052,90.135681,84.384560
216,1.800000,-0.001031,0.023647,0.006440,0.999699,-215.878113,90.135178,84.384300
217,1.808333,-0.001042,0.023641,0.006369,0.999700,-215.878647,90.135864,84.385201
218,1.816667,-0.000960,0.023662,0.006161,0.999701,-215.878174,90.136063,84.385094
219,1.825000,-0.000989,0.023654,0.006190,0.999701,-215.878708,90.136368,84.385010
220,1.833333,-0.000946,0.023589,0.006342,0.999701,-215.877869,90.135017,84.384819
221,1.841667,-0.000831,0.023631,0.006488,0.999699,-215.877960,90.135178,84.385544
222,1.850000,-0.000906,0.023590,0.006459,0.999700,-215.878159,90.135750,84.386307
223,1.858333,-0.000931,0.023578,0.006461,0.999701,-215.877869,90.136436,84.386238
224,1.866667,-0.001017,0.023615,0.006439,0.999700,-215.877609,90.135887,84.385513
225,1.875000,-0.000998,0.023634,0.006303,0.999700,-215.877884,90.136955,84.385727
226,1.883333,-0.001059,0.023656,0.006397,0.999699,-215.877609,90.137535,84.386047
227,1.891667,-0.001085,0.023640,0.006499,0.999699,-215.877075,90.137260,84.385201
228,1.900000,-0.001031,0.023715,0.006516,0.999697,-215.877075,90.136726,84.384743
229,1.908333,-0.001002,0.023666,0.006562,0.999698,-215.877182,90.137390,84.384285
230,1.916667,-0.000896,0.023729,0.006691,0.999696,-215.876648,90.137886,84.384247
231,1.925000,-0.000963,0.023698,0.006630,0.999697,-215.876633,90.137718,84.384117
232,1.933333,-0.001108,0.023665,0.006565,0.999698,-215.876480,90.137924,84.385208
233,1.941667,-0.001064,0.023680,0.006532,0.999698,-215.876358,90.138054,84.384903
234,1.950000,-0.001001,0.023655,0.006416,0.999699,-215.877701,90.137558,84.381638
235,1.958333,-0.001106,0.023709,0.006614,0.999696,-215.876465,90.137535,84.383652
236,1.966667,-0.001064,0.023700,0.006517,0.999697,-215.875763,90.137909,84.385178
237,1.975000,-0.001067,0.023691,0.006566,0.999697,-215.876434,90.137466,84.384644
238,1.983333,-0.000971,0.023670,0.006455,0.999699,-215.876312,90.136848,84.385010
239,1.991667,-0.000949,0.023689,0.006477,0.999698,-215.876266,90.135544,84.385117
240,2.000000,-0.000959,0.023695,0.006538,0.999697,-215.877457,90.135406,84.385536
241,2.008333,-0.000953,0.023641,0.006245,0.999701,-215.878113,90.135994,84.385208
242,2.016667,-0.000878,0.023680,0.006343,0.999699,-215.877777,90.134674,84.384132
243,2.025000,-0.001040,0.023628,0.006475,0.999699,-215.878204,90.135017,84.384560
244,2.033333,-0.001021,0.023633,0.006481,0.999699,-215.878220,90.135109,84.384460
245,2.041667,-0.000984,0.023616,0.006413,0.999700,-215.878632,90.135559,84.385338
246,2.050000,-0.000892,0.023616,0.006425,0.999700,-215.878204,90.136055,84.385124
247,2.058333,-0.000929,0.023594,0.006536,0.999700,-215.878250,90.135704,84.384148
248,2.066667,-0.000939,0.023608,0.006516,0.999700,-215.877701,90.136017,84.384819
249,2.075000,-0.000873,0.023615,0.006603,0.999699,-215.877106,90.137039,84.385117
250,2.083333,-0.001023,0.023572,0.006651,0.999699,-215.876953,90.137207,84.385315
251,2.091667,-0.001029,0.023622,0.006483,0.999699,-215.876434,90.137001,84.385117
252,2.100000,-0.000957,0.023658,0.006368,0.999699,-215.876892,90.136551,84.382095
253,2.108333,-0.001079,0.023722,0.006420,0.999697,-215.875458,90.137367,84.383911
254,2.116667,-0.000990,0.023796,0.006309,0.999696,-215.874451,90.137840,84.384605
255,2.125000,-0.000949,0.023747,0.006288,0.999698,-215.874176,90.138351,84.385254
256,2.133333,-0.001050,0.023720,0.006482,0.999697,-215.874390,90.138290,84.384201
257,2.141667,-0.001264,0.023629,0.006491,0.999699,-215.875275,90.138588,84.382835
258,2.150000,-0.001094,0.023695,0.006386,0.999698,-215.875671,90.138199,84.378929
259,2.158333,-0.001169,0.023737,0.006298,0.999698,-215.872742,90.138336,84.382889
260,2.166667,-0.001154,0.023778,0.006183,0.999698,-215.869019,90.137878,84.386520
261,2.175000,-0.000862,0.023915,0.005927,0.999696,-215.866760,90.138786,84.389206
262,2.183333,-0.001046,0.023934,0.005908,0.999696,-215.862869,90.140869,84.399849
263,2.191667,-0.000234,0.024124,0.005641,0.999693,-215.859909,90.137184,84.404228
264,2.200000,0.000175,0.024154,0.005521,0.999693,-215.855377,90.135513,84.412369
265,2.208333,0.000237,0.024160,0.005569,0.999693,-215.851852,90.136269,84.426651
266,2.216667,0.000696,0.024321,0.005417,0.999689,-215.846222,90.136871,84.443405
267,2.225000,0.001169,0.024419,0.005291,0.999687,-215.841080,90.138138,84.461739
268,2.233333,0.001636,0.024435,0.005168,0.999687,-215.835693,90.139091,84.479225
269,2.241667,0.003037,0.024845,0.003475,0.999681,-215.833969,90.150360,84.501999
270,2.250000,0.003788,0.024695,0.003371,0.999682,-215.826080,90.150360,84.525986
271,2.258333,0.004823,0.024583,0.003326,0.999681,-215.822861,90.148727,84.551933
272,2.266667,0.006204,0.024548,0.003542,0.999673,-215.821213,90.147278,84.579803
273,2.275000,0.007492,0.024628,0.003521,0.999662,-215.813354,90.144318,84.619728
274,2.283333,0.008711,0.024315,0.003597,0.999660,-215.804596,90.141556,84.637657
275,2.291667,0.009698,0.023958,0.003655,0.999659,-215.799332,90.138313,84.656082
276,2.300000,0.010474,0.023753,0.003585,0.999657,-215.792053,90.136055,84.671799
277,2.308333,0.010841,0.023654,0.003330,0.999656,-215.786362,90.136627,84.682907
278,2.316667,0.011995,0.023949,0.002849,0.999637,-215.776993,90.130241,84.692070
279,2.325000,0.012516,0.023843,0.002654,0.999634,-215.772964,90.127335,84.702454
280,2.333333,0.013069,0.023737,0.002648,0.999629,-215.770935,90.128632,84.714211
281,2.341667,0.013476,0.023703,0.002531,0.999625,-215.768402,90.127296,84.724060
282,2.350000,0.013652,0.023677,0.002520,0.999623,-215.767334,90.127487,84.731049
283,2.358333,0.013954,0.023761,0.002503,0.999617,-215.768127,90.128120,84.735718
284,2.366667,0.014060,0.023716,0.002552,0.999617,-215.768906,90.129166,84.742340
285,2.375000,0.014366,0.023754,0.002431,0.999612,-215.769226,90.128296,84.749428
286,2.383333,0.014784,0.023802,0.002451,0.999604,-215.771347,90.128624,84.758339
287,2.391667,0.015222,0.023823,0.002377,0.999597,-215.771774,90.127419,84.770042
288,2.400000,0.015785,0.023774,0.002482,0.999590,-215.772797,90.126762,84.785362
289,2.408333,0.016441,0.023710,0.002462,0.999581,-215.773270,90.126244,84.802666
290,2.416667,0.017046,0.023537,0.002328,0.999575,-215.774063,90.126572,84.815445
291,2.425000,0.017383,0.023373,0.002399,0.999573,-215.774078,90.126938,84.824303
292,2.433333,0.017582,0.023315,0.002368,0.999571,-215.775772,90.126564,84.829521
293,2.441667,0.017655,0.023290,0.002548,0.999570,-215.778107,90.125542,84.830818
294,2.450000,0.017483,0.023325,0.002768,0.999571,-215.781311,90.125748,84.830307
295,2.458333,0.017064,0.023343,0.003052,0.999577,-215.785034,90.125122,84.823471
296,2.466667,0.016649,0.023512,0.003222,0.999580,-215.788651,90.125946,84.810638
297,2.475000,0.015872,0.023765,0.003483,0.999586,-215.797714,90.128265,84.788208
298,2.483333,0.015240,0.024003,0.003784,0.999589,-215.808685,90.128296,84.764954
299,2.491667,0.014930,0.024167,0.004258,0.999587,-215.820389,90.127831,84.744255
300,2.500000,0.014934,0.024260,0.004552,0.999584,-215.829895,90.127472,84.727394
301,2.508333,0.015567,0.024370,0.004599,0.999571,-215.834076,90.129433,84.727356
302,2.516667,0.016048,0.024049,0.004781,0.999571,-215.839691,90.142876,84.756889
303,2.525000,0.016578,0.023646,0.005026,0.999570,-215.839722,90.163460,84.779999
304,2.533333,0.017541,0.023325,0.004524,0.999564,-215.831299,90.194420,84.805130
305,2.541667,0.018803,0.023165,0.003219,0.999550,-215.811157,90.229591,84.817291
306,2.550000,0.018498,0.022867,0.002238,0.999565,-215.796616,90.277657,84.821823
307,2.558333,0.016783,0.023053,0.002069,0.999591,-215.797287,90.339401,84.840248
308,2.566667,0.015604,0.023396,0.003122,0.999600,-215.808685,90.402641,84.853638
309,2.575000,0.015782,0.023631,0.003729,0.999589,-215.815186,90.447655,84.858627
310,2.583333,0.019142,0.023978,0.003613,0.999523,-215.820908,90.512581,84.869629
311,2.591667,0.020404,0.024082,0.006200,0.999483,-215.819717,90.564713,84.884041
312,2.600000,0.020523,0.024209,0.006527,0.999475,-215.821213,90.622498,84.892174
313,2.608333,0.018852,0.024569,0.005567,0.999505,-215.815186,90.689095,84.917763
314,2.616667,0.018104,0.024987,0.004973,0.999511,-215.806747,90.740761,84.929863
315,2.625000,0.017785,0.025153,0.004965,0.999513,-215.805145,90.784943,84.924988
316,2.633333,0.017467,0.025025,0.005326,0.999520,-215.809708,90.823860,84.928802
317,2.641667,0.016398,0.024840,0.005194,0.999543,-215.812546,90.879387,84.945961
318,2.650000,0.015694,0.024524,0.005347,0.999562,-215.811890,90.945259,84.952705
319,2.658333,0.015359,0.024432,0.004880,0.999572,-215.819077,91.020844,84.954178
320,2.666667,0.016578,0.024197,0.005367,0.999555,-215.815872,91.078644,84.957787
321,2.675000,0.018257,0.024014,0.003244,0.999540,-215.817429,91.150803,84.959137
322,2.683333,0.016916,0.023430,0.001030,0.999582,-215.805527,91.197960,84.960327
323,2.691667,0.015731,0.023855,0.001202,0.999591,-215.798233,91.254219,84.959732
324,2.700000,0.014429,0.024154,0.001610,0.999603,-215.792130,91.312607,84.961830
325,2.708333,0.013458,0.024389,0.001736,0.999610,-215.783936,91.366127,84.969765
326,2.716667,0.014064,0.024936,0.003359,0.999585,-215.782715,91.427795,84.990639
327,2.725000,0.014409,0.025062,0.004775,0.999571,-215.781830,91.485741,85.001923
328,2.733333,0.013912,0.024582,0.005436,0.999586,-215.786392,91.538712,85.003288
329,2.741667,0.014031,0.024386,0.005534,0.999589,-215.786987,91.581795,85.006470
330,2.750000,0.015015,0.024598,0.005168,0.999571,-215.782593,91.619560,85.010513
331,2.758333,0.014828,0.024399,0.005312,0.999578,-215.784286,91.666992,85.014381
332,2.766667,0.014315,0.024686,0.005914,0.999575,-215.785675,91.717300,85.016129
333,2.775000,0.013969,0.024941,0.006639,0.999569,-215.786743,91.769730,85.019279
334,2.783333,0.014075,0.025032,0.005748,0.999571,-215.791153,91.837105,85.018715
335,2.791667,0.013694,0.024788,0.004824,0.999587,-215.789703,91.899834,85.015793
336,2.800000,0.013331,0.024240,0.004512,0.999607,-215.786438,91.958870,85.016640
337,2.808333,0.011095,0.023966,0.004913,0.999639,-215.791702,92.031822,85.028061
338,2.816667,0.010201,0.024118,0.005480,0.999642,-215.790771,92.093277,85.022568
339,2.825000,0.009851,0.024178,0.005951,0.999641,-215.789078,92.146126,85.010490
340,2.833333,0.008988,0.024252,0.006330,0.999645,-215.788223,92.198318,85.006248
341,2.841667,0.008044,0.024308,0.006535,0.999651,-215.786697,92.250282,84.999863
342,2.850000,0.007258,0.024437,0.006638,0.999653,-215.783432,92.304680,84.991470
343,2.858333,0.007502,0.024765,0.006558,0.999644,-215.776154,92.348282,84.987717
344,2.866667,0.008398,0.024715,0.004477,0.999649,-215.777679,92.407402,84.990509
345,2.875000,0.008659,0.024255,0.003504,0.999662,-215.774673,92.459816,84.989326
346,2.883333,0.006971,0.024402,0.003564,0.999672,-215.769547,92.516190,85.001694
347,2.891667,0.005824,0.024898,0.003480,0.999667,-215.759613,92.563622,85.002266
348,2.900000,0.003607,0.025035,0.003820,0.999673,-215.754517,92.614449,85.005211
349,2.908333,0.002370,0.025130,0.003862,0.999674,-215.752869,92.655472,84.996239
350,2.916667,0.001683,0.025160,0.004104,0.999674,-215.751999,92.693535,84.993065
351,2.925000,0.001068,0.025234,0.004323,0.999672,-215.752487,92.729233,84.991302
352,2.933333,0.001471,0.025520,0.004072,0.999665,-215.752029,92.758575,84.986862
353,2.941667,0.001626,0.025444,0.004279,0.999666,-215.755707,92.795723,84.981628
354,2.950000,0.001309,0.025374,0.004698,0.999666,-215.758865,92.831047,84.973816
355,2.958333,0.000631,0.025258,0.004920,0.999669,-215.759460,92.869598,84.969460
356,2.966667,-0.000123,0.025182,0.004806,0.999671,-215.756042,92.907516,84.965469
357,2.975000,-0.001033,0.025104,0.004806,0.999673,-215.754227,92.944656,84.960953
358,2.983333,-0.001429,0.025193,0.004815,0.999670,-215.750214,92.976768,84.958923
359,2.991667,-0.001512,0.025551,0.002871,0.999668,-215.749481,93.028793,84.968002
360,3.000000,-0.002371,0.025101,0.002192,0.999680,-215.748077,93.076553,84.965118
361,3.008333,-0.002906,0.025144,0.002067,0.999678,-215.742401,93.111839,84.962105
362,3.016667,-0.003368,0.025300,0.002289,0.999672,-215.737015,93.142334,84.962914
363,3.025000,-0.003904,0.025406,0.002597,0.999666,-215.732819,93.170021,84.963875
364,3.033333,-0.004192,0.025505,0.002994,0.999661,-215.729218,93.193016,84.963737
365,3.041667,-0.004323,0.025504,0.003226,0.999660,-215.727051,93.214012,84.964676
366,3.050000,-0.004489,0.025502,0.003369,0.999659,-215.726929,93.231415,84.966560
367,3.058333,-0.004345,0.025153,0.003599,0.999668,-215.729858,93.244179,84.960541
368,3.066667,-0.003774,0.024816,0.003655,0.999678,-215.732315,93.255013,84.959015
369,3.075000,-0.003475,0.024676,0.003664,0.999683,-215.732758,93.271255,84.960365
370,3.083333,-0.003509,0.024784,0.003803,0.999679,-215.730927,93.294678,84.961288
371,3.091667,-0.004635,0.025263,0.004912,0.999658,-215.724915,93.318237,84.962784
372,3.100000,-0.005061,0.025567,0.004583,0.999650,-215.719009,93.352798,84.958611
373,3.108333,-0.004561,0.026009,0.004079,0.999643,-215.707092,93.380264,84.953995
374,3.116667,-0.005148,0.026274,0.004716,0.999630,-215.700317,93.401649,84.957153
375,3.125000,-0.005286,0.026385,0.004723,0.999627,-215.694733,93.419098,84.957901
376,3.133333,-0.004862,0.026372,0.004119,0.999632,-215.689514,93.436638,84.955330
377,3.141667,-0.004968,0.026568,0.004304,0.999625,-215.685440,93.449646,84.958183
378,3.150000,-0.004808,0.026537,0.003950,0.999629,-215.682953,93.467239,84.958458
379,3.158333,-0.004910,0.026629,0.004018,0.999625,-215.679581,93.482857,84.960312
380,3.166667,-0.004999,0.026524,0.003911,0.999628,-215.676697,93.500877,84.958336
381,3.175000,-0.005060,0.026482,0.003513,0.999630,-215.673782,93.522125,84.955772
382,3.183333,-0.005048,0.026262,0.003096,0.999638,-215.669510,93.547043,84.952316
383,3.191667,-0.004987,0.025832,0.001176,0.999653,-215.673828,93.596153,84.947044
384,3.200000,-0.004944,0.025492,0.000686,0.999663,-215.669113,93.626640,84.937767
385,3.208333,-0.004955,0.025562,0.000892,0.999661,-215.663788,93.647781,84.934410
386,3.216667,-0.005267,0.025678,0.001443,0.999655,-215.660172,93.665009,84.935883
387,3.225000,-0.005438,0.025806,0.001750,0.999651,-215.658356,93.682495,84.937706
388,3.233333,-0.006353,0.025989,0.002037,0.999640,-215.654068,93.709129,84.950844
389,3.241667,-0.006627,0.026224,0.002583,0.999631,-215.647339,93.732063,84.952660
390,3.250000,-0.006905,0.026412,0.002932,0.999623,-215.640503,93.750824,84.953018
391,3.258333,-0.007032,0.026574,0.003067,0.999617,-215.634506,93.768456,84.952805
392,3.266667,-0.007016,0.026672,0.003085,0.999615,-215.628357,93.782959,84.953102
393,3.275000,-0.007122,0.026734,0.003177,0.999612,-215.621475,93.794174,84.953705
394,3.283333,-0.007927,0.027253,0.004801,0.999586,-215.609665,93.799011,84.963242
395,3.291667,-0.007939,0.027491,0.004564,0.999580,-215.598923,93.822777,84.963356
396,3.300000,-0.007723,0.027372,0.004179,0.999587,-215.586136,93.855110,84.954491
397,3.308333,-0.008355,0.027249,0.003776,0.999587,-215.569611,93.908630,84.942413
398,3.316667,-0.008548,0.027968,0.003526,0.999566,-215.537903,93.969688,84.927711
399,3.325000,-0.009786,0.028506,0.004124,0.999537,-215.507538,94.041977,84.916534
400,3.333333,-0.011665,0.028748,0.004882,0.999507,-215.485031,94.117760,84.908577
401,3.341667,-0.012957,0.028988,0.004520,0.999486,-215.461426,94.178276,84.899673
402,3.350000,-0.014087,0.029298,0.004053,0.999463,-215.441010,94.225601,84.892654
403,3.358333,-0.015010,0.029440,0.003879,0.999446,-215.428757,94.268158,84.884911
404,3.366667,-0.014894,0.029524,0.002196,0.999451,-215.430069,94.324341,84.876968
405,3.375000,-0.015089,0.029501,0.001883,0.999449,-215.432556,94.381561,84.873146
406,3.383333,-0.015719,0.029509,0.002315,0.999438,-215.439316,94.426125,84.862602
407,3.391667,-0.015620,0.029671,0.002238,0.999435,-215.442139,94.453941,84.857208
408,3.400000,-0.015614,0.029324,0.002149,0.999446,-215.449982,94.476006,84.847870
409,3.408333,-0.015522,0.029121,0.002232,0.999453,-215.455444,94.491371,84.842262
410,3.416667,-0.016579,0.028762,0.002692,0.999445,-215.462418,94.510605,84.841362
411,3.425000,-0.017539,0.029170,0.004162,0.999412,-215.463135,94.516830,84.844543
412,3.433333,-0.018160,0.029295,0.004664,0.999395,-215.465454,94.529938,84.842018
413,3.441667,-0.018521,0.029358,0.004628,0.999387,-215.468552,94.543640,84.839317
414,3.450000,-0.018585,0.029416,0.004741,0.999383,-215.468567,94.554214,84.838936
415,3.458333,-0.018804,0.029594,0.004859,0.999373,-215.468018,94.559128,84.836136
416,3.466667,-0.018954,0.029649,0.004990,0.999368,-215.466171,94.562462,84.834709
417,3.475000,-0.019059,0.029733,0.005121,0.999363,-215.464615,94.562798,84.835403
418,3.483333,-0.019160,0.029711,0.005098,0.999362,-215.464066,94.561562,84.835579
419,3.491667,-0.019268,0.029620,0.004977,0.999363,-215.462967,94.558167,84.835884
420,3.500000,-0.019036,0.029594,0.004772,0.999369,-215.461700,94.555511,84.836731
421,3.508333,-0.018811,0.029503,0.004726,0.999376,-215.461761,94.555267,84.838341
422,3.516667,-0.018489,0.029472,0.004900,0.999383,-215.462021,94.556038,84.838913
423,3.525000,-0.018326,0.029499,0.004865,0.999385,-215.461227,94.555511,84.839157
424,3.533333,-0.018167,0.029443,0.004583,0.999391,-215.461258,94.556389,84.839264
425,3.541667,-0.018198,0.029418,0.004741,0.999390,-215.461212,94.553879,84.838448
426,3.550000,-0.018364,0.029335,0.004734,0.999390,-215.461395,94.551552,84.838547
427,3.558333,-0.018462,0.029317,0.004808,0.999388,-215.461349,94.550133,84.838821
428,3.566667,-0.018415,0.029336,0.004726,0.999389,-215.462799,94.552429,84.838821
429,3.575000,-0.018376,0.029405,0.004754,0.999387,-215.463501,94.554291,84.838394
430,3.583333,-0.018345,0.029499,0.004705,0.999385,-215.464447,94.555931,84.837784
431,3.591667,-0.018430,0.029464,0.004858,0.999384,-215.465027,94.556709,84.838913
432,3.600000,-0.018016,0.029233,0.003878,0.999403,-215.466171,94.561363,84.835091
433,3.608333,-0.018565,0.029367,0.004628,0.999386,-215.465378,94.556313,84.839256
434,3.616667,-0.018734,0.029442,0.004675,0.999380,-215.465836,94.553581,84.838448
435,3.625000,-0.018750,0.029450,0.004973,0.999378,-215.465027,94.553772,84.839836
436,3.633333,-0.018581,0.029461,0.004811,0.999382,-215.464966,94.556602,84.839096
437,3.641667,-0.018632,0.029492,0.004812,0.999380,-215.464600,94.556259,84.838676
438,3.650000,-0.018684,0.029461,0.004861,0.999380,-215.464813,94.555649,84.838898
439,3.658333,-0.018658,0.029472,0.004851,0.999380,-215.463989,94.554482,84.839714
440,3.666667,-0.018714,0.029404,0.004825,0.999381,-215.463074,94.552589,84.838951
441,3.675000,-0.018464,0.029433,0.004721,0.999385,-215.463226,94.553513,84.838669
442,3.683333,-0.018476,0.029382,0.004785,0.999386,-215.463562,94.554695,84.838570
443,3.691667,-0.018357,0.029410,0.004800,0.999387,-215.464310,94.555786,84.838844
444,3.700000,-0.018386,0.029364,0.004729,0.999389,-215.464615,94.556244,84.838333
445,3.708333,-0.018457,0.029367,0.004854,0.999387,-215.463638,94.554222,84.838181
446,3.716667,-0.018418,0.029354,0.004748,0.999388,-215.462952,94.553757,84.838844
447,3.725000,-0.018346,0.029375,0.004651,0.999389,-215.463333,94.554451,84.838654
448,3.733333,-0.018406,0.029377,0.004789,0.999388,-215.462799,94.554588,84.839310
449,3.741667,-0.018469,0.029352,0.004926,0.999386,-215.461899,94.554581,84.839371
450,3.750000,-0.018409,0.029443,0.004767,0.999386,-215.462082,94.556015,84.840050
451,3.758333,-0.018492,0.029406,0.004908,0.999385,-215.461136,94.554558,84.839233
452,3.766667,-0.018516,0.029356,0.004882,0.999386,-215.460068,94.554115,84.839439
453,3.775000,-0.018638,0.029355,0.004746,0.999384,-215.460175,94.554985,84.840302
454,3.783333,-0.018552,0.029390,0.004788,0.999384,-215.459473,94.554741,84.839973
455,3.791667,-0.018620,0.029442,0.004811,0.999382,-215.459656,94.555061,84.839294
456,3.800000,-0.018586,0.029429,0.005091,0.999381,-215.459686,94.554405,84.839699
457,3.808333,-0.018471,0.029437,0.004927,0.999384,-215.460999,94.555779,84.839615
458,3.816667,-0.018416,0.029390,0.004760,0.999387,-215.460785,94.555489,84.839371
459,3.825000,-0.018489,0.029357,0.004761,0.999387,-215.461731,94.555344,84.839699
460,3.833333,-0.018404,0.029360,0.004761,0.999388,-215.461700,94.553787,84.838905
461,3.841667,-0.018316,0.029379,0.004717,0.999389,-215.463287,94.555161,84.839287
462,3.850000,-0.018333,0.029341,0.004830,0.999390,-215.463074,94.555038,84.839073
463,3.858333,-0.018214,0.029407,0.004795,0.999390,-215.462494,94.556084,84.839867
464,3.866667,-0.018377,0.029361,0.004913,0.999388,-215.461990,94.554314,84.839699
465,3.875000,-0.018396,0.029330,0.004927,0.999388,-215.462280,94.553635,84.839211
466,3.883333,-0.018447,0.029273,0.004799,0.999390,-215.461105,94.553253,84.839478
467,3.891667,-0.018370,0.029347,0.004841,0.999389,-215.460724,94.553246,84.840530
468,3.900000,-0.018379,0.029290,0.004881,0.999390,-215.460556,94.553276,84.840096
469,3.908333,-0.018412,0.029322,0.004843,0.999389,-215.460449,94.553879,84.840248
470,3.916667,-0.018383,0.029355,0.004917,0.999388,-215.459747,94.554230,84.840462
471,3.925000,-0.018274,0.029332,0.004754,0.999391,-215.459473,94.554520,84.840019
472,3.933333,-0.018296,0.029269,0.004863,0.999392,-215.458893,94.553848,84.839783
473,3.941667,-0.018341,0.029305,0.004922,0.999390,-215.458557,94.552536,84.838982
474,3.950000,-0.018391,0.029322,0.004951,0.999389,-215.458755,94.553352,84.839317
475,3.958333,-0.018324,0.029330,0.004911,0.999390,-215.458176,94.553352,84.837830
476,3.966667,-0.018251,0.029332,0.004920,0.999391,-215.458939,94.554504,84.837952
477,3.975000,-0.018356,0.029357,0.004955,0.999388,-215.459015,94.555359,84.838524
478,3.983333,-0.018280,0.029362,0.004795,0.999390,-215.459259,94.555359,84.837410
479,3.991667,-0.017950,0.029158,0.003871,0.999406,-215.459961,94.559769,84.834366
480,4.000000,-0.018331,0.029284,0.004712,0.999392,-215.458771,94.554344,84.836914
481,4.008333,-0.018264,0.029354,0.004836,0.999391,-215.459778,94.553658,84.837456
482,4.016667,-0.018420,0.029350,0.004884,0.999388,-215.459747,94.554123,84.839088
483,4.025000,-0.018381,0.029345,0.004880,0.999388,-215.459198,94.553635,84.838753
484,4.033333,-0.018259,0.029314,0.004773,0.999392,-215.459396,94.555115,84.839058
485,4.041667,-0.018317,0.029336,0.004835,0.999390,-215.459274,94.554855,84.839905
486,4.050000,-0.018383,0.029312,0.004950,0.999389,-215.458252,94.552895,84.840317
487,4.058333,-0.018345,0.029338,0.004814,0.999390,-215.458206,94.553276,84.840569
488,4.066667,-0.018358,0.029289,0.004930,0.999390,-215.458054,94.553123,84.840881
489,4.075000,-0.018313,0.029292,0.004895,0.999391,-215.458374,94.553650,84.841194
490,4.083333,-0.018259,0.029293,0.004844,0.999392,-215.459259,94.554695,84.841537
491,4.091667,-0.018270,0.029279,0.004920,0.999392,-215.458923,94.553833,84.839775
492,4.100000,-0.018319,0.029298,0.004790,0.999391,-215.460129,94.554161,84.839058
493,4.108333,-0.018243,0.029322,0.004837,0.999392,-215.460022,94.554230,84.839554
494,4.116667,-0.018335,0.029323,0.004895,0.999390,-215.460754,94.554916,84.838478
495,4.125000,-0.018261,0.029285,0.004948,0.999392,-215.460251,94.554848,84.837410
496,4.133333,-0.018232,0.029380,0.004808,0.999390,-215.460709,94.555573,84.837410
497,4.141667,-0.017813,0.029142,0.004043,0.999408,-215.460876,94.560440,84.834122
498,4.150000,-0.018173,0.029281,0.004796,0.999395,-215.459564,94.555420,84.836906
499,4.158333,-0.018256,0.029314,0.004903,0.999392,-215.459854,94.553680,84.837326
500,4.166667,-0.018287,0.029274,0.004875,0.999392,-215.460388,94.554428,84.837357
501,4.175000,-0.018205,0.029317,0.004854,0.999393,-215.460205,94.554733,84.838089
502,4.183333,-0.018246,0.029377,0.004832,0.999390,-215.459137,94.554260,84.839577
503,4.191667,-0.018266,0.029440,0.004732,0.999388,-215.459625,94.557037,84.841377
504,4.200000,-0.018375,0.029438,0.004739,0.999387,-215.459320,94.560295,84.843193
505,4.208333,-0.018412,0.029426,0.004922,0.999385,-215.460297,94.564598,84.844246
506,4.216667,-0.018611,0.029420,0.005024,0.999381,-215.461594,94.570778,84.846291
507,4.225000,-0.018840,0.029373,0.004991,0.999379,-215.461853,94.579552,84.850761
508,4.233333,-0.019060,0.029520,0.005083,0.999370,-215.462158,94.586945,84.857056
509,4.241667,-0.019281,0.029559,0.004962,0.999365,-215.462967,94.594322,84.863510
510,4.250000,-0.019524,0.029575,0.004955,0.999360,-215.462372,94.601463,84.872375
511,4.258333,-0.019626,0.029580,0.004772,0.999358,-215.461090,94.610146,84.884865
512,4.266667,-0.019688,0.029673,0.004787,0.999354,-215.458160,94.615852,84.898880
513,4.275000,-0.019817,0.029705,0.004871,0.999350,-215.456940,94.623215,84.913170
514,4.283333,-0.019799,0.029805,0.005100,0.999347,-215.454819,94.631744,84.929665
515,4.291667,-0.019902,0.029813,0.005258,0.999344,-215.453751,94.641045,84.945068
516,4.300000,-0.019925,0.029908,0.005316,0.999340,-215.452911,94.650063,84.962502
517,4.308333,-0.019692,0.030481,0.004144,0.999333,-215.453293,94.666397,84.991631
518,4.316667,-0.020007,0.030613,0.003866,0.999324,-215.448166,94.669464,85.010788
519,4.325000,-0.020409,0.030600,0.003759,0.999316,-215.445450,94.674553,85.030891
520,4.333333,-0.020649,0.030148,0.003698,0.999325,-215.445236,94.678734,85.042740
521,4.341667,-0.020464,0.029883,0.003651,0.999337,-215.443756,94.680321,85.059219
522,4.350000,-0.020550,0.029716,0.003569,0.999341,-215.442245,94.683060,85.076309
523,4.358333,-0.020804,0.029716,0.003283,0.999337,-215.440109,94.688538,85.098045
524,4.366667,-0.021151,0.029804,0.003360,0.999326,-215.438202,94.690262,85.119034
525,4.375000,-0.021578,0.029891,0.003506,0.999314,-215.436081,94.689819,85.142380
526,4.383333,-0.022139,0.029906,0.003349,0.999302,-215.435104,94.685974,85.169556
527,4.391667,-0.022701,0.029916,0.003224,0.999290,-215.434021,94.679626,85.200912
528,4.400000,-0.023038,0.029924,0.003238,0.999281,-215.432556,94.671837,85.235008
529,4.408333,-0.023368,0.030097,0.003088,0.999269,-215.426590,94.664085,85.284492
530,4.416667,-0.023574,0.030112,0.002804,0.999265,-215.420532,94.643768,85.332695
531,4.425000,-0.023094,0.029939,0.001801,0.999283,-215.416412,94.610664,85.384438
532,4.433333,-0.023230,0.030258,0.004128,0.999264,-215.409256,94.552940,85.443123
533,4.441667,-0.022375,0.030206,0.004559,0.999283,-215.410309,94.511719,85.491333
534,4.450000,-0.021673,0.030108,0.004571,0.999301,-215.408066,94.463768,85.548454
535,4.458333,-0.020365,0.030058,0.004361,0.999331,-215.399628,94.408562,85.602386
536,4.466667,-0.018700,0.030308,0.002185,0.999363,-215.397339,94.358650,85.664902
537,4.475000,-0.017270,0.030401,0.001758,0.999387,-215.395355,94.294167,85.723328
538,4.483333,-0.015565,0.030556,0.001641,0.999411,-215.400818,94.232437,85.782242
539,4.491667,-0.014149,0.030507,0.001143,0.999434,-215.399216,94.173187,85.856300
540,4.500000,-0.014652,0.030561,0.003501,0.999419,-215.387970,94.092728,85.934685
541,4.508333,-0.013971,0.030309,0.003264,0.999438,-215.387634,94.018364,86.011520
542,4.516667,-0.011054,0.030385,0.002633,0.999474,-215.387817,93.931961,86.085091
543,4.525000,-0.009353,0.029566,0.002120,0.999517,-215.386322,93.862785,86.164932
544,4.533333,-0.008369,0.028768,0.001393,0.999550,-215.381485,93.805023,86.237595
545,4.541667,-0.007554,0.028626,0.001049,0.999561,-215.382202,93.745506,86.308372
546,4.550000,-0.006612,0.029979,0.000600,0.999529,-215.386826,93.692390,86.386925
547,4.558333,-0.007256,0.030487,0.003335,0.999503,-215.377502,93.629265,86.466171
548,4.566667,-0.007231,0.029952,0.003163,0.999520,-215.368622,93.593231,86.537994
549,4.575000,-0.007083,0.029345,0.002530,0.999541,-215.364258,93.573586,86.600189
550,4.583333,-0.006743,0.029253,0.002181,0.999547,-215.361313,93.559723,86.662399
551,4.591667,-0.006733,0.029431,0.002134,0.999542,-215.355759,93.555717,86.743088
552,4.600000,-0.006411,0.029130,0.001572,0.999554,-215.360641,93.558601,86.816635
553,4.608333,-0.006531,0.028912,0.001326,0.999560,-215.360168,93.564980,86.887947
554,4.616667,-0.007730,0.028399,0.001203,0.999566,-215.358261,93.577324,86.957352
555,4.625000,-0.008594,0.028662,0.002845,0.999548,-215.357925,93.573341,87.022087
556,4.633333,-0.009643,0.028841,0.003832,0.999530,-215.356033,93.581680,87.096596
557,4.641667,-0.009163,0.029184,0.002070,0.999530,-215.351440,93.606720,87.168068
558,4.650000,-0.009752,0.028909,0.001385,0.999534,-215.344742,93.633179,87.237946
559,4.658333,-0.011147,0.028595,0.000945,0.999528,-215.339569,93.664101,87.308174
560,4.666667,-0.012312,0.028289,0.001045,0.999523,-215.338562,93.706535,87.374306
561,4.675000,-0.014789,0.028212,0.001191,0.999492,-215.339737,93.766861,87.459183
562,4.683333,-0.015794,0.028397,0.001430,0.999471,-215.335205,93.818489,87.524208
563,4.691667,-0.016708,0.029361,0.002783,0.999425,-215.327148,93.855942,87.595093
564,4.700000,-0.018314,0.029502,0.003038,0.999392,-215.319412,93.905571,87.677864
565,4.708333,-0.020203,0.029159,0.001690,0.999369,-215.315964,93.973694,87.752678
566,4.716667,-0.022714,0.029145,0.001515,0.999316,-215.308289,94.034592,87.825363
567,4.725000,-0.024553,0.029295,0.001589,0.999268,-215.305588,94.084778,87.877037
568,4.733333,-0.025906,0.029273,0.002277,0.999233,-215.305786,94.128471,87.933426
569,4.741667,-0.026694,0.029018,0.003216,0.999217,-215.300674,94.174026,87.997086
570,4.750000,-0.027892,0.028450,0.003849,0.999199,-215.291519,94.221588,88.067253
571,4.758333,-0.030031,0.028842,0.005004,0.999120,-215.279938,94.253883,88.139740
572,4.766667,-0.032077,0.029574,0.004648,0.999037,-215.272049,94.289253,88.212013
573,4.775000,-0.032887,0.030439,0.002828,0.998991,-215.275192,94.329872,88.272133
574,4.783333,-0.034234,0.030096,0.002724,0.998957,-215.283539,94.357536,88.315407
575,4.791667,-0.034571,0.029837,0.003037,0.998952,-215.289017,94.368073,88.360992
576,4.800000,-0.034558,0.029524,0.003199,0.998961,-215.288300,94.380478,88.416779
577,4.808333,-0.034626,0.029193,0.002980,0.998969,-215.276932,94.387917,88.474136
578,4.816667,-0.034933,0.028739,0.002717,0.998973,-215.268829,94.397705,88.539803
579,4.825000,-0.034945,0.028338,0.002687,0.998984,-215.264465,94.407524,88.600830
580,4.833333,-0.035314,0.028122,0.002702,0.998977,-215.260864,94.412193,88.655441
581,4.841667,-0.035594,0.028038,0.002856,0.998969,-215.262314,94.415535,88.702621
582,4.850000,-0.036068,0.028114,0.003124,0.998949,-215.262222,94.425751,88.760529
583,4.858333,-0.036313,0.029129,0.003178,0.998911,-215.261841,94.424019,88.823662
584,4.866667,-0.036462,0.029645,0.002901,0.998891,-215.253922,94.414017,88.879379
585,4.875000,-0.037978,0.030124,0.004721,0.998813,-215.243530,94.388435,88.928757
586,4.883333,-0.038586,0.030410,0.004755,0.998781,-215.241058,94.372826,88.973770
587,4.891667,-0.039437,0.030081,0.004402,0.998760,-215.244675,94.359215,89.006729
588,4.900000,-0.039484,0.030041,0.004137,0.998760,-215.246628,94.339851,89.046463
589,4.908333,-0.038599,0.030150,0.004123,0.998791,-215.248230,94.311539,89.086929
590,4.916667,-0.038043,0.030047,0.004204,0.998815,-215.247757,94.287285,89.134003
591,4.925000,-0.037607,0.029704,0.004151,0.998842,-215.240448,94.258400,89.183723
592,4.933333,-0.037076,0.029059,0.003971,0.998882,-215.234131,94.227921,89.232552
593,4.941667,-0.036151,0.028797,0.003905,0.998924,-215.227600,94.194016,89.289970
594,4.950000,-0.035046,0.028408,0.003891,0.998974,-215.229660,94.156876,89.324509
595,4.958333,-0.034495,0.028470,0.003002,0.998995,-215.232941,94.120377,89.373466
596,4.966667,-0.034248,0.028591,0.002289,0.999002,-215.234543,94.079086,89.415756
597,4.975000,-0.035081,0.029449,0.004712,0.998939,-215.229279,94.028709,89.475235
598,4.983333,-0.035116,0.029773,0.004933,0.998928,-215.221161,93.993790,89.527748
599,4.991667,-0.034929,0.029430,0.004281,0.998947,-215.219284,93.965599,89.564064
600,5.000000,-0.034225,0.029793,0.003923,0.998962,-215.222336,93.945709,89.609459
601,5.008333,-0.033425,0.029812,0.004170,0.998988,-215.222626,93.925751,89.652008
602,5.016667,-0.032684,0.029843,0.004594,0.999010,-215.219406,93.907509,89.696472
603,5.025000,-0.032573,0.029971,0.004304,0.999011,-215.210602,93.889801,89.754066
604,5.033333,-0.032739,0.029549,0.003666,0.999020,-215.205765,93.869400,89.793053
605,5.041667,-0.032327,0.029282,0.003156,0.999043,-215.202286,93.843307,89.833656
606,5.050000,-0.032034,0.028856,0.003029,0.999066,-215.203857,93.823624,89.877007
607,5.058333,-0.031831,0.028530,0.002678,0.999082,-215.205933,93.808426,89.923431
608,5.066667,-0.031923,0.028404,0.001927,0.999085,-215.205597,93.791321,89.964882
609,5.075000,-0.031489,0.028601,0.001560,0.999094,-215.204285,93.771210,90.005577
610,5.083333,-0.030895,0.028888,0.001387,0.999104,-215.201492,93.751312,90.047333
611,5.091667,-0.030605,0.028567,0.001257,0.999122,-215.197174,93.734444,90.092049
612,5.100000,-0.030607,0.027953,0.001020,0.999140,-215.192154,93.718842,90.137878
613,5.108333,-0.031894,0.028296,0.003358,0.999085,-215.184402,93.689995,90.196709
614,5.116667,-0.032312,0.028596,0.004387,0.999059,-215.178009,93.670227,90.250046
615,5.125000,-0.031690,0.029266,0.003889,0.999062,-215.181946,93.655495,90.297417
616,5.133333,-0.031705,0.029420,0.004055,0.999056,-215.186020,93.636673,90.336708
617,5.141667,-0.031854,0.029335,0.003552,0.999056,-215.185974,93.619003,90.378204
618,5.150000,-0.031720,0.029272,0.003467,0.999062,-215.180801,93.604431,90.419861
619,5.158333,-0.031418,0.029131,0.003178,0.999077,-215.175812,93.589272,90.466095
620,5.166667,-0.030944,0.029075,0.002716,0.999094,-215.168640,93.569939,90.514488
621,5.175000,-0.030341,0.028936,0.002565,0.999117,-215.167831,93.558472,90.561874
622,5.183333,-0.030023,0.028822,0.002544,0.999130,-215.169693,93.548561,90.604836
623,5.191667,-0.029615,0.028809,0.002595,0.999143,-215.168518,93.536644,90.651321
624,5.200000,-0.029416,0.028733,0.002741,0.999151,-215.165634,93.526344,90.698830
625,5.208333,-0.029853,0.028352,0.002749,0.999148,-215.158875,93.513977,90.741173
626,5.216667,-0.030613,0.028089,0.002242,0.999134,-215.150757,93.504921,90.791214
627,5.225000,-0.031252,0.027856,0.001639,0.999122,-215.146637,93.498474,90.833839
628,5.233333,-0.032049,0.028447,0.004111,0.999073,-215.146057,93.467293,90.880081
629,5.241667,-0.031700,0.028869,0.004719,0.999069,-215.145325,93.443596,90.925797
630,5.250000,-0.031575,0.028955,0.004343,0.999072,-215.146118,93.429718,90.969589
631,5.258333,-0.031894,0.029853,0.003800,0.999038,-215.147430,93.419029,91.018456
632,5.266667,-0.032017,0.030221,0.003620,0.999024,-215.144226,93.406921,91.060928
633,5.275000,-0.032017,0.030075,0.003655,0.999028,-215.139481,93.395287,91.103416
634,5.283333,-0.032264,0.030075,0.003305,0.999021,-215.130859,93.386841,91.155853
635,5.291667,-0.032377,0.029807,0.002768,0.999027,-215.124420,93.374062,91.194405
636,5.300000,-0.032601,0.029370,0.002630,0.999033,-215.124084,93.366364,91.234970
637,5.308333,-0.032490,0.029080,0.003007,0.999044,-215.127213,93.359467,91.279556
638,5.316667,-0.031977,0.029016,0.003223,0.999062,-215.128540,93.348328,91.320618
639,5.325000,-0.031442,0.028994,0.003291,0.999080,-215.130783,93.336624,91.365196
640,5.333333,-0.031166,0.028913,0.002771,0.999092,-215.130737,93.321922,91.409119
641,5.341667,-0.030809,0.028512,0.002248,0.999116,-215.136169,93.303970,91.439262
642,5.350000,-0.030395,0.028093,0.001806,0.999142,-215.140442,93.282494,91.477272
643,5.358333,-0.030980,0.028526,0.003374,0.999107,-215.138168,93.253647,91.530083
644,5.366667,-0.031418,0.028911,0.003693,0.999081,-215.132736,93.233070,91.581573
645,5.375000,-0.031560,0.029031,0.003373,0.999074,-215.129761,93.218491,91.623329
646,5.383333,-0.030390,0.029560,0.000853,0.999101,-215.132431,93.218216,91.664169
647,5.391667,-0.031519,0.029835,0.002989,0.999053,-215.125366,93.195999,91.711624
648,5.400000,-0.031967,0.030077,0.003542,0.999030,-215.121292,93.181084,91.753792
649,5.408333,-0.032197,0.029676,0.003138,0.999036,-215.114685,93.169434,91.794083
650,5.416667,-0.032282,0.029052,0.002849,0.999052,-215.107971,93.156982,91.835114
651,5.425000,-0.032053,0.028806,0.003071,0.999066,-215.105133,93.143509,91.876328
652,5.433333,-0.031400,0.028722,0.003252,0.999089,-215.106583,93.132553,91.915344
653,5.441667,-0.030272,0.028944,0.003783,0.999115,-215.109894,93.115845,91.956581
654,5.450000,-0.029771,0.029054,0.003814,0.999127,-215.110367,93.099754,91.998299
655,5.458333,-0.029557,0.029142,0.003355,0.999133,-215.107697,93.085815,92.040092
656,5.466667,-0.029291,0.029034,0.003138,0.999144,-215.104126,93.074203,92.081810
657,5.475000,-0.028827,0.028864,0.003191,0.999163,-215.102173,93.061371,92.123337
658,5.483333,-0.028661,0.028379,0.002654,0.999183,-215.101334,93.049400,92.162857
659,5.491667,-0.029524,0.028419,0.003640,0.999153,-215.099670,93.025360,92.208130
660,5.500000,-0.029676,0.028591,0.003998,0.999143,-215.099503,93.007996,92.255417
661,5.508333,-0.029786,0.028764,0.003764,0.999135,-215.100784,92.992493,92.301971
662,5.516667,-0.030014,0.028890,0.003706,0.999125,-215.100830,92.980141,92.344902
663,5.525000,-0.028553,0.029399,0.001722,0.999158,-215.102386,92.983421,92.387497
664,5.533333,-0.028120,0.029282,0.001718,0.999174,-215.099884,92.978333,92.427376
665,5.541667,-0.027672,0.029378,0.001197,0.999185,-215.092209,92.967445,92.473785
666,5.550000,-0.029846,0.029272,0.003450,0.999120,-215.084152,92.946182,92.523567
667,5.558333,-0.030320,0.029109,0.003848,0.999109,-215.083664,92.929497,92.552338
668,5.566667,-0.030255,0.028783,0.003852,0.999120,-215.083389,92.917625,92.585968
669,5.575000,-0.030413,0.028756,0.003835,0.999116,-215.083221,92.906845,92.623711
670,5.583333,-0.030825,0.028851,0.003760,0.999101,-215.082550,92.895782,92.665047
671,5.591667,-0.030924,0.028824,0.003652,0.999099,-215.079620,92.888031,92.709717
672,5.600000,-0.031489,0.028976,0.003406,0.999078,-215.074890,92.888916,92.762169
673,5.608333,-0.031621,0.029059,0.003545,0.999071,-215.069229,92.883392,92.806633
674,5.616667,-0.032256,0.029199,0.004252,0.999044,-215.063293,92.869293,92.855598
675,5.625000,-0.031970,0.029180,0.004117,0.999054,-215.058472,92.853104,92.896790
676,5.633333,-0.031771,0.029172,0.004140,0.999061,-215.058228,92.841103,92.934273
677,5.641667,-0.031599,0.029388,0.003946,0.999061,-215.058990,92.832535,92.969521
678,5.650000,-0.031570,0.029172,0.003892,0.999068,-215.061371,92.823982,92.996635
679,5.658333,-0.031388,0.029281,0.004060,0.999070,-215.060516,92.816200,93.031731
680,5.666667,-0.030950,0.030026,0.002400,0.999067,-215.060394,92.824844,93.076241
681,5.675000,-0.031323,0.029714,0.002143,0.999065,-215.059921,92.822792,93.101288
682,5.683333,-0.031458,0.029186,0.002280,0.999076,-215.062256,92.808723,93.138733
683,5.691667,-0.031213,0.028760,0.002359,0.999096,-215.064377,92.797432,93.179131
684,5.700000,-0.030661,0.028517,0.002277,0.999120,-215.065048,92.782967,93.223129
685,5.708333,-0.030150,0.028293,0.001917,0.999143,-215.065582,92.767464,93.266853
686,5.716667,-0.029597,0.028141,0.001511,0.999165,-215.069839,92.751137,93.313194
687,5.725000,-0.030622,0.028574,0.003918,0.999115,-215.069061,92.718475,93.363693
688,5.733333,-0.030154,0.028589,0.004248,0.999127,-215.069992,92.701027,93.404587
689,5.741667,-0.029189,0.028430,0.004158,0.999161,-215.068573,92.686707,93.441238
690,5.750000,-0.029072,0.028010,0.004017,0.999177,-215.065079,92.675331,93.479385
691,5.758333,-0.029679,0.027815,0.004011,0.999164,-215.059586,92.663345,93.522987
692,5.766667,-0.030441,0.027607,0.004203,0.999146,-215.054443,92.653748,93.564629
693,5.775000,-0.030624,0.027684,0.004547,0.999137,-215.052490,92.646088,93.602325
694,5.783333,-0.030898,0.028214,0.004808,0.999113,-215.049576,92.643448,93.649796
695,5.791667,-0.030861,0.028479,0.005434,0.999103,-215.048035,92.634262,93.677841
696,5.800000,-0.029904,0.029136,0.004244,0.999119,-215.051392,92.628235,93.716866
697,5.808333,-0.029445,0.028924,0.003697,0.999141,-215.049271,92.613304,93.757881
698,5.816667,-0.028877,0.028653,0.003044,0.999168,-215.046280,92.598030,93.798187
699,5.825000,-0.028271,0.028361,0.002860,0.999194,-215.045578,92.583221,93.836388
700,5.833333,-0.027272,0.028062,0.002889,0.999230,-215.047745,92.572289,93.876137
701,5.841667,-0.026983,0.027828,0.002720,0.999245,-215.049500,92.558861,93.916054
702,5.850000,-0.027456,0.027555,0.001870,0.999241,-215.051300,92.544243,93.955658
703,5.858333,-0.027861,0.027449,0.000950,0.999234,-215.053375,92.532913,93.992744
704,5.866667,-0.028029,0.027446,0.000834,0.999230,-215.056274,92.521873,94.030312
705,5.875000,-0.026970,0.027631,0.000703,0.999254,-215.060287,92.506004,94.065475
706,5.883333,-0.027458,0.027014,0.001196,0.999257,-215.071533,92.502014,94.100159
707,5.891667,-0.027625,0.026522,0.001272,0.999266,-215.076279,92.491760,94.133430
708,5.900000,-0.028124,0.026395,0.001026,0.999255,-215.074615,92.484573,94.178009
709,5.908333,-0.029888,0.027167,0.003015,0.999180,-215.073090,92.463791,94.225151
710,5.916667,-0.030452,0.027793,0.003803,0.999143,-215.068573,92.449394,94.267204
711,5.925000,-0.029907,0.028128,0.003775,0.999150,-215.063522,92.437950,94.304100
712,5.933333,-0.029792,0.028340,0.003895,0.999147,-215.059525,92.425652,94.338699
713,5.941667,-0.030254,0.028429,0.003698,0.999131,-215.058060,92.418213,94.372231
714,5.950000,-0.030480,0.029021,0.002979,0.999110,-215.059753,92.416687,94.409286
715,5.958333,-0.030487,0.028852,0.003116,0.999114,-215.058014,92.408684,94.437202
716,5.966667,-0.030151,0.028579,0.003101,0.999132,-215.053650,92.398842,94.471161
717,5.975000,-0.029886,0.028219,0.003202,0.999150,-215.050293,92.393845,94.511726
718,5.983333,-0.030036,0.027857,0.003262,0.999155,-215.049286,92.389198,94.551575
719,5.991667,-0.029985,0.027378,0.003219,0.999170,-215.054611,92.383514,94.592140
720,6.000000,-0.029507,0.027122,0.003041,0.999192,-215.058044,92.373734,94.630089
721,6.008333,-0.028916,0.027098,0.003209,0.999209,-215.062592,92.361542,94.669952
722,6.016667,-0.028240,0.027075,0.003142,0.999230,-215.065979,92.347160,94.706558
723,6.025000,-0.027715,0.027036,0.003037,0.999246,-215.068741,92.337402,94.740593
724,6.033333,-0.027341,0.026708,0.002808,0.999265,-215.068649,92.330238,94.772873
725,6.041667,-0.027330,0.026499,0.002576,0.999272,-215.068909,92.321114,94.803101
726,6.050000,-0.027986,0.026984,0.003746,0.999237,-215.065430,92.296608,94.842270
727,6.058333,-0.028290,0.027094,0.004148,0.999224,-215.061356,92.282295,94.879547
728,6.066667,-0.028174,0.027170,0.003955,0.999226,-215.059326,92.272461,94.913139
729,6.075000,-0.028276,0.027209,0.004155,0.999221,-215.057327,92.260963,94.947800
730,6.083333,-0.028635,0.027411,0.003812,0.999207,-215.058777,92.252258,94.987534
731,6.091667,-0.028027,0.027861,0.001135,0.999218,-215.066910,92.258965,95.024406
732,6.100000,-0.027770,0.027783,0.000423,0.999228,-215.069534,92.255287,95.059975
733,6.108333,-0.027456,0.027723,0.000146,0.999238,-215.071320,92.249756,95.096382
734,6.116667,-0.028434,0.027954,0.002968,0.999200,-215.068695,92.225883,95.139534
735,6.125000,-0.028385,0.027867,0.003628,0.999202,-215.069153,92.212654,95.180885
736,6.133333,-0.028018,0.027377,0.003501,0.999226,-215.066559,92.201889,95.221443
737,6.141667,-0.027645,0.026857,0.003026,0.999252,-215.061920,92.193108,95.254967
738,6.150000,-0.027525,0.026337,0.002899,0.999270,-215.057327,92.186386,95.290794
739,6.158333,-0.027378,0.026183,0.002956,0.999278,-215.053391,92.179222,95.325294
740,6.166667,-0.027413,0.026275,0.003216,0.999274,-215.050598,92.168800,95.359856
741,6.175000,-0.028101,0.026666,0.003137,0.999244,-215.048355,92.170853,95.402748
742,6.183333,-0.028407,0.026946,0.002935,0.999229,-215.042526,92.171654,95.436623
743,6.191667,-0.028795,0.027337,0.003805,0.999204,-215.039474,92.160835,95.467743
744,6.200000,-0.028689,0.027405,0.003927,0.999205,-215.036774,92.150047,95.503723
745,6.208333,-0.028712,0.027373,0.003831,0.999206,-215.031357,92.141777,95.537819
746,6.216667,-0.028700,0.027416,0.003626,0.999205,-215.026855,92.134743,95.571526
747,6.225000,-0.029518,0.027705,0.003238,0.999175,-215.023254,92.136093,95.618805
748,6.233333,-0.030012,0.027812,0.002631,0.999159,-215.019562,92.128548,95.658646
749,6.241667,-0.030272,0.027861,0.001902,0.999152,-215.014099,92.110291,95.694992
750,6.250000,-0.029356,0.028145,0.001072,0.999172,-215.008591,92.088158,95.730057
751,6.258333,-0.028541,0.027984,-0.000634,0.999201,-215.022690,92.089966,95.755020
752,6.266667,-0.026602,0.027826,-0.001065,0.999258,-215.024994,92.071411,95.783958
753,6.275000,-0.025512,0.027694,-0.000716,0.999291,-215.026215,92.053276,95.816071
754,6.283333,-0.026150,0.027315,-0.000253,0.999285,-215.028839,92.049072,95.850021
755,6.291667,-0.026613,0.027016,-0.000065,0.999281,-215.026093,92.043976,95.882057
756,6.300000,-0.026495,0.026733,0.000157,0.999291,-215.023285,92.037811,95.917000
757,6.308333,-0.027501,0.026904,0.002693,0.999256,-215.018555,92.017189,95.958344
758,6.316667,-0.027920,0.027258,0.003544,0.999232,-215.016724,92.005913,96.000999
759,6.325000,-0.027627,0.027035,0.003620,0.999246,-215.018387,91.993370,96.019264
760,6.333333,-0.027087,0.026831,0.003571,0.999267,-215.020996,91.977242,96.043243
761,6.341667,-0.026867,0.026821,0.003282,0.999274,-215.021255,91.960060,96.071152
762,6.350000,-0.026942,0.027020,0.003116,0.999267,-215.020828,91.941498,96.102020
763,6.358333,-0.027007,0.027155,0.002660,0.999263,-215.020203,91.927834,96.129112
764,6.366667,-0.027296,0.027438,0.003212,0.999246,-215.019684,91.914787,96.157372
765,6.375000,-0.027378,0.027447,0.003624,0.999242,-215.020233,91.908150,96.179695
766,6.383333,-0.027357,0.027374,0.003703,0.999244,-215.020401,91.902550,96.199348
767,6.391667,-0.027540,0.027249,0.003591,0.999243,-215.018921,91.897400,96.220200
768,6.400000,-0.027867,0.027149,0.003382,0.999237,-215.019745,91.893288,96.238472
769,6.408333,-0.028338,0.027064,0.003499,0.999226,-215.019577,91.889008,96.255943
770,6.416667,-0.028521,0.026945,0.003477,0.999224,-215.018539,91.887123,96.274773
771,6.425000,-0.028531,0.026851,0.003466,0.999226,-215.017532,91.882881,96.289436
772,6.433333,-0.028466,0.026686,0.003267,0.999233,-215.018051,91.881081,96.302475
773,6.441667,-0.028128,0.026523,0.003042,0.999248,-215.018631,91.877930,96.313881
774,6.450000,-0.028052,0.026483,0.003015,0.999251,-215.020447,91.873314,96.325272
775,6.458333,-0.028117,0.026489,0.003104,0.999249,-215.022690,91.867470,96.336464
776,6.466667,-0.028068,0.026461,0.003027,0.999251,-215.025635,91.863693,96.343582
777,6.475000,-0.028100,0.026425,0.003070,0.999251,-215.028290,91.857841,96.349625
778,6.483333,-0.027380,0.026595,0.002512,0.999268,-215.027374,91.839577,96.357285
779,6.491667,-0.027077,0.026520,0.002296,0.999279,-215.029907,91.826012,96.364960
780,6.500000,-0.027102,0.026515,0.002445,0.999278,-215.031769,91.811737,96.372292
781,6.508333,-0.026987,0.026584,0.002679,0.999279,-215.033203,91.798492,96.378258
782,6.516667,-0.026951,0.026698,0.003094,0.999275,-215.033859,91.782257,96.382889
783,6.525000,-0.026700,0.026810,0.003315,0.999278,-215.033585,91.761139,96.386810
784,6.533333,-0.027038,0.026754,0.003372,0.999271,-215.035706,91.743439,96.393303
785,6.541667,-0.026277,0.027313,0.001396,0.999281,-215.038208,91.726051,96.398666
786,6.550000,-0.026269,0.027451,0.000416,0.999278,-215.036743,91.698647,96.400299
787,6.558333,-0.026651,0.027842,0.000025,0.999257,-215.031052,91.672287,96.410980
788,6.566667,-0.028249,0.028540,0.002152,0.999191,-215.022247,91.630463,96.421623
789,6.575000,-0.028567,0.029192,0.002807,0.999162,-215.018158,91.592995,96.427162
790,6.583333,-0.028359,0.029362,0.002867,0.999162,-215.017059,91.557373,96.430191
791,6.591667,-0.027938,0.029233,0.002748,0.999178,-215.017776,91.519585,96.432632
792,6.600000,-0.026602,0.028253,0.003203,0.999242,-215.018082,91.469597,96.421906
793,6.608333,-0.024878,0.027664,0.003393,0.999302,-215.024536,91.422844,96.422012
794,6.616667,-0.022418,0.027486,0.002852,0.999367,-215.026062,91.373505,96.428001
795,6.625000,-0.020885,0.027212,0.002718,0.999408,-215.028671,91.332718,96.435791
796,6.633333,-0.020937,0.026744,0.003175,0.999418,-215.033142,91.299004,96.443932
797,6.641667,-0.020795,0.026677,0.003249,0.999423,-215.033600,91.260056,96.448700
798,6.650000,-0.020695,0.026754,0.002822,0.999424,-215.032654,91.216705,96.455933
799,6.658333,-0.020621,0.026745,0.002665,0.999426,-215.031769,91.172867,96.466850
800,6.666667,-0.020836,0.026688,0.002587,0.999423,-215.031647,91.132210,96.481339
801,6.675000,-0.020690,0.026604,0.002538,0.999429,-215.031342,91.087440,96.494194
802,6.683333,-0.019970,0.026551,0.002408,0.999445,-215.032867,91.042801,96.505692
803,6.691667,-0.019399,0.026892,0.002114,0.999448,-215.031021,91.006638,96.532219
804,6.700000,-0.018141,0.027086,0.001957,0.999467,-215.026474,90.966782,96.545593
805,6.708333,-0.016438,0.028152,0.001499,0.999467,-215.026062,90.927612,96.570709
806,6.716667,-0.015506,0.027606,0.002152,0.999496,-215.021973,90.891144,96.583870
807,6.725000,-0.013989,0.027731,0.001902,0.999516,-215.027237,90.864182,96.595612
808,6.733333,-0.014206,0.026723,0.003107,0.999537,-215.032272,90.844658,96.604774
809,6.741667,-0.013612,0.027086,0.002676,0.999537,-215.035034,90.840233,96.623840
810,6.750000,-0.013745,0.027046,0.002504,0.999537,-215.032822,90.835091,96.640244
811,6.758333,-0.014329,0.027237,0.002047,0.999524,-215.028931,90.837425,96.667099
812,6.766667,-0.014457,0.027375,0.002086,0.999519,-215.024399,90.839157,96.689049
813,6.775000,-0.014423,0.027450,0.002080,0.999517,-215.021927,90.841576,96.708611
814,6.783333,-0.014424,0.027277,0.001940,0.999522,-215.020325,90.846100,96.731392
815,6.791667,-0.014476,0.027129,0.001820,0.999525,-215.019699,90.852661,96.751091
816,6.800000,-0.014752,0.026931,0.001860,0.999527,-215.021973,90.865463,96.772675
817,6.808333,-0.014378,0.026408,0.002124,0.999546,-215.025192,90.876175,96.784622
818,6.816667,-0.014121,0.026086,0.002254,0.999557,-215.028519,90.889931,96.800827
819,6.825000,-0.014390,0.025949,0.002401,0.999557,-215.029984,90.911690,96.819725
820,6.833333,-0.015284,0.025825,0.002695,0.999546,-215.028625,90.939163,96.842667
821,6.841667,-0.016214,0.025839,0.002782,0.999531,-215.026138,90.967941,96.865013
822,6.850000,-0.016893,0.025833,0.002755,0.999520,-215.024384,90.996780,96.884155
823,6.858333,-0.017491,0.025923,0.002676,0.999507,-215.020996,91.025108,96.902740
824,6.866667,-0.018144,0.026111,0.002522,0.999491,-215.018707,91.052177,96.920357
825,6.875000,-0.018747,0.026691,0.002665,0.999464,-215.017410,91.074371,96.944923
826,6.883333,-0.018963,0.026975,0.002648,0.999453,-215.014313,91.092552,96.964447
827,6.891667,-0.019230,0.027127,0.002694,0.999443,-215.012650,91.107780,96.984222
828,6.900000,-0.019652,0.027178,0.002828,0.999433,-215.013260,91.120483,97.005157
829,6.908333,-0.019834,0.027248,0.002816,0.999428,-215.012314,91.130440,97.027016
830,6.916667,-0.020056,0.027209,0.003022,0.999424,-215.011017,91.138046,97.047073
831,6.925000,-0.020339,0.027140,0.003085,0.999420,-215.011520,91.144493,97.063271
832,6.933333,-0.021195,0.027352,0.002830,0.999397,-215.011353,91.159538,97.096977
833,6.941667,-0.021497,0.027470,0.002649,0.999388,-215.007492,91.164619,97.116920
834,6.950000,-0.021689,0.027420,0.002416,0.999386,-215.003464,91.168701,97.133522
835,6.958333,-0.021873,0.028001,0.001931,0.999367,-215.003754,91.172783,97.159119
836,6.966667,-0.022037,0.028018,0.001908,0.999363,-215.003036,91.173309,97.177193
837,6.975000,-0.021741,0.027700,0.002361,0.999377,-215.006714,91.168282,97.185242
838,6.983333,-0.021241,0.027382,0.002702,0.999396,-215.010574,91.160278,97.199646
839,6.991667,-0.020943,0.027175,0.002822,0.999407,-215.013168,91.154533,97.213402
840,7.000000,-0.020949,0.027058,0.002737,0.999411,-215.013596,91.149948,97.228905
841,7.008333,-0.021063,0.026874,0.002512,0.999414,-215.013748,91.144554,97.246468
842,7.016667,-0.021010,0.026736,0.002472,0.999419,-215.015869,91.137245,97.260666
843,7.025000,-0.020792,0.026691,0.002249,0.999425,-215.017441,91.127884,97.274391
844,7.033333,-0.020408,0.026678,0.002043,0.999434,-215.020630,91.115089,97.287392
845,7.041667,-0.020075,0.026402,0.001782,0.999448,-215.024811,91.101166,97.299599
846,7.050000,-0.019832,0.026206,0.001442,0.999459,-215.027237,91.090446,97.310120
847,7.058333,-0.019683,0.026156,0.001388,0.999463,-215.029190,91.082405,97.318375
848,7.066667,-0.019669,0.026161,0.001373,0.999463,-215.030807,91.072968,97.324684
849,7.075000,-0.019699,0.026248,0.001098,0.999461,-215.031723,91.064301,97.332779
850,7.083333,-0.019664,0.026338,0.001049,0.999459,-215.033203,91.056541,97.340050
851,7.091667,-0.019745,0.026263,0.001090,0.999459,-215.033630,91.042831,97.347023
852,7.100000,-0.019618,0.026228,0.000776,0.999463,-215.033371,91.026695,97.352676
853,7.108333,-0.019835,0.026438,0.000524,0.999454,-215.031509,91.016220,97.368950
854,7.116667,-0.019545,0.026694,0.000450,0.999453,-215.027863,90.999977,97.377144
855,7.125000,-0.019215,0.026869,0.000393,0.999454,-215.023804,90.981445,97.385612
856,7.133333,-0.018743,0.026884,0.000246,0.999463,-215.020782,90.960976,97.393402
857,7.141667,-0.018162,0.026749,-0.000017,0.999477,-215.020752,90.941551,97.398689
858,7.150000,-0.017432,0.026197,-0.000191,0.999505,-215.025467,90.923004,97.393875
859,7.158333,-0.016522,0.025858,-0.000238,0.999529,-215.028976,90.908241,97.395683
860,7.166667,-0.016153,0.025691,-0.000280,0.999539,-215.031479,90.898743,97.400368
861,7.175000,-0.016884,0.025917,-0.000463,0.999521,-215.031143,90.896606,97.418373
862,7.183333,-0.017278,0.026004,-0.000678,0.999512,-215.030884,90.883331,97.428108
863,7.191667,-0.016970,0.025717,-0.000824,0.999525,-215.038162,90.856094,97.425880
864,7.200000,-0.017569,0.025831,0.001633,0.999511,-215.048340,90.805634,97.436630
865,7.208333,-0.017518,0.026053,0.002378,0.999504,-215.061264,90.762924,97.446136
866,7.216667,-0.017272,0.025993,0.002276,0.999510,-215.073349,90.724709,97.451660
867,7.225000,-0.017233,0.025830,0.001789,0.999516,-215.086700,90.681877,97.452888
868,7.233333,-0.016648,0.025663,0.001804,0.999530,-215.098053,90.624741,97.451630
869,7.241667,-0.015051,0.025537,0.001633,0.999559,-215.103317,90.562416,97.451782
870,7.250000,-0.014100,0.025313,0.001660,0.999579,-215.105484,90.503540,97.454300
871,7.258333,-0.013307,0.025146,0.001607,0.999594,-215.105698,90.452080,97.459633
872,7.266667,-0.012358,0.024933,0.000977,0.999612,-215.103989,90.403091,97.463951
873,7.275000,-0.012075,0.025018,0.000226,0.999614,-215.100098,90.374641,97.479256
874,7.283333,-0.011732,0.025107,-0.000249,0.999616,-215.094849,90.353844,97.479614
875,7.291667,-0.011740,0.025271,-0.000395,0.999612,-215.092255,90.343231,97.478218
876,7.300000,-0.011294,0.025130,-0.000378,0.999620,-215.093491,90.328873,97.466949
877,7.308333,-0.010377,0.025001,-0.000282,0.999634,-215.096634,90.309998,97.461334
878,7.316667,-0.009964,0.024942,-0.000205,0.999639,-215.097336,90.296104,97.462097
879,7.325000,-0.009795,0.024900,-0.000282,0.999642,-215.098434,90.292107,97.463570
880,7.333333,-0.009753,0.024809,-0.000333,0.999645,-215.097946,90.295067,97.463203
881,7.341667,-0.009945,0.024748,-0.000283,0.999644,-215.097458,90.306061,97.464172
882,7.350000,-0.011148,0.024974,-0.000356,0.999626,-215.094620,90.329514,97.475410
883,7.358333,-0.011637,0.025277,-0.000243,0.999613,-215.088821,90.340805,97.474319
884,7.366667,-0.012106,0.025474,-0.000149,0.999602,-215.083832,90.345787,97.473221
885,7.375000,-0.012105,0.025528,0.000029,0.999601,-215.084488,90.337898,97.464684
886,7.383333,-0.011651,0.025461,0.000129,0.999608,-215.088913,90.324493,97.460106
887,7.391667,-0.011526,0.025472,0.000183,0.999609,-215.092117,90.315277,97.458603
888,7.400000,-0.011712,0.025417,0.000179,0.999608,-215.094177,90.312981,97.458031
889,7.408333,-0.011602,0.025363,-0.000016,0.999611,-215.096954,90.317566,97.458923
890,7.416667,-0.011237,0.025184,-0.000179,0.999620,-215.096451,90.322021,97.460266
891,7.425000,-0.010708,0.025065,-0.000607,0.999628,-215.095337,90.324348,97.462410
892,7.433333,-0.011166,0.025232,-0.000806,0.999619,-215.094254,90.331802,97.474678
893,7.441667,-0.011076,0.025388,-0.001047,0.999616,-215.089081,90.331284,97.477554
894,7.450000,-0.011123,0.025512,-0.001304,0.999612,-215.082474,90.326782,97.478386
895,7.458333,-0.010176,0.025460,-0.001666,0.999623,-215.079193,90.309196,97.465462
896,7.466667,-0.008493,0.025537,-0.002266,0.999635,-215.075333,90.285179,97.458069
897,7.475000,-0.008024,0.025483,-0.002628,0.999640,-215.068634,90.275719,97.453835
898,7.483333,-0.008020,0.025458,-0.002965,0.999639,-215.057709,90.278297,97.451256
899,7.491667,-0.008410,0.025593,-0.003520,0.999631,-215.044098,90.285088,97.445992
900,7.500000,-0.008988,0.025649,-0.004039,0.999622,-215.029739,90.285446,97.438667
901,7.508333,-0.009915,0.025615,-0.004787,0.999611,-215.015701,90.267189,97.427544
902,7.516667,-0.011230,0.025792,-0.005891,0.999587,-215.003418,90.222092,97.412140
903,7.525000,-0.013041,0.026260,-0.006773,0.999547,-214.998169,90.152435,97.395195
904,7.533333,-0.013870,0.026994,-0.005415,0.999525,-214.987686,90.102272,97.405724
905,7.541667,-0.013019,0.028361,-0.005965,0.999495,-214.971878,90.087524,97.432373
906,7.550000,-0.011244,0.029336,-0.006978,0.999482,-214.952515,90.084976,97.466080
907,7.558333,-0.009282,0.030084,-0.007938,0.999473,-214.930054,90.071678,97.501335
908,7.566667,-0.007411,0.030145,-0.008098,0.999485,-214.920181,90.056786,97.548035
909,7.575000,-0.005870,0.030144,-0.007339,0.999501,-214.931412,90.047424,97.595505
910,7.583333,-0.003494,0.030201,-0.006593,0.999516,-214.935043,90.030327,97.643700
911,7.591667,-0.001065,0.030998,-0.006075,0.999501,-214.931534,90.018311,97.705200
912,7.600000,0.000953,0.031803,-0.006070,0.999475,-214.927246,90.015762,97.777855
913,7.608333,0.002843,0.032643,-0.006570,0.999442,-214.926697,90.019257,97.838615
914,7.616667,0.004170,0.033756,-0.007641,0.999392,-214.929031,90.029755,97.890884
915,7.625000,0.005182,0.034376,-0.008149,0.999362,-214.921188,90.032387,97.924088
916,7.633333,0.005686,0.034858,-0.008560,0.999340,-214.907532,90.033424,97.941360
917,7.641667,0.005799,0.035482,-0.008943,0.999313,-214.893127,90.034744,97.943321
918,7.650000,0.005498,0.035879,-0.009422,0.999297,-214.876587,90.034187,97.930710
919,7.658333,0.004435,0.035194,-0.009405,0.999326,-214.855667,90.027916,97.898659
920,7.666667,0.003378,0.034424,-0.009983,0.999352,-214.839966,90.022644,97.864014
921,7.675000,0.001825,0.033141,-0.010606,0.999393,-214.826584,90.019585,97.820778
922,7.683333,0.000862,0.032087,-0.010822,0.999426,-214.824585,90.020958,97.788513
923,7.691667,0.000325,0.031200,-0.010269,0.999460,-214.833145,90.022461,97.771309
924,7.700000,0.000419,0.030316,-0.009315,0.999497,-214.859039,90.023697,97.768211
925,7.708333,0.000442,0.029489,-0.007526,0.999537,-214.895599,90.024872,97.776428
926,7.716667,0.000816,0.028710,-0.006047,0.999569,-214.932129,90.024200,97.776543
927,7.725000,0.000774,0.027576,-0.005216,0.999606,-214.968781,90.023026,97.763977
928,7.733333,0.000304,0.026665,-0.004590,0.999634,-214.993912,90.021210,97.744347
929,7.741667,0.000139,0.025518,-0.004362,0.999665,-215.008331,90.023529,97.729927
930,7.750000,0.000333,0.024737,-0.004426,0.999684,-215.011429,90.021797,97.727058
931,7.758333,0.000619,0.024384,-0.004515,0.999692,-215.004318,90.019676,97.735123
932,7.766667,0.000646,0.024399,-0.004996,0.999690,-214.991577,90.018936,97.736847
933,7.775000,0.000805,0.024484,-0.005807,0.999683,-214.974030,90.017853,97.732147
934,7.783333,0.000909,0.024740,-0.006771,0.999671,-214.951706,90.013847,97.729042
935,7.791667,0.001053,0.024844,-0.007282,0.999664,-214.937851,90.011024,97.736267
936,7.800000,0.001370,0.024801,-0.007773,0.999661,-214.926437,90.009598,97.743378
937,7.808333,0.001665,0.024721,-0.008047,0.999661,-214.918777,90.009705,97.751892
938,7.816667,0.001848,0.024617,-0.008460,0.999659,-214.911316,90.010262,97.757477
939,7.825000,0.001873,0.024590,-0.008531,0.999660,-214.907761,90.010277,97.761337
940,7.833333,0.001900,0.024558,-0.008711,0.999659,-214.906616,90.010414,97.760773
941,7.841667,0.001735,0.024507,-0.008613,0.999661,-214.907745,90.009460,97.760483
942,7.850000,0.001591,0.024608,-0.008404,0.999661,-214.911346,90.008377,97.756294
943,7.858333,0.001534,0.024758,-0.008220,0.999659,-214.918991,90.009483,97.750122
944,7.866667,0.001265,0.024894,-0.007892,0.999658,-214.928772,90.010109,97.745110
945,7.875000,0.001353,0.024978,-0.007132,0.999662,-214.939636,90.013947,97.736389
946,7.883333,0.001035,0.024917,-0.006467,0.999668,-214.952560,90.015617,97.725479
947,7.891667,0.000448,0.024881,-0.006042,0.999672,-214.966629,90.019402,97.718033
948,7.900000,0.000598,0.024893,-0.005851,0.999673,-214.971848,90.017609,97.717957
949,7.908333,0.000738,0.024913,-0.005965,0.999672,-214.970047,90.017181,97.717018
950,7.916667,0.000859,0.024959,-0.006361,0.999668,-214.959793,90.014511,97.717491
951,7.925000,0.000727,0.024986,-0.006696,0.999665,-214.953964,90.013000,97.722511
952,7.933333,0.000724,0.025035,-0.006948,0.999662,-214.948868,90.014008,97.725662
953,7.941667,0.000963,0.025071,-0.006812,0.999662,-214.948746,90.015701,97.726044
954,7.950000,0.001016,0.025090,-0.006542,0.999663,-214.950821,90.015587,97.725967
955,7.958333,0.000743,0.025040,-0.006412,0.999666,-214.954712,90.016129,97.723763
956,7.966667,0.000687,0.025050,-0.006246,0.999666,-214.960648,90.017799,97.720688
957,7.975000,0.000770,0.024987,-0.006052,0.999669,-214.963120,90.017235,97.719536
958,7.983333,0.000709,0.024987,-0.006265,0.999668,-214.959259,90.014221,97.716896
959,7.991667,0.000783,0.025050,-0.006352,0.999666,-214.959244,90.014313,97.720108
960,8.000000,0.000702,0.025095,-0.006411,0.999664,-214.959763,90.017143,97.719040
961,8.008333,0.000701,0.025075,-0.006277,0.999666,-214.961975,90.018242,97.717552
962,8.016667,0.000700,0.025042,-0.006284,0.999666,-214.961960,90.016624,97.716560
963,8.025000,0.000787,0.025020,-0.006488,0.999666,-214.960693,90.015457,97.716347
964,8.033333,0.000659,0.025062,-0.006293,0.999666,-214.961914,90.016945,97.716972
965,8.041667,0.000663,0.025077,-0.006139,0.999666,-214.964600,90.017708,97.715866
966,8.050000,0.000738,0.025072,-0.006189,0.999666,-214.963226,90.015808,97.714943
967,8.058333,0.000700,0.025056,-0.006234,0.999666,-214.962982,90.015701,97.715790
968,8.066667,0.000638,0.024978,-0.006294,0.999668,-214.963699,90.016174,97.714027
969,8.075000,0.000680,0.025046,-0.006059,0.999668,-214.963943,90.016029,97.715775
970,8.083333,0.000798,0.025100,-0.006360,0.999664,-214.961761,90.015915,97.716568
971,8.091667,0.000701,0.025125,-0.006285,0.999664,-214.961655,90.016464,97.717369
972,8.100000,0.000707,0.025097,-0.006173,0.999666,-214.962189,90.017166,97.717354
973,8.108333,0.000778,0.025108,-0.006372,0.999664,-214.960556,90.015366,97.717575
974,8.116667,0.000683,0.025141,-0.006247,0.999664,-214.960312,90.015053,97.719070
975,8.125000,0.000742,0.025117,-0.006288,0.999664,-214.959885,90.016823,97.719070
976,8.133333,0.000824,0.025069,-0.006162,0.999666,-214.959885,90.016441,97.718987
977,8.141667,0.000832,0.025072,-0.006145,0.999666,-214.959976,90.015503,97.719963
978,8.150000,0.000832,0.025113,-0.006308,0.999664,-214.959930,90.014961,97.718666
979,8.158333,0.000837,0.025059,-0.006305,0.999666,-214.960770,90.016502,97.719009
980,8.166667,0.000801,0.025065,-0.006380,0.999665,-214.960236,90.016304,97.717224
981,8.175000,0.000828,0.025103,-0.006348,0.999664,-214.961365,90.015259,97.716606
982,8.183333,0.000728,0.025017,-0.006257,0.999667,-214.962418,90.016235,97.717468
983,8.191667,0.000755,0.025065,-0.006229,0.999666,-214.962646,90.016418,97.717194
984,8.200000,0.000734,0.025069,-0.006204,0.999666,-214.963715,90.016556,97.717331
985,8.208333,0.000790,0.025069,-0.006249,0.999666,-214.964478,90.015945,97.716072
986,8.216667,0.000746,0.024971,-0.006331,0.999668,-214.964767,90.016434,97.715668
987,8.225000,0.000674,0.024991,-0.006229,0.999668,-214.965469,90.015739,97.715904
988,8.233333,0.000687,0.025057,-0.006302,0.999666,-214.965149,90.015701,97.716354
989,8.241667,0.000700,0.025047,-0.006384,0.999666,-214.964203,90.014877,97.716957
990,8.250000,0.000652,0.025063,-0.006090,0.999667,-214.964325,90.015968,97.716583
991,8.258333,0.000760,0.025089,-0.006159,0.999666,-214.964081,90.015686,97.716423
992,8.266667,0.000752,0.025082,-0.006238,0.999666,-214.963440,90.016052,97.715988
993,8.275000,0.000677,0.025125,-0.006269,0.999664,-214.963501,90.015755,97.717171
994,8.283333,0.000747,0.025067,-0.006174,0.999666,-214.962311,90.015663,97.717438
995,8.291667,0.000713,0.025007,-0.006116,0.999668,-214.961533,90.014771,97.717163
996,8.300000,0.000831,0.025032,-0.006244,0.999667,-214.961655,90.015854,97.716927
997,8.308333,0.000753,0.025038,-0.006319,0.999666,-214.961319,90.015465,97.717728
998,8.316667,0.000848,0.025042,-0.006348,0.999666,-214.960602,90.015602,97.717621
999,8.325000,0.000688,0.025003,-0.006222,0.999668,-214.960892,90.015839,97.717697
1000,8.333333,0.000785,0.025023,-0.006278,0.999667,-214.961166,90.016434,97.717781
1001,8.341667,0.000781,0.025054,-0.006167,0.999667,-214.961075,90.014229,97.718033
1002,8.350000,0.000765,0.025052,-0.006239,0.999666,-214.961548,90.015572,97.719566
1003,8.358333,0.000900,0.025059,-0.006375,0.999665,-214.961197,90.015770,97.719055
1004,8.366667,0.000811,0.025046,-0.006240,0.999667,-214.961792,90.015388,97.718636
1005,8.375000,0.000700,0.025032,-0.006243,0.999667,-214.962418,90.015701,97.718277
1006,8.383333,0.000741,0.025053,-0.006323,0.999666,-214.963196,90.016869,97.718452
1007,8.391667,0.000693,0.025059,-0.006268,0.999666,-214.963196,90.015213,97.716713
1008,8.400000,0.000675,0.025137,-0.006169,0.999665,-214.964111,90.015884,97.718498
1009,8.408333,0.000710,0.025077,-0.006284,0.999665,-214.963242,90.014732,97.716568
1010,8.416667,0.000746,0.025050,-0.006342,0.999666,-214.964371,90.015450,97.715134
1011,8.425000,0.000787,0.025011,-0.006281,0.999667,-214.965134,90.017113,97.714600
1012,8.433333,0.000723,0.025021,-0.006113,0.999668,-214.964478,90.014725,97.714958
1013,8.441667,0.000735,0.025053,-0.006282,0.999666,-214.964706,90.014938,97.715446
1014,8.450000,0.000778,0.025014,-0.006163,0.999668,-214.964218,90.014954,97.714897
1015,8.458333,0.000872,0.025076,-0.006209,0.999666,-214.964050,90.015251,97.715561
1016,8.466667,0.000825,0.025061,-0.006164,0.999667,-214.963623,90.014824,97.715912
1017,8.475000,0.000755,0.025054,-0.006192,0.999667,-214.962769,90.015228,97.716698
1018,8.483333,0.000807,0.025044,-0.006285,0.999666,-214.962692,90.015938,97.717514
1019,8.491667,0.000859,0.025056,-0.006232,0.999666,-214.962311,90.015831,97.717758
1020,8.500000,0.000754,0.025045,-0.006332,0.999666,-214.960999,90.014717,97.717735
1021,8.508333,0.000714,0.025109,-0.006218,0.999665,-214.960617,90.014610,97.718575
1022,8.516667,0.000709,0.025092,-0.006254,0.999665,-214.959961,90.015694,97.719223
1023,8.525000,0.000745,0.025055,-0.006409,0.999665,-214.960098,90.016350,97.719460
1024,8.533333,0.000732,0.025086,-0.006265,0.999665,-214.960648,90.015724,97.718590
1025,8.541667,0.000840,0.025049,-0.006226,0.999667,-214.960648,90.015068,97.718903
1026,8.550000,0.000869,0.025075,-0.006196,0.999666,-214.961487,90.015663,97.719345
1027,8.558333,0.000743,0.025042,-0.006252,0.999667,-214.961121,90.016441,97.719261
1028,8.566667,0.000683,0.025057,-0.006272,0.999666,-214.961746,90.017097,97.717896
1029,8.575000,0.000702,0.025091,-0.006232,0.999665,-214.962418,90.016136,97.717239
1030,8.583333,0.000771,0.025063,-0.006367,0.999665,-214.963318,90.016884,97.716835
1031,8.591667,0.000723,0.025067,-0.006325,0.999665,-214.963104,90.016525,97.716110
1032,8.600000,0.000612,0.025089,-0.006211,0.999666,-214.964035,90.016266,97.716347
1033,8.608333,0.000744,0.025043,-0.006334,0.999666,-214.964676,90.016403,97.714958
1034,8.616667,0.000723,0.025051,-0.006331,0.999666,-214.964325,90.015617,97.714905
1035,8.625000,0.000676,0.025084,-0.006231,0.999666,-214.964172,90.015587,97.715668
1036,8.633333,0.000683,0.025061,-0.006308,0.999666,-214.963745,90.015152,97.715744
1037,8.641667,0.000635,0.025061,-0.006230,0.999666,-214.963455,90.015999,97.715797
1038,8.650000,0.000714,0.025069,-0.006260,0.999666,-214.963409,90.016502,97.715775
1039,8.658333,0.000848,0.025097,-0.006310,0.999665,-214.962173,90.016808,97.716400
1040,8.666667,0.000856,0.025031,-0.006341,0.999666,-214.961792,90.016815,97.715561
1041,8.675000,0.000914,0.025081,-0.006358,0.999665,-214.961578,90.015778,97.716141
1042,8.683333,0.000776,0.025055,-0.006214,0.999666,-214.960785,90.015656,97.716774
1043,8.691667,0.000848,0.025064,-0.006269,0.999666,-214.959686,90.013847,97.717270
1044,8.700000,0.000777,0.025052,-0.006404,0.999665,-214.960266,90.014061,97.717491
1045,8.708333,0.000773,0.025080,-0.006254,0.999666,-214.960510,90.015717,97.719559
1046,8.716667,0.000807,0.025070,-0.006265,0.999666,-214.960510,90.015320,97.718697
1047,8.725000,0.000785,0.025091,-0.006318,0.999665,-214.960022,90.014496,97.717789
1048,8.733333,0.000617,0.025084,-0.006253,0.999666,-214.961380,90.014610,97.719009
1049,8.741667,0.000716,0.025043,-0.006303,0.999666,-214.960831,90.015091,97.717934
1050,8.750000,0.000769,0.025047,-0.006274,0.999666,-214.961670,90.015442,97.718277
1051,8.758333,0.000723,0.024992,-0.006191,0.999668,-214.962173,90.014854,97.717735
1052,8.766667,0.000739,0.025040,-0.006241,0.999667,-214.962723,90.015778,97.717148
1053,8.775000,0.000731,0.025035,-0.006168,0.999667,-214.963028,90.016060,97.716972
1054,8.783333,0.000814,0.025055,-0.006280,0.999666,-214.963531,90.017731,97.717293
1055,8.791667,0.000682,0.025068,-0.006175,0.999666,-214.963242,90.015945,97.717087
1056,8.800000,0.000671,0.025027,-0.006307,0.999667,-214.963608,90.015518,97.715637
1057,8.808333,0.000743,0.025010,-0.006257,0.999667,-214.963837,90.016762,97.714989
1058,8.816667,0.000697,0.025018,-0.006350,0.999667,-214.963745,90.017372,97.715218
1059,8.825000,0.000669,0.025043,-0.006275,0.999666,-214.963318,90.016266,97.715164
1060,8.833333,0.000689,0.025002,-0.006256,0.999668,-214.963318,90.016182,97.714386
1061,8.841667,0.000689,0.025009,-0.006265,0.999667,-214.963028,90.016243,97.713943
1062,8.850000,0.000681,0.025030,-0.006273,0.999667,-214.963181,90.014961,97.713531
1063,8.858333,0.000729,0.025074,-0.006245,0.999666,-214.962723,90.014572,97.714737
1064,8.866667,0.000654,0.025102,-0.006318,0.999665,-214.962631,90.015465,97.714371
1065,8.875000,0.000744,0.025015,-0.006222,0.999668,-214.961716,90.016258,97.714577
1066,8.883333,0.000723,0.025130,-0.006230,0.999665,-214.961380,90.015648,97.714905
1067,8.891667,0.000796,0.025089,-0.006187,0.999666,-214.961548,90.015182,97.715607
1068,8.900000,0.000781,0.025031,-0.006201,0.999667,-214.961411,90.015724,97.715988
1069,8.908333,0.000816,0.025037,-0.006331,0.999666,-214.960739,90.016014,97.716293
1070,8.916667,0.000696,0.025074,-0.006344,0.999665,-214.960693,90.015511,97.716454
1071,8.925000,0.000755,0.025068,-0.006328,0.999665,-214.960403,90.015152,97.716675
1072,8.933333,0.000705,0.025095,-0.006329,0.999665,-214.960785,90.015244,97.717522
1073,8.941667,0.000774,0.025125,-0.006254,0.999664,-214.960449,90.014854,97.718201
1074,8.950000,0.000744,0.025087,-0.006155,0.999666,-214.960648,90.015366,97.717979
1075,8.958333,0.000800,0.025032,-0.006253,0.999667,-214.961060,90.015633,97.717163
1076,8.966667,0.000776,0.025086,-0.006287,0.999665,-214.960999,90.015442,97.715820
1077,8.975000,0.000638,0.025099,-0.006378,0.999664,-214.962357,90.016487,97.716492
1078,8.983333,0.000702,0.025071,-0.006323,0.999665,-214.962357,90.016846,97.716042
1079,8.991667,0.000698,0.025060,-0.006344,0.999666,-214.962143,90.016205,97.715790
1080,9.000000,0.000802,0.025081,-0.006272,0.999665,-214.962952,90.016571,97.715340
1081,9.008333,0.000748,0.025019,-0.006327,0.999667,-214.963745,90.016541,97.714142
1082,9.016667,0.000789,0.025011,-0.006251,0.999667,-214.963577,90.015228,97.713097
1083,9.025000,0.000717,0.025077,-0.006242,0.999666,-214.963318,90.015213,97.713974
1084,9.033333,0.000760,0.025135,-0.006312,0.999664,-214.963272,90.016136,97.714043
1085,9.041667,0.000727,0.025064,-0.006303,0.999666,-214.962769,90.016891,97.714844
1086,9.050000,0.000785,0.025078,-0.006327,0.999665,-214.962524,90.016739,97.715149
1087,9.058333,0.000754,0.025101,-0.006374,0.999664,-214.962097,90.016022,97.713982
1088,9.066667,0.000800,0.025102,-0.006379,0.999664,-214.962082,90.016022,97.714737
1089,9.075000,0.000692,0.025043,-0.006262,0.999667,-214.960571,90.015129,97.715172
1090,9.083333,0.000768,0.024996,-0.006353,0.999667,-214.960724,90.016159,97.715813
1091,9.091667,0.000824,0.025111,-0.006271,0.999665,-214.960007,90.015114,97.716751
1092,9.100000,0.000810,0.025105,-0.006289,0.999665,-214.959534,90.015160,97.716843
1093,9.108333,0.000747,0.025035,-0.006273,0.999667,-214.959290,90.016434,97.717819
1094,9.116667,0.000724,0.025067,-0.006289,0.999666,-214.959473,90.016228,97.717308
1095,9.125000,0.000731,0.025018,-0.006314,0.999667,-214.960526,90.015602,97.716278
1096,9.133333,0.000802,0.025041,-0.006295,0.999666,-214.960770,90.015678,97.716560
1097,9.141667,0.000833,0.025035,-0.006320,0.999666,-214.960068,90.015312,97.716347
1098,9.150000,0.000774,0.024991,-0.006260,0.999668,-214.960617,90.015869,97.715248
1099,9.158333,0.000741,0.025060,-0.006138,0.999667,-214.961456,90.015701,97.715805
1100,9.166667,0.000733,0.025113,-0.006117,0.999666,-214.960449,90.013901,97.714928
1101,9.175000,0.000678,0.025083,-0.006297,0.999665,-214.962173,90.016548,97.715698
1102,9.183333,0.000770,0.025084,-0.006272,0.999665,-214.962341,90.016106,97.715240
1103,9.191667,0.000644,0.025009,-0.006306,0.999667,-214.962341,90.016396,97.714188
1104,9.200000,0.000647,0.025088,-0.006271,0.999665,-214.962479,90.017059,97.715721
1105,9.208333,0.000623,0.025122,-0.006212,0.999665,-214.962463,90.016708,97.715591
1106,9.216667,0.000678,0.025057,-0.006351,0.999666,-214.963058,90.017578,97.714195
1107,9.225000,0.000739,0.025059,-0.006398,0.999665,-214.963272,90.016815,97.714119
1108,9.233333,0.000771,0.025011,-0.006397,0.999666,-214.963486,90.016396,97.713486
1109,9.241667,0.000820,0.025026,-0.006284,0.999667,-214.962799,90.015495,97.714432
1110,9.250000,0.000700,0.024988,-0.006182,0.999668,-214.963120,90.015411,97.714287
1111,9.258333,0.000733,0.025036,-0.006323,0.999666,-214.963120,90.015015,97.714828
1112,9.266667,0.000756,0.025020,-0.006319,0.999667,-214.963242,90.016502,97.715820
1113,9.275000,0.000723,0.025073,-0.006271,0.999666,-214.963196,90.016594,97.716400
1114,9.283333,0.000796,0.025038,-0.006253,0.999667,-214.963028,90.017166,97.716675
1115,9.291667,0.000725,0.025068,-0.006271,0.999666,-214.963409,90.017082,97.717102
1116,9.300000,0.000690,0.025037,-0.006314,0.999666,-214.964371,90.017052,97.716698
1117,9.308333,0.000656,0.025017,-0.006226,0.999668,-214.964706,90.016525,97.717453
1118,9.316667,0.000657,0.025044,-0.006123,0.999667,-214.965088,90.016708,97.717308
1119,9.325000,0.000616,0.025049,-0.006140,0.999667,-214.965637,90.017250,97.717041
1120,9.333333,0.000649,0.025011,-0.006153,0.999668,-214.965515,90.017494,97.717506
1121,9.341667,0.000692,0.025044,-0.006180,0.999667,-214.965393,90.017868,97.717781
1122,9.350000,0.000675,0.025012,-0.006189,0.999668,-214.966278,90.017441,97.717659
1123,9.358333,0.000723,0.025042,-0.006153,0.999667,-214.965683,90.016602,97.717270
1124,9.366667,0.000664,0.025036,-0.006153,0.999667,-214.965729,90.016632,97.716713
1125,9.375000,0.000642,0.025113,-0.006279,0.999665,-214.966873,90.018478,97.717392
1126,9.383333,0.000789,0.025116,-0.006265,0.999665,-214.965820,90.017487,97.717575
1127,9.391667,0.000663,0.025099,-0.006108,0.999666,-214.965942,90.017624,97.717194
1128,9.400000,0.000755,0.025048,-0.006147,0.999667,-214.966110,90.016609,97.716560
1129,9.408333,0.000754,0.025010,-0.006243,0.999667,-214.966278,90.017006,97.716942
1130,9.416667,0.000670,0.024956,-0.006192,0.999669,-214.966721,90.017815,97.715668
1131,9.425000,0.000727,0.024996,-0.006331,0.999667,-214.967438,90.017792,97.716736
1132,9.433333,0.000649,0.025006,-0.006301,0.999667,-214.967606,90.017120,97.717491
1133,9.441667,0.000719,0.025022,-0.006264,0.999667,-214.967987,90.017921,97.718826
1134,9.450000,0.000684,0.025035,-0.006199,0.999667,-214.967484,90.016815,97.719894
1135,9.458333,0.000634,0.024997,-0.006139,0.999668,-214.968079,90.016930,97.720520
1136,9.466667,0.000625,0.024999,-0.006281,0.999668,-214.968109,90.018028,97.721359
1137,9.475000,0.000688,0.025032,-0.006166,0.999667,-214.966583,90.016869,97.722488
1138,9.483333,0.000676,0.024955,-0.006202,0.999669,-214.966583,90.017319,97.721840
1139,9.491667,0.000799,0.025020,-0.006174,0.999668,-214.966400,90.017555,97.722382
1140,9.500000,0.000696,0.025028,-0.006125,0.999668,-214.965469,90.017281,97.723213
1141,9.508333,0.000770,0.025027,-0.006066,0.999668,-214.964264,90.016716,97.723282
1142,9.516667,0.000774,0.025004,-0.006146,0.999668,-214.964172,90.017662,97.723686
1143,9.525000,0.000792,0.025013,-0.006108,0.999668,-214.963486,90.017410,97.723549
1144,9.533333,0.000653,0.025008,-0.006140,0.999668,-214.963440,90.017357,97.723099
1145,9.541667,0.000713,0.025079,-0.006222,0.999666,-214.962860,90.016624,97.722786
1146,9.550000,0.000666,0.025042,-0.006287,0.999666,-214.962799,90.017250,97.721008
1147,9.558333,0.000717,0.025064,-0.006232,0.999666,-214.964050,90.017021,97.720795
1148,9.566667,0.000749,0.025050,-0.006232,0.999666,-214.964600,90.017746,97.720795
1149,9.575000,0.000732,0.025013,-0.006201,0.999668,-214.964706,90.017242,97.720024
