Format Version,1.25,Take Name,Take 2025-11-27 05.53.00 PM,Take Notes,,Capture Frame Rate,120.000000,Export Frame Rate,120.000000,Capture Start Time,2025-11-27 05.53.01.372 PM,Capture Start Frame,349821,Total Frames in Take,934,Total Exported Frames,934,Rotation Type,Quaternion,Length Units,Centimeters,Coordinate Space,Global

,Type,Rigid Body,Rigid Body,Rigid Body,Rigid Body,Rigid Body,Rigid Body,Rigid Body
,Name,SEE_medium,SEE_medium,SEE_medium,SEE_medium,SEE_medium,SEE_medium,SEE_medium
,ID,99D1A06ACB9411F031C44B617C101E92,99D1A06ACB9411F031C44B617C101E92,99D1A06ACB9411F031C44B617C101E92,99D1A06ACB9411F031C44B617C101E92,99D1A06ACB9411F031C44B617C101E92,99D1A06ACB9411F031C44B617C101E92,99D1A06ACB9411F031C44B617C101E92
,Parent,,,,,,,
,,Rotation,Rotation,Rotation,Rotation,Position,Position,Position
Frame,Time (Seconds),X,Y,Z,W,X,Y,Z
0,0.000000,-0.002205,-0.024293,0.010733,-0.999645,-215.303848,90.141823,84.350883
1,0.008333,-0.002204,-0.024247,0.010767,-0.999646,-215.302460,90.142258,84.352570
2,0.016667,-0.002056,-0.024276,0.010774,-0.999645,-215.304062,90.142838,84.355232
3,0.025000,-0.002008,-0.024272,0.010721,-0.999646,-215.306137,90.143272,84.355721
4,0.033333,-0.002147,-0.024049,0.010740,-0.999651,-215.312057,90.142151,84.351624
5,0.041667,-0.002273,-0.024007,0.010712,-0.999652,-215.318924,90.141434,84.350914
6,0.050000,-0.002370,-0.023860,0.010631,-0.999656,-215.323975,90.139069,84.349754
7,0.058333,-0.002606,-0.023721,0.010482,-0.999660,-215.328720,90.139259,84.350128
8,0.066667,-0.002784,-0.023719,0.010351,-0.999661,-215.331085,90.137497,84.349319
9,0.075000,-0.002699,-0.023688,0.010249,-0.999663,-215.332581,90.137177,84.349213
10,0.083333,-0.002659,-0.023659,0.010227,-0.999664,-215.332657,90.137642,84.347115
11,0.091667,-0.002692,-0.023705,0.010290,-0.999663,-215.331436,90.134407,84.344032
12,0.100000,-0.002730,-0.023649,0.010251,-0.999664,-215.329575,90.133965,84.343811
13,0.108333,-0.002901,-0.023644,0.010305,-0.999663,-215.326477,90.131523,84.340706
14,0.116667,-0.002944,-0.023648,0.010353,-0.999662,-215.321426,90.130249,84.337692
15,0.125000,-0.003129,-0.023659,0.010492,-0.999660,-215.316086,90.127533,84.336845
16,0.133333,-0.003040,-0.023676,0.010621,-0.999659,-215.311096,90.125549,84.334389
17,0.141667,-0.003038,-0.023715,0.010703,-0.999657,-215.306305,90.126236,84.335228
18,0.150000,-0.003150,-0.023635,0.010701,-0.999658,-215.299911,90.127853,84.335487
19,0.158333,-0.003116,-0.023688,0.010684,-0.999658,-215.295959,90.128593,84.335663
20,0.166667,-0.002996,-0.023721,0.010859,-0.999655,-215.294769,90.130219,84.334198
21,0.175000,-0.002979,-0.023738,0.010824,-0.999655,-215.295074,90.129028,84.336487
22,0.183333,-0.002895,-0.023802,0.010820,-0.999654,-215.297058,90.128723,84.337608
23,0.191667,-0.002915,-0.023743,0.010833,-0.999655,-215.299698,90.128410,84.338501
24,0.200000,-0.002939,-0.023691,0.010753,-0.999657,-215.304260,90.129433,84.341118
25,0.208333,-0.002918,-0.023703,0.010535,-0.999659,-215.309433,90.128525,84.344009
26,0.216667,-0.002610,-0.024011,0.010621,-0.999652,-215.311722,90.131424,84.354813
27,0.225000,-0.002485,-0.023826,0.010438,-0.999659,-215.319611,90.132507,84.346581
28,0.233333,-0.002677,-0.023544,0.010442,-0.999665,-215.326447,90.130898,84.339645
29,0.241667,-0.002433,-0.023747,0.010374,-0.999661,-215.326859,90.132660,84.351372
30,0.250000,-0.002278,-0.023850,0.010361,-0.999659,-215.324234,90.134773,84.351936
31,0.258333,-0.002203,-0.023941,0.010425,-0.999657,-215.320770,90.134720,84.348938
32,0.266667,-0.002308,-0.024124,0.010467,-0.999652,-215.317200,90.132698,84.348274
33,0.275000,-0.002349,-0.024087,0.010566,-0.999651,-215.313095,90.132072,84.344482
34,0.283333,-0.002284,-0.024115,0.010646,-0.999650,-215.308502,90.131271,84.343300
35,0.291667,-0.002545,-0.023792,0.010643,-0.999657,-215.306381,90.129196,84.333862
36,0.300000,-0.002209,-0.024039,0.010722,-0.999651,-215.300964,90.130455,84.342972
37,0.308333,-0.002040,-0.024058,0.010830,-0.999650,-215.293533,90.132668,84.342552
38,0.316667,-0.002091,-0.024098,0.011030,-0.999647,-215.289566,90.135048,84.342155
39,0.325000,-0.001911,-0.024090,0.010921,-0.999648,-215.288712,90.136276,84.345642
40,0.333333,-0.001762,-0.024142,0.010785,-0.999649,-215.289886,90.135262,84.346840
41,0.341667,-0.001898,-0.024131,0.010828,-0.999648,-215.292664,90.134926,84.350189
42,0.350000,-0.001997,-0.024101,0.010729,-0.999650,-215.296585,90.134956,84.351685
43,0.358333,-0.002039,-0.024122,0.010662,-0.999650,-215.301987,90.133995,84.354836
44,0.366667,-0.002266,-0.023890,0.010636,-0.999655,-215.311386,90.129982,84.343872
45,0.375000,-0.002210,-0.024054,0.010771,-0.999650,-215.316101,90.129494,84.351677
46,0.383333,-0.002093,-0.024063,0.010639,-0.999652,-215.319443,90.130226,84.353142
47,0.391667,-0.002130,-0.024101,0.010533,-0.999652,-215.320847,90.131973,84.356209
48,0.400000,-0.002102,-0.024049,0.010427,-0.999654,-215.322586,90.133324,84.354980
49,0.408333,-0.002159,-0.024056,0.010331,-0.999655,-215.324951,90.133949,84.353065
50,0.416667,-0.002152,-0.024175,0.010204,-0.999653,-215.328247,90.133736,84.351929
51,0.425000,-0.002179,-0.024176,0.009887,-0.999656,-215.332962,90.135834,84.352814
52,0.433333,-0.002182,-0.024116,0.009684,-0.999660,-215.335266,90.135361,84.352402
53,0.441667,-0.002243,-0.024144,0.009524,-0.999661,-215.337463,90.135239,84.352074
54,0.450000,-0.002254,-0.024102,0.009296,-0.999664,-215.338043,90.133972,84.351685
55,0.458333,-0.002541,-0.023886,0.009219,-0.999669,-215.344589,90.131134,84.342064
56,0.466667,-0.002482,-0.023999,0.009104,-0.999668,-215.347290,90.132706,84.354279
57,0.475000,-0.002485,-0.023774,0.008893,-0.999675,-215.357086,90.133980,84.347656
58,0.483333,-0.002365,-0.023993,0.008723,-0.999671,-215.367477,90.135880,84.359108
59,0.491667,-0.002057,-0.024062,0.008379,-0.999673,-215.380554,90.140648,84.362411
60,0.500000,-0.002109,-0.023922,0.007993,-0.999680,-215.398712,90.143974,84.365677
61,0.508333,-0.001346,-0.023512,0.007224,-0.999697,-215.422562,90.156067,84.368446
62,0.516667,-0.001087,-0.023411,0.006454,-0.999705,-215.439133,90.159424,84.368965
63,0.525000,-0.000827,-0.023437,0.006033,-0.999707,-215.452927,90.162186,84.369606
64,0.533333,-0.000681,-0.023514,0.005569,-0.999708,-215.464111,90.164528,84.368698
65,0.541667,-0.000726,-0.023568,0.005427,-0.999707,-215.473145,90.165863,84.366989
66,0.550000,-0.000675,-0.023349,0.005409,-0.999713,-215.476517,90.166069,84.365311
67,0.558333,-0.000714,-0.023396,0.005216,-0.999713,-215.480453,90.165131,84.364204
68,0.566667,-0.001012,-0.023170,0.005101,-0.999718,-215.487747,90.163193,84.353790
69,0.575000,-0.000918,-0.023317,0.004733,-0.999717,-215.492432,90.163078,84.358925
70,0.583333,-0.001299,-0.023116,0.004120,-0.999723,-215.499954,90.165482,84.347382
71,0.591667,-0.002195,-0.023093,0.004122,-0.999722,-215.506409,90.154388,84.343239
72,0.600000,-0.002714,-0.023013,0.003753,-0.999724,-215.513611,90.149918,84.340515
73,0.608333,-0.002814,-0.023072,0.003546,-0.999724,-215.521317,90.149269,84.339912
74,0.616667,-0.002721,-0.023120,0.003343,-0.999723,-215.524750,90.149483,84.337601
75,0.625000,-0.002584,-0.023165,0.003314,-0.999723,-215.528625,90.149689,84.337440
76,0.633333,-0.002558,-0.023092,0.003171,-0.999725,-215.532593,90.150711,84.337273
77,0.641667,-0.002358,-0.023121,0.002863,-0.999726,-215.540909,90.151947,84.337479
78,0.650000,-0.002322,-0.023288,0.002232,-0.999724,-215.551163,90.152893,84.338593
79,0.658333,-0.002450,-0.023361,0.002053,-0.999722,-215.563171,90.153923,84.337524
80,0.666667,-0.002414,-0.023398,0.001655,-0.999722,-215.578003,90.152451,84.338669
81,0.675000,-0.002433,-0.023360,0.001167,-0.999723,-215.595123,90.152916,84.339699
82,0.683333,-0.002606,-0.023262,0.000745,-0.999726,-215.611847,90.151558,84.339745
83,0.691667,-0.002740,-0.023219,0.000277,-0.999727,-215.628403,90.151375,84.340736
84,0.700000,-0.002890,-0.023204,-0.000201,-0.999727,-215.641953,90.150948,84.340927
85,0.708333,-0.002941,-0.022979,-0.000598,-0.999731,-215.649841,90.151031,84.338646
86,0.716667,-0.002951,-0.022886,-0.000860,-0.999733,-215.657333,90.152367,84.337120
87,0.725000,-0.002881,-0.022816,-0.001017,-0.999735,-215.662094,90.152809,84.335266
88,0.733333,-0.002897,-0.022836,-0.001005,-0.999735,-215.662354,90.152130,84.333733
89,0.741667,-0.002946,-0.022841,-0.001247,-0.999734,-215.661758,90.152725,84.333115
90,0.750000,-0.002793,-0.022918,-0.001413,-0.999733,-215.664703,90.154503,84.332832
91,0.758333,-0.002753,-0.022904,-0.001571,-0.999733,-215.667221,90.155266,84.332504
92,0.766667,-0.002571,-0.022868,-0.001791,-0.999734,-215.672302,90.156517,84.333817
93,0.775000,-0.002635,-0.022774,-0.001823,-0.999736,-215.680099,90.156807,84.335403
94,0.783333,-0.002481,-0.022722,-0.001938,-0.999737,-215.690857,90.157600,84.337677
95,0.791667,-0.002586,-0.022826,-0.002373,-0.999733,-215.705353,90.158302,84.341011
96,0.800000,-0.002658,-0.022862,-0.002652,-0.999732,-215.721207,90.158249,84.343163
97,0.808333,-0.001957,-0.023424,-0.004264,-0.999715,-215.740204,90.152794,84.352402
98,0.816667,-0.001715,-0.023771,-0.004912,-0.999704,-215.759415,90.153122,84.359657
99,0.825000,-0.001729,-0.023907,-0.005207,-0.999699,-215.778824,90.154335,84.359535
100,0.833333,-0.001681,-0.023923,-0.005602,-0.999697,-215.797012,90.153709,84.359589
101,0.841667,-0.001598,-0.023805,-0.005965,-0.999698,-215.810699,90.152687,84.357979
102,0.850000,-0.001674,-0.023706,-0.006251,-0.999698,-215.818649,90.151993,84.356209
103,0.858333,-0.001610,-0.023601,-0.006296,-0.999700,-215.823196,90.154503,84.355270
104,0.866667,-0.001526,-0.023592,-0.006643,-0.999698,-215.824890,90.153450,84.354584
105,0.875000,-0.001573,-0.023663,-0.006630,-0.999697,-215.827820,90.155586,84.352837
106,0.883333,-0.001320,-0.023681,-0.006889,-0.999695,-215.831940,90.156052,84.352585
107,0.891667,-0.001485,-0.023655,-0.006960,-0.999695,-215.836044,90.157578,84.350792
108,0.900000,-0.001523,-0.023619,-0.007221,-0.999694,-215.839218,90.157249,84.348503
109,0.908333,-0.001555,-0.023677,-0.007283,-0.999692,-215.838974,90.155266,84.348236
110,0.916667,-0.001617,-0.023565,-0.007238,-0.999695,-215.835434,90.154648,84.348808
111,0.925000,-0.001733,-0.023577,-0.007067,-0.999696,-215.830475,90.153069,84.348190
112,0.933333,-0.001540,-0.023743,-0.007078,-0.999692,-215.829300,90.155190,84.351387
113,0.941667,-0.001383,-0.023830,-0.007010,-0.999691,-215.829178,90.156723,84.352402
114,0.950000,-0.001331,-0.023827,-0.006741,-0.999692,-215.837234,90.159760,84.353050
115,0.958333,-0.001215,-0.023698,-0.007008,-0.999694,-215.845230,90.159187,84.354263
116,0.966667,-0.001220,-0.023694,-0.007208,-0.999693,-215.852097,90.157166,84.356888
117,0.975000,-0.001442,-0.023617,-0.007186,-0.999694,-215.856430,90.156624,84.358719
118,0.983333,-0.001615,-0.023602,-0.007195,-0.999694,-215.855576,90.154953,84.360054
119,0.991667,-0.001738,-0.023527,-0.007102,-0.999696,-215.855072,90.155663,84.360306
120,1.000000,-0.001644,-0.023548,-0.007164,-0.999696,-215.851974,90.155518,84.360382
121,1.008333,-0.001476,-0.023526,-0.007148,-0.999697,-215.851471,90.155952,84.357613
122,1.016667,-0.001559,-0.023535,-0.007119,-0.999696,-215.849304,90.154884,84.355965
123,1.025000,-0.001462,-0.023586,-0.007085,-0.999696,-215.847046,90.155785,84.355095
124,1.033333,-0.001397,-0.023705,-0.007375,-0.999691,-215.847305,90.156288,84.355621
125,1.041667,-0.001470,-0.023766,-0.007179,-0.999691,-215.846161,90.156517,84.353310
126,1.050000,-0.000509,-0.023512,-0.007459,-0.999696,-215.849884,90.164070,84.352684
127,1.058333,-0.000214,-0.023527,-0.007678,-0.999694,-215.849472,90.166298,84.350571
128,1.066667,0.000112,-0.023545,-0.007756,-0.999693,-215.847916,90.169250,84.348946
129,1.075000,0.000282,-0.023691,-0.007848,-0.999689,-215.846924,90.172028,84.347710
130,1.083333,0.000721,-0.023757,-0.008153,-0.999684,-215.846512,90.174171,84.347046
131,1.091667,0.001083,-0.023907,-0.008267,-0.999679,-215.848831,90.177933,84.346954
132,1.100000,0.001393,-0.024017,-0.008334,-0.999676,-215.850861,90.181908,84.347717
133,1.108333,0.001526,-0.024059,-0.008297,-0.999675,-215.852982,90.186096,84.345604
134,1.116667,0.001735,-0.024039,-0.008404,-0.999674,-215.856506,90.188179,84.344788
135,1.125000,0.001968,-0.024057,-0.008554,-0.999672,-215.858627,90.188637,84.345284
136,1.133333,0.001954,-0.024050,-0.008514,-0.999673,-215.860291,90.189484,84.345139
137,1.141667,0.001893,-0.024035,-0.008588,-0.999673,-215.861038,90.188606,84.346024
138,1.150000,0.001841,-0.024055,-0.008603,-0.999672,-215.860657,90.186905,84.347740
139,1.158333,0.001655,-0.024073,-0.008551,-0.999672,-215.858719,90.185799,84.347847
140,1.166667,0.001524,-0.023999,-0.008335,-0.999676,-215.855118,90.184601,84.346306
141,1.175000,0.001446,-0.023985,-0.008238,-0.999677,-215.852356,90.184441,84.346390
142,1.183333,0.001342,-0.023992,-0.008325,-0.999677,-215.849808,90.183151,84.346603
143,1.191667,0.001300,-0.024009,-0.008350,-0.999676,-215.847610,90.181389,84.345856
144,1.200000,0.001257,-0.023976,-0.008174,-0.999678,-215.846725,90.181656,84.343605
145,1.208333,0.001325,-0.023920,-0.008239,-0.999679,-215.845993,90.180641,84.342506
146,1.216667,0.001354,-0.023999,-0.008263,-0.999677,-215.846512,90.180824,84.343529
147,1.225000,0.001431,-0.024028,-0.008384,-0.999675,-215.849091,90.182968,84.342834
148,1.233333,0.001494,-0.024083,-0.008600,-0.999672,-215.853882,90.184029,84.342567
149,1.241667,0.001477,-0.024128,-0.008705,-0.999670,-215.857559,90.184746,84.341934
150,1.250000,0.001591,-0.024062,-0.008697,-0.999671,-215.860275,90.185989,84.341217
151,1.258333,0.001711,-0.024007,-0.008838,-0.999671,-215.864014,90.187447,84.342659
152,1.266667,0.001763,-0.024040,-0.008945,-0.999669,-215.864258,90.186508,84.343216
153,1.275000,0.001735,-0.024147,-0.008774,-0.999668,-215.865295,90.186867,84.345856
154,1.283333,0.001682,-0.024084,-0.008762,-0.999670,-215.864441,90.186729,84.347443
155,1.291667,0.001607,-0.024052,-0.008667,-0.999672,-215.865402,90.186562,84.347481
156,1.300000,0.001450,-0.023997,-0.008575,-0.999674,-215.866638,90.186157,84.348404
157,1.308333,0.001378,-0.023945,-0.008639,-0.999675,-215.864380,90.183556,84.348373
158,1.316667,0.001251,-0.024122,-0.008620,-0.999671,-215.864990,90.182426,84.349876
159,1.325000,0.001092,-0.024087,-0.008561,-0.999673,-215.863678,90.182587,84.348770
160,1.333333,0.000983,-0.024009,-0.008566,-0.999675,-215.861176,90.181694,84.348335
161,1.341667,0.000978,-0.023985,-0.008768,-0.999673,-215.861053,90.180305,84.346367
162,1.350000,0.001038,-0.023909,-0.008756,-0.999675,-215.860886,90.179749,84.345207
163,1.358333,0.001081,-0.023894,-0.008666,-0.999676,-215.859863,90.180016,84.344193
164,1.366667,0.001071,-0.023990,-0.008564,-0.999675,-215.859314,90.181038,84.343246
165,1.375000,0.001158,-0.024043,-0.008617,-0.999673,-215.859406,90.183220,84.341904
166,1.383333,0.001547,-0.024137,-0.008876,-0.999668,-215.861603,90.184387,84.342842
167,1.391667,0.001661,-0.024170,-0.008853,-0.999667,-215.864517,90.186272,84.343185
168,1.400000,0.001722,-0.024118,-0.008809,-0.999669,-215.866989,90.187767,84.344444
169,1.408333,0.001716,-0.024092,-0.008906,-0.999669,-215.868515,90.188408,84.343285
170,1.416667,0.001681,-0.024206,-0.008894,-0.999666,-215.870071,90.187935,84.345497
171,1.425000,0.001568,-0.024164,-0.008845,-0.999668,-215.870972,90.187370,84.346092
172,1.433333,0.001475,-0.024115,-0.008825,-0.999669,-215.871780,90.185852,84.347176
173,1.441667,0.001397,-0.024106,-0.008778,-0.999670,-215.872055,90.184746,84.348442
174,1.450000,0.001293,-0.024125,-0.008732,-0.999670,-215.871475,90.183044,84.349380
175,1.458333,0.001091,-0.024031,-0.008611,-0.999674,-215.870361,90.181984,84.350014
176,1.466667,0.000933,-0.023941,-0.008628,-0.999676,-215.869141,90.181564,84.349953
177,1.475000,0.000800,-0.023958,-0.008695,-0.999675,-215.867523,90.179184,84.350357
178,1.483333,0.000781,-0.023939,-0.008524,-0.999677,-215.867920,90.179527,84.351707
179,1.491667,0.000719,-0.023862,-0.008620,-0.999678,-215.866638,90.178268,84.349670
180,1.500000,0.000657,-0.023851,-0.008666,-0.999678,-215.865250,90.177124,84.349800
181,1.508333,0.000571,-0.023784,-0.008638,-0.999680,-215.863037,90.175667,84.348251
182,1.516667,0.000461,-0.023838,-0.008473,-0.999680,-215.864059,90.176331,84.347603
183,1.525000,0.000590,-0.023844,-0.008610,-0.999678,-215.864532,90.175095,84.347656
184,1.533333,0.000619,-0.023832,-0.008467,-0.999680,-215.865234,90.176483,84.347366
185,1.541667,0.000670,-0.023837,-0.008554,-0.999679,-215.866974,90.177139,84.348335
186,1.550000,0.000659,-0.023900,-0.008592,-0.999677,-215.868805,90.178192,84.347321
187,1.558333,0.000724,-0.023970,-0.008598,-0.999676,-215.871078,90.179054,84.348297
188,1.566667,0.000780,-0.023950,-0.008594,-0.999676,-215.871902,90.179398,84.349052
189,1.575000,0.000901,-0.023920,-0.008586,-0.999677,-215.872742,90.181137,84.349533
190,1.583333,0.000917,-0.023988,-0.008674,-0.999674,-215.872665,90.181190,84.350685
191,1.591667,0.000970,-0.024024,-0.008729,-0.999673,-215.871780,90.181984,84.351494
192,1.600000,0.001104,-0.024036,-0.008660,-0.999673,-215.870667,90.182693,84.352478
193,1.608333,0.001136,-0.023997,-0.008525,-0.999675,-215.868713,90.183029,84.352524
194,1.616667,0.001243,-0.024033,-0.008705,-0.999673,-215.867447,90.181961,84.351257
195,1.625000,0.001228,-0.024126,-0.008757,-0.999670,-215.866974,90.182190,84.350891
196,1.633333,0.001316,-0.023986,-0.008793,-0.999673,-215.865631,90.183411,84.348778
197,1.641667,0.001315,-0.023959,-0.008711,-0.999674,-215.864639,90.183517,84.346893
198,1.650000,0.001326,-0.024085,-0.008657,-0.999672,-215.864746,90.184639,84.345451
199,1.658333,0.001438,-0.024068,-0.008761,-0.999671,-215.864426,90.185326,84.344078
200,1.666667,0.001521,-0.024063,-0.008835,-0.999670,-215.865372,90.186455,84.342140
201,1.675000,0.001583,-0.024113,-0.008805,-0.999669,-215.866257,90.186218,84.340668
202,1.683333,0.001645,-0.024143,-0.008803,-0.999668,-215.867111,90.187088,84.340195
203,1.691667,0.001795,-0.024124,-0.008931,-0.999668,-215.868668,90.187500,84.340172
204,1.700000,0.001750,-0.024190,-0.009004,-0.999665,-215.870239,90.187576,84.340218
205,1.708333,0.001576,-0.024101,-0.008857,-0.999669,-215.870911,90.188477,84.340958
206,1.716667,0.001515,-0.024088,-0.008924,-0.999669,-215.871643,90.186867,84.341721
207,1.725000,0.001443,-0.024154,-0.008917,-0.999668,-215.872543,90.184608,84.344444
208,1.733333,0.001332,-0.024103,-0.008796,-0.999670,-215.873123,90.184395,84.344688
209,1.741667,0.001333,-0.024111,-0.008805,-0.999670,-215.874786,90.183853,84.346024
210,1.750000,0.001286,-0.024141,-0.008820,-0.999669,-215.875580,90.183578,84.347816
211,1.758333,0.001232,-0.024080,-0.008914,-0.999670,-215.876007,90.183052,84.347504
212,1.766667,0.001112,-0.024117,-0.009004,-0.999668,-215.876511,90.183022,84.348549
213,1.775000,0.001046,-0.024111,-0.008981,-0.999668,-215.874557,90.182480,84.348732
214,1.783333,0.001038,-0.024082,-0.008978,-0.999669,-215.871811,90.181976,84.349319
215,1.791667,0.001037,-0.024038,-0.008775,-0.999672,-215.870575,90.181824,84.347466
216,1.800000,0.001131,-0.024034,-0.008828,-0.999672,-215.871475,90.181007,84.345718
217,1.808333,0.001113,-0.023996,-0.008798,-0.999673,-215.873001,90.183617,84.346062
218,1.816667,0.001164,-0.024039,-0.008990,-0.999670,-215.872650,90.183983,84.346214
219,1.825000,0.001219,-0.024122,-0.009139,-0.999667,-215.871689,90.184143,84.346550
220,1.833333,0.001242,-0.024157,-0.009137,-0.999666,-215.872742,90.183678,84.345154
221,1.841667,0.001328,-0.024108,-0.008956,-0.999668,-215.874268,90.184822,84.344467
222,1.850000,0.001365,-0.024116,-0.008977,-0.999668,-215.874405,90.185814,84.344795
223,1.858333,0.001481,-0.024204,-0.009075,-0.999665,-215.874176,90.184875,84.345001
224,1.866667,0.001397,-0.024222,-0.008821,-0.999667,-215.875534,90.186310,84.346024
225,1.875000,0.001356,-0.024167,-0.008882,-0.999668,-215.875336,90.185242,84.346542
226,1.883333,0.001195,-0.024151,-0.008932,-0.999668,-215.875702,90.184959,84.348083
227,1.891667,0.001231,-0.024085,-0.008880,-0.999670,-215.875870,90.184219,84.349480
228,1.900000,0.001088,-0.024123,-0.008831,-0.999669,-215.876648,90.182755,84.349327
229,1.908333,0.001008,-0.024042,-0.008812,-0.999672,-215.876694,90.182373,84.349838
230,1.916667,0.001028,-0.024056,-0.008956,-0.999670,-215.875320,90.180168,84.350975
231,1.925000,0.000885,-0.024046,-0.008837,-0.999671,-215.874664,90.181458,84.350876
232,1.933333,0.000902,-0.023993,-0.008795,-0.999673,-215.874832,90.181808,84.350197
233,1.941667,0.001030,-0.024050,-0.008884,-0.999671,-215.874954,90.179787,84.349976
234,1.950000,0.000956,-0.024053,-0.008880,-0.999671,-215.874527,90.180084,84.349709
235,1.958333,0.000885,-0.024086,-0.008809,-0.999671,-215.874481,90.180191,84.348167
236,1.966667,0.000883,-0.024031,-0.008850,-0.999672,-215.874954,90.179810,84.347420
237,1.975000,0.000907,-0.024034,-0.008840,-0.999672,-215.876678,90.180244,84.346481
238,1.983333,0.000949,-0.024034,-0.008805,-0.999672,-215.878418,90.181206,84.345490
239,1.991667,0.000929,-0.024124,-0.008845,-0.999669,-215.879486,90.181480,84.345200
240,2.000000,0.001007,-0.024103,-0.008891,-0.999669,-215.878586,90.182182,84.344246
241,2.008333,0.001103,-0.024113,-0.008735,-0.999671,-215.878601,90.183693,84.344368
242,2.016667,0.001162,-0.024105,-0.008900,-0.999669,-215.877869,90.183487,84.345261
243,2.025000,0.001166,-0.024125,-0.008902,-0.999669,-215.878296,90.184059,84.346581
244,2.033333,0.001220,-0.024171,-0.008946,-0.999667,-215.878876,90.184563,84.346703
245,2.041667,0.001300,-0.024143,-0.008981,-0.999667,-215.877350,90.184143,84.347313
246,2.050000,0.001243,-0.024160,-0.009002,-0.999667,-215.876175,90.183319,84.348457
247,2.058333,0.001197,-0.024155,-0.008937,-0.999668,-215.875595,90.183861,84.348045
248,2.066667,0.001142,-0.024113,-0.008943,-0.999669,-215.875839,90.183945,84.349594
249,2.075000,0.001019,-0.024092,-0.008881,-0.999670,-215.875412,90.182724,84.349960
250,2.083333,0.000948,-0.024030,-0.008908,-0.999671,-215.874771,90.182495,84.349838
251,2.091667,0.000771,-0.024036,-0.008853,-0.999672,-215.874008,90.181412,84.350891
252,2.100000,0.000709,-0.023991,-0.008868,-0.999673,-215.873123,90.179375,84.352074
253,2.108333,0.000548,-0.023986,-0.008769,-0.999674,-215.873413,90.179077,84.353165
254,2.116667,0.000396,-0.023868,-0.008628,-0.999678,-215.872696,90.177422,84.352646
255,2.125000,0.000289,-0.023848,-0.008603,-0.999679,-215.872528,90.175514,84.352966
256,2.133333,0.000174,-0.023782,-0.008459,-0.999681,-215.872879,90.174797,84.354103
257,2.141667,0.000055,-0.023750,-0.008503,-0.999682,-215.873215,90.173050,84.354782
258,2.150000,-0.000037,-0.023688,-0.008391,-0.999684,-215.874557,90.172691,84.355453
259,2.158333,-0.000062,-0.023663,-0.008508,-0.999684,-215.875076,90.171913,84.356590
260,2.166667,-0.000223,-0.023681,-0.008460,-0.999684,-215.875839,90.172577,84.357651
261,2.175000,-0.000341,-0.023607,-0.008469,-0.999685,-215.875366,90.171455,84.357521
262,2.183333,-0.000314,-0.023598,-0.008435,-0.999686,-215.875870,90.171318,84.356598
263,2.191667,-0.000308,-0.023626,-0.008446,-0.999685,-215.875717,90.171555,84.357094
264,2.200000,-0.000220,-0.023650,-0.008378,-0.999685,-215.876038,90.171516,84.355980
265,2.208333,-0.000218,-0.023601,-0.008366,-0.999686,-215.875824,90.171776,84.356277
266,2.216667,-0.000213,-0.023570,-0.008417,-0.999687,-215.875671,90.172073,84.355843
267,2.225000,-0.000272,-0.023607,-0.008447,-0.999686,-215.874832,90.171799,84.355858
268,2.233333,-0.000253,-0.023692,-0.008418,-0.999684,-215.875458,90.172264,84.355042
269,2.241667,-0.000220,-0.023747,-0.008460,-0.999682,-215.874771,90.171982,84.355309
270,2.250000,-0.000204,-0.023776,-0.008428,-0.999682,-215.874893,90.172852,84.356270
271,2.258333,-0.000162,-0.023721,-0.008525,-0.999682,-215.874664,90.172768,84.354774
272,2.266667,-0.000147,-0.023629,-0.008535,-0.999684,-215.874435,90.171959,84.354164
273,2.275000,-0.000258,-0.023574,-0.008425,-0.999687,-215.874908,90.172531,84.352829
274,2.283333,-0.000228,-0.023626,-0.008411,-0.999686,-215.875763,90.171700,84.352943
275,2.291667,-0.000224,-0.023714,-0.008439,-0.999683,-215.875977,90.170860,84.353630
276,2.300000,-0.000220,-0.023675,-0.008413,-0.999684,-215.876190,90.170929,84.353462
277,2.308333,-0.000259,-0.023699,-0.008411,-0.999684,-215.876419,90.171249,84.353790
278,2.316667,-0.000271,-0.023751,-0.008593,-0.999681,-215.876480,90.170662,84.354309
279,2.325000,-0.000317,-0.023759,-0.008471,-0.999682,-215.877350,90.172112,84.353920
280,2.333333,-0.000256,-0.023722,-0.008454,-0.999683,-215.877884,90.172592,84.354561
281,2.341667,-0.000203,-0.023584,-0.008527,-0.999686,-215.877106,90.172516,84.353951
282,2.350000,-0.000194,-0.023658,-0.008451,-0.999684,-215.877991,90.172112,84.354820
283,2.358333,-0.000218,-0.023710,-0.008345,-0.999684,-215.877350,90.172890,84.354263
284,2.366667,-0.000171,-0.023733,-0.008467,-0.999682,-215.876358,90.171577,84.354652
285,2.375000,-0.000191,-0.023711,-0.008621,-0.999682,-215.876648,90.172089,84.356270
286,2.383333,-0.000302,-0.023657,-0.008613,-0.999683,-215.876297,90.172783,84.356285
287,2.391667,-0.000249,-0.023684,-0.008574,-0.999683,-215.876526,90.172722,84.356972
288,2.400000,-0.000180,-0.023635,-0.008504,-0.999684,-215.876465,90.172157,84.356171
289,2.408333,-0.000154,-0.023653,-0.008451,-0.999684,-215.877029,90.172127,84.355042
290,2.416667,-0.000226,-0.023627,-0.008389,-0.999686,-215.877151,90.172081,84.355507
291,2.425000,-0.000261,-0.023663,-0.008468,-0.999684,-215.877609,90.171608,84.355576
292,2.433333,-0.000263,-0.023690,-0.008370,-0.999684,-215.877838,90.172012,84.356102
293,2.441667,-0.000299,-0.023704,-0.008418,-0.999684,-215.877274,90.171402,84.355942
294,2.450000,-0.000232,-0.023691,-0.008412,-0.999684,-215.877411,90.171280,84.355743
295,2.458333,-0.000254,-0.023653,-0.008353,-0.999685,-215.877838,90.171387,84.356010
296,2.466667,-0.000193,-0.023635,-0.008494,-0.999685,-215.877914,90.170685,84.356537
297,2.475000,-0.000220,-0.023678,-0.008481,-0.999684,-215.878250,90.170975,84.357277
298,2.483333,-0.000249,-0.023656,-0.008448,-0.999684,-215.878540,90.172012,84.356934
299,2.491667,-0.000270,-0.023637,-0.008397,-0.999685,-215.879089,90.172028,84.355988
300,2.500000,-0.000135,-0.023636,-0.008576,-0.999684,-215.879532,90.171547,84.357185
301,2.508333,-0.000165,-0.023652,-0.008590,-0.999683,-215.878479,90.171005,84.356918
302,2.516667,-0.000221,-0.023652,-0.008440,-0.999685,-215.879471,90.172806,84.356621
303,2.525000,-0.000273,-0.023653,-0.008516,-0.999684,-215.878418,90.172729,84.355713
304,2.533333,-0.000236,-0.023647,-0.008573,-0.999684,-215.878265,90.171989,84.356895
305,2.541667,-0.000202,-0.023664,-0.008613,-0.999683,-215.878265,90.171616,84.357506
306,2.550000,-0.000183,-0.023648,-0.008491,-0.999684,-215.877914,90.172417,84.355736
307,2.558333,-0.000166,-0.023700,-0.008375,-0.999684,-215.878220,90.172264,84.356110
308,2.566667,-0.000194,-0.023624,-0.008460,-0.999685,-215.877914,90.171783,84.356087
309,2.575000,-0.001346,-0.023978,-0.008133,-0.999678,-215.874695,90.162560,84.356201
310,2.583333,-0.001657,-0.023805,-0.007861,-0.999684,-215.876053,90.160149,84.357147
311,2.591667,-0.001853,-0.023814,-0.007896,-0.999683,-215.877655,90.157700,84.357391
312,2.600000,-0.001854,-0.023698,-0.007983,-0.999686,-215.877487,90.157249,84.358513
313,2.608333,-0.001791,-0.023686,-0.007967,-0.999686,-215.877609,90.157211,84.357170
314,2.616667,-0.001753,-0.023813,-0.007992,-0.999683,-215.878128,90.157867,84.357414
315,2.625000,-0.001733,-0.023825,-0.008007,-0.999683,-215.877670,90.158287,84.356293
316,2.633333,-0.001738,-0.023816,-0.007916,-0.999683,-215.877655,90.158859,84.357109
317,2.641667,-0.001744,-0.023780,-0.007990,-0.999684,-215.876953,90.158813,84.358299
318,2.650000,-0.001736,-0.023751,-0.007979,-0.999685,-215.877792,90.158890,84.358147
319,2.658333,-0.001720,-0.023796,-0.007867,-0.999684,-215.878296,90.158180,84.357880
320,2.666667,-0.001711,-0.023759,-0.007932,-0.999685,-215.878342,90.158066,84.357628
321,2.675000,-0.001733,-0.023768,-0.007924,-0.999685,-215.878983,90.159142,84.357399
322,2.683333,-0.001776,-0.023752,-0.007996,-0.999684,-215.877701,90.159241,84.357681
323,2.691667,-0.001710,-0.023798,-0.008062,-0.999683,-215.877243,90.158966,84.357460
324,2.700000,-0.001639,-0.023837,-0.008096,-0.999682,-215.876801,90.158066,84.358452
325,2.708333,-0.001730,-0.023780,-0.008034,-0.999683,-215.875885,90.158493,84.357689
326,2.716667,-0.001654,-0.023793,-0.007971,-0.999684,-215.876846,90.159210,84.358032
327,2.725000,-0.001759,-0.023808,-0.007859,-0.999684,-215.876938,90.159813,84.357193
328,2.733333,-0.001763,-0.023747,-0.007957,-0.999685,-215.876358,90.158737,84.357346
329,2.741667,-0.001751,-0.023801,-0.007970,-0.999683,-215.876221,90.157997,84.357208
330,2.750000,-0.001689,-0.023761,-0.007864,-0.999685,-215.874771,90.158394,84.356674
331,2.758333,-0.001620,-0.023857,-0.007925,-0.999683,-215.874649,90.158157,84.357033
332,2.766667,-0.001698,-0.023846,-0.007914,-0.999683,-215.873199,90.158653,84.357666
333,2.775000,-0.001832,-0.023847,-0.007839,-0.999683,-215.871124,90.158699,84.358109
334,2.783333,-0.001842,-0.023912,-0.007771,-0.999682,-215.868637,90.157310,84.361031
335,2.791667,-0.000720,-0.023664,-0.007953,-0.999688,-215.869522,90.166466,84.367332
336,2.800000,-0.000511,-0.023848,-0.007871,-0.999685,-215.865540,90.170326,84.373215
337,2.808333,-0.000397,-0.023941,-0.007849,-0.999683,-215.860321,90.173126,84.380020
338,2.816667,-0.000359,-0.024203,-0.007768,-0.999677,-215.857605,90.177048,84.388741
339,2.825000,-0.000432,-0.024419,-0.007758,-0.999672,-215.853027,90.179527,84.398315
340,2.833333,-0.000451,-0.024657,-0.007807,-0.999665,-215.848801,90.181183,84.410339
341,2.841667,-0.000739,-0.024847,-0.007760,-0.999661,-215.843994,90.184174,84.425934
342,2.850000,-0.001051,-0.024964,-0.007808,-0.999657,-215.838531,90.187675,84.440796
343,2.858333,-0.001535,-0.024992,-0.007933,-0.999655,-215.832108,90.190849,84.461494
344,2.866667,-0.003106,-0.025194,-0.006325,-0.999658,-215.829773,90.201935,84.484764
345,2.875000,-0.004315,-0.024966,-0.006128,-0.999660,-215.824219,90.201233,84.505363
346,2.883333,-0.005580,-0.024814,-0.005999,-0.999659,-215.822693,90.197594,84.529427
347,2.891667,-0.007132,-0.024756,-0.006039,-0.999650,-215.818924,90.191727,84.557846
348,2.900000,-0.008809,-0.024697,-0.005848,-0.999639,-215.816208,90.185402,84.588326
349,2.908333,-0.010354,-0.024433,-0.005860,-0.999631,-215.813309,90.178780,84.618469
350,2.916667,-0.012171,-0.024294,-0.005423,-0.999616,-215.806839,90.170311,84.636429
351,2.925000,-0.012515,-0.024190,-0.005241,-0.999615,-215.804245,90.167511,84.647163
352,2.933333,-0.012780,-0.024088,-0.005076,-0.999615,-215.798279,90.166695,84.652855
353,2.941667,-0.012897,-0.024074,-0.004849,-0.999615,-215.791534,90.166771,84.661240
354,2.950000,-0.013138,-0.024008,-0.004578,-0.999615,-215.784546,90.167191,84.671501
355,2.958333,-0.013540,-0.023857,-0.004458,-0.999614,-215.779327,90.167877,84.681580
356,2.966667,-0.013899,-0.023777,-0.004254,-0.999612,-215.774841,90.165283,84.689537
357,2.975000,-0.014216,-0.023790,-0.004267,-0.999607,-215.772659,90.164215,84.697929
358,2.983333,-0.014770,-0.023852,-0.004111,-0.999598,-215.769012,90.164078,84.705994
359,2.991667,-0.014980,-0.023938,-0.003946,-0.999593,-215.764191,90.162766,84.713249
360,3.000000,-0.015391,-0.023968,-0.003712,-0.999587,-215.759247,90.162834,84.720444
361,3.008333,-0.015709,-0.024082,-0.003617,-0.999580,-215.755249,90.162521,84.730217
362,3.016667,-0.016241,-0.024084,-0.003491,-0.999572,-215.752274,90.162659,84.742241
363,3.025000,-0.016673,-0.024133,-0.003543,-0.999564,-215.750504,90.162270,84.757446
364,3.033333,-0.017008,-0.024041,-0.003495,-0.999560,-215.750122,90.162003,84.769234
365,3.041667,-0.017427,-0.023923,-0.003466,-0.999556,-215.750931,90.163689,84.779068
366,3.050000,-0.017696,-0.023943,-0.003690,-0.999550,-215.750916,90.163788,84.789322
367,3.058333,-0.017885,-0.023894,-0.003630,-0.999548,-215.751572,90.163216,84.795929
368,3.066667,-0.017877,-0.023805,-0.003635,-0.999550,-215.755035,90.163544,84.797752
369,3.075000,-0.017771,-0.023865,-0.003761,-0.999550,-215.755936,90.162567,84.792450
370,3.083333,-0.017633,-0.023974,-0.003793,-0.999550,-215.757797,90.162926,84.784843
371,3.091667,-0.016804,-0.024015,-0.003968,-0.999563,-215.759781,90.163780,84.766266
372,3.100000,-0.016052,-0.023908,-0.003992,-0.999577,-215.765717,90.165672,84.744057
373,3.108333,-0.015627,-0.023836,-0.004188,-0.999585,-215.774200,90.165863,84.719643
374,3.116667,-0.014004,-0.023692,-0.004841,-0.999610,-215.788177,90.167877,84.675781
375,3.125000,-0.012878,-0.023796,-0.005446,-0.999619,-215.803909,90.171227,84.640259
376,3.133333,-0.011466,-0.023731,-0.006008,-0.999635,-215.817001,90.181717,84.622688
377,3.141667,-0.011385,-0.023772,-0.006449,-0.999632,-215.821426,90.198685,84.631538
378,3.150000,-0.012198,-0.023651,-0.006263,-0.999626,-215.818436,90.224419,84.654053
379,3.158333,-0.013586,-0.023694,-0.005836,-0.999610,-215.807678,90.257332,84.686165
380,3.166667,-0.014010,-0.023700,-0.005061,-0.999608,-215.794418,90.299950,84.705666
381,3.175000,-0.013709,-0.024080,-0.004308,-0.999607,-215.787506,90.347992,84.718498
382,3.183333,-0.011650,-0.023820,-0.005096,-0.999635,-215.796921,90.413216,84.733612
383,3.191667,-0.011157,-0.023667,-0.005685,-0.999642,-215.801117,90.467354,84.748520
384,3.200000,-0.013348,-0.023442,-0.003759,-0.999629,-215.804886,90.519707,84.745583
385,3.208333,-0.014665,-0.022844,-0.003152,-0.999627,-215.806320,90.570343,84.744972
386,3.216667,-0.015255,-0.022883,-0.003546,-0.999616,-215.803406,90.624252,84.755066
387,3.225000,-0.014965,-0.023130,-0.003882,-0.999613,-215.795486,90.682327,84.768829
388,3.233333,-0.014185,-0.023250,-0.004168,-0.999620,-215.786102,90.737221,84.782440
389,3.241667,-0.013646,-0.023250,-0.004306,-0.999627,-215.780975,90.786385,84.794403
390,3.250000,-0.012745,-0.023948,-0.005642,-0.999616,-215.776581,90.820435,84.815567
391,3.258333,-0.012018,-0.024326,-0.005533,-0.999617,-215.773224,90.868828,84.837448
392,3.266667,-0.011592,-0.024550,-0.005378,-0.999617,-215.771957,90.920280,84.848198
393,3.275000,-0.011120,-0.024299,-0.005007,-0.999630,-215.777634,90.978592,84.848251
394,3.283333,-0.011485,-0.024019,-0.005238,-0.999632,-215.781952,91.044304,84.848305
395,3.291667,-0.011176,-0.023990,-0.005245,-0.999636,-215.778656,91.112961,84.850273
396,3.300000,-0.010978,-0.024209,-0.005764,-0.999630,-215.771103,91.185104,84.851036
397,3.308333,-0.010628,-0.024384,-0.005868,-0.999629,-215.765427,91.249748,84.858261
398,3.316667,-0.010012,-0.024410,-0.005994,-0.999634,-215.762573,91.307419,84.863213
399,3.325000,-0.009663,-0.024346,-0.005775,-0.999640,-215.760544,91.357323,84.867638
400,3.333333,-0.009518,-0.024255,-0.005590,-0.999645,-215.759308,91.397812,84.871231
401,3.341667,-0.009076,-0.024474,-0.005242,-0.999646,-215.755081,91.443977,84.887512
402,3.350000,-0.008516,-0.024636,-0.005151,-0.999647,-215.748764,91.491440,84.891197
403,3.358333,-0.008516,-0.024780,-0.004448,-0.999647,-215.750916,91.547104,84.886787
404,3.366667,-0.008668,-0.024630,-0.004671,-0.999648,-215.751953,91.595093,84.889336
405,3.375000,-0.008704,-0.024785,-0.004878,-0.999643,-215.749329,91.643051,84.894905
406,3.383333,-0.008526,-0.024998,-0.004969,-0.999639,-215.746262,91.694527,84.902153
407,3.391667,-0.009232,-0.024764,-0.002882,-0.999647,-215.748459,91.757324,84.900871
408,3.400000,-0.009326,-0.024429,-0.002654,-0.999655,-215.751907,91.819847,84.895210
409,3.408333,-0.008042,-0.024596,-0.003119,-0.999660,-215.754776,91.886436,84.910515
410,3.416667,-0.006899,-0.024938,-0.003372,-0.999660,-215.749115,91.942772,84.911034
411,3.425000,-0.005823,-0.025182,-0.003413,-0.999660,-215.743759,91.995514,84.913071
412,3.433333,-0.003555,-0.025123,-0.004178,-0.999669,-215.742462,92.059319,84.915009
413,3.441667,-0.002433,-0.025027,-0.004409,-0.999674,-215.738037,92.113655,84.912209
414,3.450000,-0.002162,-0.024702,-0.004523,-0.999682,-215.737152,92.164848,84.906975
415,3.458333,-0.003062,-0.024805,-0.004335,-0.999678,-215.732620,92.206337,84.903702
416,3.466667,-0.003133,-0.024754,-0.004671,-0.999678,-215.731003,92.252724,84.902512
417,3.475000,-0.002829,-0.024530,-0.004791,-0.999684,-215.730042,92.305717,84.900543
418,3.483333,-0.002149,-0.024581,-0.005379,-0.999681,-215.727646,92.358963,84.898415
419,3.491667,-0.001801,-0.024252,-0.004290,-0.999695,-215.732697,92.437798,84.893555
420,3.500000,-0.001165,-0.024001,-0.004114,-0.999703,-215.728806,92.493660,84.885124
421,3.508333,0.000243,-0.024017,-0.004125,-0.999703,-215.723511,92.541473,84.886055
422,3.516667,0.000740,-0.024088,-0.004067,-0.999701,-215.718079,92.585182,84.889938
423,3.525000,0.000314,-0.024603,-0.003691,-0.999690,-215.707108,92.620651,84.899765
424,3.533333,0.000590,-0.024784,-0.003708,-0.999686,-215.703156,92.660294,84.900375
425,3.541667,0.000822,-0.024534,-0.003847,-0.999691,-215.704758,92.699440,84.884850
426,3.550000,0.001382,-0.024458,-0.004327,-0.999691,-215.709015,92.739349,84.878983
427,3.558333,0.002392,-0.024555,-0.004706,-0.999685,-215.707825,92.780266,84.873024
428,3.566667,0.003314,-0.024591,-0.004826,-0.999681,-215.707565,92.824158,84.867516
429,3.575000,0.005313,-0.024375,-0.005175,-0.999675,-215.709564,92.873917,84.864738
430,3.583333,0.006253,-0.024528,-0.005238,-0.999666,-215.708969,92.912842,84.862183
431,3.591667,0.007540,-0.024869,-0.005298,-0.999648,-215.705627,92.949974,84.867607
432,3.600000,0.006930,-0.025103,-0.004769,-0.999650,-215.701431,92.972824,84.855904
433,3.608333,0.005500,-0.024718,-0.002567,-0.999676,-215.707092,93.013336,84.843529
434,3.616667,0.005267,-0.024305,-0.002111,-0.999689,-215.711685,93.047371,84.833580
435,3.625000,0.004854,-0.024113,-0.002982,-0.999693,-215.714615,93.078964,84.834129
436,3.633333,0.004858,-0.024325,-0.003127,-0.999687,-215.713531,93.104713,84.838318
437,3.641667,0.006038,-0.024572,-0.002952,-0.999676,-215.705963,93.140099,84.854424
438,3.650000,0.006567,-0.024939,-0.003069,-0.999663,-215.697815,93.166481,84.859535
439,3.658333,0.006888,-0.025229,-0.003287,-0.999653,-215.688461,93.190285,84.861221
440,3.666667,0.007002,-0.025406,-0.003398,-0.999647,-215.683014,93.211067,84.864845
441,3.675000,0.006083,-0.025707,-0.003890,-0.999643,-215.675827,93.220520,84.870316
442,3.683333,0.006098,-0.025712,-0.004251,-0.999642,-215.672607,93.236885,84.872093
443,3.691667,0.006259,-0.025409,-0.004463,-0.999648,-215.677002,93.259521,84.866425
444,3.700000,0.006031,-0.025170,-0.004761,-0.999654,-215.677734,93.282120,84.861923
445,3.708333,0.006275,-0.025218,-0.004928,-0.999650,-215.675171,93.307938,84.857925
446,3.716667,0.006797,-0.025381,-0.004947,-0.999642,-215.670700,93.335457,84.857559
447,3.725000,0.007296,-0.025468,-0.004894,-0.999637,-215.667542,93.364113,84.858307
448,3.733333,0.007508,-0.025511,-0.004846,-0.999635,-215.665146,93.387619,84.857140
449,3.741667,0.007393,-0.025645,-0.004774,-0.999632,-215.661499,93.403488,84.855469
450,3.750000,0.007168,-0.025662,-0.004861,-0.999633,-215.659027,93.415543,84.854988
451,3.758333,0.006797,-0.025646,-0.004888,-0.999636,-215.656036,93.427574,84.853607
452,3.766667,0.007229,-0.025554,-0.004654,-0.999637,-215.654083,93.447693,84.850739
453,3.775000,0.007370,-0.025471,-0.004591,-0.999638,-215.651566,93.465294,84.849800
454,3.783333,0.007507,-0.025397,-0.004832,-0.999638,-215.649200,93.485771,84.848068
455,3.791667,0.007764,-0.025533,-0.004969,-0.999632,-215.646194,93.509674,84.845512
456,3.800000,0.007951,-0.025441,-0.004955,-0.999632,-215.641022,93.535416,84.844521
457,3.808333,0.008125,-0.025505,-0.005012,-0.999629,-215.635971,93.560905,84.843719
458,3.816667,0.007227,-0.025371,-0.003192,-0.999647,-215.632462,93.598625,84.840492
459,3.825000,0.006924,-0.025128,-0.002593,-0.999657,-215.626740,93.623535,84.834869
460,3.833333,0.006777,-0.025096,-0.002930,-0.999658,-215.621613,93.639511,84.835533
461,3.841667,0.006385,-0.025210,-0.003630,-0.999655,-215.619537,93.661903,84.837143
462,3.850000,0.006373,-0.025262,-0.003653,-0.999654,-215.616013,93.680618,84.837578
463,3.858333,0.006617,-0.025354,-0.003858,-0.999649,-215.613144,93.698296,84.838470
464,3.866667,0.006623,-0.025509,-0.003971,-0.999645,-215.612030,93.715714,84.837875
465,3.875000,0.006792,-0.025576,-0.003899,-0.999642,-215.612625,93.732323,84.836723
466,3.883333,0.007078,-0.025587,-0.004057,-0.999639,-215.614151,93.750633,84.837273
467,3.891667,0.007256,-0.025587,-0.004170,-0.999638,-215.614487,93.764999,84.838951
468,3.900000,0.007352,-0.025643,-0.004153,-0.999636,-215.612411,93.774696,84.839012
469,3.908333,0.007408,-0.025686,-0.004144,-0.999634,-215.606827,93.785706,84.838692
470,3.916667,0.007391,-0.025881,-0.004099,-0.999629,-215.597824,93.805870,84.839783
471,3.925000,0.007992,-0.026022,-0.004354,-0.999620,-215.584595,93.838081,84.835587
472,3.933333,0.008819,-0.026367,-0.004526,-0.999603,-215.567749,93.891594,84.831238
473,3.941667,0.009901,-0.026896,-0.004768,-0.999578,-215.547348,93.955437,84.820267
474,3.950000,0.011127,-0.027439,-0.004629,-0.999551,-215.529770,94.026466,84.807190
475,3.958333,0.012694,-0.027725,-0.004712,-0.999524,-215.514252,94.096245,84.799446
476,3.966667,0.014553,-0.027895,-0.005089,-0.999492,-215.500671,94.160858,84.794693
477,3.975000,0.015875,-0.028298,-0.005352,-0.999459,-215.485764,94.211990,84.787575
478,3.983333,0.015590,-0.028305,-0.003591,-0.999471,-215.473755,94.267860,84.772781
479,3.991667,0.015239,-0.028140,-0.003582,-0.999481,-215.462616,94.315826,84.759979
480,4.000000,0.015966,-0.028134,-0.003922,-0.999469,-215.459900,94.354233,84.756096
481,4.008333,0.016588,-0.028125,-0.003605,-0.999460,-215.458420,94.391190,84.751060
482,4.016667,0.017052,-0.028128,-0.003828,-0.999452,-215.460022,94.424774,84.750893
483,4.025000,0.017295,-0.028142,-0.003764,-0.999447,-215.463074,94.454185,84.746849
484,4.033333,0.017696,-0.028124,-0.003879,-0.999440,-215.464493,94.479729,84.743553
485,4.041667,0.018035,-0.028218,-0.004141,-0.999431,-215.463928,94.500496,84.740921
486,4.050000,0.019014,-0.028190,-0.003872,-0.999414,-215.465240,94.522133,84.739861
487,4.058333,0.019514,-0.028293,-0.003878,-0.999402,-215.464951,94.535706,84.739960
488,4.066667,0.019831,-0.028311,-0.004032,-0.999394,-215.463882,94.544693,84.739105
489,4.075000,0.019958,-0.028318,-0.004029,-0.999392,-215.464783,94.551727,84.738091
490,4.083333,0.019998,-0.028254,-0.004074,-0.999393,-215.466309,94.557274,84.737030
491,4.091667,0.019993,-0.028308,-0.004188,-0.999391,-215.467575,94.558525,84.736450
492,4.100000,0.019999,-0.028379,-0.004295,-0.999388,-215.467880,94.557953,84.737701
493,4.108333,0.020021,-0.028248,-0.004237,-0.999391,-215.467148,94.554451,84.738388
494,4.116667,0.019855,-0.028236,-0.004059,-0.999396,-215.467499,94.551239,84.739983
495,4.125000,0.019670,-0.028187,-0.003852,-0.999402,-215.466949,94.549599,84.739822
496,4.133333,0.019808,-0.028182,-0.004067,-0.999398,-215.465973,94.551369,84.739830
497,4.141667,0.019970,-0.028284,-0.004102,-0.999392,-215.464874,94.555069,84.739754
498,4.150000,0.020033,-0.028351,-0.004192,-0.999388,-215.463593,94.558258,84.738991
499,4.158333,0.020110,-0.028409,-0.004158,-0.999385,-215.462311,94.559402,84.739670
500,4.166667,0.020174,-0.028373,-0.004030,-0.999386,-215.461273,94.556618,84.738831
501,4.175000,0.019460,-0.028504,-0.004117,-0.999396,-215.459137,94.547081,84.739975
502,4.183333,0.019846,-0.028323,-0.003945,-0.999394,-215.462662,94.551117,84.740967
503,4.191667,0.019999,-0.028372,-0.004006,-0.999389,-215.463684,94.552628,84.740089
504,4.200000,0.019279,-0.028622,-0.004210,-0.999395,-215.460800,94.548187,84.739914
505,4.208333,0.019218,-0.028602,-0.004256,-0.999397,-215.460663,94.548462,84.738052
506,4.216667,0.019218,-0.028561,-0.004287,-0.999398,-215.461273,94.548126,84.739098
507,4.225000,0.019216,-0.028551,-0.004291,-0.999398,-215.461380,94.546440,84.740196
508,4.233333,0.019076,-0.028561,-0.004112,-0.999402,-215.462280,94.545013,84.740623
509,4.241667,0.019165,-0.028563,-0.004172,-0.999400,-215.462524,94.544395,84.741661
510,4.250000,0.019138,-0.028803,-0.004227,-0.999393,-215.458374,94.544777,84.746132
511,4.258333,0.019231,-0.029063,-0.004187,-0.999384,-215.455414,94.548836,84.749313
512,4.266667,0.020336,-0.028899,-0.004065,-0.999367,-215.456253,94.559875,84.748520
513,4.275000,0.020317,-0.028813,-0.004059,-0.999370,-215.455673,94.559204,84.747658
514,4.283333,0.019321,-0.029040,-0.004199,-0.999383,-215.451355,94.548782,84.748581
515,4.291667,0.020115,-0.028846,-0.003947,-0.999374,-215.454895,94.554558,84.748909
516,4.300000,0.020060,-0.028771,-0.003965,-0.999377,-215.455338,94.555115,84.749016
517,4.308333,0.019386,-0.028990,-0.004165,-0.999383,-215.451462,94.547760,84.748909
518,4.316667,0.020130,-0.028829,-0.004005,-0.999374,-215.454391,94.556664,84.748512
519,4.325000,0.020255,-0.028809,-0.004008,-0.999372,-215.454742,94.558533,84.748444
520,4.333333,0.020343,-0.028770,-0.003969,-0.999371,-215.454681,94.558060,84.748039
521,4.341667,0.020221,-0.028742,-0.003910,-0.999375,-215.455841,94.557861,84.748856
522,4.350000,0.020157,-0.028702,-0.003780,-0.999378,-215.456635,94.557556,84.747826
523,4.358333,0.020178,-0.028771,-0.003881,-0.999375,-215.457657,94.557419,84.747635
524,4.366667,0.020147,-0.028783,-0.004012,-0.999375,-215.458771,94.557831,84.748886
525,4.375000,0.020321,-0.028771,-0.004163,-0.999371,-215.457825,94.557159,84.748222
526,4.383333,0.020205,-0.028813,-0.004032,-0.999372,-215.457703,94.557739,84.748833
527,4.391667,0.020237,-0.028770,-0.003931,-0.999373,-215.457840,94.558327,84.748352
528,4.400000,0.020331,-0.028801,-0.003907,-0.999371,-215.457825,94.557365,84.749451
529,4.408333,0.020299,-0.028769,-0.003981,-0.999372,-215.456818,94.556236,84.749985
530,4.416667,0.020206,-0.028757,-0.003923,-0.999374,-215.456528,94.557846,84.748802
531,4.425000,0.020286,-0.028757,-0.003990,-0.999373,-215.455368,94.557709,84.749016
532,4.433333,0.020388,-0.028799,-0.004067,-0.999369,-215.453796,94.557236,84.748131
533,4.441667,0.020327,-0.028778,-0.004003,-0.999371,-215.454071,94.558311,84.748390
534,4.450000,0.020280,-0.028782,-0.003980,-0.999372,-215.454010,94.556679,84.749222
535,4.458333,0.020212,-0.028768,-0.003933,-0.999374,-215.454239,94.556824,84.749039
536,4.466667,0.020182,-0.028789,-0.003881,-0.999374,-215.454529,94.557701,84.748291
537,4.475000,0.020296,-0.028759,-0.003897,-0.999373,-215.454575,94.557877,84.747627
538,4.483333,0.020311,-0.028772,-0.003998,-0.999372,-215.454834,94.558281,84.747795
539,4.491667,0.020242,-0.028721,-0.003938,-0.999375,-215.454742,94.558311,84.746864
540,4.500000,0.020232,-0.028823,-0.003868,-0.999372,-215.456039,94.558487,84.747826
541,4.508333,0.020151,-0.028788,-0.003877,-0.999375,-215.456009,94.557884,84.748154
542,4.516667,0.020183,-0.028687,-0.003926,-0.999377,-215.455582,94.556870,84.747543
543,4.525000,0.020122,-0.028687,-0.003938,-0.999378,-215.455841,94.557915,84.747688
544,4.533333,0.020241,-0.028739,-0.003952,-0.999374,-215.455215,94.557404,84.747353
545,4.541667,0.020233,-0.028794,-0.003978,-0.999373,-215.455933,94.558174,84.747704
546,4.550000,0.020275,-0.028768,-0.004092,-0.999372,-215.455200,94.557625,84.748260
547,4.558333,0.020221,-0.028706,-0.004100,-0.999375,-215.454941,94.557793,84.749069
548,4.566667,0.020221,-0.028753,-0.004013,-0.999374,-215.454865,94.557396,84.749146
549,4.575000,0.020177,-0.028683,-0.003737,-0.999378,-215.453674,94.558022,84.748253
550,4.583333,0.020198,-0.028717,-0.003940,-0.999376,-215.453171,94.558273,84.749565
551,4.591667,0.020283,-0.028761,-0.003992,-0.999373,-215.453156,94.558792,84.748962
552,4.600000,0.021269,-0.028502,-0.004385,-0.999358,-215.456177,94.567780,84.748863
553,4.608333,0.021326,-0.028531,-0.004438,-0.999355,-215.456696,94.569771,84.750465
554,4.616667,0.021320,-0.028533,-0.004447,-0.999356,-215.456223,94.572639,84.751602
555,4.625000,0.021469,-0.028502,-0.004215,-0.999354,-215.457626,94.578407,84.752098
556,4.633333,0.021698,-0.028526,-0.004446,-0.999348,-215.458755,94.583702,84.753815
557,4.641667,0.021826,-0.028538,-0.004393,-0.999345,-215.462677,94.592834,84.757042
558,4.650000,0.021925,-0.028532,-0.004451,-0.999343,-215.465363,94.599693,84.760017
559,4.658333,0.022155,-0.028419,-0.004522,-0.999340,-215.471176,94.607903,84.766945
560,4.666667,0.022298,-0.028242,-0.004577,-0.999342,-215.478104,94.612267,84.776756
561,4.675000,0.022412,-0.028079,-0.004637,-0.999344,-215.488785,94.610840,84.791557
562,4.683333,0.022533,-0.027743,-0.004513,-0.999351,-215.503510,94.601776,84.812729
563,4.691667,0.023088,-0.027969,-0.005524,-0.999327,-215.522842,94.580185,84.844818
564,4.700000,0.023476,-0.027915,-0.005758,-0.999318,-215.548019,94.562241,84.876839
565,4.708333,0.023451,-0.027764,-0.005799,-0.999323,-215.577347,94.540611,84.907104
566,4.716667,0.022472,-0.027816,-0.004380,-0.999351,-215.613525,94.521080,84.935043
567,4.725000,0.021793,-0.027300,-0.003979,-0.999382,-215.648865,94.497070,84.961357
568,4.733333,0.021531,-0.026468,-0.004170,-0.999409,-215.686539,94.473961,84.988960
569,4.741667,0.021535,-0.025284,-0.003962,-0.999440,-215.731888,94.460350,85.017143
570,4.750000,0.021136,-0.024336,-0.003922,-0.999473,-215.780899,94.448441,85.050125
571,4.758333,0.019936,-0.023677,-0.003525,-0.999515,-215.833527,94.425713,85.089005
572,4.766667,0.019486,-0.022811,-0.003241,-0.999545,-215.888123,94.401573,85.130379
573,4.775000,0.019662,-0.021779,-0.002753,-0.999566,-215.938950,94.378357,85.165436
574,4.783333,0.020162,-0.020693,-0.002511,-0.999579,-216.002411,94.352150,85.205185
575,4.791667,0.020002,-0.019286,-0.002253,-0.999611,-216.069244,94.321533,85.249802
576,4.800000,0.019684,-0.017985,-0.002043,-0.999642,-216.136887,94.296173,85.285774
577,4.808333,0.019360,-0.018296,-0.002094,-0.999643,-216.213867,94.274399,85.335075
578,4.816667,0.019238,-0.017819,-0.001737,-0.999655,-216.282181,94.255516,85.385117
579,4.825000,0.020793,-0.016758,-0.003667,-0.999637,-216.350037,94.222031,85.445312
580,4.833333,0.021594,-0.015200,-0.003450,-0.999645,-216.426132,94.209175,85.483521
581,4.841667,0.021876,-0.013960,-0.004138,-0.999655,-216.502167,94.176872,85.528358
582,4.850000,0.023082,-0.012726,-0.003588,-0.999646,-216.588882,94.156982,85.578278
583,4.858333,0.023742,-0.011357,-0.003652,-0.999647,-216.665527,94.139618,85.618622
584,4.866667,0.023736,-0.010030,-0.004033,-0.999660,-216.739868,94.132706,85.662117
585,4.875000,0.024233,-0.008979,-0.004420,-0.999656,-216.828461,94.129135,85.719749
586,4.883333,0.024761,-0.008302,-0.004634,-0.999648,-216.910934,94.118980,85.775848
587,4.891667,0.023996,-0.007824,-0.004562,-0.999671,-216.991943,94.103439,85.832718
588,4.900000,0.024362,-0.006350,-0.004378,-0.999673,-217.083740,94.103477,85.882828
589,4.908333,0.025811,-0.004969,-0.003929,-0.999647,-217.183807,94.110718,85.930054
590,4.916667,0.026907,-0.003448,-0.003584,-0.999626,-217.268234,94.120338,85.979141
591,4.925000,0.026806,-0.001225,-0.002118,-0.999638,-217.357727,94.152382,86.028015
592,4.933333,0.027985,0.000090,-0.002202,-0.999606,-217.451996,94.170990,86.072136
593,4.941667,0.031093,0.000601,-0.003916,-0.999509,-217.548294,94.174973,86.129967
594,4.950000,0.031815,0.001195,-0.003696,-0.999486,-217.649216,94.190666,86.187706
595,4.958333,0.031888,0.002727,-0.003333,-0.999482,-217.745026,94.217796,86.236778
596,4.966667,0.032270,0.004464,-0.002512,-0.999466,-217.850998,94.252327,86.289940
597,4.975000,0.033081,0.006168,-0.002210,-0.999431,-217.944153,94.269341,86.337914
598,4.983333,0.035331,0.007552,-0.001969,-0.999345,-218.046661,94.289627,86.380295
599,4.991667,0.036766,0.008623,-0.001776,-0.999285,-218.143768,94.300865,86.414993
600,5.000000,0.039089,0.009075,-0.003336,-0.999189,-218.252899,94.305626,86.465584
601,5.008333,0.038728,0.009920,-0.002301,-0.999198,-218.363815,94.319473,86.519066
602,5.016667,0.038392,0.011489,-0.002027,-0.999195,-218.461853,94.323074,86.561119
603,5.025000,0.039777,0.013432,-0.001637,-0.999117,-218.570297,94.328751,86.602364
604,5.033333,0.040432,0.014744,-0.001709,-0.999072,-218.669861,94.319588,86.634041
605,5.041667,0.040496,0.016375,-0.002443,-0.999043,-218.777328,94.306763,86.665680
606,5.050000,0.040949,0.018033,-0.002573,-0.998995,-218.900681,94.288910,86.715607
607,5.058333,0.040910,0.019769,-0.002233,-0.998965,-219.004105,94.266235,86.750580
608,5.066667,0.042178,0.021005,-0.003185,-0.998884,-219.118027,94.244270,86.789001
609,5.075000,0.041864,0.022110,-0.002144,-0.998876,-219.239304,94.220963,86.828682
610,5.083333,0.041143,0.023282,-0.001212,-0.998881,-219.349716,94.199852,86.857765
611,5.091667,0.041913,0.024766,-0.001301,-0.998813,-219.461197,94.186699,86.887321
612,5.100000,0.041957,0.026600,-0.001517,-0.998764,-219.586853,94.163498,86.916702
613,5.108333,0.041864,0.028063,-0.001706,-0.998728,-219.698761,94.135910,86.943611
614,5.116667,0.042014,0.029524,-0.001040,-0.998680,-219.810318,94.110077,86.976395
615,5.125000,0.041859,0.030702,-0.001033,-0.998651,-219.926743,94.071449,87.001648
616,5.133333,0.041308,0.032536,-0.001395,-0.998616,-220.034714,94.042816,87.032013
617,5.141667,0.042637,0.033746,-0.002287,-0.998518,-220.155792,94.011696,87.080505
618,5.150000,0.042006,0.034769,-0.001615,-0.998511,-220.267105,93.991760,87.117752
619,5.158333,0.041773,0.036466,-0.002109,-0.998459,-220.374985,93.966988,87.143288
620,5.166667,0.042528,0.038054,-0.001741,-0.998369,-220.489151,93.947723,87.170074
621,5.175000,0.042528,0.039439,-0.001338,-0.998316,-220.606857,93.923508,87.191811
622,5.183333,0.042541,0.041048,-0.001269,-0.998250,-220.727798,93.892990,87.216034
623,5.191667,0.042562,0.042751,-0.001006,-0.998178,-220.855286,93.864098,87.250122
624,5.200000,0.041803,0.044505,-0.000915,-0.998134,-220.975922,93.828293,87.272614
625,5.208333,0.042456,0.046152,-0.000463,-0.998032,-221.110458,93.793648,87.299683
626,5.216667,0.043341,0.047534,-0.001015,-0.997928,-221.239716,93.759956,87.326637
627,5.225000,0.042507,0.049024,0.000204,-0.997893,-221.364258,93.729599,87.356239
628,5.233333,0.043085,0.051081,0.000385,-0.997765,-221.497437,93.701950,87.384598
629,5.241667,0.044191,0.052909,-0.000122,-0.997621,-221.639389,93.685783,87.394577
630,5.250000,0.043861,0.054636,0.000492,-0.997543,-221.772644,93.660599,87.407295
631,5.258333,0.044165,0.056294,0.000383,-0.997437,-221.905991,93.638382,87.422852
632,5.266667,0.044355,0.058039,0.000867,-0.997328,-222.047974,93.603432,87.439934
633,5.275000,0.044625,0.060022,0.001481,-0.997198,-222.184570,93.573586,87.458679
634,5.283333,0.044712,0.062112,0.001647,-0.997066,-222.322556,93.540558,87.481567
635,5.291667,0.044230,0.064027,0.001203,-0.996967,-222.454865,93.499283,87.503609
636,5.300000,0.044264,0.065448,0.000550,-0.996874,-222.598679,93.468330,87.521454
637,5.308333,0.043641,0.066307,0.000882,-0.996844,-222.740036,93.440552,87.541893
638,5.316667,0.043063,0.068140,0.000855,-0.996746,-222.871353,93.415901,87.558891
639,5.325000,0.044020,0.070242,0.001057,-0.996558,-223.011185,93.389580,87.574036
640,5.333333,0.043350,0.072185,0.001199,-0.996448,-223.145538,93.352242,87.587624
641,5.341667,0.043104,0.073815,0.001184,-0.996339,-223.277618,93.322441,87.603470
642,5.350000,0.043154,0.075711,0.001476,-0.996194,-223.421616,93.286919,87.617004
643,5.358333,0.042562,0.077414,0.001785,-0.996089,-223.553986,93.254105,87.620926
644,5.366667,0.042696,0.079059,0.001677,-0.995954,-223.698425,93.224022,87.629692
645,5.375000,0.042702,0.080717,0.000897,-0.995822,-223.831802,93.196381,87.643326
646,5.383333,0.042987,0.082328,0.000448,-0.995678,-223.957703,93.171738,87.652794
647,5.391667,0.042907,0.083712,0.000506,-0.995566,-224.083969,93.145355,87.657333
648,5.400000,0.041464,0.084584,0.001148,-0.995553,-224.209549,93.117348,87.663628
649,5.408333,0.041164,0.085708,0.001464,-0.995468,-224.342651,93.081497,87.664886
650,5.416667,0.040677,0.087367,0.001460,-0.995344,-224.470230,93.044624,87.671082
651,5.425000,0.040723,0.089621,0.002242,-0.995141,-224.598343,93.010788,87.680511
652,5.433333,0.040934,0.091162,0.002541,-0.994991,-224.727844,92.968628,87.683708
653,5.441667,0.041361,0.092776,0.002150,-0.994825,-224.862747,92.934326,87.688957
654,5.450000,0.041133,0.094386,0.002046,-0.994684,-225.006012,92.896851,87.693398
655,5.458333,0.040031,0.096158,0.001101,-0.994560,-225.142075,92.856506,87.694328
656,5.466667,0.039542,0.098649,0.001247,-0.994336,-225.279358,92.819801,87.692551
657,5.475000,0.039611,0.100487,0.001417,-0.994149,-225.422913,92.785789,87.689507
658,5.483333,0.040401,0.101793,0.001218,-0.993984,-225.569504,92.758141,87.688911
659,5.491667,0.040530,0.103339,0.001542,-0.993819,-225.704544,92.728226,87.686066
660,5.500000,0.039656,0.105254,0.003039,-0.993650,-225.840637,92.712547,87.683792
661,5.508333,0.038519,0.107153,0.005091,-0.993483,-225.979111,92.684082,87.682327
662,5.516667,0.038448,0.108441,0.005068,-0.993346,-226.117371,92.653236,87.677017
663,5.525000,0.038503,0.109796,0.004928,-0.993196,-226.258331,92.616951,87.671036
664,5.533333,0.039950,0.111873,0.004851,-0.992907,-226.398132,92.590683,87.663048
665,5.541667,0.041267,0.113682,0.004175,-0.992651,-226.530151,92.564682,87.648636
666,5.550000,0.042622,0.115461,0.003803,-0.992390,-226.658081,92.544647,87.629341
667,5.558333,0.044874,0.116783,0.003339,-0.992138,-226.789017,92.535797,87.599174
668,5.566667,0.045447,0.118691,0.003208,-0.991885,-226.917603,92.512222,87.571259
669,5.575000,0.044711,0.120280,0.003457,-0.991727,-227.034973,92.479912,87.551437
670,5.583333,0.043680,0.121668,0.003719,-0.991602,-227.147491,92.446983,87.534683
671,5.591667,0.043411,0.122709,0.003837,-0.991485,-227.259140,92.415955,87.521622
672,5.600000,0.043309,0.123923,0.004065,-0.991338,-227.361649,92.387878,87.510086
673,5.608333,0.042989,0.125304,0.003378,-0.991181,-227.465698,92.354218,87.495255
674,5.616667,0.043025,0.126785,0.003368,-0.990991,-227.568863,92.322395,87.474091
675,5.625000,0.042421,0.128227,0.003630,-0.990831,-227.668335,92.287292,87.450829
676,5.633333,0.041223,0.129320,0.003492,-0.990740,-227.771576,92.253342,87.429260
677,5.641667,0.039927,0.130390,0.003322,-0.990653,-227.866608,92.220169,87.410248
678,5.650000,0.039557,0.131764,0.003352,-0.990486,-227.960678,92.184708,87.394318
679,5.658333,0.038938,0.133177,0.003301,-0.990322,-228.049973,92.143860,87.376778
680,5.666667,0.038616,0.134160,0.002316,-0.990204,-228.144760,92.100021,87.351700
681,5.675000,0.037952,0.135334,0.002103,-0.990071,-228.239014,92.054733,87.324837
682,5.683333,0.037838,0.136408,0.002560,-0.989927,-228.330399,92.012131,87.297752
683,5.691667,0.038133,0.137773,0.002829,-0.989726,-228.423096,91.978302,87.273880
684,5.700000,0.037448,0.139254,0.003208,-0.989543,-228.504211,91.945816,87.253868
685,5.708333,0.036722,0.140316,0.003651,-0.989419,-228.589722,91.909500,87.233353
686,5.716667,0.034934,0.141067,0.003609,-0.989377,-228.672577,91.868156,87.216782
687,5.725000,0.032961,0.142099,0.003164,-0.989298,-228.756790,91.835701,87.198654
688,5.733333,0.030916,0.143383,0.002694,-0.989181,-228.836151,91.803558,87.186523
689,5.741667,0.029632,0.144322,0.002541,-0.989084,-228.922516,91.762283,87.183250
690,5.750000,0.028955,0.145384,0.002952,-0.988947,-229.005936,91.726280,87.177315
691,5.758333,0.029384,0.146340,0.003316,-0.988792,-229.086731,91.706207,87.160446
692,5.766667,0.029524,0.147002,0.003244,-0.988690,-229.173874,91.688301,87.137978
693,5.775000,0.029558,0.147997,0.003387,-0.988540,-229.260010,91.672546,87.119278
694,5.783333,0.030152,0.149131,0.003672,-0.988351,-229.354431,91.654221,87.101349
695,5.791667,0.030067,0.150623,0.004042,-0.988126,-229.435471,91.642616,87.087502
696,5.800000,0.029225,0.152084,0.003976,-0.987927,-229.517242,91.625092,87.073883
697,5.808333,0.029404,0.152711,0.003334,-0.987828,-229.607224,91.603638,87.068375
698,5.816667,0.029848,0.153570,0.002856,-0.987683,-229.703064,91.587761,87.057739
699,5.825000,0.029037,0.154677,0.002995,-0.987534,-229.789810,91.581017,87.044327
700,5.833333,0.028760,0.156034,0.001736,-0.987331,-229.876205,91.563828,87.028297
701,5.841667,0.028744,0.157211,0.001983,-0.987145,-229.965088,91.551857,87.012131
702,5.850000,0.029189,0.158181,0.002563,-0.986975,-230.057556,91.531937,86.994873
703,5.858333,0.029288,0.158987,0.002731,-0.986842,-230.149933,91.513885,86.976265
704,5.866667,0.028920,0.159855,0.002064,-0.986715,-230.237885,91.501274,86.960617
705,5.875000,0.029439,0.160775,0.002095,-0.986550,-230.327057,91.488129,86.943695
706,5.883333,0.030219,0.162244,0.003398,-0.986282,-230.410645,91.469315,86.928131
707,5.891667,0.030535,0.163603,0.003897,-0.986046,-230.491974,91.452393,86.909935
708,5.900000,0.029122,0.164452,0.005394,-0.985940,-230.584335,91.456970,86.885956
709,5.908333,0.028274,0.165560,0.005470,-0.985779,-230.668564,91.456200,86.866386
710,5.916667,0.028204,0.166858,0.004824,-0.985566,-230.751678,91.447258,86.849152
711,5.925000,0.027797,0.168025,0.004828,-0.985379,-230.830414,91.434265,86.829964
712,5.933333,0.028020,0.169183,0.004424,-0.985176,-230.907486,91.422066,86.814293
713,5.941667,0.028183,0.169874,0.004106,-0.985054,-230.986282,91.407654,86.795982
714,5.950000,0.028937,0.170525,0.003983,-0.984920,-231.074020,91.391685,86.778915
715,5.958333,0.029628,0.171541,0.004330,-0.984722,-231.153702,91.375755,86.761978
716,5.966667,0.029978,0.172701,0.004617,-0.984507,-231.230286,91.360229,86.745338
717,5.975000,0.029886,0.173563,0.004444,-0.984359,-231.307907,91.342232,86.728607
718,5.983333,0.029372,0.174480,0.004670,-0.984211,-231.387741,91.325470,86.709595
719,5.991667,0.029060,0.175670,0.004990,-0.984007,-231.467316,91.307411,86.687332
720,6.000000,0.028716,0.176573,0.005083,-0.983855,-231.546646,91.288177,86.665169
721,6.008333,0.028755,0.177454,0.004697,-0.983698,-231.628708,91.273308,86.648834
722,6.016667,0.028462,0.178682,0.004223,-0.983486,-231.702164,91.260513,86.634773
723,6.025000,0.028063,0.179752,0.004159,-0.983303,-231.776886,91.248512,86.618927
724,6.033333,0.027848,0.180528,0.004198,-0.983167,-231.846588,91.230690,86.603615
725,6.041667,0.027794,0.181045,0.004460,-0.983072,-231.916763,91.210815,86.582413
726,6.050000,0.027743,0.181751,0.004353,-0.982944,-231.985947,91.185844,86.558998
727,6.058333,0.027961,0.182684,0.004205,-0.982765,-232.051727,91.163727,86.535004
728,6.066667,0.027990,0.183766,0.004446,-0.982561,-232.114883,91.141815,86.512672
729,6.075000,0.028231,0.184715,0.004774,-0.982375,-232.175369,91.121628,86.489799
730,6.083333,0.028314,0.185382,0.005008,-0.982246,-232.236099,91.106049,86.471329
731,6.091667,0.028237,0.185749,0.004521,-0.982181,-232.298584,91.090729,86.455383
732,6.100000,0.027701,0.186293,0.004230,-0.982095,-232.358932,91.080048,86.441765
733,6.108333,0.026934,0.187314,0.003920,-0.981923,-232.416565,91.065720,86.428192
734,6.116667,0.026979,0.188276,0.003818,-0.981738,-232.480484,91.046997,86.411194
735,6.125000,0.027617,0.188987,0.004028,-0.981583,-232.549973,91.020271,86.388695
736,6.133333,0.027719,0.189963,0.004162,-0.981391,-232.619995,90.990273,86.361107
737,6.141667,0.027295,0.191105,0.003973,-0.981182,-232.698471,90.959503,86.326485
738,6.150000,0.026624,0.191898,0.003870,-0.981046,-232.783051,90.923080,86.290680
739,6.158333,0.026136,0.192833,0.004004,-0.980875,-232.873993,90.876999,86.254440
740,6.166667,0.025637,0.194421,0.003956,-0.980575,-232.967453,90.824402,86.214615
741,6.175000,0.025659,0.195525,0.003881,-0.980355,-233.071426,90.769234,86.173363
742,6.183333,0.025513,0.196404,0.004285,-0.980182,-233.172104,90.721375,86.126038
743,6.191667,0.025259,0.197807,0.004585,-0.979905,-233.282654,90.680870,86.080170
744,6.200000,0.025230,0.199362,0.004676,-0.979590,-233.391434,90.647522,86.034096
745,6.208333,0.024894,0.200874,0.004401,-0.979291,-233.509323,90.623543,85.979309
746,6.216667,0.024247,0.202524,0.003524,-0.978971,-233.627075,90.605858,85.926811
747,6.225000,0.024105,0.204309,0.002729,-0.978606,-233.744522,90.588341,85.872498
748,6.233333,0.024083,0.205681,0.002376,-0.978320,-233.867523,90.560570,85.815529
749,6.241667,0.024132,0.207357,0.002579,-0.977964,-233.993347,90.539513,85.757370
750,6.250000,0.022262,0.208863,0.004748,-0.977680,-234.119995,90.534676,85.707253
751,6.258333,0.021222,0.210950,0.005235,-0.977252,-234.250229,90.530136,85.650398
752,6.266667,0.020229,0.213040,0.004828,-0.976822,-234.380524,90.524414,85.594765
753,6.275000,0.020479,0.214748,0.004231,-0.976446,-234.493332,90.534439,85.540604
754,6.283333,0.020589,0.215505,0.004288,-0.976276,-234.596222,90.544762,85.488182
755,6.291667,0.021132,0.216871,0.004156,-0.975963,-234.697296,90.552132,85.442253
756,6.300000,0.021341,0.218250,0.004124,-0.975651,-234.786514,90.548691,85.395744
757,6.308333,0.020941,0.219277,0.004098,-0.975429,-234.877274,90.536423,85.350677
758,6.316667,0.020731,0.220319,0.003862,-0.975200,-234.959549,90.531090,85.318077
759,6.325000,0.020327,0.221571,0.003534,-0.974926,-235.032181,90.528717,85.290268
760,6.333333,0.020287,0.222611,0.003546,-0.974690,-235.108063,90.534622,85.249001
761,6.341667,0.019141,0.223661,0.005295,-0.974465,-235.179810,90.555962,85.197807
762,6.350000,0.019315,0.224753,0.006505,-0.974203,-235.244019,90.566628,85.153786
763,6.358333,0.019886,0.225613,0.006708,-0.973991,-235.309509,90.563095,85.117447
764,6.366667,0.020377,0.226352,0.006467,-0.973811,-235.371262,90.556747,85.093544
765,6.375000,0.019949,0.227079,0.005975,-0.973654,-235.426956,90.550385,85.068367
766,6.383333,0.019059,0.227688,0.005432,-0.973533,-235.478455,90.546021,85.046036
767,6.391667,0.018767,0.228361,0.005062,-0.973383,-235.532303,90.547470,85.024208
768,6.400000,0.018763,0.228928,0.003992,-0.973254,-235.580368,90.559799,84.999588
769,6.408333,0.020052,0.229596,0.002866,-0.973075,-235.625122,90.561989,84.972542
770,6.416667,0.019908,0.229883,0.003897,-0.973007,-235.667236,90.571800,84.948845
771,6.425000,0.020758,0.230510,0.003698,-0.972842,-235.702698,90.567772,84.927383
772,6.433333,0.021206,0.230942,0.003440,-0.972730,-235.734253,90.557823,84.908478
773,6.441667,0.021346,0.231240,0.003451,-0.972657,-235.760788,90.549454,84.894249
774,6.450000,0.021109,0.231675,0.003614,-0.972558,-235.789276,90.544495,84.883713
775,6.458333,0.020801,0.231874,0.004005,-0.972515,-235.807327,90.545143,84.873138
776,6.466667,0.020634,0.232217,0.004617,-0.972434,-235.819458,90.547173,84.862556
777,6.475000,0.020076,0.232536,0.005683,-0.972364,-235.825699,90.555222,84.851906
778,6.483333,0.020131,0.232841,0.006420,-0.972285,-235.828522,90.556435,84.842957
779,6.491667,0.020373,0.233003,0.006759,-0.972239,-235.826523,90.550735,84.837448
780,6.500000,0.020756,0.233148,0.007211,-0.972193,-235.812195,90.542336,84.832191
781,6.508333,0.021240,0.233592,0.007878,-0.972071,-235.795044,90.525970,84.825661
782,6.516667,0.022869,0.233999,0.009512,-0.971921,-235.771729,90.480713,84.820145
783,6.525000,0.023237,0.233755,0.011617,-0.971949,-235.748367,90.472565,84.829605
784,6.533333,0.023036,0.233495,0.012982,-0.971998,-235.725647,90.464050,84.845581
785,6.541667,0.022277,0.233115,0.013529,-0.972100,-235.711975,90.461060,84.864822
786,6.550000,0.021324,0.232646,0.013661,-0.972232,-235.709549,90.460503,84.887192
787,6.558333,0.021175,0.231117,0.012365,-0.972617,-235.717529,90.452812,84.920410
788,6.566667,0.019764,0.229708,0.012549,-0.972978,-235.730438,90.453934,84.951431
789,6.575000,0.018570,0.228815,0.012190,-0.973217,-235.739868,90.452736,84.983940
790,6.583333,0.017418,0.228147,0.011638,-0.973401,-235.750198,90.450325,85.017647
791,6.591667,0.015912,0.227744,0.011379,-0.973525,-235.759552,90.447578,85.057381
792,6.600000,0.014523,0.227406,0.011527,-0.973624,-235.772034,90.441841,85.100937
793,6.608333,0.012960,0.226975,0.011937,-0.973741,-235.788605,90.430054,85.149765
794,6.616667,0.011486,0.226676,0.012243,-0.973826,-235.813232,90.415459,85.206726
795,6.625000,0.009328,0.226762,0.012513,-0.973825,-235.838226,90.399132,85.271004
796,6.633333,0.006775,0.227239,0.011784,-0.973744,-235.863373,90.381325,85.346512
797,6.641667,0.002036,0.227176,0.012820,-0.973767,-235.892944,90.378922,85.440765
798,6.650000,-0.001861,0.227213,0.013359,-0.973752,-235.907822,90.375366,85.523865
799,6.658333,-0.005261,0.226330,0.013703,-0.973940,-235.914566,90.374054,85.589592
800,6.666667,-0.007279,0.224118,0.013554,-0.974441,-235.922623,90.369324,85.636398
801,6.675000,-0.008263,0.221916,0.013435,-0.974938,-235.927719,90.362999,85.664902
802,6.683333,-0.008413,0.220205,0.013434,-0.975325,-235.927628,90.362694,85.672363
803,6.691667,-0.008237,0.219213,0.013625,-0.975547,-235.923950,90.364914,85.671280
804,6.700000,-0.007682,0.218911,0.013745,-0.975618,-235.915543,90.364853,85.661278
805,6.708333,-0.007065,0.219027,0.014215,-0.975590,-235.901764,90.360825,85.644356
806,6.716667,-0.005934,0.219937,0.014994,-0.975381,-235.879639,90.359047,85.618904
807,6.725000,-0.004485,0.221829,0.015975,-0.974944,-235.847260,90.359047,85.576469
808,6.733333,-0.002628,0.223816,0.016848,-0.974482,-235.816528,90.360107,85.532303
809,6.741667,0.000038,0.226334,0.017693,-0.973889,-235.780304,90.362152,85.477592
810,6.750000,0.002235,0.229273,0.018361,-0.973186,-235.741180,90.365944,85.429260
811,6.758333,0.003743,0.231833,0.018990,-0.972563,-235.709259,90.370216,85.398376
812,6.766667,0.004366,0.233838,0.020075,-0.972058,-235.679443,90.374779,85.380753
813,6.775000,0.004603,0.234704,0.020954,-0.971830,-235.657043,90.380745,85.381737
814,6.783333,0.004427,0.234181,0.021246,-0.971951,-235.647446,90.383926,85.394295
815,6.791667,0.004185,0.232477,0.020872,-0.972369,-235.658508,90.385422,85.410271
816,6.800000,0.003320,0.230299,0.020518,-0.972898,-235.676788,90.382629,85.437431
817,6.808333,0.002175,0.227160,0.019559,-0.973659,-235.695511,90.372559,85.481514
818,6.816667,-0.000386,0.224096,0.020293,-0.974356,-235.708908,90.373024,85.527351
819,6.825000,-0.002160,0.221500,0.020766,-0.974937,-235.709625,90.366653,85.563950
820,6.833333,-0.003515,0.219543,0.021228,-0.975366,-235.696335,90.359047,85.592033
821,6.841667,-0.004653,0.218337,0.022209,-0.975609,-235.678818,90.350815,85.613426
822,6.850000,-0.004835,0.218187,0.022950,-0.975625,-235.659836,90.345947,85.620995
823,6.858333,-0.004401,0.219209,0.023433,-0.975387,-235.652588,90.347260,85.616585
824,6.866667,-0.004444,0.220210,0.023338,-0.975163,-235.661957,90.351135,85.610909
825,6.875000,-0.004441,0.220979,0.023037,-0.974996,-235.671097,90.349731,85.602898
826,6.883333,-0.004164,0.221645,0.022777,-0.974853,-235.675140,90.347931,85.591690
827,6.891667,-0.003834,0.222137,0.022449,-0.974749,-235.685150,90.350288,85.581665
828,6.900000,-0.003475,0.222337,0.022189,-0.974711,-235.692413,90.350311,85.568565
829,6.908333,-0.003104,0.222271,0.022112,-0.974729,-235.703094,90.351013,85.553726
830,6.916667,-0.002717,0.222305,0.021712,-0.974732,-235.711578,90.350670,85.537971
831,6.925000,-0.002336,0.222373,0.021261,-0.974727,-235.722183,90.352684,85.521568
832,6.933333,-0.001797,0.222588,0.020808,-0.974689,-235.730530,90.356178,85.504135
833,6.941667,-0.001263,0.222676,0.020504,-0.974676,-235.739975,90.357384,85.491226
834,6.950000,-0.001060,0.222508,0.020055,-0.974724,-235.746078,90.357330,85.490746
835,6.958333,-0.001246,0.222488,0.020192,-0.974726,-235.745239,90.359459,85.496544
836,6.966667,-0.001328,0.222648,0.020564,-0.974681,-235.732605,90.355774,85.496780
837,6.975000,-0.001508,0.222577,0.020877,-0.974690,-235.717728,90.354309,85.497932
838,6.983333,-0.001713,0.222365,0.021011,-0.974735,-235.711090,90.356445,85.505913
839,6.991667,-0.001869,0.222148,0.020942,-0.974786,-235.715012,90.356956,85.515190
840,7.000000,-0.002103,0.222073,0.021091,-0.974800,-235.713745,90.353859,85.519913
841,7.008333,-0.002168,0.222053,0.021243,-0.974801,-235.705048,90.353432,85.518272
842,7.016667,-0.002361,0.221981,0.021183,-0.974818,-235.704941,90.355202,85.519714
843,7.025000,-0.002304,0.221997,0.021270,-0.974813,-235.702820,90.355042,85.519623
844,7.033333,-0.002328,0.221994,0.021291,-0.974813,-235.704086,90.355499,85.518883
845,7.041667,-0.002243,0.222010,0.021229,-0.974811,-235.704926,90.356255,85.517410
846,7.050000,-0.002230,0.222103,0.021179,-0.974791,-235.707092,90.356453,85.513489
847,7.058333,-0.001926,0.222140,0.021014,-0.974786,-235.710861,90.357185,85.508354
848,7.066667,-0.001757,0.222211,0.020912,-0.974773,-235.714081,90.356354,85.502396
849,7.075000,-0.001778,0.222355,0.020771,-0.974743,-235.719727,90.357307,85.495163
850,7.083333,-0.001289,0.222170,0.021046,-0.974780,-235.722610,90.354256,85.490387
851,7.091667,-0.001300,0.222264,0.020822,-0.974763,-235.719559,90.356133,85.492012
852,7.100000,-0.001546,0.222182,0.020715,-0.974784,-235.717514,90.358093,85.497101
853,7.108333,-0.001423,0.222104,0.021333,-0.974789,-235.715012,90.355927,85.496941
854,7.116667,-0.001566,0.222266,0.020867,-0.974762,-235.717270,90.356186,85.496620
855,7.125000,-0.001729,0.222413,0.020720,-0.974731,-235.718063,90.357841,85.495003
856,7.133333,-0.001689,0.222334,0.020640,-0.974751,-235.717438,90.358475,85.495255
857,7.141667,-0.001739,0.222277,0.020694,-0.974762,-235.717300,90.358597,85.497047
858,7.150000,-0.001391,0.222143,0.021112,-0.974785,-235.715561,90.355827,85.493942
859,7.158333,-0.001626,0.222219,0.020798,-0.974774,-235.719940,90.357468,85.494728
860,7.166667,-0.001775,0.222303,0.020549,-0.974759,-235.721512,90.358643,85.491936
861,7.175000,-0.001479,0.222196,0.020925,-0.974776,-235.721802,90.356689,85.489746
862,7.183333,-0.001685,0.222337,0.020726,-0.974748,-235.723282,90.358200,85.490189
863,7.191667,-0.001700,0.222407,0.020690,-0.974733,-235.725235,90.360657,85.489525
864,7.200000,-0.001772,0.222338,0.020658,-0.974749,-235.725876,90.360229,85.491104
865,7.208333,-0.001718,0.222316,0.020745,-0.974752,-235.725571,90.359398,85.490555
866,7.216667,-0.001362,0.222308,0.021164,-0.974746,-235.725571,90.356621,85.489258
867,7.225000,-0.001481,0.222401,0.020879,-0.974731,-235.726715,90.358879,85.491928
868,7.233333,-0.001604,0.222390,0.020855,-0.974733,-235.726578,90.359520,85.493362
869,7.241667,-0.001685,0.222380,0.020764,-0.974737,-235.727280,90.358330,85.495110
870,7.250000,-0.001699,0.222315,0.020749,-0.974753,-235.727188,90.358505,85.496765
871,7.258333,-0.001683,0.222254,0.020680,-0.974768,-235.726089,90.358521,85.499138
872,7.266667,-0.001771,0.222185,0.020826,-0.974780,-235.725266,90.358398,85.502205
873,7.275000,-0.001695,0.222212,0.020683,-0.974778,-235.726135,90.357437,85.503128
874,7.283333,-0.001790,0.222256,0.020563,-0.974770,-235.726349,90.357880,85.501678
875,7.291667,-0.001583,0.222277,0.020710,-0.974762,-235.725479,90.360115,85.502640
876,7.300000,-0.002116,0.222015,0.020920,-0.974817,-235.721466,90.355522,85.507797
877,7.308333,-0.001851,0.222491,0.021229,-0.974702,-235.714905,90.351341,85.512978
878,7.316667,-0.002129,0.222966,0.020590,-0.974607,-235.711700,90.355667,85.513695
879,7.325000,-0.001801,0.223106,0.020490,-0.974577,-235.710190,90.366173,85.521194
880,7.333333,-0.001535,0.222779,0.021164,-0.974638,-235.700104,90.363586,85.531136
881,7.341667,-0.001818,0.222659,0.020532,-0.974678,-235.697525,90.370811,85.530457
882,7.350000,-0.001587,0.222585,0.020453,-0.974697,-235.695358,90.372795,85.530876
883,7.358333,-0.001193,0.222469,0.021435,-0.974703,-235.691833,90.367867,85.529587
884,7.366667,-0.001338,0.222342,0.020993,-0.974742,-235.696167,90.370201,85.528961
885,7.375000,-0.001051,0.222666,0.020879,-0.974671,-235.703583,90.372330,85.520180
886,7.383333,-0.000829,0.222692,0.020907,-0.974664,-235.706619,90.373299,85.514008
887,7.391667,-0.000926,0.223210,0.020318,-0.974558,-235.702637,90.377029,85.518974
888,7.400000,-0.001124,0.222335,0.019910,-0.974766,-235.709244,90.377342,85.514236
889,7.408333,-0.000871,0.221551,0.020765,-0.974927,-235.717194,90.369301,85.512794
890,7.416667,-0.000841,0.221454,0.021263,-0.974939,-235.718887,90.364990,85.513535
891,7.425000,-0.002131,0.221731,0.020572,-0.974889,-235.718369,90.351540,85.505684
892,7.433333,-0.001816,0.222206,0.020670,-0.974779,-235.724136,90.356133,85.500046
893,7.441667,-0.001579,0.222366,0.020798,-0.974740,-235.725235,90.358643,85.495827
894,7.450000,-0.001763,0.222292,0.020812,-0.974757,-235.724731,90.359215,85.495605
895,7.458333,-0.001639,0.222331,0.020884,-0.974746,-235.723083,90.359703,85.495033
896,7.466667,-0.001642,0.222347,0.020816,-0.974744,-235.722992,90.358673,85.495331
897,7.475000,-0.001676,0.222345,0.020710,-0.974747,-235.723068,90.358864,85.493233
898,7.483333,-0.001686,0.222359,0.020596,-0.974746,-235.724854,90.358543,85.488930
899,7.491667,-0.001131,0.222017,0.021241,-0.974811,-235.723190,90.353951,85.485466
900,7.500000,-0.000470,0.221409,0.022895,-0.974912,-235.723618,90.346703,85.481544
901,7.508333,-0.000926,0.221798,0.021986,-0.974844,-235.718842,90.353088,85.497871
902,7.516667,-0.001011,0.221691,0.021930,-0.974870,-235.718155,90.353256,85.501968
903,7.525000,-0.001079,0.221727,0.021941,-0.974861,-235.717743,90.353119,85.502838
904,7.533333,-0.001136,0.221678,0.021925,-0.974873,-235.716797,90.352631,85.504684
905,7.541667,-0.001085,0.221685,0.022088,-0.974868,-235.716873,90.353165,85.505623
906,7.550000,-0.001216,0.221720,0.021975,-0.974862,-235.716721,90.350464,85.505684
907,7.558333,-0.001730,0.221675,0.021655,-0.974879,-235.715408,90.344017,85.503288
908,7.566667,-0.002137,0.221697,0.021419,-0.974878,-235.715408,90.339676,85.504166
909,7.575000,-0.000696,0.221202,0.022090,-0.974978,-235.714798,90.355103,85.519974
910,7.583333,-0.000460,0.220994,0.022301,-0.975020,-235.712860,90.357941,85.521233
911,7.591667,0.000138,0.220950,0.022159,-0.975034,-235.711075,90.357056,85.522163
912,7.600000,0.000476,0.220698,0.021979,-0.975094,-235.711288,90.355186,85.523766
913,7.608333,0.001046,0.220031,0.021216,-0.975262,-235.717270,90.351112,85.530540
914,7.616667,0.001302,0.219711,0.020802,-0.975342,-235.721939,90.348907,85.531044
915,7.625000,0.001851,0.219392,0.021772,-0.975392,-235.722183,90.341660,85.525604
916,7.633333,0.001430,0.219762,0.020740,-0.975332,-235.723755,90.347679,85.528717
917,7.641667,0.001311,0.219826,0.020541,-0.975322,-235.723358,90.348709,85.527580
918,7.650000,0.001241,0.219839,0.020640,-0.975317,-235.722488,90.348267,85.527054
919,7.658333,0.001367,0.219707,0.021854,-0.975320,-235.720795,90.345078,85.519737
920,7.666667,0.001071,0.219938,0.021103,-0.975285,-235.722061,90.350082,85.521751
921,7.675000,0.001020,0.219919,0.021011,-0.975291,-235.722473,90.350357,85.518456
922,7.683333,0.000721,0.219924,0.021324,-0.975284,-235.722763,90.352661,85.517540
923,7.691667,0.000925,0.219956,0.021881,-0.975264,-235.724808,90.350296,85.518608
924,7.700000,0.001615,0.219624,0.023229,-0.975307,-235.731934,90.341621,85.517899
925,7.708333,0.002270,0.219402,0.024452,-0.975325,-235.737030,90.333038,85.518089
926,7.716667,0.000948,0.219172,0.021896,-0.975440,-235.734589,90.347824,85.516312
927,7.725000,0.000850,0.219147,0.021356,-0.975458,-235.733917,90.349426,85.515465
928,7.733333,0.000813,0.219175,0.021472,-0.975449,-235.733337,90.350517,85.515266
929,7.741667,0.000879,0.219342,0.021541,-0.975410,-235.732010,90.350403,85.515244
930,7.750000,0.000861,0.219340,0.021649,-0.975408,-235.731506,90.350975,85.515327
931,7.758333,0.000815,0.219353,0.021484,-0.975409,-235.730408,90.352341,85.513992
932,7.766667,0.000906,0.219210,0.021756,-0.975435,-235.727875,90.351913,85.510704
933,7.775000,0.000963,0.219371,0.021655,-0.975401,-235.730652,90.351433,85.511795
