Format Version,1.25,Take Name,Take 2025-11-27 04.00.41 PM,Take Notes,,Capture Frame Rate,120.000000,Export Frame Rate,120.000000,Capture Start Time,2025-11-27 04.00.42.246 PM,Capture Start Frame,2139623,Total Frames in Take,1054,Total Exported Frames,1054,Rotation Type,Quaternion,Length Units,Centimeters,Coordinate Space,Global

,Type,Rigid Body,Rigid Body,Rigid Body,Rigid Body,Rigid Body,Rigid Body,Rigid Body
,Name,SEE_large,SEE_large,SEE_large,SEE_large,SEE_large,SEE_large,SEE_large
,ID,B4680608301811F031C44B617C10C291,B4680608301811F031C44B617C10C291,B4680608301811F031C44B617C10C291,B4680608301811F031C44B617C10C291,B4680608301811F031C44B617C10C291,B4680608301811F031C44B617C10C291,B4680608301811F031C44B617C10C291
,Parent,,,,,,,
,,Rotation,Rotation,Rotation,Rotation,Position,Position,Position
Frame,Time (Seconds),X,Y,Z,W,X,Y,Z
0,0.000000,0.006220,0.931182,0.019621,0.363973,-215.023972,92.163826,84.178467
1,0.008333,0.006419,0.931367,0.021727,0.363375,-215.037415,92.174896,84.182930
2,0.016667,0.006258,0.931389,0.022135,0.363299,-215.049606,92.178596,84.179382
3,0.025000,0.005943,0.931348,0.022014,0.363416,-215.062958,92.179016,84.177193
4,0.033333,0.005488,0.931298,0.022239,0.363537,-215.075211,92.177704,84.175667
5,0.041667,0.005271,0.931298,0.022303,0.363535,-215.086105,92.178848,84.174782
6,0.050000,0.005151,0.931272,0.022367,0.363601,-215.094467,92.178467,84.175751
7,0.058333,0.005002,0.931289,0.022508,0.363551,-215.099579,92.176865,84.178566
8,0.066667,0.004724,0.931294,0.022560,0.363539,-215.103668,92.177444,84.179764
9,0.075000,0.004644,0.931297,0.022673,0.363525,-215.109085,92.177933,84.179726
10,0.083333,0.004403,0.931294,0.022795,0.363529,-215.115952,92.178314,84.180244
11,0.091667,0.004230,0.931274,0.022818,0.363579,-215.125092,92.180267,84.182785
12,0.100000,0.005033,0.931404,0.023084,0.363220,-215.127441,92.168350,84.181114
13,0.108333,0.005010,0.931428,0.023201,0.363151,-215.138931,92.165451,84.180824
14,0.116667,0.005100,0.931428,0.023353,0.363140,-215.150162,92.164055,84.181335
15,0.125000,0.005144,0.931451,0.023457,0.363074,-215.161850,92.163757,84.181824
16,0.133333,0.004894,0.931465,0.023703,0.363025,-215.171692,92.162262,84.184830
17,0.141667,0.004833,0.931411,0.023563,0.363172,-215.181915,92.163780,84.184555
18,0.150000,0.004728,0.931380,0.023805,0.363239,-215.193420,92.162209,84.185776
19,0.158333,0.004553,0.931404,0.024054,0.363163,-215.204697,92.160759,84.187225
20,0.166667,0.004381,0.931450,0.024192,0.363039,-215.215485,92.159927,84.190125
21,0.175000,0.004298,0.931447,0.024204,0.363046,-215.226410,92.160187,84.192673
22,0.183333,0.004034,0.931484,0.024360,0.362944,-215.235687,92.160027,84.196312
23,0.191667,0.003986,0.931456,0.024407,0.363012,-215.244843,92.157890,84.201691
24,0.200000,0.003885,0.931477,0.024576,0.362949,-215.253860,92.157616,84.204567
25,0.208333,0.003841,0.931439,0.024696,0.363038,-215.264648,92.157211,84.207703
26,0.216667,0.003534,0.931419,0.024883,0.363079,-215.275787,92.158592,84.207245
27,0.225000,0.003283,0.931402,0.025085,0.363112,-215.284821,92.158615,84.205223
28,0.233333,0.003220,0.931366,0.025232,0.363196,-215.294388,92.157677,84.205971
29,0.241667,0.003083,0.931331,0.025371,0.363276,-215.302856,92.156258,84.205032
30,0.250000,0.002913,0.931328,0.025487,0.363276,-215.312103,92.155594,84.202423
31,0.258333,0.002908,0.931295,0.025605,0.363352,-215.321655,92.153694,84.199257
32,0.266667,0.002774,0.931270,0.025608,0.363419,-215.330215,92.152718,84.196678
33,0.275000,0.002482,0.931269,0.025371,0.363440,-215.339249,92.152435,84.194939
34,0.283333,0.002007,0.931249,0.025444,0.363488,-215.349655,92.149178,84.194946
35,0.291667,0.001686,0.931250,0.025326,0.363495,-215.361755,92.148415,84.194740
36,0.300000,0.001449,0.931261,0.025312,0.363468,-215.376068,92.148781,84.192932
37,0.308333,0.000280,0.931267,0.024836,0.363490,-215.393280,92.152878,84.185234
38,0.316667,-0.000210,0.931109,0.024826,0.363896,-215.416794,92.152870,84.178810
39,0.325000,-0.000579,0.931013,0.025293,0.364108,-215.433548,92.150703,84.191254
40,0.333333,-0.001021,0.930798,0.025664,0.364631,-215.445023,92.149773,84.197197
41,0.341667,-0.001213,0.930434,0.025843,0.365545,-215.458099,92.147484,84.206642
42,0.350000,-0.002027,0.930343,0.025556,0.365794,-215.461105,92.148445,84.214294
43,0.358333,-0.002722,0.930229,0.025193,0.366104,-215.463440,92.150452,84.219864
44,0.366667,-0.003015,0.930131,0.024960,0.366366,-215.470032,92.151207,84.222488
45,0.375000,-0.003136,0.930107,0.025033,0.366421,-215.480118,92.153946,84.222755
46,0.383333,-0.003483,0.930129,0.025120,0.366355,-215.490082,92.154518,84.221802
47,0.391667,-0.003511,0.930143,0.025438,0.366300,-215.499573,92.153717,84.222252
48,0.400000,-0.003794,0.930177,0.025633,0.366196,-215.510269,92.155800,84.221756
49,0.408333,-0.003891,0.930209,0.025824,0.366101,-215.523560,92.158211,84.222427
50,0.416667,-0.004146,0.930253,0.026209,0.365957,-215.536575,92.160645,84.221474
51,0.425000,-0.004427,0.930288,0.026518,0.365844,-215.546280,92.162796,84.221016
52,0.433333,-0.004442,0.930349,0.026777,0.365669,-215.553024,92.164604,84.220085
53,0.441667,-0.004299,0.930395,0.026940,0.365541,-215.554947,92.166634,84.218277
54,0.450000,-0.004270,0.930419,0.027229,0.365460,-215.553909,92.166801,84.218117
55,0.458333,-0.004397,0.930485,0.027443,0.365274,-215.549942,92.166336,84.217522
56,0.466667,-0.004181,0.930515,0.027412,0.365203,-215.547989,92.166481,84.218307
57,0.475000,-0.004160,0.930463,0.027215,0.365351,-215.545837,92.166725,84.220039
58,0.483333,-0.004282,0.930429,0.026924,0.365456,-215.546509,92.165192,84.222084
59,0.491667,-0.004296,0.930376,0.026669,0.365612,-215.546387,92.161964,84.223198
60,0.500000,-0.004451,0.930322,0.026378,0.365768,-215.546890,92.160896,84.223595
61,0.508333,-0.004729,0.930306,0.026278,0.365810,-215.547562,92.161270,84.224144
62,0.516667,-0.005219,0.930269,0.026095,0.365911,-215.552139,92.169228,84.222168
63,0.525000,-0.005833,0.930252,0.026189,0.365938,-215.554947,92.175385,84.220901
64,0.533333,-0.005994,0.930258,0.026346,0.365911,-215.557571,92.178139,84.221581
65,0.541667,-0.005135,0.930302,0.026530,0.365799,-215.551071,92.170700,84.223671
66,0.550000,-0.005535,0.930379,0.026608,0.365590,-215.559174,92.172501,84.219002
67,0.558333,-0.004915,0.930359,0.026779,0.365639,-215.559036,92.168221,84.221313
68,0.566667,-0.004869,0.930408,0.026934,0.365503,-215.562088,92.167458,84.220284
69,0.575000,-0.005413,0.930401,0.027008,0.365507,-215.570908,92.173210,84.217514
70,0.583333,-0.004996,0.930415,0.027277,0.365456,-215.570358,92.169594,84.219315
71,0.591667,-0.005553,0.930449,0.027441,0.365349,-215.576645,92.174698,84.217415
72,0.600000,-0.006182,0.930430,0.027552,0.365381,-215.582306,92.183136,84.218338
73,0.608333,-0.006470,0.930401,0.027796,0.365432,-215.585907,92.188522,84.219917
74,0.616667,-0.006611,0.930399,0.028108,0.365411,-215.586945,92.190811,84.220322
75,0.625000,-0.006539,0.930391,0.028258,0.365419,-215.587326,92.191856,84.218529
76,0.633333,-0.006303,0.930426,0.028287,0.365331,-215.588501,92.192383,84.218430
77,0.641667,-0.006249,0.930444,0.028303,0.365285,-215.588882,92.191177,84.218178
78,0.650000,-0.006329,0.930450,0.028307,0.365268,-215.588715,92.190811,84.218391
79,0.658333,-0.006311,0.930436,0.028197,0.365313,-215.589554,92.191956,84.218109
80,0.666667,-0.006356,0.930430,0.028075,0.365338,-215.590805,92.192665,84.217712
81,0.675000,-0.006471,0.930396,0.028076,0.365423,-215.591354,92.192093,84.217094
82,0.683333,-0.006632,0.930375,0.028140,0.365467,-215.591080,92.190605,84.217384
83,0.691667,-0.006771,0.930398,0.028056,0.365413,-215.591766,92.190605,84.217148
84,0.700000,-0.006667,0.930377,0.027930,0.365477,-215.592453,92.190857,84.217400
85,0.708333,-0.005576,0.930443,0.028014,0.365321,-215.582275,92.179718,84.222275
86,0.716667,-0.005096,0.930517,0.027983,0.365143,-215.577286,92.173805,84.219765
87,0.725000,-0.004719,0.930531,0.027807,0.365125,-215.577942,92.169724,84.218147
88,0.733333,-0.004767,0.930548,0.027655,0.365093,-215.577652,92.168221,84.217361
89,0.741667,-0.004655,0.930521,0.027450,0.365178,-215.577072,92.168091,84.218140
90,0.750000,-0.004711,0.930484,0.027406,0.365275,-215.577026,92.166939,84.219856
91,0.758333,-0.004872,0.930461,0.027276,0.365342,-215.575958,92.167397,84.220566
92,0.766667,-0.004902,0.930424,0.027159,0.365445,-215.575363,92.167290,84.221397
93,0.775000,-0.004972,0.930405,0.027072,0.365497,-215.575287,92.167717,84.220779
94,0.783333,-0.005040,0.930403,0.027065,0.365502,-215.575363,92.167336,84.221443
95,0.791667,-0.005124,0.930423,0.027053,0.365451,-215.575500,92.167473,84.219559
96,0.800000,-0.004921,0.930444,0.027026,0.365402,-215.576721,92.167328,84.218788
97,0.808333,-0.004859,0.930437,0.027124,0.365415,-215.576691,92.167130,84.218414
98,0.816667,-0.004852,0.930468,0.027114,0.365336,-215.575699,92.166756,84.218590
99,0.825000,-0.004968,0.930481,0.027135,0.365300,-215.575928,92.166008,84.220062
100,0.833333,-0.004973,0.930461,0.027100,0.365354,-215.576263,92.166481,84.220352
101,0.841667,-0.004954,0.930457,0.027041,0.365369,-215.577011,92.166672,84.221046
102,0.850000,-0.004877,0.930462,0.026942,0.365363,-215.576752,92.166672,84.221001
103,0.858333,-0.004828,0.930486,0.026960,0.365302,-215.576340,92.165810,84.220924
104,0.866667,-0.004958,0.930497,0.026979,0.365272,-215.576752,92.165413,84.220604
105,0.875000,-0.004899,0.930473,0.027006,0.365330,-215.577606,92.166504,84.220589
106,0.883333,-0.004964,0.930473,0.027089,0.365325,-215.577347,92.165993,84.220436
107,0.891667,-0.004831,0.930451,0.027052,0.365383,-215.577728,92.166580,84.220001
108,0.900000,-0.005644,0.930385,0.027026,0.365542,-215.582779,92.175438,84.219780
109,0.908333,-0.006797,0.930293,0.027058,0.365755,-215.587234,92.185272,84.222855
110,0.916667,-0.006969,0.930265,0.026970,0.365830,-215.588455,92.190620,84.222694
111,0.925000,-0.006989,0.930302,0.027083,0.365728,-215.587860,92.189911,84.222275
112,0.933333,-0.006847,0.930329,0.027159,0.365654,-215.588135,92.188278,84.221565
113,0.941667,-0.006640,0.930330,0.027288,0.365648,-215.588425,92.186455,84.220291
114,0.950000,-0.006565,0.930351,0.027317,0.365592,-215.589005,92.186371,84.219925
115,0.958333,-0.006541,0.930362,0.027430,0.365557,-215.591599,92.184128,84.222374
116,0.966667,-0.006488,0.930354,0.027358,0.365583,-215.592484,92.184853,84.222183
117,0.975000,-0.006639,0.930389,0.027341,0.365493,-215.592911,92.185432,84.223267
118,0.983333,-0.006816,0.930380,0.027321,0.365515,-215.593887,92.186424,84.222374
119,0.991667,-0.006761,0.930363,0.027234,0.365564,-215.594131,92.186974,84.221664
120,1.000000,-0.006716,0.930382,0.027154,0.365524,-215.593033,92.185631,84.222336
121,1.008333,-0.006622,0.930382,0.027196,0.365520,-215.592529,92.183746,84.221558
122,1.016667,-0.006419,0.930412,0.027159,0.365453,-215.593719,92.183334,84.219864
123,1.025000,-0.006469,0.930452,0.027301,0.365338,-215.594528,92.182892,84.220490
124,1.033333,-0.006484,0.930442,0.027439,0.365353,-215.595703,92.184135,84.218849
125,1.041667,-0.006568,0.930446,0.027668,0.365324,-215.598328,92.185013,84.220055
126,1.050000,-0.006584,0.930448,0.027786,0.365310,-215.598801,92.185501,84.221817
127,1.058333,-0.006403,0.930448,0.027860,0.365308,-215.598969,92.185341,84.221855
128,1.066667,-0.006295,0.930458,0.027832,0.365286,-215.599960,92.184822,84.220352
129,1.075000,-0.006299,0.930461,0.027919,0.365271,-215.601166,92.184273,84.221107
130,1.083333,-0.006336,0.930472,0.027952,0.365240,-215.599564,92.184326,84.221199
131,1.091667,-0.006264,0.930453,0.028023,0.365283,-215.598206,92.183548,84.221184
132,1.100000,-0.006128,0.930465,0.027930,0.365262,-215.597824,92.183754,84.222641
133,1.108333,-0.006186,0.930452,0.027909,0.365296,-215.597290,92.182526,84.221230
134,1.116667,-0.006314,0.930457,0.027868,0.365284,-215.597412,92.180923,84.221558
135,1.125000,-0.006205,0.930419,0.027658,0.365400,-215.597351,92.181557,84.220734
136,1.133333,-0.006245,0.930418,0.027499,0.365413,-215.597443,92.182121,84.220627
137,1.141667,-0.006331,0.930420,0.027445,0.365410,-215.597824,92.181221,84.222847
138,1.150000,-0.006558,0.930416,0.027431,0.365417,-215.596939,92.181473,84.223640
139,1.158333,-0.006596,0.930437,0.027277,0.365376,-215.597412,92.182472,84.222527
140,1.166667,-0.006531,0.930402,0.027240,0.365469,-215.598816,92.181221,84.222092
141,1.175000,-0.006417,0.930385,0.027181,0.365519,-215.599442,92.180702,84.221252
142,1.183333,-0.006384,0.930406,0.027194,0.365464,-215.599701,92.181168,84.220543
143,1.191667,-0.006395,0.930391,0.027296,0.365496,-215.598877,92.181442,84.220184
144,1.200000,-0.006339,0.930418,0.027439,0.365417,-215.599655,92.182053,84.220467
145,1.208333,-0.006353,0.930422,0.027609,0.365394,-215.599640,92.182755,84.220657
146,1.216667,-0.006540,0.930482,0.027850,0.365220,-215.599365,92.182549,84.221954
147,1.225000,-0.006382,0.930487,0.027975,0.365199,-215.599442,92.183578,84.223206
148,1.233333,-0.006261,0.930488,0.028005,0.365196,-215.598343,92.184631,84.223351
149,1.241667,-0.006186,0.930494,0.028011,0.365183,-215.598938,92.184486,84.223289
150,1.250000,-0.006336,0.930516,0.028059,0.365120,-215.598709,92.184486,84.224487
151,1.258333,-0.006465,0.930482,0.028060,0.365204,-215.598328,92.184654,84.222420
152,1.266667,-0.006280,0.930481,0.027788,0.365230,-215.600006,92.185684,84.222137
153,1.275000,-0.006333,0.930465,0.027687,0.365278,-215.600449,92.184753,84.221870
154,1.283333,-0.006403,0.930438,0.027632,0.365351,-215.600464,92.183762,84.220558
155,1.291667,-0.006362,0.930474,0.027548,0.365266,-215.601608,92.182907,84.219917
156,1.300000,-0.006312,0.930446,0.027554,0.365337,-215.602234,92.182625,84.219101
157,1.308333,-0.006434,0.930449,0.027646,0.365320,-215.602158,92.182144,84.220093
158,1.316667,-0.006453,0.930464,0.027624,0.365284,-215.603256,92.183342,84.220055
159,1.325000,-0.006453,0.930456,0.027737,0.365294,-215.603302,92.183495,84.220467
160,1.333333,-0.006401,0.930456,0.027794,0.365291,-215.602570,92.184654,84.218689
161,1.341667,-0.006391,0.930491,0.027858,0.365197,-215.603302,92.184189,84.218872
162,1.350000,-0.006444,0.930498,0.027994,0.365169,-215.603226,92.185074,84.220009
163,1.358333,-0.006402,0.930526,0.028295,0.365074,-215.603394,92.184792,84.220955
164,1.366667,-0.006384,0.930529,0.028361,0.365062,-215.602905,92.186722,84.219543
165,1.375000,-0.006278,0.930550,0.028527,0.364997,-215.603455,92.186783,84.221519
166,1.383333,-0.006340,0.930560,0.028698,0.364958,-215.602905,92.186600,84.222214
167,1.391667,-0.006213,0.930564,0.028635,0.364954,-215.602921,92.187004,84.221451
168,1.400000,-0.006188,0.930550,0.028503,0.365001,-215.602631,92.186989,84.221413
169,1.408333,-0.006220,0.930543,0.028441,0.365024,-215.602325,92.186234,84.220222
170,1.416667,-0.006307,0.930544,0.028335,0.365027,-215.603638,92.185623,84.220596
171,1.425000,-0.006414,0.930554,0.028377,0.364997,-215.602753,92.185066,84.221382
172,1.433333,-0.006359,0.930565,0.028219,0.364983,-215.601898,92.187157,84.218758
173,1.441667,-0.006146,0.930517,0.028079,0.365120,-215.603638,92.187157,84.218582
174,1.450000,-0.006300,0.930507,0.028122,0.365139,-215.604401,92.186371,84.218231
175,1.458333,-0.006373,0.930534,0.028057,0.365074,-215.604477,92.187553,84.215637
176,1.466667,-0.006377,0.930558,0.028180,0.365002,-215.604996,92.186859,84.215714
177,1.475000,-0.006230,0.930527,0.028328,0.365072,-215.605667,92.186523,84.217682
178,1.483333,-0.006200,0.930507,0.028464,0.365114,-215.606003,92.186768,84.217789
179,1.491667,-0.006230,0.930541,0.028577,0.365017,-215.605667,92.186676,84.218391
180,1.500000,-0.006271,0.930516,0.028692,0.365073,-215.605331,92.187347,84.219398
181,1.508333,-0.006332,0.930544,0.028675,0.365001,-215.604523,92.188614,84.220512
182,1.516667,-0.006376,0.930559,0.028575,0.364970,-215.603226,92.189377,84.220825
183,1.525000,-0.006381,0.930556,0.028545,0.364981,-215.602142,92.188408,84.222008
184,1.533333,-0.006412,0.930560,0.028514,0.364971,-215.602112,92.187340,84.222748
185,1.541667,-0.006414,0.930584,0.028416,0.364919,-215.602066,92.185883,84.221992
186,1.550000,-0.006297,0.930557,0.028263,0.364999,-215.602524,92.186264,84.221275
187,1.558333,-0.006318,0.930566,0.028147,0.364987,-215.602249,92.186562,84.219490
188,1.566667,-0.006310,0.930537,0.028073,0.365066,-215.602692,92.187119,84.218613
189,1.575000,-0.006424,0.930538,0.028151,0.365055,-215.602905,92.185768,84.219849
190,1.583333,-0.006372,0.930565,0.028161,0.364986,-215.603378,92.186096,84.217453
191,1.591667,-0.006347,0.930520,0.028208,0.365098,-215.605118,92.185921,84.217651
192,1.600000,-0.006312,0.930514,0.028338,0.365104,-215.605972,92.186409,84.217918
193,1.608333,-0.006256,0.930543,0.028391,0.365027,-215.606003,92.187477,84.217781
194,1.616667,-0.006340,0.930560,0.028551,0.364971,-215.606140,92.188095,84.218391
195,1.625000,-0.006225,0.930564,0.028599,0.364958,-215.605789,92.189209,84.218132
196,1.633333,-0.006273,0.930559,0.028718,0.364961,-215.605759,92.188034,84.219009
197,1.641667,-0.006280,0.930613,0.028709,0.364822,-215.605042,92.186913,84.218391
198,1.650000,-0.006255,0.930580,0.028702,0.364908,-215.604813,92.186539,84.220055
199,1.658333,-0.006133,0.930567,0.028554,0.364956,-215.605255,92.187462,84.220253
200,1.666667,-0.006185,0.930576,0.028518,0.364935,-215.604492,92.186890,84.220146
201,1.675000,-0.006261,0.930559,0.028437,0.364982,-215.604050,92.186874,84.220650
202,1.683333,-0.006387,0.930560,0.028404,0.364980,-215.603806,92.186447,84.220436
203,1.691667,-0.006261,0.930541,0.028306,0.365039,-215.603989,92.186424,84.219368
204,1.700000,-0.006324,0.930537,0.028274,0.365050,-215.604523,92.185486,84.218697
205,1.708333,-0.006346,0.930560,0.028205,0.364995,-215.604019,92.186996,84.217171
206,1.716667,-0.006409,0.930578,0.028250,0.364945,-215.603638,92.187279,84.217262
207,1.725000,-0.006265,0.930544,0.028241,0.365035,-215.604568,92.186806,84.217400
208,1.733333,-0.006355,0.930576,0.028210,0.364956,-215.604782,92.187065,84.216858
209,1.741667,-0.006391,0.930555,0.028225,0.365008,-215.604538,92.186440,84.218803
210,1.750000,-0.006300,0.930551,0.028193,0.365020,-215.604431,92.186218,84.218269
211,1.758333,-0.006176,0.930540,0.028164,0.365053,-215.605331,92.186317,84.219162
212,1.766667,-0.006439,0.930554,0.028265,0.365005,-215.605042,92.185806,84.220245
213,1.775000,-0.006434,0.930553,0.028214,0.365011,-215.604446,92.185913,84.219933
214,1.783333,-0.006365,0.930547,0.028141,0.365034,-215.605286,92.187080,84.219788
215,1.791667,-0.006473,0.930545,0.028198,0.365032,-215.604980,92.186340,84.220184
216,1.800000,-0.006398,0.930537,0.028261,0.365051,-215.604980,92.186081,84.218887
217,1.808333,-0.006260,0.930544,0.028294,0.365033,-215.604919,92.186066,84.219589
218,1.816667,-0.006331,0.930548,0.028395,0.365012,-215.604355,92.185638,84.218796
219,1.825000,-0.006226,0.930566,0.028424,0.364966,-215.604691,92.185837,84.218765
220,1.833333,-0.006287,0.930559,0.028358,0.364989,-215.604477,92.187202,84.219650
221,1.841667,-0.006287,0.930571,0.028351,0.364958,-215.603851,92.188309,84.218628
222,1.850000,-0.006269,0.930558,0.028347,0.364993,-215.603851,92.188873,84.219017
223,1.858333,-0.006457,0.930574,0.028487,0.364937,-215.603226,92.186455,84.219406
224,1.866667,-0.006396,0.930553,0.028367,0.365000,-215.602615,92.186958,84.219833
225,1.875000,-0.006363,0.930570,0.028313,0.364961,-215.602737,92.186478,84.219803
226,1.883333,-0.006220,0.930564,0.028210,0.364987,-215.603851,92.187912,84.219460
227,1.891667,-0.006211,0.930529,0.028235,0.365075,-215.604691,92.187569,84.219856
228,1.900000,-0.005804,0.930414,0.027937,0.365398,-215.609985,92.189072,84.216026
229,1.908333,-0.005966,0.930327,0.027872,0.365621,-215.617493,92.189255,84.211189
230,1.916667,-0.006565,0.930114,0.028228,0.366125,-215.627106,92.184875,84.206184
231,1.925000,-0.007473,0.929912,0.028860,0.366573,-215.635391,92.178703,84.200569
232,1.933333,-0.007929,0.929861,0.029212,0.366663,-215.639313,92.175369,84.198021
233,1.941667,-0.008060,0.929895,0.029420,0.366558,-215.638016,92.176163,84.196526
234,1.950000,-0.007770,0.929910,0.029363,0.366531,-215.638733,92.177597,84.197678
235,1.958333,-0.007854,0.929906,0.029402,0.366536,-215.638474,92.178688,84.197273
236,1.966667,-0.007727,0.929892,0.029424,0.366571,-215.638763,92.178436,84.198387
237,1.975000,-0.007920,0.929937,0.029432,0.366453,-215.637070,92.178116,84.197411
238,1.983333,-0.007945,0.929896,0.029432,0.366556,-215.637329,92.177757,84.198547
239,1.991667,-0.007830,0.929903,0.029366,0.366546,-215.637375,92.177673,84.198853
240,2.000000,-0.007749,0.929878,0.029408,0.366610,-215.636734,92.177269,84.199295
241,2.008333,-0.007897,0.929893,0.029454,0.366565,-215.635895,92.176125,84.200127
242,2.016667,-0.007968,0.929908,0.029365,0.366532,-215.634613,92.176994,84.198387
243,2.025000,-0.008089,0.929873,0.029473,0.366608,-215.635391,92.175934,84.198875
244,2.033333,-0.008040,0.929895,0.029476,0.366553,-215.634628,92.176804,84.198532
245,2.041667,-0.008028,0.929886,0.029542,0.366572,-215.634750,92.177429,84.199715
246,2.050000,-0.007912,0.929878,0.029535,0.366596,-215.634995,92.178818,84.199371
247,2.058333,-0.008034,0.929881,0.029679,0.366573,-215.635635,92.178886,84.200249
248,2.066667,-0.008140,0.929887,0.029757,0.366550,-215.636414,92.179886,84.198639
249,2.075000,-0.008135,0.929874,0.029674,0.366588,-215.637558,92.180237,84.197128
250,2.083333,-0.007919,0.929894,0.029633,0.366546,-215.639282,92.180565,84.197769
251,2.091667,-0.007804,0.929881,0.029596,0.366585,-215.639282,92.179710,84.196373
252,2.100000,-0.007948,0.929870,0.029661,0.366603,-215.638611,92.178520,84.196449
253,2.108333,-0.007985,0.929869,0.029613,0.366611,-215.637390,92.178009,84.198471
254,2.116667,-0.008025,0.929862,0.029449,0.366640,-215.636353,92.178413,84.198784
255,2.125000,-0.007922,0.929840,0.029367,0.366705,-215.636917,92.177711,84.199638
256,2.133333,-0.007846,0.929853,0.029272,0.366680,-215.636444,92.177231,84.199684
257,2.141667,-0.007677,0.929880,0.029183,0.366624,-215.636917,92.177406,84.200844
258,2.150000,-0.007765,0.929878,0.029233,0.366622,-215.635864,92.176476,84.199509
259,2.158333,-0.007807,0.929833,0.029307,0.366729,-215.635101,92.176811,84.199944
260,2.166667,-0.007917,0.929873,0.029279,0.366629,-215.635651,92.177223,84.200249
261,2.175000,-0.007958,0.929861,0.029352,0.366653,-215.636353,92.177231,84.198540
262,2.183333,-0.007963,0.929847,0.029432,0.366680,-215.637451,92.177277,84.197029
263,2.191667,-0.007919,0.929892,0.029492,0.366562,-215.637543,92.178223,84.197258
264,2.200000,-0.007963,0.929918,0.029518,0.366495,-215.637390,92.179054,84.196182
265,2.208333,-0.007892,0.929880,0.029617,0.366585,-215.638107,92.178955,84.196846
266,2.216667,-0.007969,0.929863,0.029748,0.366614,-215.638138,92.178085,84.196312
267,2.225000,-0.007843,0.929878,0.029651,0.366589,-215.639114,92.178635,84.195412
268,2.233333,-0.007782,0.929893,0.029547,0.366558,-215.639282,92.178993,84.195259
269,2.241667,-0.007891,0.929879,0.029527,0.366593,-215.639877,92.178596,84.195778
270,2.250000,-0.008011,0.929836,0.029596,0.366694,-215.639877,92.177673,84.196701
271,2.258333,-0.007950,0.929847,0.029503,0.366676,-215.639023,92.178070,84.197609
272,2.266667,-0.007911,0.929850,0.029439,0.366674,-215.638016,92.177132,84.199005
273,2.275000,-0.007842,0.929850,0.029312,0.366687,-215.637711,92.177238,84.199699
274,2.283333,-0.007970,0.929845,0.029345,0.366694,-215.636688,92.176987,84.200424
275,2.291667,-0.008075,0.929839,0.029424,0.366699,-215.636017,92.176018,84.201370
276,2.300000,-0.008017,0.929840,0.029318,0.366707,-215.635864,92.176758,84.200317
277,2.308333,-0.007964,0.929829,0.029310,0.366737,-215.634338,92.176865,84.199493
278,2.316667,-0.007986,0.929852,0.029347,0.366674,-215.632797,92.176773,84.198051
279,2.325000,-0.007887,0.929869,0.029311,0.366637,-215.630722,92.176605,84.198822
280,2.333333,-0.007717,0.929889,0.029195,0.366599,-215.628311,92.177391,84.200928
281,2.341667,-0.007683,0.929917,0.029179,0.366530,-215.626007,92.178520,84.200081
282,2.350000,-0.007500,0.929930,0.029352,0.366487,-215.623901,92.178505,84.204170
283,2.358333,-0.007329,0.929935,0.029550,0.366460,-215.620712,92.178055,84.206703
284,2.366667,-0.006576,0.929917,0.029914,0.366493,-215.613464,92.171669,84.217354
285,2.375000,-0.006265,0.929882,0.030184,0.366564,-215.609818,92.168930,84.226349
286,2.383333,-0.005921,0.929853,0.030258,0.366637,-215.607803,92.169312,84.238708
287,2.391667,-0.005735,0.929803,0.030344,0.366760,-215.604813,92.169601,84.249619
288,2.400000,-0.005558,0.929802,0.030419,0.366758,-215.600769,92.168083,84.263069
289,2.408333,-0.005404,0.929736,0.030549,0.366918,-215.596344,92.165924,84.278130
290,2.416667,-0.005318,0.929831,0.030852,0.366653,-215.590714,92.160912,84.302544
291,2.425000,-0.005726,0.929585,0.030998,0.367258,-215.585709,92.162605,84.337982
292,2.433333,-0.003325,0.929881,0.031974,0.366454,-215.576630,92.179924,84.380516
293,2.441667,-0.002400,0.930042,0.033128,0.365948,-215.560883,92.183861,84.412865
294,2.450000,-0.002100,0.930147,0.033729,0.365630,-215.553040,92.185066,84.438721
295,2.458333,-0.001669,0.930232,0.034239,0.365368,-215.544754,92.185356,84.461655
296,2.466667,-0.001180,0.930281,0.034812,0.365190,-215.535522,92.185532,84.482567
297,2.475000,-0.001120,0.930325,0.035173,0.365045,-215.535614,92.189362,84.495094
298,2.483333,-0.000699,0.930276,0.035412,0.365148,-215.532333,92.190170,84.507515
299,2.491667,-0.000171,0.930304,0.035585,0.365058,-215.521790,92.189880,84.522171
300,2.500000,0.000231,0.930287,0.035666,0.365095,-215.508224,92.187759,84.535339
301,2.508333,0.000767,0.930304,0.035766,0.365042,-215.497253,92.186035,84.547935
302,2.516667,0.001210,0.930302,0.036044,0.365016,-215.487076,92.184898,84.561264
303,2.525000,0.001671,0.930341,0.036091,0.364910,-215.477753,92.185524,84.574112
304,2.533333,0.002048,0.930357,0.036111,0.364867,-215.469223,92.185814,84.585464
305,2.541667,0.001056,0.930240,0.036220,0.365160,-215.469543,92.199066,84.601402
306,2.550000,0.001099,0.930150,0.036328,0.365378,-215.454620,92.201942,84.620735
307,2.558333,0.000976,0.930170,0.036457,0.365313,-215.443542,92.206131,84.628769
308,2.566667,0.001096,0.930181,0.036541,0.365276,-215.438293,92.206055,84.636292
309,2.575000,0.002805,0.930321,0.036619,0.364902,-215.429718,92.192047,84.641190
310,2.583333,0.004136,0.930403,0.036771,0.364667,-215.432220,92.181641,84.644745
311,2.591667,0.004802,0.930446,0.037053,0.364518,-215.438766,92.173584,84.651031
312,2.600000,0.005187,0.930452,0.037301,0.364473,-215.441605,92.169594,84.660263
313,2.608333,0.005281,0.930405,0.037632,0.364558,-215.442398,92.168968,84.668892
314,2.616667,0.005384,0.930335,0.038034,0.364693,-215.444702,92.168022,84.679535
315,2.625000,0.005591,0.930278,0.038481,0.364790,-215.445465,92.166504,84.687790
316,2.633333,0.005776,0.930220,0.038924,0.364886,-215.448349,92.164078,84.692421
317,2.641667,0.005826,0.930226,0.039010,0.364861,-215.452545,92.165329,84.692955
318,2.650000,0.005491,0.930201,0.038895,0.364943,-215.454834,92.166641,84.686157
319,2.658333,0.005154,0.930271,0.038567,0.364805,-215.455215,92.169800,84.675941
320,2.666667,0.001714,0.930130,0.038133,0.365241,-215.466949,92.198265,84.671768
321,2.675000,0.000941,0.930106,0.037533,0.365367,-215.470749,92.205528,84.650253
322,2.683333,-0.000504,0.930186,0.036743,0.365245,-215.484436,92.214943,84.605270
323,2.691667,-0.000566,0.930250,0.035677,0.365189,-215.502304,92.208389,84.559158
324,2.700000,-0.000449,0.930291,0.035200,0.365128,-215.524109,92.197487,84.523232
325,2.708333,-0.000682,0.930316,0.035178,0.365068,-215.540222,92.191956,84.503334
326,2.716667,-0.000535,0.930354,0.035371,0.364952,-215.548355,92.199287,84.508255
327,2.725000,0.000440,0.930319,0.035891,0.364991,-215.541977,92.225578,84.534332
328,2.733333,0.001395,0.930400,0.036712,0.364701,-215.529816,92.267868,84.558777
329,2.741667,0.002303,0.930540,0.037030,0.364306,-215.511581,92.319984,84.579132
330,2.750000,0.002243,0.930546,0.038782,0.364108,-215.515488,92.394226,84.580948
331,2.758333,0.002148,0.930446,0.039205,0.364320,-215.524963,92.447639,84.584503
332,2.766667,0.001810,0.930300,0.039164,0.364699,-215.533417,92.490883,84.594002
333,2.775000,0.003728,0.930154,0.037618,0.365220,-215.536316,92.549629,84.603157
334,2.783333,0.003690,0.930181,0.036586,0.365255,-215.529083,92.601196,84.618385
335,2.791667,0.003384,0.930160,0.035708,0.365398,-215.516281,92.650459,84.629509
336,2.800000,-0.000392,0.929700,0.035298,0.366621,-215.519928,92.730896,84.665749
337,2.808333,-0.001275,0.929602,0.035039,0.366894,-215.515015,92.783882,84.688187
338,2.816667,0.000304,0.930008,0.036263,0.365745,-215.498184,92.823944,84.685387
339,2.825000,0.000894,0.930278,0.036626,0.365022,-215.499496,92.866226,84.688286
340,2.833333,0.000879,0.930232,0.036657,0.365137,-215.505096,92.913841,84.696602
341,2.841667,-0.000798,0.930138,0.035944,0.365446,-215.510437,92.980278,84.690407
342,2.850000,-0.001885,0.930083,0.035402,0.365634,-215.509827,93.047974,84.689186
343,2.858333,0.001404,0.930108,0.033073,0.365792,-215.504211,93.131134,84.690437
344,2.866667,0.002411,0.930126,0.031755,0.365858,-215.496353,93.196739,84.697845
345,2.875000,0.002107,0.930263,0.030964,0.365579,-215.491699,93.257591,84.705742
346,2.883333,0.002095,0.930294,0.030815,0.365513,-215.480164,93.301918,84.715172
347,2.891667,-0.000386,0.930464,0.031415,0.365033,-215.474396,93.350845,84.724586
348,2.900000,-0.001710,0.930390,0.031996,0.365169,-215.463501,93.395943,84.736694
349,2.908333,-0.002709,0.930306,0.032017,0.365374,-215.455841,93.445412,84.746681
350,2.916667,-0.001406,0.930499,0.032222,0.364872,-215.454178,93.508354,84.752258
351,2.925000,-0.002913,0.930382,0.032072,0.365174,-215.468384,93.568520,84.739517
352,2.933333,-0.001733,0.930537,0.031338,0.364852,-215.478210,93.621971,84.744812
353,2.941667,-0.000965,0.930527,0.030952,0.364911,-215.482803,93.666306,84.745049
354,2.950000,0.001533,0.930427,0.029070,0.365319,-215.493347,93.729790,84.737053
355,2.958333,0.001591,0.930438,0.028592,0.365328,-215.497253,93.777130,84.735580
356,2.966667,-0.000753,0.930395,0.028560,0.365443,-215.502838,93.840775,84.740738
357,2.975000,-0.000953,0.930445,0.030613,0.365151,-215.490433,93.902435,84.764603
358,2.983333,-0.000884,0.930784,0.030829,0.364266,-215.466049,93.950081,84.767937
359,2.991667,-0.001604,0.930754,0.030135,0.364398,-215.457199,94.001183,84.770576
360,3.000000,-0.001596,0.930685,0.029279,0.364645,-215.452530,94.053635,84.767166
361,3.008333,-0.002153,0.930562,0.027796,0.365071,-215.456940,94.112602,84.755478
362,3.016667,-0.002560,0.930618,0.027310,0.364963,-215.453201,94.160820,84.743576
363,3.025000,-0.002290,0.930883,0.026622,0.364338,-215.447708,94.210281,84.734253
364,3.033333,-0.001683,0.931195,0.025974,0.363592,-215.441254,94.263550,84.727654
365,3.041667,0.001114,0.931372,0.026623,0.363091,-215.451889,94.351807,84.717293
366,3.050000,-0.001591,0.931302,0.026061,0.363311,-215.456894,94.426765,84.720078
367,3.058333,-0.001974,0.931535,0.025294,0.362765,-215.450623,94.467239,84.706268
368,3.066667,-0.001648,0.931547,0.024691,0.362777,-215.441727,94.499115,84.707626
369,3.075000,-0.001714,0.931603,0.024166,0.362670,-215.436844,94.536568,84.706261
370,3.083333,-0.002624,0.931525,0.023430,0.362911,-215.438599,94.582253,84.701286
371,3.091667,-0.002766,0.931464,0.023105,0.363088,-215.440033,94.619324,84.699089
372,3.100000,-0.002940,0.931512,0.022926,0.362975,-215.435867,94.653008,84.697472
373,3.108333,-0.003337,0.931492,0.022330,0.363060,-215.428955,94.693207,84.695114
374,3.116667,-0.003602,0.931435,0.021576,0.363249,-215.420914,94.733200,84.694374
375,3.125000,-0.005847,0.931361,0.020606,0.363465,-215.381760,94.794441,84.701820
376,3.133333,-0.005676,0.931486,0.019319,0.363218,-215.378098,94.834000,84.696892
377,3.141667,-0.003352,0.931367,0.017183,0.363661,-215.388779,94.882347,84.679924
378,3.150000,-0.004908,0.931179,0.016793,0.364143,-215.402603,94.933441,84.679718
379,3.158333,-0.005737,0.931164,0.016874,0.364164,-215.403320,94.968018,84.677414
380,3.166667,-0.004872,0.931359,0.016824,0.363680,-215.393921,94.986687,84.664085
381,3.175000,-0.003870,0.931608,0.019679,0.362911,-215.401627,95.025581,84.651627
382,3.183333,-0.004120,0.931714,0.019848,0.362626,-215.409882,95.052444,84.642014
383,3.191667,-0.005451,0.931663,0.018806,0.362795,-215.414474,95.087471,84.634399
384,3.200000,-0.005852,0.931641,0.018531,0.362861,-215.413849,95.113548,84.631615
385,3.208333,-0.006077,0.931704,0.018293,0.362705,-215.408951,95.137321,84.631859
386,3.216667,-0.005508,0.931823,0.018136,0.362419,-215.395142,95.155159,84.634758
387,3.225000,-0.005490,0.931897,0.017814,0.362245,-215.386444,95.176659,84.638573
388,3.233333,-0.005562,0.932007,0.017566,0.361972,-215.377945,95.196373,84.643784
389,3.241667,-0.005184,0.932060,0.017347,0.361851,-215.371231,95.215385,84.648674
390,3.250000,-0.005092,0.932129,0.017402,0.361672,-215.363861,95.235054,84.653923
391,3.258333,-0.004882,0.932113,0.017101,0.361730,-215.357468,95.258919,84.654602
392,3.266667,-0.005118,0.932073,0.016967,0.361836,-215.352875,95.283569,84.656105
393,3.275000,-0.005462,0.931991,0.016576,0.362061,-215.348480,95.309662,84.654655
394,3.283333,-0.005639,0.931890,0.016232,0.362334,-215.346237,95.336121,84.655174
395,3.291667,-0.005893,0.931794,0.015720,0.362598,-215.344025,95.364456,84.655396
396,3.300000,-0.003737,0.931452,0.013842,0.363582,-215.351288,95.405998,84.648956
397,3.308333,-0.004266,0.931412,0.013798,0.363681,-215.350037,95.425766,84.649696
398,3.316667,-0.004351,0.931402,0.013795,0.363706,-215.347290,95.439934,84.644867
399,3.325000,-0.006448,0.931199,0.013510,0.364203,-215.358154,95.472435,84.656898
400,3.333333,-0.006893,0.931224,0.013445,0.364135,-215.359848,95.489586,84.656822
401,3.341667,-0.007283,0.931242,0.013691,0.364072,-215.357498,95.508606,84.657524
402,3.350000,-0.006911,0.931575,0.013662,0.363227,-215.350815,95.525627,84.640800
403,3.358333,-0.006675,0.931705,0.013858,0.362889,-215.345474,95.546211,84.633499
404,3.366667,-0.006271,0.931821,0.013987,0.362594,-215.339844,95.567574,84.628448
405,3.375000,-0.006775,0.931926,0.013480,0.362334,-215.339737,95.598343,84.618950
406,3.383333,-0.006502,0.932160,0.015991,0.361635,-215.345413,95.637688,84.610191
407,3.391667,-0.006374,0.932271,0.016522,0.361327,-215.343353,95.658356,84.607574
408,3.400000,-0.006164,0.932306,0.016133,0.361258,-215.336899,95.673393,84.609253
409,3.408333,-0.006278,0.932362,0.015978,0.361119,-215.331146,95.689507,84.613258
410,3.416667,-0.006360,0.932358,0.015663,0.361141,-215.326599,95.708015,84.613289
411,3.425000,-0.006550,0.932343,0.015149,0.361199,-215.324448,95.724281,84.612556
412,3.433333,-0.006043,0.932380,0.015100,0.361113,-215.315460,95.733055,84.616753
413,3.441667,-0.005997,0.932403,0.014970,0.361061,-215.310211,95.748672,84.619232
414,3.450000,-0.006000,0.932444,0.014849,0.360961,-215.307037,95.762543,84.619049
415,3.458333,-0.005858,0.932485,0.014596,0.360866,-215.306473,95.774017,84.619583
416,3.466667,-0.005911,0.932521,0.014627,0.360770,-215.305298,95.785591,84.618706
417,3.475000,-0.005814,0.932520,0.014414,0.360783,-215.302872,95.805511,84.616920
418,3.483333,-0.007907,0.932452,0.014049,0.360935,-215.273254,95.858917,84.623787
419,3.491667,-0.008996,0.932439,0.013241,0.360972,-215.255737,95.915680,84.618752
420,3.500000,-0.009122,0.932128,0.010420,0.361863,-215.256500,96.019707,84.598099
421,3.508333,-0.008175,0.932208,0.009382,0.361708,-215.236237,96.071770,84.581635
422,3.516667,-0.008760,0.932318,0.007801,0.361449,-215.223007,96.131813,84.558929
423,3.525000,-0.008693,0.932525,0.006680,0.360939,-215.206558,96.179489,84.546158
424,3.533333,-0.008925,0.932762,0.006067,0.360331,-215.190887,96.223869,84.534302
425,3.541667,-0.009303,0.933135,0.008635,0.359302,-215.187912,96.288422,84.520844
426,3.550000,-0.010037,0.933273,0.008698,0.358921,-215.175980,96.331581,84.515541
427,3.558333,-0.010466,0.933208,0.007725,0.359102,-215.165497,96.365479,84.510788
428,3.566667,-0.010836,0.933074,0.006598,0.359461,-215.162842,96.397316,84.507820
429,3.575000,-0.011459,0.932930,0.005547,0.359832,-215.165039,96.427223,84.507019
430,3.583333,-0.011259,0.932684,0.004364,0.360492,-215.160889,96.447525,84.511200
431,3.591667,-0.013250,0.932250,0.002826,0.361560,-215.163040,96.479706,84.524292
432,3.600000,-0.013580,0.932035,0.001357,0.362112,-215.160034,96.494698,84.527222
433,3.608333,-0.017528,0.932525,0.000680,0.360678,-215.161179,96.547180,84.488838
434,3.616667,-0.015047,0.932313,-0.000942,0.361338,-215.173264,96.576653,84.474983
435,3.625000,-0.014624,0.932711,0.001679,0.360324,-215.185638,96.604698,84.463135
436,3.633333,-0.014988,0.933194,0.003964,0.359039,-215.200974,96.631401,84.443047
437,3.641667,-0.014189,0.933235,0.004450,0.358959,-215.207932,96.631088,84.440552
438,3.650000,-0.013419,0.933104,0.004172,0.359333,-215.205933,96.627136,84.446091
439,3.658333,-0.013062,0.933040,0.003987,0.359513,-215.200500,96.622498,84.452812
440,3.666667,-0.012712,0.932954,0.003978,0.359748,-215.196259,96.614197,84.460289
441,3.675000,-0.014851,0.933157,0.004139,0.359140,-215.201782,96.630737,84.450462
442,3.683333,-0.014433,0.933167,0.004477,0.359125,-215.199280,96.624542,84.453430
443,3.691667,-0.014141,0.933243,0.004659,0.358937,-215.197296,96.623718,84.452919
444,3.700000,-0.014015,0.933275,0.004769,0.358856,-215.193695,96.626511,84.450531
445,3.708333,-0.014772,0.933308,0.004161,0.358749,-215.195053,96.638985,84.440872
446,3.716667,-0.014321,0.933180,0.003734,0.359105,-215.197250,96.635452,84.442673
447,3.725000,-0.015996,0.933255,0.003401,0.358842,-215.200165,96.648476,84.436470
448,3.733333,-0.016149,0.933233,0.003375,0.358894,-215.201736,96.644707,84.437317
449,3.741667,-0.016070,0.933112,0.002562,0.359218,-215.201141,96.635551,84.439293
450,3.750000,-0.016084,0.933093,0.002842,0.359265,-215.199997,96.633469,84.441666
451,3.758333,-0.014293,0.933095,0.003361,0.359330,-215.197540,96.624695,84.446297
452,3.766667,-0.012987,0.933098,0.004052,0.359365,-215.191559,96.617004,84.454689
453,3.775000,-0.012244,0.933078,0.004401,0.359438,-215.188126,96.613541,84.460487
454,3.783333,-0.011680,0.933029,0.004662,0.359581,-215.186646,96.608017,84.466263
455,3.791667,-0.014196,0.933224,0.004772,0.358982,-215.196106,96.627228,84.453308
456,3.800000,-0.014172,0.933239,0.004867,0.358944,-215.198395,96.624542,84.453461
457,3.808333,-0.014909,0.933281,0.004405,0.358811,-215.204407,96.633575,84.441582
458,3.816667,-0.014517,0.933133,0.004008,0.359216,-215.208145,96.629921,84.441399
459,3.825000,-0.015650,0.933209,0.003665,0.358973,-215.210052,96.644264,84.432724
460,3.833333,-0.015798,0.933262,0.003622,0.358830,-215.207840,96.645592,84.432808
461,3.841667,-0.015713,0.933277,0.003847,0.358793,-215.206055,96.641129,84.434456
462,3.850000,-0.015345,0.933235,0.003976,0.358916,-215.203735,96.637848,84.439430
463,3.858333,-0.015191,0.933278,0.004054,0.358810,-215.199661,96.634880,84.441544
464,3.866667,-0.014954,0.933242,0.004069,0.358914,-215.196350,96.632507,84.445312
465,3.875000,-0.015069,0.933306,0.003917,0.358745,-215.193054,96.635948,84.442894
466,3.883333,-0.014764,0.933280,0.003999,0.358824,-215.193634,96.637253,84.444359
467,3.891667,-0.013483,0.933169,0.004291,0.359159,-215.191513,96.621964,84.453636
468,3.900000,-0.014195,0.933258,0.004403,0.358900,-215.190674,96.627777,84.452759
469,3.908333,-0.014789,0.933294,0.004178,0.358783,-215.195679,96.633553,84.444542
470,3.916667,-0.014889,0.933208,0.004140,0.359003,-215.201492,96.633308,84.443176
471,3.925000,-0.015081,0.933186,0.004041,0.359055,-215.203125,96.634964,84.442696
472,3.933333,-0.015281,0.933248,0.003924,0.358885,-215.204376,96.638504,84.439392
473,3.941667,-0.014291,0.933177,0.003923,0.359111,-215.203888,96.628174,84.441772
474,3.950000,-0.013320,0.933062,0.004075,0.359445,-215.200302,96.618950,84.451500
475,3.958333,-0.015023,0.933210,0.004269,0.358993,-215.202377,96.635002,84.446320
476,3.966667,-0.014881,0.933234,0.004548,0.358931,-215.200623,96.632874,84.449036
477,3.975000,-0.014937,0.933280,0.004220,0.358813,-215.201614,96.634972,84.442970
478,3.983333,-0.014926,0.933219,0.004116,0.358974,-215.203568,96.634979,84.442436
479,3.991667,-0.015090,0.933227,0.004103,0.358946,-215.201645,96.635681,84.444366
480,4.000000,-0.014849,0.933224,0.004132,0.358965,-215.198212,96.635094,84.447380
481,4.008333,-0.014492,0.933255,0.004271,0.358896,-215.194107,96.632011,84.450783
482,4.016667,-0.014193,0.933252,0.004347,0.358915,-215.192230,96.629074,84.452744
483,4.025000,-0.013943,0.933258,0.004557,0.358908,-215.189835,96.625214,84.454384
484,4.033333,-0.013770,0.933270,0.004625,0.358880,-215.188309,96.624252,84.454384
485,4.041667,-0.013797,0.933279,0.004640,0.358858,-215.187973,96.623810,84.454697
486,4.050000,-0.012774,0.933202,0.004620,0.359096,-215.187485,96.614960,84.458450
487,4.058333,-0.012046,0.933120,0.004581,0.359334,-215.183502,96.607712,84.464218
488,4.066667,-0.013659,0.933209,0.004461,0.359047,-215.188690,96.623573,84.456291
489,4.075000,-0.013239,0.933155,0.004144,0.359206,-215.191788,96.616867,84.451843
490,4.083333,-0.014719,0.933188,0.003933,0.359065,-215.201447,96.630791,84.443192
491,4.091667,-0.013920,0.933101,0.003780,0.359325,-215.202118,96.623657,84.447250
492,4.100000,-0.013070,0.933023,0.003783,0.359560,-215.198181,96.615913,84.454521
493,4.108333,-0.012320,0.932988,0.004010,0.359675,-215.193085,96.611969,84.462280
494,4.116667,-0.012479,0.933047,0.004081,0.359514,-215.188171,96.608063,84.462341
495,4.125000,-0.012265,0.933046,0.004104,0.359525,-215.187790,96.606567,84.461899
496,4.133333,-0.014584,0.933239,0.003919,0.358938,-215.197296,96.629387,84.444977
497,4.141667,-0.014805,0.933105,0.003038,0.359287,-215.197174,96.626320,84.449646
498,4.150000,-0.013674,0.933017,0.003059,0.359559,-215.192276,96.616478,84.455582
499,4.158333,-0.013134,0.932910,0.003522,0.359852,-215.187592,96.614624,84.466255
500,4.166667,-0.012965,0.932959,0.003752,0.359728,-215.183975,96.616127,84.467331
501,4.175000,-0.011642,0.932902,0.004075,0.359918,-215.175888,96.605263,84.478638
502,4.183333,-0.011233,0.932906,0.004186,0.359920,-215.170471,96.602013,84.482224
503,4.191667,-0.011178,0.933180,0.006597,0.359175,-215.178101,96.622543,84.475372
504,4.200000,-0.011556,0.933064,0.004811,0.359492,-215.177277,96.618851,84.474907
505,4.208333,-0.012572,0.932825,0.003217,0.360095,-215.178925,96.623123,84.481369
506,4.216667,-0.012325,0.932698,0.001781,0.360443,-215.172226,96.618690,84.487190
507,4.225000,-0.012654,0.932424,0.000222,0.361144,-215.169067,96.618744,84.498772
508,4.233333,-0.012692,0.932412,0.000619,0.361174,-215.172455,96.630264,84.502014
509,4.241667,-0.012903,0.932465,0.000810,0.361029,-215.181137,96.637802,84.503387
510,4.250000,-0.013108,0.932532,0.000964,0.360847,-215.195511,96.643440,84.509354
511,4.258333,-0.013284,0.932538,0.001083,0.360827,-215.214188,96.644821,84.517502
512,4.266667,-0.013468,0.932506,0.001227,0.360900,-215.235809,96.639671,84.529587
513,4.275000,-0.012629,0.932390,0.001488,0.361230,-215.263153,96.620094,84.546295
514,4.283333,-0.012469,0.931977,0.001618,0.362299,-215.297180,96.600739,84.582077
515,4.291667,-0.012502,0.931731,0.001516,0.362932,-215.329025,96.575806,84.610046
516,4.300000,-0.014472,0.931580,0.001211,0.363246,-215.352203,96.566948,84.634956
517,4.308333,-0.014686,0.931602,0.003536,0.363166,-215.376236,96.510124,84.683578
518,4.316667,-0.012780,0.931851,0.004939,0.362583,-215.409760,96.474960,84.746338
519,4.325000,-0.011496,0.931733,0.005524,0.362921,-215.442413,96.448494,84.784683
520,4.333333,-0.010636,0.931355,0.005069,0.363923,-215.492767,96.420860,84.812943
521,4.341667,-0.011800,0.931046,0.003872,0.364690,-215.519531,96.412079,84.852890
522,4.350000,-0.011314,0.930739,0.002972,0.365496,-215.579849,96.381424,84.884087
523,4.358333,-0.010879,0.930210,0.003197,0.366853,-215.653946,96.347511,84.910370
524,4.366667,-0.010539,0.929974,0.003498,0.367458,-215.722992,96.315407,84.936943
525,4.375000,-0.012046,0.929577,0.003405,0.368415,-215.764755,96.312302,84.991135
526,4.383333,-0.012514,0.929219,0.003327,0.369303,-215.835983,96.295563,85.036110
527,4.391667,-0.011910,0.928709,0.003533,0.370602,-215.916260,96.270988,85.073463
528,4.400000,-0.012643,0.928975,0.009836,0.369795,-215.997864,96.286980,85.123772
529,4.408333,-0.011840,0.928755,0.009945,0.370372,-216.078903,96.265892,85.167809
530,4.416667,-0.011183,0.928109,0.006278,0.372088,-216.163208,96.211960,85.211525
531,4.425000,-0.012588,0.927425,0.003724,0.373779,-216.216095,96.193237,85.272507
532,4.433333,-0.012850,0.926802,0.002576,0.375321,-216.283630,96.182281,85.325027
533,4.441667,-0.012796,0.926244,0.002616,0.376699,-216.373993,96.158775,85.367111
534,4.450000,-0.012955,0.925939,0.002585,0.377442,-216.466766,96.136284,85.399124
535,4.458333,-0.013245,0.925770,0.003164,0.377843,-216.540771,96.128723,85.447083
536,4.466667,-0.013176,0.925451,0.004183,0.378616,-216.632034,96.117447,85.502754
537,4.475000,-0.012142,0.925272,0.002685,0.379101,-216.724609,96.114502,85.556671
538,4.483333,-0.013845,0.924690,0.001276,0.380467,-216.794128,96.125839,85.623436
539,4.491667,-0.013913,0.923810,0.000969,0.382597,-216.891235,96.122124,85.666786
540,4.500000,-0.014531,0.923311,0.000029,0.383779,-216.984818,96.126625,85.702202
541,4.508333,-0.014400,0.922734,-0.000444,0.385168,-217.085358,96.129761,85.750656
542,4.516667,-0.013841,0.922345,-0.001917,0.386115,-217.176193,96.135452,85.794052
543,4.525000,-0.009962,0.921457,-0.005328,0.388316,-217.281525,96.162010,85.849693
544,4.533333,-0.010362,0.921234,-0.005395,0.388833,-217.370087,96.188423,85.897156
545,4.541667,-0.012309,0.920739,-0.005999,0.389940,-217.448257,96.221573,85.947159
546,4.550000,-0.013714,0.920178,-0.006852,0.391200,-217.549774,96.239685,85.987358
547,4.558333,-0.015079,0.919839,-0.008453,0.391914,-217.648239,96.264015,86.031075
548,4.566667,-0.015659,0.919277,-0.009079,0.393196,-217.754288,96.284340,86.084785
549,4.575000,-0.016765,0.918741,-0.010306,0.394369,-217.850616,96.301003,86.132156
550,4.583333,-0.017210,0.918247,-0.011096,0.395477,-217.952057,96.308556,86.180969
551,4.591667,-0.018876,0.917162,-0.011274,0.397907,-218.070251,96.323357,86.228485
552,4.600000,-0.020419,0.916721,-0.012522,0.398809,-218.171814,96.339546,86.259209
553,4.608333,-0.021585,0.916330,-0.013425,0.399617,-218.280121,96.345718,86.288170
554,4.616667,-0.020346,0.916020,-0.013697,0.400382,-218.378326,96.330795,86.328316
555,4.625000,-0.020032,0.915417,-0.012838,0.401803,-218.488235,96.312836,86.365280
556,4.633333,-0.019706,0.914669,-0.012949,0.403516,-218.601517,96.288483,86.409019
557,4.641667,-0.020075,0.914496,-0.013386,0.403874,-218.693619,96.271751,86.460136
558,4.650000,-0.020533,0.913937,-0.013609,0.405108,-218.809555,96.250938,86.489586
559,4.658333,-0.020377,0.913363,-0.014294,0.406385,-218.935898,96.228584,86.518532
560,4.666667,-0.020205,0.912821,-0.014554,0.407600,-219.044067,96.215233,86.550362
561,4.675000,-0.020670,0.911968,-0.014321,0.409491,-219.157166,96.199135,86.577942
562,4.683333,-0.020553,0.911204,-0.014973,0.411170,-219.268753,96.166939,86.612152
563,4.691667,-0.020351,0.910591,-0.014501,0.412551,-219.389557,96.140625,86.644821
564,4.700000,-0.020902,0.909922,-0.014214,0.414009,-219.504120,96.115891,86.679893
565,4.708333,-0.021763,0.909525,-0.015028,0.414808,-219.614548,96.093521,86.722687
566,4.716667,-0.021241,0.908984,-0.014905,0.416023,-219.733124,96.058823,86.756073
567,4.725000,-0.022014,0.908307,-0.015533,0.417436,-219.853683,96.034409,86.795464
568,4.733333,-0.021488,0.907815,-0.015342,0.418539,-219.945099,96.003021,86.838402
569,4.741667,-0.020924,0.907060,-0.015816,0.420183,-220.053391,95.977211,86.858864
570,4.750000,-0.020564,0.906682,-0.014185,0.421074,-220.169785,95.964256,86.877213
571,4.758333,-0.019426,0.906431,-0.014113,0.421671,-220.279907,95.924553,86.901459
572,4.766667,-0.018746,0.905555,-0.014371,0.423571,-220.397018,95.889053,86.934135
573,4.775000,-0.015478,0.904094,-0.015983,0.426753,-220.537735,95.872932,86.963432
574,4.783333,-0.015511,0.903586,-0.017464,0.427770,-220.655136,95.841736,87.008255
575,4.791667,-0.015209,0.903042,-0.017818,0.428912,-220.776672,95.800827,87.027695
576,4.800000,-0.017638,0.903110,-0.013309,0.428840,-220.906952,95.762077,87.051949
577,4.808333,-0.014882,0.902346,-0.014732,0.430503,-221.034424,95.754608,87.067619
578,4.816667,-0.015132,0.901275,-0.015114,0.432720,-221.172028,95.726051,87.083344
579,4.825000,-0.016110,0.900209,-0.015908,0.434870,-221.309631,95.705841,87.110039
580,4.833333,-0.016400,0.899562,-0.015694,0.436203,-221.439392,95.684563,87.126076
581,4.841667,-0.015187,0.898806,-0.014943,0.437829,-221.577026,95.640846,87.139351
582,4.850000,-0.014654,0.898612,-0.017139,0.438163,-221.700195,95.605888,87.175819
583,4.858333,-0.014582,0.897848,-0.014576,0.439824,-221.843552,95.583290,87.200912
584,4.866667,-0.014611,0.896818,-0.015743,0.441877,-221.975204,95.542999,87.224922
585,4.875000,-0.015829,0.895674,-0.017470,0.444086,-222.114731,95.505875,87.252655
586,4.883333,-0.016575,0.894756,-0.017828,0.445891,-222.250229,95.471802,87.261429
587,4.891667,-0.015761,0.894378,-0.018352,0.446658,-222.368698,95.436981,87.273834
588,4.900000,-0.015859,0.893614,-0.018023,0.448194,-222.507980,95.408730,87.285667
589,4.908333,-0.016301,0.893400,-0.014483,0.448732,-222.652649,95.409737,87.310219
590,4.916667,-0.016203,0.892492,-0.016122,0.450484,-222.780731,95.375504,87.330803
591,4.925000,-0.016569,0.891032,-0.017244,0.453310,-222.918564,95.339500,87.348824
592,4.933333,-0.016418,0.890616,-0.018615,0.454077,-223.042419,95.310219,87.367760
593,4.941667,-0.015136,0.890003,-0.017850,0.455354,-223.187759,95.260162,87.371010
594,4.950000,-0.015993,0.889419,-0.017666,0.456472,-223.319489,95.237503,87.380722
595,4.958333,-0.016692,0.888670,-0.018435,0.457872,-223.462540,95.212944,87.382477
596,4.966667,-0.017235,0.887586,-0.018222,0.459959,-223.601654,95.195602,87.391098
597,4.975000,-0.017882,0.886689,-0.018066,0.461667,-223.719116,95.185699,87.417946
598,4.983333,-0.017908,0.885766,-0.018092,0.463433,-223.847885,95.150909,87.418404
599,4.991667,-0.017738,0.885202,-0.018183,0.464512,-223.966812,95.122482,87.413315
600,5.000000,-0.017280,0.884700,-0.017476,0.465512,-224.093048,95.076492,87.418182
601,5.008333,-0.016184,0.883977,-0.016983,0.466941,-224.222321,95.031464,87.417610
602,5.016667,-0.016064,0.883876,-0.017332,0.467124,-224.346329,94.997849,87.431580
603,5.025000,-0.016802,0.882737,-0.017730,0.469233,-224.501450,94.960419,87.439232
604,5.033333,-0.017139,0.881927,-0.018128,0.470725,-224.634598,94.930092,87.452827
605,5.041667,-0.017398,0.880921,-0.016424,0.472658,-224.775726,94.898102,87.466934
606,5.050000,-0.017319,0.880057,-0.015976,0.474284,-224.901794,94.867722,87.470230
607,5.058333,-0.016598,0.879390,-0.015827,0.475550,-225.026123,94.831352,87.474037
608,5.066667,-0.015665,0.878741,-0.015701,0.476783,-225.164200,94.794998,87.465683
609,5.075000,-0.016000,0.878185,-0.016209,0.477779,-225.302841,94.767509,87.458572
610,5.083333,-0.013089,0.876568,-0.017692,0.480775,-225.459763,94.753593,87.441315
611,5.091667,-0.013186,0.875839,-0.018617,0.482064,-225.588226,94.724892,87.445343
612,5.100000,-0.013088,0.875038,-0.018159,0.483536,-225.730515,94.689629,87.439613
613,5.108333,-0.012741,0.874201,-0.017033,0.485098,-225.860641,94.659302,87.447205
614,5.116667,-0.013319,0.873178,-0.016772,0.486931,-225.996521,94.618446,87.441261
615,5.125000,-0.012752,0.872225,-0.016395,0.488664,-226.138824,94.575043,87.428635
616,5.133333,-0.012781,0.871922,-0.015902,0.489221,-226.260727,94.544037,87.435875
617,5.141667,-0.012804,0.871014,-0.016070,0.490828,-226.406311,94.508766,87.427177
618,5.150000,-0.012901,0.870502,-0.015946,0.491737,-226.516479,94.482788,87.415627
619,5.158333,-0.012565,0.869564,-0.015727,0.493411,-226.646088,94.444542,87.390480
620,5.166667,-0.012517,0.869172,-0.016083,0.494089,-226.744080,94.420547,87.376282
621,5.175000,-0.012368,0.868749,-0.015757,0.494848,-226.857620,94.389137,87.354675
622,5.183333,-0.011613,0.867775,-0.015288,0.496585,-226.979141,94.355980,87.332367
623,5.191667,-0.012767,0.867438,-0.013757,0.497192,-227.070953,94.355301,87.325272
624,5.200000,-0.012026,0.866244,-0.014012,0.499281,-227.186508,94.307022,87.312332
625,5.208333,-0.011009,0.865839,-0.011529,0.500069,-227.303940,94.277397,87.289650
626,5.216667,-0.012158,0.865397,-0.011505,0.500808,-227.372955,94.269623,87.285591
627,5.225000,-0.011934,0.864456,-0.010660,0.502453,-227.482254,94.228706,87.259842
628,5.233333,-0.011223,0.863965,-0.010458,0.503318,-227.588745,94.183586,87.235497
629,5.241667,-0.012094,0.863233,-0.012223,0.504514,-227.649399,94.150993,87.237038
630,5.250000,-0.011757,0.862152,-0.012011,0.506371,-227.745087,94.100990,87.216728
631,5.258333,-0.011064,0.861618,-0.011714,0.507301,-227.846390,94.050903,87.191551
632,5.266667,-0.011809,0.861428,-0.011552,0.507611,-227.917068,94.017097,87.181976
633,5.275000,-0.010959,0.860656,-0.010575,0.508960,-228.019531,93.973785,87.151222
634,5.283333,-0.010652,0.860321,-0.010013,0.509543,-228.106857,93.936066,87.125740
635,5.291667,-0.011009,0.859953,-0.009433,0.510168,-228.174377,93.906860,87.105965
636,5.300000,-0.009542,0.858912,-0.008494,0.511964,-228.294067,93.861588,87.066734
637,5.308333,-0.009225,0.859349,-0.008707,0.511233,-228.365448,93.829361,87.039551
638,5.316667,-0.010356,0.858883,-0.008834,0.511991,-228.412674,93.814102,87.034500
639,5.325000,-0.009915,0.857870,-0.008584,0.513700,-228.517563,93.774895,87.012985
640,5.333333,-0.008938,0.856812,-0.008340,0.515484,-228.626495,93.741287,86.984314
641,5.341667,-0.009130,0.856760,-0.008568,0.515563,-228.696274,93.725800,86.972725
642,5.350000,-0.009175,0.856369,-0.005680,0.516253,-228.791519,93.719139,86.953140
643,5.358333,-0.009374,0.855808,-0.004959,0.517185,-228.871841,93.711678,86.945099
644,5.366667,-0.009632,0.855320,-0.004792,0.517989,-228.951172,93.700195,86.936272
645,5.375000,-0.009471,0.854400,-0.006240,0.519492,-229.044815,93.664444,86.928215
646,5.383333,-0.009595,0.853789,-0.004677,0.520509,-229.129623,93.659500,86.919792
647,5.391667,-0.009832,0.853403,-0.004438,0.521140,-229.207779,93.653099,86.912399
648,5.400000,-0.006137,0.852406,-0.005574,0.522815,-229.304169,93.656281,86.890739
649,5.408333,-0.005919,0.851740,-0.005524,0.523902,-229.398651,93.633423,86.874260
650,5.416667,-0.005956,0.851339,-0.006153,0.524545,-229.485352,93.617332,86.857773
651,5.425000,-0.006269,0.850089,-0.006519,0.526562,-229.592712,93.600563,86.834106
652,5.433333,-0.008551,0.850149,-0.006989,0.526427,-229.637817,93.603775,86.839905
653,5.441667,-0.007765,0.849687,-0.006526,0.527189,-229.729462,93.576225,86.828598
654,5.450000,-0.007078,0.849100,-0.006489,0.528146,-229.838379,93.550522,86.803223
655,5.458333,-0.006909,0.847892,-0.005982,0.530090,-229.949570,93.523750,86.770859
656,5.466667,-0.008574,0.848036,-0.006266,0.529833,-229.986526,93.525948,86.772003
657,5.475000,-0.009515,0.847422,-0.006437,0.530795,-230.077713,93.525345,86.751060
658,5.483333,-0.007862,0.847075,-0.006338,0.531378,-230.178482,93.507957,86.741791
659,5.491667,-0.006651,0.846004,-0.005501,0.533107,-230.299881,93.476448,86.707642
660,5.500000,-0.008936,0.846550,-0.006562,0.532194,-230.327942,93.482536,86.709816
661,5.508333,-0.009423,0.846023,-0.006667,0.533022,-230.400513,93.471680,86.694260
662,5.516667,-0.009060,0.844983,-0.006841,0.534672,-230.496399,93.449295,86.676147
663,5.525000,-0.008235,0.843609,-0.006696,0.536852,-230.602219,93.429794,86.644073
664,5.533333,-0.008883,0.844279,-0.007848,0.535774,-230.633575,93.434105,86.652351
665,5.541667,-0.008302,0.843718,-0.007989,0.536663,-230.722076,93.415779,86.629639
666,5.550000,-0.007635,0.842959,-0.006286,0.537887,-230.817871,93.396553,86.605705
667,5.558333,-0.006771,0.841470,-0.004914,0.540239,-230.925568,93.369171,86.570465
668,5.566667,-0.007745,0.842142,-0.005663,0.539170,-230.978424,93.356140,86.564514
669,5.575000,-0.007673,0.841557,-0.006061,0.540079,-231.051727,93.341087,86.554733
670,5.583333,-0.007940,0.840162,-0.006248,0.542242,-231.151886,93.324242,86.533615
671,5.591667,-0.007255,0.839011,-0.005578,0.544037,-231.244919,93.297325,86.504799
672,5.600000,-0.003366,0.839006,-0.007827,0.544055,-231.292984,93.313858,86.487633
673,5.608333,-0.003352,0.838352,-0.007691,0.545065,-231.371231,93.294945,86.465767
674,5.616667,-0.003609,0.837272,-0.006982,0.546731,-231.466049,93.269814,86.438080
675,5.625000,-0.002888,0.836400,-0.005984,0.548079,-231.551117,93.241280,86.407410
676,5.633333,-0.003449,0.837137,-0.006876,0.546939,-231.588226,93.231560,86.398766
677,5.641667,-0.003709,0.836696,-0.006699,0.547614,-231.656509,93.206367,86.380127
678,5.650000,-0.004077,0.835081,-0.005733,0.550083,-231.747360,93.182007,86.362877
679,5.658333,-0.003082,0.833968,-0.004325,0.551788,-231.821442,93.154434,86.336174
680,5.666667,-0.002728,0.833692,-0.003862,0.552209,-231.877808,93.135391,86.319962
681,5.675000,-0.003918,0.834598,-0.005402,0.550819,-231.899216,93.140427,86.315018
682,5.683333,-0.004067,0.833756,-0.005576,0.552089,-231.977264,93.120880,86.293594
683,5.691667,-0.003292,0.832890,-0.004328,0.553411,-232.055374,93.088440,86.268112
684,5.700000,-0.003048,0.832225,-0.004199,0.554414,-232.123947,93.066246,86.246941
685,5.708333,-0.005356,0.832915,-0.006595,0.553335,-232.162933,93.071678,86.242157
686,5.716667,-0.005041,0.831697,-0.005792,0.555177,-232.252838,93.035934,86.215973
687,5.725000,-0.004265,0.830693,-0.004654,0.556694,-232.342316,92.994827,86.185440
688,5.733333,-0.003988,0.830099,-0.003482,0.557591,-232.441452,92.945435,86.148300
689,5.741667,-0.003138,0.829469,-0.001524,0.558543,-232.529449,92.885811,86.113655
690,5.750000,-0.002616,0.828477,-0.001345,0.560016,-232.628128,92.819954,86.083206
691,5.758333,-0.002103,0.827485,-0.000620,0.561484,-232.741623,92.752014,86.048790
692,5.766667,-0.001275,0.826906,0.000695,0.562338,-232.853195,92.697151,86.000023
693,5.775000,-0.001331,0.826180,0.001023,0.563404,-232.972473,92.656052,85.942963
694,5.783333,-0.001944,0.825305,-0.000102,0.564683,-233.090668,92.633812,85.897980
695,5.791667,-0.002809,0.824512,0.001086,0.565836,-233.213333,92.620720,85.852089
696,5.800000,-0.003346,0.823776,0.002150,0.566901,-233.322876,92.606224,85.809044
697,5.808333,-0.002972,0.822872,0.001971,0.568217,-233.439285,92.587608,85.760384
698,5.816667,-0.002965,0.821747,0.002354,0.569840,-233.560059,92.563210,85.706963
699,5.825000,-0.004205,0.820444,0.002267,0.571707,-233.690979,92.561424,85.656120
700,5.833333,-0.004246,0.819793,0.005685,0.572616,-233.819061,92.559212,85.596291
701,5.841667,0.000256,0.818392,0.004731,0.574641,-233.948608,92.578415,85.528252
702,5.850000,0.000309,0.817492,0.004622,0.575922,-234.066605,92.572906,85.480820
703,5.858333,-0.001383,0.816674,0.003215,0.577088,-234.186844,92.590302,85.427834
704,5.866667,-0.003844,0.815732,0.003055,0.578409,-234.292297,92.590164,85.364082
705,5.875000,-0.004242,0.814879,0.002832,0.579609,-234.382675,92.585358,85.315765
706,5.883333,-0.003412,0.814085,0.003203,0.580727,-234.462555,92.571800,85.279999
707,5.891667,-0.002612,0.813537,0.003418,0.581498,-234.539825,92.559395,85.245392
708,5.900000,-0.002502,0.812885,0.003595,0.582408,-234.621979,92.545174,85.201988
709,5.908333,-0.002200,0.812373,0.003315,0.583125,-234.697388,92.541283,85.163651
710,5.916667,-0.002133,0.811697,0.002630,0.584069,-234.770294,92.548820,85.123413
711,5.925000,-0.002203,0.811324,0.002799,0.584586,-234.840530,92.560585,85.084404
712,5.933333,0.001115,0.810402,0.002177,0.585868,-234.914536,92.579842,85.035629
713,5.941667,0.000995,0.809897,0.002576,0.586565,-234.977142,92.575188,85.003662
714,5.950000,0.000825,0.809320,0.002626,0.587362,-235.037613,92.567078,84.978752
715,5.958333,0.000730,0.808883,0.002594,0.587964,-235.093231,92.561707,84.955032
716,5.966667,0.000353,0.808512,0.002675,0.588474,-235.140610,92.559837,84.929657
717,5.975000,0.000089,0.808294,0.002390,0.588775,-235.190125,92.562454,84.898689
718,5.983333,-0.000398,0.807933,0.001523,0.589273,-235.243408,92.566498,84.866974
719,5.991667,-0.000686,0.807721,0.000925,0.589563,-235.288696,92.569359,84.840942
720,6.000000,-0.001510,0.807400,0.003051,0.589994,-235.332230,92.590492,84.825935
721,6.008333,-0.001634,0.806886,0.004046,0.590691,-235.365204,92.588585,84.819389
722,6.016667,-0.001205,0.806581,0.004238,0.591108,-235.393188,92.580482,84.807983
723,6.025000,-0.001132,0.806498,0.004241,0.591220,-235.417145,92.575684,84.796989
724,6.033333,-0.000769,0.806259,0.004241,0.591547,-235.439301,92.571983,84.786995
725,6.041667,-0.000551,0.806164,0.004231,0.591676,-235.455566,92.574539,84.773575
726,6.050000,-0.000295,0.806014,0.003852,0.591884,-235.465866,92.578682,84.761040
727,6.058333,-0.000245,0.805977,0.003582,0.591936,-235.470291,92.578850,84.753487
728,6.066667,0.000398,0.805787,0.003273,0.592196,-235.472488,92.574745,84.747810
729,6.075000,0.000783,0.805717,0.003379,0.592290,-235.471085,92.568138,84.748550
730,6.083333,0.001141,0.805682,0.003365,0.592337,-235.464767,92.561798,84.751549
731,6.091667,0.001118,0.805859,0.003343,0.592097,-235.450745,92.553207,84.753685
732,6.100000,0.001354,0.806177,0.001368,0.591672,-235.430618,92.528008,84.757080
733,6.108333,0.001871,0.805709,-0.000382,0.592309,-235.412460,92.491608,84.739410
734,6.116667,0.003537,0.805650,-0.001272,0.592379,-235.390778,92.471367,84.735146
735,6.125000,0.004245,0.805483,-0.001981,0.592601,-235.370850,92.466698,84.747124
736,6.133333,0.005187,0.805389,-0.001675,0.592721,-235.358978,92.467049,84.763725
737,6.141667,0.005276,0.806006,-0.000556,0.591884,-235.353882,92.462578,84.784195
738,6.150000,0.006143,0.806230,0.000395,0.591570,-235.353439,92.457649,84.799973
739,6.158333,0.006758,0.806416,0.001341,0.591309,-235.351944,92.452087,84.818008
740,6.166667,0.007543,0.806292,0.001737,0.591468,-235.350632,92.453308,84.839272
741,6.175000,0.008175,0.806148,0.001962,0.591654,-235.346603,92.449898,84.868179
742,6.183333,0.009166,0.806150,0.002248,0.591636,-235.342987,92.445145,84.901222
743,6.191667,0.010013,0.806208,0.002603,0.591542,-235.340714,92.437988,84.935692
744,6.200000,0.007838,0.806628,0.001850,0.591004,-235.357330,92.473671,85.004288
745,6.208333,0.009392,0.807059,0.003530,0.590385,-235.365112,92.454414,85.033310
746,6.216667,0.011171,0.806876,0.005014,0.590594,-235.371857,92.424026,85.070724
747,6.225000,0.012779,0.806702,0.007848,0.590768,-235.381821,92.416924,85.124657
748,6.233333,0.015016,0.806392,0.009577,0.591113,-235.377289,92.416283,85.183716
749,6.241667,0.017047,0.805751,0.010425,0.591918,-235.369110,92.422234,85.260948
750,6.250000,0.018961,0.805307,0.012043,0.592432,-235.374496,92.416008,85.324837
751,6.258333,0.019998,0.805761,0.015055,0.591711,-235.390213,92.389351,85.392151
752,6.266667,0.021149,0.806628,0.017123,0.590433,-235.411163,92.380104,85.448479
753,6.275000,0.023046,0.808298,0.018521,0.588031,-235.426743,92.373978,85.507576
754,6.283333,0.024389,0.809923,0.019398,0.585708,-235.441452,92.374405,85.555328
755,6.291667,0.021075,0.812008,0.021710,0.582861,-235.441467,92.354134,85.595459
756,6.300000,0.020921,0.813225,0.022780,0.581127,-235.446686,92.354942,85.618439
757,6.308333,0.020837,0.813928,0.023554,0.580114,-235.451263,92.357475,85.632599
758,6.316667,0.020875,0.814192,0.026604,0.579610,-235.454605,92.368240,85.636063
759,6.325000,0.020596,0.814052,0.027451,0.579778,-235.453552,92.372566,85.637894
760,6.333333,0.020489,0.813899,0.025943,0.580066,-235.451172,92.366966,85.626762
761,6.341667,0.020110,0.813921,0.026303,0.580031,-235.448746,92.373016,85.604820
762,6.350000,0.019941,0.813862,0.024551,0.580197,-235.438721,92.365257,85.583458
763,6.358333,0.023567,0.813185,0.021595,0.581127,-235.432785,92.382004,85.540352
764,6.366667,0.024173,0.813272,0.019169,0.581066,-235.417755,92.388466,85.500885
765,6.375000,0.023721,0.813510,0.017200,0.580813,-235.402939,92.384346,85.461029
766,6.383333,0.023179,0.813682,0.015359,0.580645,-235.387558,92.384071,85.432121
767,6.391667,0.022099,0.813295,0.014558,0.581249,-235.382080,92.382591,85.410065
768,6.400000,0.021131,0.812772,0.014455,0.582019,-235.386108,92.388519,85.397568
769,6.408333,0.020463,0.812259,0.014782,0.582751,-235.399002,92.388527,85.393127
770,6.416667,0.020602,0.811886,0.015488,0.583247,-235.417587,92.383873,85.392845
771,6.425000,0.020599,0.811638,0.015677,0.583587,-235.429688,92.379341,85.402702
772,6.433333,0.021116,0.811500,0.016357,0.583741,-235.429565,92.373360,85.421600
773,6.441667,0.022473,0.811509,0.016867,0.583664,-235.416962,92.367882,85.454895
774,6.450000,0.023782,0.811565,0.017112,0.583527,-235.403961,92.366638,85.486366
775,6.458333,0.025064,0.811595,0.017624,0.583416,-235.391525,92.367348,85.507896
776,6.466667,0.026011,0.811420,0.017838,0.583612,-235.380203,92.367592,85.523766
777,6.475000,0.026268,0.811263,0.017907,0.583817,-235.369781,92.369461,85.529099
778,6.483333,0.026512,0.811141,0.018048,0.583971,-235.363037,92.368980,85.525146
779,6.491667,0.026140,0.811104,0.017704,0.584050,-235.359833,92.370811,85.513527
780,6.500000,0.025321,0.811067,0.017297,0.584149,-235.358215,92.371193,85.495163
781,6.508333,0.024411,0.811057,0.016793,0.584216,-235.367294,92.375114,85.477211
782,6.516667,0.023424,0.810975,0.016627,0.584375,-235.386948,92.374329,85.462296
783,6.525000,0.022589,0.810894,0.016747,0.584517,-235.414703,92.370895,85.453690
784,6.533333,0.022152,0.810653,0.017012,0.584861,-235.447281,92.373634,85.449150
785,6.541667,0.021603,0.810460,0.017439,0.585135,-235.468582,92.373482,85.448624
786,6.550000,0.021305,0.810292,0.017647,0.585373,-235.480164,92.371506,85.448936
787,6.558333,0.021111,0.810160,0.017883,0.585556,-235.481644,92.370651,85.448685
788,6.566667,0.021207,0.810168,0.018026,0.585537,-235.468460,92.368141,85.446945
789,6.575000,0.021724,0.810240,0.017744,0.585427,-235.447067,92.366417,85.452095
790,6.583333,0.022261,0.810402,0.016990,0.585204,-235.416275,92.368141,85.460251
791,6.591667,0.023176,0.810612,0.016446,0.584894,-235.391525,92.368904,85.464653
792,6.600000,0.023985,0.810682,0.016586,0.584761,-235.376663,92.370155,85.473877
793,6.608333,0.024906,0.810675,0.016810,0.584725,-235.371262,92.368050,85.488205
794,6.616667,0.025535,0.810590,0.017171,0.584804,-235.373230,92.365700,85.502228
795,6.625000,0.025362,0.810586,0.017352,0.584813,-235.378998,92.368759,85.508842
796,6.633333,0.024986,0.810603,0.017568,0.584800,-235.387207,92.369835,85.509544
797,6.641667,0.024307,0.810555,0.017606,0.584893,-235.395630,92.369255,85.497902
798,6.650000,0.023256,0.810413,0.017481,0.585136,-235.403656,92.368782,85.481049
799,6.658333,0.022410,0.810323,0.017045,0.585306,-235.412018,92.370934,85.458565
800,6.666667,0.021472,0.810149,0.016773,0.585591,-235.427780,92.373894,85.436691
801,6.675000,0.021176,0.810083,0.016576,0.585698,-235.436432,92.373619,85.424217
802,6.683333,0.019234,0.809516,0.016898,0.586539,-235.431763,92.361145,85.409317
803,6.691667,0.021250,0.810131,0.016304,0.585637,-235.420258,92.369171,85.428314
804,6.700000,0.022378,0.810377,0.016330,0.585253,-235.412674,92.369400,85.448471
805,6.708333,0.023149,0.810465,0.017094,0.585080,-235.413818,92.365715,85.468422
806,6.716667,0.023424,0.810472,0.017368,0.585051,-235.417038,92.367577,85.486153
807,6.725000,0.023466,0.810410,0.017738,0.585124,-235.420944,92.367218,85.495796
808,6.733333,0.023751,0.810422,0.017893,0.585092,-235.425644,92.370407,85.498306
809,6.741667,0.023434,0.810246,0.017981,0.585346,-235.431152,92.369904,85.494751
810,6.750000,0.022988,0.810135,0.017945,0.585518,-235.437424,92.370750,85.483505
811,6.758333,0.022265,0.810052,0.017756,0.585666,-235.442444,92.370880,85.467484
812,6.766667,0.021867,0.810123,0.017530,0.585590,-235.438629,92.369133,85.451126
813,6.775000,0.021935,0.810394,0.016883,0.585232,-235.420990,92.369400,85.443718
814,6.783333,0.022287,0.810548,0.016313,0.585021,-235.405014,92.370369,85.443848
815,6.791667,0.022638,0.810753,0.016262,0.584725,-235.398392,92.370522,85.452042
816,6.800000,0.023358,0.810877,0.016458,0.584518,-235.400299,92.369148,85.463417
817,6.808333,0.023781,0.810884,0.016914,0.584479,-235.407349,92.369987,85.477013
818,6.816667,0.023633,0.810848,0.017295,0.584523,-235.417938,92.372284,85.486404
819,6.825000,0.023419,0.810736,0.017528,0.584681,-235.428238,92.373383,85.484787
820,6.833333,0.022991,0.810690,0.017589,0.584760,-235.437531,92.372948,85.477455
821,6.841667,0.022290,0.810742,0.017687,0.584712,-235.441589,92.372597,85.469505
822,6.850000,0.021989,0.810843,0.017568,0.584586,-235.433609,92.369019,85.460518
823,6.858333,0.021812,0.810909,0.017069,0.584517,-235.418198,92.369827,85.452431
824,6.866667,0.022132,0.810990,0.016587,0.584406,-235.405731,92.373825,85.450516
825,6.875000,0.022517,0.811105,0.016587,0.584232,-235.403870,92.373337,85.454086
826,6.883333,0.023070,0.811116,0.017021,0.584182,-235.413025,92.371140,85.462608
827,6.891667,0.023022,0.811046,0.017302,0.584273,-235.423874,92.372787,85.468727
828,6.900000,0.022780,0.810915,0.017731,0.584451,-235.435226,92.371895,85.469383
829,6.908333,0.022261,0.810956,0.017857,0.584411,-235.438782,92.373520,85.465034
830,6.916667,0.022002,0.810936,0.017787,0.584450,-235.431641,92.370926,85.461899
831,6.925000,0.022091,0.811069,0.017155,0.584281,-235.417221,92.370979,85.457191
832,6.933333,0.022164,0.811099,0.016605,0.584253,-235.407181,92.374123,85.450974
833,6.941667,0.022356,0.811170,0.016398,0.584153,-235.407547,92.373863,85.453484
834,6.950000,0.022782,0.811154,0.016608,0.584153,-235.417007,92.373016,85.458084
835,6.958333,0.022495,0.811109,0.016866,0.584219,-235.429260,92.371750,85.463379
836,6.966667,0.022404,0.811046,0.017168,0.584301,-235.434814,92.370308,85.465103
837,6.975000,0.022311,0.811021,0.017434,0.584331,-235.432129,92.369362,85.465324
838,6.983333,0.022430,0.811040,0.017381,0.584302,-235.424088,92.371246,85.462532
839,6.991667,0.022132,0.811052,0.017126,0.584305,-235.416245,92.372780,85.455826
840,7.000000,0.022062,0.811077,0.016656,0.584286,-235.412170,92.375526,85.450882
841,7.008333,0.022344,0.811088,0.016726,0.584258,-235.416534,92.371979,85.452835
842,7.016667,0.022730,0.811135,0.016797,0.584176,-235.419876,92.371948,85.460197
843,7.025000,0.022940,0.811112,0.017057,0.584192,-235.422424,92.371353,85.463326
844,7.033333,0.022385,0.811016,0.017223,0.584342,-235.425278,92.373283,85.461914
845,7.041667,0.022170,0.810990,0.017305,0.584383,-235.424942,92.373291,85.458511
846,7.050000,0.022229,0.811053,0.016935,0.584305,-235.418579,92.372032,85.459221
847,7.058333,0.022265,0.811161,0.016801,0.584158,-235.411545,92.372749,85.457802
848,7.066667,0.022269,0.811170,0.016821,0.584144,-235.410645,92.373383,85.457275
849,7.075000,0.022579,0.811142,0.016775,0.584172,-235.414764,92.372360,85.458687
850,7.083333,0.022385,0.811074,0.016820,0.584273,-235.419754,92.373970,85.457436
851,7.091667,0.022386,0.811079,0.016967,0.584262,-235.420685,92.372581,85.460876
852,7.100000,0.022243,0.811088,0.016941,0.584255,-235.420532,92.373619,85.460403
853,7.108333,0.022302,0.811081,0.016947,0.584263,-235.417358,92.371887,85.456352
854,7.116667,0.022237,0.811164,0.016866,0.584153,-235.415100,92.371712,85.458298
855,7.125000,0.022438,0.811213,0.016957,0.584073,-235.414597,92.370155,85.458427
856,7.133333,0.022392,0.811147,0.016762,0.584173,-235.417084,92.370834,85.454369
857,7.141667,0.022294,0.811096,0.016885,0.584244,-235.418610,92.370270,85.454567
858,7.150000,0.022283,0.811135,0.016877,0.584190,-235.415649,92.371399,85.456879
859,7.158333,0.022461,0.811152,0.017016,0.584156,-235.414932,92.370972,85.456833
860,7.166667,0.022297,0.811116,0.016901,0.584216,-235.418518,92.374191,85.455994
861,7.175000,0.022298,0.811097,0.016905,0.584242,-235.417343,92.371490,85.456467
862,7.183333,0.022387,0.811071,0.016977,0.584273,-235.417038,92.371925,85.455948
863,7.191667,0.022386,0.811102,0.016773,0.584236,-235.418411,92.371140,85.456886
864,7.200000,0.022421,0.811088,0.016757,0.584255,-235.418076,92.369202,85.455635
865,7.208333,0.022332,0.811156,0.016730,0.584164,-235.418533,92.370834,85.454659
866,7.216667,0.022375,0.811122,0.016744,0.584210,-235.418411,92.368538,85.456299
867,7.225000,0.022319,0.811132,0.016849,0.584195,-235.418625,92.369659,85.454391
868,7.233333,0.022450,0.811103,0.016722,0.584234,-235.418457,92.370705,85.455414
869,7.241667,0.022495,0.811126,0.016850,0.584195,-235.419083,92.371147,85.455734
870,7.250000,0.022420,0.811106,0.016911,0.584225,-235.419205,92.369980,85.455063
871,7.258333,0.022164,0.811121,0.016781,0.584218,-235.419846,92.369980,85.454269
872,7.266667,0.022382,0.811108,0.016723,0.584228,-235.420395,92.370102,85.454193
873,7.275000,0.022457,0.811082,0.016789,0.584260,-235.420410,92.370155,85.453865
874,7.283333,0.022403,0.811061,0.016807,0.584291,-235.420746,92.370499,85.454895
875,7.291667,0.022427,0.811065,0.016829,0.584284,-235.421341,92.370926,85.454445
876,7.300000,0.022295,0.811075,0.016720,0.584278,-235.421890,92.369804,85.454903
877,7.308333,0.022190,0.811088,0.016768,0.584262,-235.422424,92.369202,85.453873
878,7.316667,0.022587,0.811116,0.016865,0.584206,-235.422424,92.369690,85.454552
879,7.325000,0.022520,0.811127,0.016788,0.584196,-235.421967,92.369377,85.455765
880,7.333333,0.022412,0.811116,0.016749,0.584216,-235.421127,92.368935,85.455254
881,7.341667,0.022313,0.811092,0.016748,0.584253,-235.419937,92.369377,85.456123
882,7.350000,0.022515,0.811112,0.016871,0.584213,-235.417862,92.370514,85.455521
883,7.358333,0.022339,0.811099,0.016848,0.584239,-235.416718,92.369041,85.456886
884,7.366667,0.022476,0.811131,0.016700,0.584194,-235.415955,92.370461,85.456947
885,7.375000,0.022644,0.811140,0.016690,0.584175,-235.415680,92.371025,85.455811
886,7.383333,0.022480,0.811130,0.016716,0.584194,-235.415573,92.370399,85.455788
887,7.391667,0.022464,0.811158,0.016788,0.584154,-235.415680,92.369957,85.454262
888,7.400000,0.022599,0.811090,0.016638,0.584248,-235.416168,92.371056,85.454544
889,7.408333,0.022593,0.811105,0.016684,0.584225,-235.416443,92.370689,85.454811
890,7.416667,0.022423,0.811150,0.016638,0.584171,-235.417267,92.369072,85.454559
891,7.425000,0.022436,0.811151,0.016767,0.584166,-235.419296,92.369972,85.453728
892,7.433333,0.022455,0.811153,0.016905,0.584158,-235.419891,92.369278,85.454262
893,7.441667,0.022461,0.811081,0.016880,0.584259,-235.420517,92.369240,85.454041
894,7.450000,0.022544,0.811137,0.016967,0.584176,-235.420517,92.369415,85.454926
895,7.458333,0.022466,0.811110,0.016875,0.584218,-235.421417,92.369797,85.455399
896,7.466667,0.022346,0.811108,0.016913,0.584224,-235.421570,92.369438,85.454803
897,7.475000,0.022220,0.811080,0.016728,0.584274,-235.421371,92.369583,85.455040
898,7.483333,0.022486,0.811086,0.016624,0.584259,-235.420044,92.369461,85.453941
899,7.491667,0.022623,0.811106,0.016788,0.584220,-235.419800,92.369514,85.454277
900,7.500000,0.022453,0.811166,0.016837,0.584142,-235.420059,92.369972,85.455315
901,7.508333,0.022397,0.811137,0.016887,0.584183,-235.419052,92.368904,85.455338
902,7.516667,0.022181,0.811144,0.016865,0.584183,-235.418396,92.368805,85.456848
903,7.525000,0.022131,0.811123,0.016905,0.584212,-235.417587,92.368446,85.455696
904,7.533333,0.022359,0.811145,0.016758,0.584178,-235.416962,92.370018,85.456062
905,7.541667,0.022470,0.811114,0.016737,0.584217,-235.417221,92.369125,85.456375
906,7.550000,0.022414,0.811142,0.016815,0.584177,-235.417587,92.369102,85.455978
907,7.558333,0.022288,0.811093,0.016787,0.584251,-235.417633,92.370064,85.456078
908,7.566667,0.022225,0.811083,0.016784,0.584268,-235.417694,92.370171,85.453529
909,7.575000,0.022465,0.811112,0.016704,0.584221,-235.418610,92.369881,85.455238
910,7.583333,0.022571,0.811112,0.016566,0.584221,-235.419205,92.369965,85.454865
911,7.591667,0.022497,0.811126,0.016666,0.584202,-235.419769,92.370514,85.454643
912,7.600000,0.022465,0.811089,0.016708,0.584252,-235.420013,92.370476,85.454910
913,7.608333,0.022393,0.811094,0.016770,0.584247,-235.420258,92.370346,85.455032
914,7.616667,0.022491,0.811131,0.016881,0.584188,-235.420197,92.368927,85.455444
915,7.625000,0.022412,0.811050,0.016759,0.584306,-235.421082,92.369095,85.455841
916,7.633333,0.022355,0.811078,0.016746,0.584271,-235.420532,92.369629,85.456154
917,7.641667,0.022607,0.811141,0.016756,0.584173,-235.419434,92.369064,85.455841
918,7.650000,0.022523,0.811126,0.016759,0.584198,-235.419464,92.367302,85.454163
919,7.658333,0.022393,0.811122,0.016689,0.584209,-235.418991,92.368408,85.455338
920,7.666667,0.022481,0.811103,0.016853,0.584229,-235.418106,92.368629,85.454636
921,7.675000,0.022615,0.811125,0.016746,0.584196,-235.418991,92.371376,85.456886
922,7.683333,0.022575,0.811123,0.016778,0.584199,-235.417770,92.370834,85.455284
923,7.691667,0.022469,0.811126,0.016796,0.584199,-235.418625,92.371216,85.455742
924,7.700000,0.022495,0.811108,0.016811,0.584223,-235.418152,92.369965,85.455956
925,7.708333,0.022457,0.811095,0.016842,0.584241,-235.418076,92.369041,85.456017
926,7.716667,0.022477,0.811145,0.016823,0.584171,-235.418991,92.371109,85.456154
927,7.725000,0.022216,0.811093,0.016801,0.584254,-235.419006,92.368217,85.454765
928,7.733333,0.022386,0.811085,0.016747,0.584260,-235.419388,92.368874,85.453949
929,7.741667,0.022370,0.811117,0.016755,0.584216,-235.419510,92.369789,85.453346
930,7.750000,0.022382,0.811071,0.016715,0.584280,-235.419556,92.367783,85.454628
931,7.758333,0.022447,0.811083,0.016724,0.584260,-235.419510,92.371002,85.455605
932,7.766667,0.022631,0.811133,0.016685,0.584186,-235.418610,92.370132,85.456375
933,7.775000,0.022442,0.811173,0.016878,0.584132,-235.419495,92.369499,85.455193
934,7.783333,0.022341,0.811128,0.016819,0.584200,-235.419281,92.368675,85.456520
935,7.791667,0.022390,0.811125,0.016690,0.584206,-235.419205,92.370186,85.457085
936,7.800000,0.022246,0.811120,0.016849,0.584213,-235.418457,92.370056,85.456955
937,7.808333,0.022573,0.811059,0.016758,0.584289,-235.417206,92.370712,85.456764
938,7.816667,0.022549,0.811115,0.016888,0.584208,-235.416000,92.369949,85.456276
939,7.825000,0.022720,0.811104,0.016733,0.584221,-235.416489,92.371109,85.458397
940,7.833333,0.022441,0.811119,0.016806,0.584209,-235.416153,92.369553,85.456314
941,7.841667,0.022292,0.811113,0.016856,0.584221,-235.416580,92.369331,85.455414
942,7.850000,0.022330,0.811115,0.016793,0.584219,-235.416794,92.369629,85.456528
943,7.858333,0.022494,0.811129,0.016833,0.584192,-235.416748,92.369476,85.455444
944,7.866667,0.022288,0.811113,0.016856,0.584222,-235.416916,92.369736,85.454391
945,7.875000,0.022398,0.811157,0.016911,0.584155,-235.417130,92.369835,85.455147
946,7.883333,0.022366,0.811054,0.016927,0.584299,-235.418777,92.371735,85.455925
947,7.891667,0.022311,0.811119,0.016898,0.584212,-235.418076,92.371208,85.455841
948,7.900000,0.022623,0.811122,0.016831,0.584197,-235.418365,92.370201,85.455673
949,7.908333,0.022403,0.811105,0.016810,0.584230,-235.419464,92.370544,85.456207
950,7.916667,0.022455,0.811069,0.016852,0.584276,-235.418518,92.369934,85.455521
951,7.925000,0.022348,0.811044,0.016711,0.584319,-235.417984,92.370102,85.455910
952,7.933333,0.022464,0.811109,0.016790,0.584223,-235.418076,92.370979,85.455727
953,7.941667,0.022497,0.811095,0.016754,0.584242,-235.418243,92.370430,85.456139
954,7.950000,0.022362,0.811078,0.016832,0.584268,-235.417419,92.370132,85.456421
955,7.958333,0.022523,0.811114,0.016821,0.584212,-235.416595,92.369446,85.455811
956,7.966667,0.022523,0.811127,0.016814,0.584195,-235.416748,92.369186,85.456474
957,7.975000,0.022469,0.811133,0.016746,0.584189,-235.416245,92.369690,85.456787
958,7.983333,0.022352,0.811136,0.016912,0.584185,-235.416824,92.371407,85.458595
959,7.991667,0.022267,0.811123,0.016980,0.584204,-235.416336,92.371628,85.458244
960,8.000000,0.022460,0.811064,0.016969,0.584280,-235.416367,92.370926,85.458160
961,8.008333,0.022306,0.811067,0.016927,0.584282,-235.416458,92.372261,85.457382
962,8.016667,0.022376,0.811132,0.016807,0.584193,-235.415771,92.373329,85.458214
963,8.025000,0.022286,0.811111,0.016856,0.584224,-235.416061,92.372108,85.457390
964,8.033333,0.022314,0.811102,0.016852,0.584236,-235.416290,92.371216,85.456268
965,8.041667,0.022334,0.811105,0.016834,0.584231,-235.416626,92.370445,85.456429
966,8.050000,0.022299,0.811143,0.016805,0.584181,-235.417130,92.370499,85.456314
967,8.058333,0.022342,0.811153,0.016812,0.584165,-235.417587,92.370155,85.454834
968,8.066667,0.022304,0.811142,0.016754,0.584184,-235.417465,92.370064,85.455650
969,8.075000,0.022333,0.811111,0.016749,0.584225,-235.418320,92.371086,85.457092
970,8.083333,0.022474,0.811126,0.016757,0.584199,-235.417343,92.370743,85.456230
971,8.091667,0.022442,0.811083,0.016713,0.584262,-235.417862,92.371193,85.456131
972,8.100000,0.022403,0.811109,0.016677,0.584228,-235.417267,92.370644,85.456520
973,8.108333,0.022479,0.811115,0.016792,0.584213,-235.417343,92.369560,85.456871
974,8.116667,0.022422,0.811163,0.016770,0.584150,-235.417526,92.371590,85.457489
975,8.125000,0.022324,0.811121,0.016880,0.584208,-235.417725,92.371063,85.457970
976,8.133333,0.022333,0.811112,0.016892,0.584220,-235.417145,92.370148,85.456558
977,8.141667,0.022322,0.811138,0.016804,0.584187,-235.417297,92.370132,85.457275
978,8.150000,0.022192,0.811123,0.016875,0.584212,-235.417267,92.369133,85.456589
979,8.158333,0.022339,0.811096,0.016913,0.584241,-235.417694,92.369621,85.455574
980,8.166667,0.022649,0.811096,0.016828,0.584232,-235.416840,92.370178,85.456009
981,8.175000,0.022481,0.811113,0.016807,0.584215,-235.417252,92.369217,85.456909
982,8.183333,0.022300,0.811124,0.016881,0.584205,-235.417206,92.369980,85.455948
983,8.191667,0.022406,0.811158,0.016938,0.584152,-235.417343,92.370262,85.456802
984,8.200000,0.022395,0.811083,0.016925,0.584257,-235.417770,92.370430,85.456429
985,8.208333,0.022350,0.811102,0.016918,0.584233,-235.417557,92.369949,85.455917
986,8.216667,0.022459,0.811110,0.016800,0.584220,-235.417084,92.369850,85.454994
987,8.225000,0.022373,0.811116,0.016908,0.584213,-235.418106,92.369606,85.456055
988,8.233333,0.022426,0.811132,0.016833,0.584191,-235.418030,92.370628,85.455711
989,8.241667,0.022586,0.811126,0.016751,0.584194,-235.417633,92.370674,85.456230
990,8.250000,0.022501,0.811140,0.016756,0.584179,-235.417511,92.370522,85.456917
991,8.258333,0.022440,0.811083,0.016816,0.584258,-235.417755,92.369858,85.456131
992,8.266667,0.022323,0.811113,0.016743,0.584224,-235.417007,92.370712,85.457260
993,8.275000,0.022561,0.811143,0.016814,0.584171,-235.417313,92.371391,85.457321
994,8.283333,0.022500,0.811090,0.016899,0.584244,-235.417252,92.369591,85.456841
995,8.291667,0.022430,0.811092,0.016825,0.584247,-235.416885,92.370163,85.455582
996,8.300000,0.022578,0.811119,0.016753,0.584205,-235.416656,92.369843,85.455727
997,8.308333,0.022582,0.811115,0.016627,0.584214,-235.417007,92.370102,85.455231
998,8.316667,0.022476,0.811079,0.016664,0.584267,-235.417816,92.370407,85.455200
999,8.325000,0.022523,0.811157,0.016891,0.584151,-235.417725,92.370308,85.455307
1000,8.333333,0.022466,0.811115,0.016885,0.584212,-235.418060,92.370644,85.455849
1001,8.341667,0.022319,0.811078,0.016965,0.584266,-235.418564,92.369637,85.456367
1002,8.350000,0.022464,0.811066,0.016997,0.584277,-235.418182,92.369408,85.455139
1003,8.358333,0.022692,0.811086,0.016833,0.584244,-235.418289,92.369965,85.455910
1004,8.366667,0.022606,0.811099,0.016818,0.584230,-235.417770,92.370018,85.455658
1005,8.375000,0.022507,0.811084,0.016781,0.584255,-235.418823,92.369843,85.456200
1006,8.383333,0.022562,0.811135,0.016922,0.584178,-235.418579,92.369446,85.455185
1007,8.391667,0.022433,0.811129,0.016972,0.584190,-235.418655,92.368034,85.455383
1008,8.400000,0.022508,0.811123,0.016752,0.584202,-235.418106,92.368416,85.455338
1009,8.408333,0.022478,0.811116,0.016883,0.584210,-235.418823,92.370209,85.457283
1010,8.416667,0.022490,0.811057,0.016931,0.584289,-235.418396,92.370209,85.456924
1011,8.425000,0.022449,0.811099,0.016813,0.584236,-235.418121,92.370537,85.456070
1012,8.433333,0.022331,0.811085,0.016745,0.584262,-235.417816,92.371712,85.455666
1013,8.441667,0.022312,0.811163,0.016840,0.584152,-235.417725,92.371033,85.455368
1014,8.450000,0.022410,0.811137,0.016866,0.584183,-235.418488,92.370186,85.456558
1015,8.458333,0.022390,0.811067,0.016832,0.584282,-235.418060,92.369720,85.455482
1016,8.466667,0.022486,0.811078,0.016842,0.584263,-235.417297,92.369583,85.454575
1017,8.475000,0.022637,0.811128,0.016776,0.584189,-235.417389,92.369858,85.456161
1018,8.483333,0.022496,0.811107,0.016750,0.584224,-235.417938,92.370270,85.455566
1019,8.491667,0.022366,0.811145,0.016817,0.584175,-235.418701,92.370773,85.457062
1020,8.500000,0.022287,0.811105,0.016849,0.584233,-235.418671,92.369682,85.456055
1021,8.508333,0.022310,0.811112,0.016787,0.584225,-235.418274,92.370178,85.456001
1022,8.516667,0.022435,0.811138,0.016823,0.584182,-235.417435,92.368530,85.455498
1023,8.525000,0.022587,0.811157,0.016776,0.584151,-235.417557,92.369064,85.455612
1024,8.533333,0.022519,0.811072,0.016642,0.584276,-235.418518,92.370583,85.455994
1025,8.541667,0.022646,0.811099,0.016830,0.584228,-235.418076,92.370377,85.456558
1026,8.550000,0.022400,0.811089,0.016821,0.584251,-235.418457,92.370346,85.457932
1027,8.558333,0.022525,0.811101,0.016877,0.584229,-235.418350,92.369637,85.458305
1028,8.566667,0.022599,0.811109,0.017016,0.584210,-235.418228,92.368828,85.456093
1029,8.575000,0.022350,0.811107,0.016809,0.584229,-235.418884,92.369270,85.456223
1030,8.583333,0.022478,0.811120,0.016626,0.584212,-235.418625,92.369286,85.455353
1031,8.591667,0.022405,0.811145,0.016654,0.584179,-235.419434,92.371346,85.457237
1032,8.600000,0.022302,0.811103,0.016885,0.584234,-235.418701,92.370193,85.456993
1033,8.608333,0.022444,0.811060,0.016930,0.584287,-235.419495,92.371750,85.457176
1034,8.616667,0.022559,0.811072,0.016878,0.584268,-235.419373,92.372856,85.458466
1035,8.625000,0.022358,0.811123,0.016721,0.584209,-235.418823,92.371361,85.455826
1036,8.633333,0.022325,0.811126,0.016784,0.584204,-235.418701,92.369720,85.456848
1037,8.641667,0.022419,0.811136,0.016786,0.584187,-235.418915,92.369698,85.457329
1038,8.650000,0.022299,0.811137,0.016890,0.584187,-235.418488,92.367928,85.456413
1039,8.658333,0.022321,0.811148,0.016817,0.584173,-235.418961,92.369041,85.455353
1040,8.666667,0.022406,0.811104,0.016575,0.584237,-235.418869,92.370087,85.456520
1041,8.675000,0.022530,0.811115,0.016748,0.584213,-235.418747,92.369995,85.455688
1042,8.683333,0.022513,0.811113,0.016704,0.584217,-235.418625,92.369255,85.457901
1043,8.691667,0.022587,0.811114,0.016888,0.584208,-235.418701,92.369377,85.457306
1044,8.700000,0.022370,0.811082,0.016763,0.584264,-235.419159,92.369812,85.457260
1045,8.708333,0.022315,0.811092,0.016794,0.584251,-235.418625,92.370323,85.456856
1046,8.716667,0.022451,0.811106,0.016679,0.584230,-235.418625,92.370491,85.456688
1047,8.725000,0.022442,0.811094,0.016661,0.584248,-235.419128,92.370186,85.457710
1048,8.733333,0.022442,0.811131,0.016806,0.584192,-235.418701,92.369316,85.456902
1049,8.741667,0.022300,0.811122,0.016681,0.584214,-235.419876,92.371162,85.458031
1050,8.750000,0.022149,0.811139,0.016794,0.584193,-235.418823,92.369949,85.456169
1051,8.758333,0.022246,0.811113,0.016826,0.584224,-235.419296,92.368958,85.456703
1052,8.766667,0.022430,0.811101,0.016795,0.584234,-235.418198,92.369675,85.456322
1053,8.775000,0.022440,0.811133,0.016811,0.584189,-235.418655,92.370483,85.456841
